stage	commit	driver	seed	binary_sha256	elapsed_s	user_s	system_s	max_rss_kib	edges	source_rows	adjacency_bytes	adjacency_sha256	data_sha256	stderr_bytes
baseline_12113fb	12113fbc80d753d945598ffc2c7d9e45787bc8e0	tf	1	aea2f5c6f7030cd19d5e2ca56ad663cbbbd1e920486f0dcfa60d893fcbd8759b	127.21	126.9	0.35	252392	981209	2608	21511509	36ccfee2503d3fb1b5282034f0a5d375807276e1e6a20dd07173c7c0a4d2093c	5c419520cfd48e61cbdcab94941628ea5b0a306984208862f9eec29b02b4b9f7	0
baseline_12113fb	12113fbc80d753d945598ffc2c7d9e45787bc8e0	tf	2	aea2f5c6f7030cd19d5e2ca56ad663cbbbd1e920486f0dcfa60d893fcbd8759b	148.4	147.77	0.62	392456	996838	2608	21853771	624e78f03b41f380805848e18a995a6877c25f2729fde7cf06168e92b3486619	dcc2fc7bd49bc21044aa2f96cdea362a33d7e2048f879d88a72ab0e36b129e9c	0
baseline_12113fb	12113fbc80d753d945598ffc2c7d9e45787bc8e0	tf	3	aea2f5c6f7030cd19d5e2ca56ad663cbbbd1e920486f0dcfa60d893fcbd8759b	131.84	131.46	0.38	274908	986761	2608	21632890	01e54f1a06693d5e90b2f4bc24e03c3ff0d26ee9a9a4d6465db37393ee887e4d	d12b03cb5463a0e8f9da4c6ed5891a14bdd1a32a36cb67cc4048e34846813ee9	0
baseline_12113fb	12113fbc80d753d945598ffc2c7d9e45787bc8e0	tf	4	aea2f5c6f7030cd19d5e2ca56ad663cbbbd1e920486f0dcfa60d893fcbd8759b	115.42	115.24	0.27	215752	1010191	2608	22146325	161a5b596581ca7a570035494bd396e8a061b49b5a294ab382e94d7e8a41b222	f26e882ac1c9200467a2717bd7651cddf35e6bf12e028e539cf1b8a9c2282456	0
baseline_12113fb	12113fbc80d753d945598ffc2c7d9e45787bc8e0	tf	5	aea2f5c6f7030cd19d5e2ca56ad663cbbbd1e920486f0dcfa60d893fcbd8759b	147.32	146.82	0.47	403736	926332	2608	20310723	2a66c58f54b1ec9d96d79db9f6aac17a6c584b0bf3396651d6f92d432c9a1957	6ce3ca350e48e5b025dc55693d872afdb02a0baf3785de5925079f9d47450940	0
baseline_12113fb	12113fbc80d753d945598ffc2c7d9e45787bc8e0	tf	6	aea2f5c6f7030cd19d5e2ca56ad663cbbbd1e920486f0dcfa60d893fcbd8759b	134.49	133.96	0.45	277620	993322	2608	21776663	e372ee3941942f887c39940f3c9ffd837b55bbfc094f70e7ae942b8f5607686a	b9b267d1bebe3d7ecf9c7f23e17107280d331f666ccb9741738ee6831acd4ef2	0
baseline_12113fb	12113fbc80d753d945598ffc2c7d9e45787bc8e0	tf	7	aea2f5c6f7030cd19d5e2ca56ad663cbbbd1e920486f0dcfa60d893fcbd8759b	120.01	119.75	0.32	224280	1023119	2608	22429349	8aeaaff9a1549f60c0e2b72a508a203b62eda1f85bfb0dbc7aa3231fd04d6a25	25af0fe77582ecb4835a1292abc8615310423ef22fd0d925cf441f650638eb95	0
baseline_12113fb	12113fbc80d753d945598ffc2c7d9e45787bc8e0	tf	8	aea2f5c6f7030cd19d5e2ca56ad663cbbbd1e920486f0dcfa60d893fcbd8759b	131.47	131.08	0.38	306052	974709	2608	21369573	830c312107da8d91691bf9757c110241925beec34a4a9002dc356c81cc2596f3	07237eecca13cce03045ea43b6395b07cd447057b82b697ee100e3f1db5f5f54	0
baseline_12113fb	12113fbc80d753d945598ffc2c7d9e45787bc8e0	tf	9	aea2f5c6f7030cd19d5e2ca56ad663cbbbd1e920486f0dcfa60d893fcbd8759b	141.59	141.1	0.43	367604	1000707	2608	21938076	dd120e99e837d25de22d254dec5ce39a0cf9d09999d9e95f8066a878e1a9ecea	06174821d41962da6f1a4da1b3a6e171739af268a6f00001808da929c1c4b8f7	0
baseline_12113fb	12113fbc80d753d945598ffc2c7d9e45787bc8e0	tf	10	aea2f5c6f7030cd19d5e2ca56ad663cbbbd1e920486f0dcfa60d893fcbd8759b	179.5	178.91	0.62	525336	983510	2608	21562017	bd7ef969a370b1dc2c015cfc7a79ab80df06077ec8005338e27dae7bef24632f	dd76f4c4b044a61c5816f5524ac3643e97d4a0f62356943642a71a352f86676e	0
baseline_12113fb	12113fbc80d753d945598ffc2c7d9e45787bc8e0	tf	11	aea2f5c6f7030cd19d5e2ca56ad663cbbbd1e920486f0dcfa60d893fcbd8759b	135.07	134.65	0.39	314088	936663	2608	20536701	a17286cac3ec623a956f270901b47c3193394075bc6ed2225f3facde6b47c9bc	d27039d269a893e220be1b62d103826672379cbd15e944becab1c16aeb3cb959	0
baseline_12113fb	12113fbc80d753d945598ffc2c7d9e45787bc8e0	tf	12	aea2f5c6f7030cd19d5e2ca56ad663cbbbd1e920486f0dcfa60d893fcbd8759b	134.95	134.61	0.35	300692	996578	2608	21847488	195d9759ba9e2c7086b363c51d195649a75baab06c5f76e0d37a0532f5c61ec8	3fb8c0dff08a07dfc48d41822fd565f5c13b9fa71e5af8ba94d875717a68f6ea	0
baseline_12113fb	12113fbc80d753d945598ffc2c7d9e45787bc8e0	tf	13	aea2f5c6f7030cd19d5e2ca56ad663cbbbd1e920486f0dcfa60d893fcbd8759b	136.92	136.63	0.33	293904	1000588	2608	21935435	71f586d316a01480daeb98c026598c791f0c591c887f7a490a452f89e100a504	65f67a11ed9ac0541e12650008caef123f5aacbae366c3b32c9955a83ff452c5	0
baseline_12113fb	12113fbc80d753d945598ffc2c7d9e45787bc8e0	tf	14	aea2f5c6f7030cd19d5e2ca56ad663cbbbd1e920486f0dcfa60d893fcbd8759b	127.44	127.08	0.38	288428	985344	2608	21602545	c95abe9bd102a035dc3ac0325bbed399e97ac36c792f0f17495c68fcbec59452	15bc8c5421deff1450f0dad791a4aa6cb8173e8676b80dd2d58f1baffe9ecb6e	0
baseline_12113fb	12113fbc80d753d945598ffc2c7d9e45787bc8e0	tf	15	aea2f5c6f7030cd19d5e2ca56ad663cbbbd1e920486f0dcfa60d893fcbd8759b	153.77	153.06	0.59	419552	1013299	2608	22214285	c4692c0400533dc3ed6434f322437937a1bde1e7c8ee494ce286dba02ee06cfe	089063ecfa780958b2ca5b4ad2632c2df31a47cc3afafb251acd0f602cca6de1	0
baseline_12113fb	12113fbc80d753d945598ffc2c7d9e45787bc8e0	tf	16	aea2f5c6f7030cd19d5e2ca56ad663cbbbd1e920486f0dcfa60d893fcbd8759b	151.11	150.58	0.57	404504	980644	2608	21499027	ff1f5cadbfd71fcb174bdba4489bd208b257a80f77199d5651cd5b020e238c73	cd1aa4a23b47e41650e9f0b95ac1e237686f96030440c9b2c27ef69e060ba7f1	0
baseline_12113fb	12113fbc80d753d945598ffc2c7d9e45787bc8e0	tf	17	aea2f5c6f7030cd19d5e2ca56ad663cbbbd1e920486f0dcfa60d893fcbd8759b	129.85	129.55	0.34	301336	1009861	2608	22139256	06fd3d6f71533b384c9de00e3ac942b29d4bc4beb92280296ca30416ea2f7870	61ecaa3e8cf38498d1c1b639f791cbe8527157039b4088650d8298d466b914ce	0
baseline_12113fb	12113fbc80d753d945598ffc2c7d9e45787bc8e0	tf	18	aea2f5c6f7030cd19d5e2ca56ad663cbbbd1e920486f0dcfa60d893fcbd8759b	141.13	140.82	0.35	370240	992575	2608	21760274	0e326ed5d2f27d32242a0df44eb8f26a196a9a295647d83b78bc489f34de2237	ebc1242a6030394bb43a0d3ff0cb6ff10561d5571617819bb00ab857093e914d	0
baseline_12113fb	12113fbc80d753d945598ffc2c7d9e45787bc8e0	tf	19	aea2f5c6f7030cd19d5e2ca56ad663cbbbd1e920486f0dcfa60d893fcbd8759b	128.38	128.08	0.28	257888	1005108	2608	22034455	428624f008857dec99030d4d8ea4de0137bf7ae7167b111a065a98d03baf0436	744591625678023f993c7459fc0831bb919676762142c5dcc17bbfa63f22ac8b	0
baseline_12113fb	12113fbc80d753d945598ffc2c7d9e45787bc8e0	tf	20	aea2f5c6f7030cd19d5e2ca56ad663cbbbd1e920486f0dcfa60d893fcbd8759b	200.96	199.26	1.3	435860	1006505	2608	22065444	ea7322191b370f990d269cc8dce51e81bbb88ed67c3495dfbe65a662c475d2ea	4c5d5f6d24d51dd23dbac1a7124398b49bb30c7bcde3607e583d7e917030c0a1	0
baseline_12113fb	12113fbc80d753d945598ffc2c7d9e45787bc8e0	tf	21	aea2f5c6f7030cd19d5e2ca56ad663cbbbd1e920486f0dcfa60d893fcbd8759b	132.73	132.39	0.32	288332	1005380	2608	22040406	20369aaaf6ad271725cd1ca4bfac45cf2794a58f9fd08a93b6af94544e183720	5a3812d9ea824dbf41fd942e476812e8ec4590fd829b8b190196a559f3be9b6a	0
baseline_12113fb	12113fbc80d753d945598ffc2c7d9e45787bc8e0	tf	22	aea2f5c6f7030cd19d5e2ca56ad663cbbbd1e920486f0dcfa60d893fcbd8759b	144.35	143.89	0.37	300556	1007810	2608	22094201	aef056f379657a2221461dc31582c9a39d609b3d15b3340c4aab425db9df2444	6cd8a7ddc8b151abc96a9531582ca1c1ee4f6dcfad4e0be2be15913fb100d7d9	0
baseline_12113fb	12113fbc80d753d945598ffc2c7d9e45787bc8e0	tf	23	aea2f5c6f7030cd19d5e2ca56ad663cbbbd1e920486f0dcfa60d893fcbd8759b	160.93	160.48	0.42	423144	981171	2608	21510760	a90b1aeac6db8a8929247704ce5d893b212e94a89c8d52a6f2b1d6d8cc3b88c2	97e25b805017b2edd770db20cd0b549919b03773ab0de5f0603deaf818b751f5	0
baseline_12113fb	12113fbc80d753d945598ffc2c7d9e45787bc8e0	tf	24	aea2f5c6f7030cd19d5e2ca56ad663cbbbd1e920486f0dcfa60d893fcbd8759b	120.43	120.16	0.24	224236	958805	2608	21021503	5705dcc1f20564339923854624ff078e56571b007bf39c7775d3de0ca7f7c12b	4f1d0ec89fa21669292d6aeaae74bfbb92119c33b03f9dca21c39c238967ca0d	0
baseline_12113fb	12113fbc80d753d945598ffc2c7d9e45787bc8e0	tf	25	aea2f5c6f7030cd19d5e2ca56ad663cbbbd1e920486f0dcfa60d893fcbd8759b	150.54	149.81	0.63	401460	999092	2608	21903636	b56e0734ba5b76e5d49ca549cac9f23b3e53ca54c5ecd85db45bf9ebf1f02264	3e4c48df885b4047a2ac05a6aa0f7d599ac9b87ebbd8b0bdb861ee3ee5118831	0
baseline_12113fb	12113fbc80d753d945598ffc2c7d9e45787bc8e0	tf	26	aea2f5c6f7030cd19d5e2ca56ad663cbbbd1e920486f0dcfa60d893fcbd8759b	122.94	122.71	0.22	258172	1002994	2608	21988464	3b9826935937f216072672ceaef967486d3827470c22c0f305136dbe73eb9420	ac196c1ff66448ce5872cba943b778c8a8bc3f8c242fd93733a37a1a66d76c3d	0
baseline_12113fb	12113fbc80d753d945598ffc2c7d9e45787bc8e0	tf	27	aea2f5c6f7030cd19d5e2ca56ad663cbbbd1e920486f0dcfa60d893fcbd8759b	128.46	128.17	0.29	267072	992997	2608	21770052	510369596e7768971dc4a624a3ba46869004f5cd7d2db448259a20f978f6e0b4	dd7000c0e4546bb2090e095648befebe69ef45d278449bef7e1f1d18f14aad17	0
baseline_12113fb	12113fbc80d753d945598ffc2c7d9e45787bc8e0	tf	28	aea2f5c6f7030cd19d5e2ca56ad663cbbbd1e920486f0dcfa60d893fcbd8759b	143.04	142.78	0.31	364756	988816	2608	21678635	e4a16fd090759a8fc7b04818d13fc0887fead3a0c27fbff403e09a0d88f0a6e0	9505a984f75a03911a924ea1d8bdb681fca90c9799ffaf1a9dc1e153dfb7758d	0
baseline_12113fb	12113fbc80d753d945598ffc2c7d9e45787bc8e0	tf	29	aea2f5c6f7030cd19d5e2ca56ad663cbbbd1e920486f0dcfa60d893fcbd8759b	172.09	171.49	0.54	489684	983890	2608	21569727	13871790676fbc38d7ffa42d035bf8677922ef3a3014ca9f28d01e4b514a6d62	a94e3c2a2f5e2b763ea3c44e4b250bc2175815fff458364b457e169eb46e5037	0
baseline_12113fb	12113fbc80d753d945598ffc2c7d9e45787bc8e0	tf	30	aea2f5c6f7030cd19d5e2ca56ad663cbbbd1e920486f0dcfa60d893fcbd8759b	139.98	139.5	0.39	365484	1014498	2608	22240120	92f0913fcc3a07c35cf461bcf7967a3639939b1fdfb8ca5c7633294316fb3212	01bde98fc9389de560b491bbb78de1bb4ea8b10594117d664bb8506ca974101c	0
baseline_12113fb	12113fbc80d753d945598ffc2c7d9e45787bc8e0	tf	31	aea2f5c6f7030cd19d5e2ca56ad663cbbbd1e920486f0dcfa60d893fcbd8759b	146.93	146.61	0.38	390452	959059	2608	21027807	faa2d15e54639b8c511a91b5d999d402afbfdde6f0c071cef92887d67db4931e	3843ca97bb5cefb3f8e0e1cfe0be6d2ecb2e9ce7f949d14c94a540b0e8e7817c	0
baseline_12113fb	12113fbc80d753d945598ffc2c7d9e45787bc8e0	tf	32	aea2f5c6f7030cd19d5e2ca56ad663cbbbd1e920486f0dcfa60d893fcbd8759b	111.11	110.87	0.2	180360	996072	2608	21837429	ad2f0134d527787669fe11e999c79f90b9844654bd75a33a55767aff84914fa7	73c945a8b9a26e555d4e202b46bfd1a9dc610ba02f55a396e2ce694633e66d1c	0
baseline_12113fb	12113fbc80d753d945598ffc2c7d9e45787bc8e0	tf	33	aea2f5c6f7030cd19d5e2ca56ad663cbbbd1e920486f0dcfa60d893fcbd8759b	167.48	167.05	0.46	500512	939434	2608	20597111	50414a8bed39558ab5c10a3ad6ac42f20b6bce24630036aed0dce1b255db6a9f	f6c17e5256d16d95c6abee3b5a0a6bdfb66fd04e76f6fa56873f6a78d6d8d36a	0
baseline_12113fb	12113fbc80d753d945598ffc2c7d9e45787bc8e0	tf	34	aea2f5c6f7030cd19d5e2ca56ad663cbbbd1e920486f0dcfa60d893fcbd8759b	148.43	147.78	0.55	414532	1016589	2608	22286081	0a09d18b193ee1967f5991a90654bf7f004820bfb284ac3b8f50f1c0ddc37257	acceef7abdecbc81963a29f9210a1ff04e4eeab7bb70733963ab58553e47f322	0
baseline_12113fb	12113fbc80d753d945598ffc2c7d9e45787bc8e0	tf	35	aea2f5c6f7030cd19d5e2ca56ad663cbbbd1e920486f0dcfa60d893fcbd8759b	134.59	134.29	0.35	334140	989452	2608	21692409	70976d69c3619002dfd7b1f8b6bfc8523bf6289eb325a4fda84c53f8387ba74a	a82a38aebd1d64098aa56d91f21efdb9562235709fc5890674836f0228d23b32	0
baseline_12113fb	12113fbc80d753d945598ffc2c7d9e45787bc8e0	tf	36	aea2f5c6f7030cd19d5e2ca56ad663cbbbd1e920486f0dcfa60d893fcbd8759b	123.48	123.29	0.24	260768	997363	2608	21865452	4ce971d419b245f8e6442fb70349cd73ad8d5fe2e68d887c871fd434e0daf1d4	6f7b23eddacb5b2a6ee0e94c0a3edd70c73516b3c0c105042460293ebc814111	0
baseline_12113fb	12113fbc80d753d945598ffc2c7d9e45787bc8e0	tf	37	aea2f5c6f7030cd19d5e2ca56ad663cbbbd1e920486f0dcfa60d893fcbd8759b	137.2	136.89	0.35	354896	997623	2608	21871414	53ad73f012df64cfe3d7935c6f9be024218427d85454251a3a8814f195ec1c5f	a409bb36722193dddb8c9417cc2e1a7a6b93a08d593104954f1b0981db448f8b	0
baseline_12113fb	12113fbc80d753d945598ffc2c7d9e45787bc8e0	tf	38	aea2f5c6f7030cd19d5e2ca56ad663cbbbd1e920486f0dcfa60d893fcbd8759b	142.51	141.8	0.61	374192	973522	2608	21342997	0161e854b336d6130e95b8dd6467f0e279a38c794278e6b75d112641f47ec87a	9984f2437bf81f041dc1a146fc49c59a6940170279920be6f99546c4c4af3c3b	0
baseline_12113fb	12113fbc80d753d945598ffc2c7d9e45787bc8e0	tf	39	aea2f5c6f7030cd19d5e2ca56ad663cbbbd1e920486f0dcfa60d893fcbd8759b	133.61	133.13	0.49	279956	919820	2608	20168000	e4a487cf3e9e4e6208f295dfdb00faf37774ee77a35ea985ae086b3a937cdada	ac928bdf02f44e9f5e2cb12af08808e86310d8b36f731ecafc3654c657acde52	0
baseline_12113fb	12113fbc80d753d945598ffc2c7d9e45787bc8e0	tf	40	aea2f5c6f7030cd19d5e2ca56ad663cbbbd1e920486f0dcfa60d893fcbd8759b	127.23	126.92	0.3	281196	958275	2608	21009288	134f25cdf5cdb9322bbb9e4fb376fd19db11e424039db64838edd25b08796d50	c2fd6d4daef6c9bda08e301eef2e6660acb991b23af270678c6883090f306d7c	0
baseline_12113fb	12113fbc80d753d945598ffc2c7d9e45787bc8e0	tf	41	aea2f5c6f7030cd19d5e2ca56ad663cbbbd1e920486f0dcfa60d893fcbd8759b	170.56	170.06	0.45	486756	963339	2608	21120856	c656ce8dbedbf0798235bae7966ec7ef353524a278e71fb460b7931d98e72420	d4a36d062fc2da8c4cc79d079903a3f8cf62e1574fee93b41576fb1f47b33dba	0
baseline_12113fb	12113fbc80d753d945598ffc2c7d9e45787bc8e0	tf	42	aea2f5c6f7030cd19d5e2ca56ad663cbbbd1e920486f0dcfa60d893fcbd8759b	125.99	125.63	0.31	271320	977503	2608	21430717	31964b13ce075a7c229b91fd7bd258271ad2a017fd8010848bd90550273555ad	4703ae62f4d41eb0ef5ff1d7dacb826f5a625307a0ecebc3858881a84b0ea1f2	0
baseline_12113fb	12113fbc80d753d945598ffc2c7d9e45787bc8e0	tf	43	aea2f5c6f7030cd19d5e2ca56ad663cbbbd1e920486f0dcfa60d893fcbd8759b	118.28	118.06	0.26	213644	965798	2608	21174586	5d2c4efd4becc4f5a2cf26ff4d827339efb0c5f66a8e3767d7930f9d283e5724	eaa938c1860db92dca5bea46d8a97ecddf0fad56abcd2f63a6723f4784a16a5e	0
baseline_12113fb	12113fbc80d753d945598ffc2c7d9e45787bc8e0	tf	44	aea2f5c6f7030cd19d5e2ca56ad663cbbbd1e920486f0dcfa60d893fcbd8759b	160.85	160.48	0.35	317224	985932	2608	21614926	aba881db55d32bfd53a94f77c0ad353663514064198c868b5d4eaf3b90c729aa	2c20430f506043fa3483ae45dcc4fd1d90edd5a31889e1ce6826c0f4c12d9eff	0
baseline_12113fb	12113fbc80d753d945598ffc2c7d9e45787bc8e0	tf	45	aea2f5c6f7030cd19d5e2ca56ad663cbbbd1e920486f0dcfa60d893fcbd8759b	155.95	155.5	0.48	435500	975496	2608	21386298	512b22adcaaff08a323bb8d48667dfb7fb70d97a4003c0ffbe3cda4c025cb6dd	9daa8e6ea5358e70a5950e752bf571d643a3091745f6909c373fe676678a2366	0
baseline_12113fb	12113fbc80d753d945598ffc2c7d9e45787bc8e0	tf	46	aea2f5c6f7030cd19d5e2ca56ad663cbbbd1e920486f0dcfa60d893fcbd8759b	147.36	146.95	0.4	359252	980815	2608	21503041	fda05b124d04858b6c237de4afc92b94939ecceade439c7c5b9cd707e1c22952	b5310d4e787a335dfbbccc2720c6791ba64b49db21004d72dfc7edda4823c549	0
baseline_12113fb	12113fbc80d753d945598ffc2c7d9e45787bc8e0	tf	47	aea2f5c6f7030cd19d5e2ca56ad663cbbbd1e920486f0dcfa60d893fcbd8759b	142.27	141.91	0.38	339032	997815	2608	21875457	0ddb124122f61628a2589e222ae3e2c30613006f9cd09958892403b8bda30e3b	5a828167f4698fce8c3cce049ab6873a4129da2c0ea3ea200bcdb2aca94f5ff1	0
baseline_12113fb	12113fbc80d753d945598ffc2c7d9e45787bc8e0	tf	48	aea2f5c6f7030cd19d5e2ca56ad663cbbbd1e920486f0dcfa60d893fcbd8759b	181.78	181.28	0.48	556580	954386	2608	20924590	11f082e76be444f3e120ecae7b9ad929acb7d59380510b5a1ea9cf443ebabf53	e69b4ca1bea00c5de85de76fb5bc5c2c6c2c4239e4f1ac471407271847797894	0
baseline_12113fb	12113fbc80d753d945598ffc2c7d9e45787bc8e0	tf	49	aea2f5c6f7030cd19d5e2ca56ad663cbbbd1e920486f0dcfa60d893fcbd8759b	156.08	155.66	0.36	435016	970019	2608	21266575	15e790633ebf1dc897d7129bc8df43eddfb43d7c0af5eaad4b8045c4663a7c71	cae4a9404f4b36e09b619ca1ae29ed865238acc7637b55396dd3bd32be1637b3	0
baseline_12113fb	12113fbc80d753d945598ffc2c7d9e45787bc8e0	tf	50	aea2f5c6f7030cd19d5e2ca56ad663cbbbd1e920486f0dcfa60d893fcbd8759b	138.91	138.38	0.52	364472	976192	2608	21402241	6db958e1453a40bd71f35561cf586b0ba77e439ec103ac0360481c21b6351216	04a78b201517be746fda9e75d84b39cdc3267891d8f0a103fde5b3e8264f3935	0
baseline_12113fb	12113fbc80d753d945598ffc2c7d9e45787bc8e0	tf	51	aea2f5c6f7030cd19d5e2ca56ad663cbbbd1e920486f0dcfa60d893fcbd8759b	124.16	123.66	0.34	255624	986830	2608	21634904	e2c9aac2049dcfda2ba56f5809ed2900c142973992206e3ee59a8411f22358f9	23716d40a031818df8face718f73f10891013f7a55d257e35a996bd12b57aa45	0
baseline_12113fb	12113fbc80d753d945598ffc2c7d9e45787bc8e0	tf	52	aea2f5c6f7030cd19d5e2ca56ad663cbbbd1e920486f0dcfa60d893fcbd8759b	142.83	142.38	0.49	388164	996980	2608	21857393	3ef1b7a8a7216a8f50ac0dbcaeb7aa3705773452832f28e45abb541e205d342d	dd359f3a990508d6ff0487c2dc139207580ce7fc8057c9d00df5105d183ba6e9	0
baseline_12113fb	12113fbc80d753d945598ffc2c7d9e45787bc8e0	tf	53	aea2f5c6f7030cd19d5e2ca56ad663cbbbd1e920486f0dcfa60d893fcbd8759b	155.27	154.66	0.59	393240	963193	2608	21117203	cd0167136a0d43310d1ace4d0d96c8d62130e0d5fa0adc5e90e14b2143033772	45e7f8d826a41eeb2e6e6ad453dbac33c10790dbec3e6d9f9e747edac1c8fe84	0
baseline_12113fb	12113fbc80d753d945598ffc2c7d9e45787bc8e0	tf	54	aea2f5c6f7030cd19d5e2ca56ad663cbbbd1e920486f0dcfa60d893fcbd8759b	140.1	139.52	0.62	363876	998438	2608	21888727	aeefcde9be52db995a0d1fad3f75c6e1f6d534fa4cf28e229a7540c0f78e6c31	c1e9d8b22842eaad29aa591d883b85153efa3dad4f2a0a8d23d4f8b32cf42069	0
baseline_12113fb	12113fbc80d753d945598ffc2c7d9e45787bc8e0	tf	55	aea2f5c6f7030cd19d5e2ca56ad663cbbbd1e920486f0dcfa60d893fcbd8759b	149.03	148.66	0.34	416672	980709	2608	21500974	a5c93cd20d008a1c04e9ac563c726bb78f17fd5ebe5773597b56afd8df411ec8	79b0a9dba83f6e302db7b330e18fb142e788e871eb81d87274a0b1752f720855	0
baseline_12113fb	12113fbc80d753d945598ffc2c7d9e45787bc8e0	tf	56	aea2f5c6f7030cd19d5e2ca56ad663cbbbd1e920486f0dcfa60d893fcbd8759b	208.9	208.42	0.49	669816	954844	2608	20934425	1703a87e4d61dd3fb5ab26f0f65b0774b340782ff1e8362d9e696f10d621eaff	6c8bb15a02d2c7a72f921462503f57a6cab4704dd4a72848529cfc905ae313d6	0
baseline_12113fb	12113fbc80d753d945598ffc2c7d9e45787bc8e0	tf	57	aea2f5c6f7030cd19d5e2ca56ad663cbbbd1e920486f0dcfa60d893fcbd8759b	130.69	130.32	0.29	309864	975515	2608	21387020	240b19c59badc831f1eeb3965600487f12571af2f9d3d1f8306f08a7a34879ae	95714c149e2023aac4dda57af44590764c15db8e18b15601b54116de0b61f3e6	0
baseline_12113fb	12113fbc80d753d945598ffc2c7d9e45787bc8e0	tf	58	aea2f5c6f7030cd19d5e2ca56ad663cbbbd1e920486f0dcfa60d893fcbd8759b	113.95	113.76	0.27	206556	1017896	2608	22314286	3c491e445845f908a2690031baa9092b1cf01b6731ead19439540047fa646ae0	18320cbbfccff680e590331d7e0ad85a0f0f3cd538dbe27100580ad6eac64f03	0
baseline_12113fb	12113fbc80d753d945598ffc2c7d9e45787bc8e0	tf	59	aea2f5c6f7030cd19d5e2ca56ad663cbbbd1e920486f0dcfa60d893fcbd8759b	163.12	162.64	0.4	467476	961785	2608	21086408	f5a7d3eb08f3d12e3962333115f417c6499c1dfa94850f7b596787529955a826	aa9f725c9d6b063065b1788b5f5464b19ba96c871f9c93625bfcd825600d3bbf	0
baseline_12113fb	12113fbc80d753d945598ffc2c7d9e45787bc8e0	tf	60	aea2f5c6f7030cd19d5e2ca56ad663cbbbd1e920486f0dcfa60d893fcbd8759b	141.64	141.23	0.38	375560	967480	2608	21211843	c78225d94595abf5471b351726c5d125655b47fc84ded2c24ba1e188e62f3990	55e05ad94c2a459047dceafcd7570660a39a6d754e3b308625929abb9b36de75	0
baseline_12113fb	12113fbc80d753d945598ffc2c7d9e45787bc8e0	tf	61	aea2f5c6f7030cd19d5e2ca56ad663cbbbd1e920486f0dcfa60d893fcbd8759b	157.01	156.55	0.51	433860	983052	2608	21551391	f7abfbd3563e7cdc54d2290ed9fc14518761ea2668ad7f5bab76c71907b3ef0f	3d462cf0a79f96e23fa1c68e95419cc31616a613084320861099f2dde1e284b5	0
baseline_12113fb	12113fbc80d753d945598ffc2c7d9e45787bc8e0	tf	62	aea2f5c6f7030cd19d5e2ca56ad663cbbbd1e920486f0dcfa60d893fcbd8759b	176.76	176.14	0.56	472228	995598	2608	21826948	738ab6664bf7838d9be5e881d47e8fe2624f854554e3ffb2b431fc08dc927b92	37332f83d903aab4200d424d45e4f905058e4bb447b104c951539d94204fd025	0
baseline_12113fb	12113fbc80d753d945598ffc2c7d9e45787bc8e0	tf	63	aea2f5c6f7030cd19d5e2ca56ad663cbbbd1e920486f0dcfa60d893fcbd8759b	138.07	137.55	0.34	323092	971465	2608	21298573	34f3395e212014cd2f6749dee67036f46aac0848bba3c38d7915ea8118d849a9	3489543525ddf4721fa1e8a6472f3ff7808ce25ade8efcd0bf5ee7057578e285	0
baseline_12113fb	12113fbc80d753d945598ffc2c7d9e45787bc8e0	tf	64	aea2f5c6f7030cd19d5e2ca56ad663cbbbd1e920486f0dcfa60d893fcbd8759b	116.4	116.01	0.25	209204	1015576	2608	22264140	2786006bebbaf2aa5b85f450e9b7c65bed3f447b1f4a660a5a99c14eec3ed757	b89b65532094b6c7b70b1cb28a426e19147081057611ec45d42f91d42055a8fc	0
baseline_12113fb	12113fbc80d753d945598ffc2c7d9e45787bc8e0	tf	65	aea2f5c6f7030cd19d5e2ca56ad663cbbbd1e920486f0dcfa60d893fcbd8759b	136.88	136.41	0.36	306780	1001581	2608	21957498	b85ede09b976aaa46ed97dbadf96ea9a6b6e9f527bb2dcc98b387e88480853e6	ee4999ed7040bceda53cbe9f0c96646d593f96f47af4806849b44b890740d6a6	0
baseline_12113fb	12113fbc80d753d945598ffc2c7d9e45787bc8e0	tf	66	aea2f5c6f7030cd19d5e2ca56ad663cbbbd1e920486f0dcfa60d893fcbd8759b	125.42	125.13	0.28	251292	1014072	2608	22231467	8bb0902a2080266eb9a692c8c539daa83d2bbe6ce33c379fbd21b3ee975ccbda	7467413ed6eb6371581a96d957545b8739866a9efd975c387317eb78a67563f5	0
baseline_12113fb	12113fbc80d753d945598ffc2c7d9e45787bc8e0	tf	67	aea2f5c6f7030cd19d5e2ca56ad663cbbbd1e920486f0dcfa60d893fcbd8759b	127.81	127.51	0.28	273344	995017	2608	21813647	90c4b9a8c1bc809536eb1e6365ae14679507f9951924f55826f0f85a810198f8	f34dd91c632532d44f7c1dc92a67bf3f795ad091c3521f41f61661790ceefdcb	0
baseline_12113fb	12113fbc80d753d945598ffc2c7d9e45787bc8e0	tf	68	aea2f5c6f7030cd19d5e2ca56ad663cbbbd1e920486f0dcfa60d893fcbd8759b	126.28	126.03	0.24	261120	1012073	2608	22187074	9101cf242faca954ac9e9b0b443fe75207e53abf1b99e8045e4c66687bf19ea7	87ecc3782084d611ac6e796215c8520c89836a2c93dba78ee7acf1af3f7be76f	0
baseline_12113fb	12113fbc80d753d945598ffc2c7d9e45787bc8e0	tf	69	aea2f5c6f7030cd19d5e2ca56ad663cbbbd1e920486f0dcfa60d893fcbd8759b	129.56	129.32	0.23	283560	956005	2608	20960181	166c87e910e8706570c42fc5f0eea914671c02100d569b1c942aab3827cb8473	c4cafcb0819742a0958cc049277cc29b80eec761464353381156c62dcd449c7d	0
baseline_12113fb	12113fbc80d753d945598ffc2c7d9e45787bc8e0	tf	70	aea2f5c6f7030cd19d5e2ca56ad663cbbbd1e920486f0dcfa60d893fcbd8759b	120.88	120.61	0.26	198428	1007124	2608	22078329	ebeb4241b46079b4e12cba506dc99d2065304093c1fdecefbd14317ca2ef7e09	17f8bf1c90a52ef9ef01b132da86d1c4c57f21aded91b3d436e72a6814a60d7f	0
baseline_12113fb	12113fbc80d753d945598ffc2c7d9e45787bc8e0	tf	71	aea2f5c6f7030cd19d5e2ca56ad663cbbbd1e920486f0dcfa60d893fcbd8759b	132.26	131.96	0.29	313508	986813	2608	21634948	4a358b5feca988cd8d4e9c7a4605ff2abba75a205449ce55013eff79e30e28f4	a05c42eda3bb9998167f0dcec240581ab87720850cd8f0b30ecd401e0e62dde0	0
baseline_12113fb	12113fbc80d753d945598ffc2c7d9e45787bc8e0	tf	72	aea2f5c6f7030cd19d5e2ca56ad663cbbbd1e920486f0dcfa60d893fcbd8759b	135.45	135.11	0.33	343964	979179	2608	21466996	13e2733590d64917fb4630da083b4b7842dacbb42994fddbc2f1d57d3646b31a	f1ee9df5c786cd6b3d27e7b8d51d10e5172955bc0c5297abb5fe49ff1bd0c7a1	0
baseline_12113fb	12113fbc80d753d945598ffc2c7d9e45787bc8e0	tf	73	aea2f5c6f7030cd19d5e2ca56ad663cbbbd1e920486f0dcfa60d893fcbd8759b	119.78	119.46	0.29	243164	1005031	2608	22033600	b5fc4771f747cc123bc57cc141cc4e531c70670bd0c79227bd47a14ed5108b4f	60449b6ae4299ab91ef922868a77d10f1621d5e6ea45c7246930c1578774337d	0
baseline_12113fb	12113fbc80d753d945598ffc2c7d9e45787bc8e0	tf	74	aea2f5c6f7030cd19d5e2ca56ad663cbbbd1e920486f0dcfa60d893fcbd8759b	118.98	118.79	0.21	239304	985987	2608	21616778	905f457462f4c8fa62cb5f21bf9aadce3390aad17ddd3fa2b05f5966d595626a	fdb20ab94619f5acaa7f08dc93f0845f96f10a06e392dd11a8b55a5479afd79f	0
baseline_12113fb	12113fbc80d753d945598ffc2c7d9e45787bc8e0	tf	75	aea2f5c6f7030cd19d5e2ca56ad663cbbbd1e920486f0dcfa60d893fcbd8759b	160.64	160.23	0.39	460124	981832	2608	21524116	195bfa716d09b15879d35dd1ae0ad863d9e2998c79e58b1bb9dd03133a4d6df2	ab5bccd54edf802be1484bb8ac6df8b87c740d685b303f777cda66aa0760847c	0
baseline_12113fb	12113fbc80d753d945598ffc2c7d9e45787bc8e0	tf	76	aea2f5c6f7030cd19d5e2ca56ad663cbbbd1e920486f0dcfa60d893fcbd8759b	143.17	142.73	0.4	390600	980297	2608	21491837	b81c6ecd5619cbc2f81853769f06bb26174503ac814bf2810ea4625032f7803e	af70e31f2c47b21070ba27745a05869a22ff4639971973920ceaefa4f981d611	0
baseline_12113fb	12113fbc80d753d945598ffc2c7d9e45787bc8e0	tf	77	aea2f5c6f7030cd19d5e2ca56ad663cbbbd1e920486f0dcfa60d893fcbd8759b	132.73	132.41	0.28	328684	1001646	2608	21959416	9819916c717758d5598caa8e455eba8dae29532b57612ef3a00991f8f5c5e0d7	18bbc87da6fa4d1d384d951a33d494631faa34fa812291f994b75e2b357acc1b	0
baseline_12113fb	12113fbc80d753d945598ffc2c7d9e45787bc8e0	tf	78	aea2f5c6f7030cd19d5e2ca56ad663cbbbd1e920486f0dcfa60d893fcbd8759b	114.55	114.25	0.27	212712	1014057	2608	22231004	5b78464f07bd5748314b08042c29021646446decf27f8fd2e86c797f80e6c941	c611d775e4c4e6d2f8146fdc062673a0cdaef08b4cb93472b86cfad0b1fcb006	0
baseline_12113fb	12113fbc80d753d945598ffc2c7d9e45787bc8e0	tf	79	aea2f5c6f7030cd19d5e2ca56ad663cbbbd1e920486f0dcfa60d893fcbd8759b	112.29	112.08	0.2	189732	998756	2608	21896106	96bb33ec618eeabddeebdd4c7bd0671899d660affba2f5e583e41c5d6fd993a8	fd513451472f291863fdd9bafc0fae2bb0ae1b3d0b44c616d0a1c60419b16f36	0
baseline_12113fb	12113fbc80d753d945598ffc2c7d9e45787bc8e0	tf	80	aea2f5c6f7030cd19d5e2ca56ad663cbbbd1e920486f0dcfa60d893fcbd8759b	143.89	143.29	0.57	402992	990015	2608	21705103	5cd307afe56a029ce3e46cceca6d32574c7eaacb8f77875f875005ae5be824df	21fc1289e6d2789f80fa7d73b1548d6c1d320d1a62918247c10306c6d0b3790e	0
baseline_12113fb	12113fbc80d753d945598ffc2c7d9e45787bc8e0	tf	81	aea2f5c6f7030cd19d5e2ca56ad663cbbbd1e920486f0dcfa60d893fcbd8759b	128.75	128.3	0.45	288960	994225	2608	21796497	8aa58c7905dbb8d981b3a02891cd93402a30d5dabf82885e23090f7f2c31625f	210c489b65d7b5eb1fa240ddc1388f84a8711fbf94d66d6021ce13e0bbae46a3	0
baseline_12113fb	12113fbc80d753d945598ffc2c7d9e45787bc8e0	tf	82	aea2f5c6f7030cd19d5e2ca56ad663cbbbd1e920486f0dcfa60d893fcbd8759b	136.22	135.89	0.29	364368	1015077	2608	22253676	d5f4710bf6ea86e8c71762f00a94c9dc73750f1f259a1f3f47497b7bbaaca251	daafc36e0755c2f845d5aaad19d0f03360118fb099bc0a437a238e80768cbbd1	0
baseline_12113fb	12113fbc80d753d945598ffc2c7d9e45787bc8e0	tf	83	aea2f5c6f7030cd19d5e2ca56ad663cbbbd1e920486f0dcfa60d893fcbd8759b	137.14	136.78	0.32	375052	1012677	2608	22200189	4d58d8e05a2b0d6eb6d249fdb386ce533339c4dc07d4b16daae4b58169ddfbdf	1bae8109b686f0240a474aaae6afb62e882acf9c7124cda0be9aac033f23e501	0
baseline_12113fb	12113fbc80d753d945598ffc2c7d9e45787bc8e0	tf	84	aea2f5c6f7030cd19d5e2ca56ad663cbbbd1e920486f0dcfa60d893fcbd8759b	110.29	110.07	0.2	188216	1001573	2608	21957194	4a91436a22225f1535c96b5a7ab89abfebdb1df983402b563c80f04d79a773da	198c8a0b46bbd97abed5c3f1619d3ede2947df985dabfa7ce03d6e181387e115	0
baseline_12113fb	12113fbc80d753d945598ffc2c7d9e45787bc8e0	tf	85	aea2f5c6f7030cd19d5e2ca56ad663cbbbd1e920486f0dcfa60d893fcbd8759b	163.44	162.91	0.51	476016	974495	2608	21364745	f8ef99ddb25b1f76a26b837ca06825f1f28eea608a7564247137b06e0643d4bf	35642129affd4fb9cbc84cbde5321455fba2d8504115de48d16e1eb6cd5c949d	0
baseline_12113fb	12113fbc80d753d945598ffc2c7d9e45787bc8e0	tf	86	aea2f5c6f7030cd19d5e2ca56ad663cbbbd1e920486f0dcfa60d893fcbd8759b	137.5	137.15	0.34	360004	1007020	2608	22076271	b4955318f2ed481f17aae03ac07e353f002cb38aa2307df64f8fdd337e7b6bc4	f9810c51a27a97cd7fdcdd1b195860b2386d308a6ed420c3b314ae9f3dc9bccc	0
baseline_12113fb	12113fbc80d753d945598ffc2c7d9e45787bc8e0	tf	87	aea2f5c6f7030cd19d5e2ca56ad663cbbbd1e920486f0dcfa60d893fcbd8759b	149.08	148.74	0.35	422052	979880	2608	21482581	dd7228d87990212a57f2c01d2dbff10270b308af3fb5c7d69bf6103856f6b0b3	c2b00c7dddbec498c4b6bebbda9bd6ce74a03793782b0368a8709640cf1e0a38	0
baseline_12113fb	12113fbc80d753d945598ffc2c7d9e45787bc8e0	tf	88	aea2f5c6f7030cd19d5e2ca56ad663cbbbd1e920486f0dcfa60d893fcbd8759b	113.17	113.01	0.14	205568	976542	2608	21409596	2aad4445a86672f1ee77839cf16c51d5312c8fe2fde812f90164cbc9be1d7d15	db00a7c5247389a78ee78666072be36cacf9cfcfebe6a6181f41255ef9178dff	0
baseline_12113fb	12113fbc80d753d945598ffc2c7d9e45787bc8e0	tf	89	aea2f5c6f7030cd19d5e2ca56ad663cbbbd1e920486f0dcfa60d893fcbd8759b	144.83	144.44	0.38	406252	996885	2608	21854384	e7ec3e4045a394a8e292c8c1982499080b4c216dbe9e981879462e4d6cc19c9b	2c6444a51c764ce3e66d4a1a40d4dbf9bf55361b6fc29158d0f86e6eda5b7980	0
baseline_12113fb	12113fbc80d753d945598ffc2c7d9e45787bc8e0	tf	90	aea2f5c6f7030cd19d5e2ca56ad663cbbbd1e920486f0dcfa60d893fcbd8759b	155.56	154.81	0.64	445632	986448	2608	21625981	265683ad7816ca26a1fd94bd2aa0f6c27dda2b60a8531c7bff0c89c56865a8f2	6ed76d0309e1e4c1e37b9bfff8629258085d0fbcb682f5c9dac7951230c51946	0
baseline_12113fb	12113fbc80d753d945598ffc2c7d9e45787bc8e0	tf	91	aea2f5c6f7030cd19d5e2ca56ad663cbbbd1e920486f0dcfa60d893fcbd8759b	147.08	146.67	0.37	405204	971427	2608	21297722	43eaa454667e6211ab88fe534bfbec9e063049e4003dba1b42a5fa75869f3674	bdddd51700db2f1c5b6f7f9bb518f54550efaccd79404dc729d77e62cb8aacea	0
baseline_12113fb	12113fbc80d753d945598ffc2c7d9e45787bc8e0	tf	92	aea2f5c6f7030cd19d5e2ca56ad663cbbbd1e920486f0dcfa60d893fcbd8759b	115.9	115.64	0.24	225072	1021540	2608	22394618	1c941ab46bc6a4be93e958dc88b912a19bf744fd75520b1ff7b286b23e6788c0	1b9902e8c6f74ef7223ce2225ef70e2036783cc0ee6c1d016397e2b28713e69a	0
baseline_12113fb	12113fbc80d753d945598ffc2c7d9e45787bc8e0	tf	93	aea2f5c6f7030cd19d5e2ca56ad663cbbbd1e920486f0dcfa60d893fcbd8759b	105.69	105.5	0.16	143644	967153	2608	21204291	c56ecd66a2421850fbd31f9a2a7e837b85443e415e9988296a8fc81156705bf6	bdd5d21c91bac13b5f022126b1ced8e31beaa17004bade503f7e96e1bc42582e	0
baseline_12113fb	12113fbc80d753d945598ffc2c7d9e45787bc8e0	tf	94	aea2f5c6f7030cd19d5e2ca56ad663cbbbd1e920486f0dcfa60d893fcbd8759b	119.97	119.69	0.26	240404	998346	2608	21887114	e2c7f78910ba7d211c9dd939d80a3b62ffa7630173b3d77b8820549590accb24	e31103aa1437d030aeeb4e437aad2825affb5275bb9ba397f1635b7bb35ef749	0
baseline_12113fb	12113fbc80d753d945598ffc2c7d9e45787bc8e0	tf	95	aea2f5c6f7030cd19d5e2ca56ad663cbbbd1e920486f0dcfa60d893fcbd8759b	125.27	124.85	0.4	282080	964064	2608	21135945	1f753808d0f94289241bea0654e44a69ea596b4027830e6fb06040e6fc20f0d9	38db3ed30cf33eaf87e02c79455c72b05929d07c8b50efc40aaca2b6c4ab88ec	0
baseline_12113fb	12113fbc80d753d945598ffc2c7d9e45787bc8e0	tf	96	aea2f5c6f7030cd19d5e2ca56ad663cbbbd1e920486f0dcfa60d893fcbd8759b	136.86	136.42	0.37	363052	1000010	2608	21923630	1aa89745ac873e7396dff5e8d3ae5f65fb52891f1f369801413630fe4da4b48d	c63b7a0e6b67a400985ffe11039d97303568c5c973b874af9bbb79844f0cc3b3	0
baseline_12113fb	12113fbc80d753d945598ffc2c7d9e45787bc8e0	tf	97	aea2f5c6f7030cd19d5e2ca56ad663cbbbd1e920486f0dcfa60d893fcbd8759b	206.31	205.8	0.49	678372	941831	2608	20649481	024f9993a980609fffc8b789214c94193a368545b63c77059ad7b73df8c61eec	2ebe2ed93b1a2903e9a311a4de24c8dd9d94baebb059ba7c558c0718d9c12d10	0
baseline_12113fb	12113fbc80d753d945598ffc2c7d9e45787bc8e0	tf	98	aea2f5c6f7030cd19d5e2ca56ad663cbbbd1e920486f0dcfa60d893fcbd8759b	162.46	162.09	0.36	473560	981615	2608	21520377	30907fa5e83e55deb0221019f32e9918509d18e571484682c87086e194c27a10	d1aa71c810a2b0fef83fc03c3f868c14596132d2bb013bd1f89e250720a1af10	0
baseline_12113fb	12113fbc80d753d945598ffc2c7d9e45787bc8e0	tf	99	aea2f5c6f7030cd19d5e2ca56ad663cbbbd1e920486f0dcfa60d893fcbd8759b	121.52	121.28	0.23	253844	1016605	2608	22286639	b86b5461affd65f23cbc3083e775385098dbdae2082c9c35703c7023b1e7e30a	1d006f39af27989beef751d539a9efcfbc087bb52ec9cf5e8ff317182ce8ef85	0
baseline_12113fb	12113fbc80d753d945598ffc2c7d9e45787bc8e0	tf	100	aea2f5c6f7030cd19d5e2ca56ad663cbbbd1e920486f0dcfa60d893fcbd8759b	118.99	118.72	0.26	242544	1010030	2608	22142371	5aa50d661e05f29c9715dcb4bca3f9c783705169014b3743fd51e0c81c6d8520	9cdb312399b3decca6bede34be53fb6b46cde1da6e2b23fae0b64444ef69420e	0
baseline_12113fb	12113fbc80d753d945598ffc2c7d9e45787bc8e0	sig	1	aea2f5c6f7030cd19d5e2ca56ad663cbbbd1e920486f0dcfa60d893fcbd8759b	574.72	573.66	1.07	702704	1767806	10680	38834083	5788f3ee24e90a5e16996ec5d19aa12013d9e6bcc90cf85c917a7b5a4a20ef4b	254381494fb7b2a8bbd24b0931ae226cdd3140956cbf0b8fa14421b9f926e158	0
baseline_12113fb	12113fbc80d753d945598ffc2c7d9e45787bc8e0	sig	2	aea2f5c6f7030cd19d5e2ca56ad663cbbbd1e920486f0dcfa60d893fcbd8759b	713.12	711.33	1.77	1110740	1823088	10680	40044551	e3ae8ca69f6219ab125ec7b838799759db508f7cb409eab3f3b9e240457ea946	8f9c470bbd95a1b0da643cb668257b90752960438f02e0cd77a8fd8de7c76e04	0
baseline_12113fb	12113fbc80d753d945598ffc2c7d9e45787bc8e0	sig	3	aea2f5c6f7030cd19d5e2ca56ad663cbbbd1e920486f0dcfa60d893fcbd8759b	597.58	596.19	1.38	770636	1781767	10680	39140521	c5f43d48fa6fa2df9d198bd6f668a12c3a1b8b28a6e3106501055f207c9aea96	9f81325e3bb40875fef6b99338555217a37e4d8e0cded220ff31b093de87e6e2	0
baseline_12113fb	12113fbc80d753d945598ffc2c7d9e45787bc8e0	sig	4	aea2f5c6f7030cd19d5e2ca56ad663cbbbd1e920486f0dcfa60d893fcbd8759b	531.27	530.25	0.95	569780	1843106	10680	40483078	ce430a66402c7cb5711761c1454a495dead30e285f7bfbbf643b491da3127831	32dfb147f8cc7d784691801266187efac7286a17ecf8a4b550a281e9c85eb237	0
baseline_12113fb	12113fbc80d753d945598ffc2c7d9e45787bc8e0	sig	5	aea2f5c6f7030cd19d5e2ca56ad663cbbbd1e920486f0dcfa60d893fcbd8759b	736.62	734.85	1.84	1167724	1656531	10680	36398016	6a40bd16c5e64604cded5343a4934240da770d8e063c1e884a58effcb989e2ba	9c2db02a2af0c46d45050be48bf5a6fd9eab23640c4b53b819d5b4379e77fac9	0
baseline_12113fb	12113fbc80d753d945598ffc2c7d9e45787bc8e0	sig	6	aea2f5c6f7030cd19d5e2ca56ad663cbbbd1e920486f0dcfa60d893fcbd8759b	596.15	594.89	1.25	774300	1807178	10680	39695896	c04531281bfce83b058e2546286949214a12c6d4200c3fc23f356f225206d14e	54ab424b9f698c8b481458a19ea4132057f4bee16e3d21743f42c86a54a104fc	0
baseline_12113fb	12113fbc80d753d945598ffc2c7d9e45787bc8e0	sig	7	aea2f5c6f7030cd19d5e2ca56ad663cbbbd1e920486f0dcfa60d893fcbd8759b	539.15	538.19	0.99	599408	1850195	10680	40638732	ee059ef1765130f076fedf42bf99bae446c8a93d9bcdf3d8c1046cce3976c2a9	61ecbdcc80be0ef8184c115e94c4f1965f2cff5eb831cd9c0557cfecea9e6683	0
baseline_12113fb	12113fbc80d753d945598ffc2c7d9e45787bc8e0	sig	8	aea2f5c6f7030cd19d5e2ca56ad663cbbbd1e920486f0dcfa60d893fcbd8759b	623.9	622.77	1.17	855756	1773458	10680	38957608	30232aef2c17a8daa3b7e0ee94366e075537ef49f5e61a9db31738cb5f64257a	eb971de2d8d448b3bcfca929159ace33df650c5712727d10a206b4f1e37d2d26	0
baseline_12113fb	12113fbc80d753d945598ffc2c7d9e45787bc8e0	sig	9	aea2f5c6f7030cd19d5e2ca56ad663cbbbd1e920486f0dcfa60d893fcbd8759b	676.71	675.14	1.55	1019432	1836356	10680	40334131	e199ffe1e38b2d9909e2868f98673bdbb46e69c33913bd4552550d0dd728b2b9	25358b154e12646bb9baccbd6b7341badee45e1831434edab5b3e00b050ba83d	0
baseline_12113fb	12113fbc80d753d945598ffc2c7d9e45787bc8e0	sig	10	aea2f5c6f7030cd19d5e2ca56ad663cbbbd1e920486f0dcfa60d893fcbd8759b	926.37	924.21	1.98	1599764	1790208	10680	39324573	13099944088002ef9bdb0bdbf2cf8014807e52a76900614ec3485bf36dcca196	f8052da0e393fa7bd434bacf8fee508f3dcddba2cb0f84fd775aec8142ee2c8a	0
baseline_12113fb	12113fbc80d753d945598ffc2c7d9e45787bc8e0	sig	11	aea2f5c6f7030cd19d5e2ca56ad663cbbbd1e920486f0dcfa60d893fcbd8759b	623.06	621.77	1.14	869124	1712507	10680	37623177	c739cc1dbd0a0a652dbaec6fdbcfbe56c73ef66216b4457db975ee33227c4e1b	96e2ae1a91bfb37035ee4800da268a5b597f18d5de65fe79b554ccc5e9db1ed3	0
baseline_12113fb	12113fbc80d753d945598ffc2c7d9e45787bc8e0	sig	12	aea2f5c6f7030cd19d5e2ca56ad663cbbbd1e920486f0dcfa60d893fcbd8759b	621.06	619.75	1.36	841452	1797311	10680	39480819	3f0fc118a9c7525226a692b125279591a2dee6ccfeea99eeb08be834afdcd1b4	b1f0c0498b98f6a392e16382c3fa459c111e4cbf974b0bd7bef6f4d1e11a2229	0
baseline_12113fb	12113fbc80d753d945598ffc2c7d9e45787bc8e0	sig	13	aea2f5c6f7030cd19d5e2ca56ad663cbbbd1e920486f0dcfa60d893fcbd8759b	609.73	608.43	1.17	827512	1814360	10680	39853190	db6b348d564f33d1e1cd2d53d644cbd6bd248420f0c716b863d5d9215054a221	018f8a0ae68b82ac8773c28d6b7578f378bb015111529b52146e70fd39a19e74	0
baseline_12113fb	12113fbc80d753d945598ffc2c7d9e45787bc8e0	sig	14	aea2f5c6f7030cd19d5e2ca56ad663cbbbd1e920486f0dcfa60d893fcbd8759b	603.14	602.08	1.02	807104	1785193	10680	39214253	ae00f97941c45a17b272bb8fb3b73e516291b97b695bba2daa7e04e3611dfb0a	bb239af4bd789e48ebb76ba03f4ad72b67929902bdabdec71e520235fa699c97	0
baseline_12113fb	12113fbc80d753d945598ffc2c7d9e45787bc8e0	sig	15	aea2f5c6f7030cd19d5e2ca56ad663cbbbd1e920486f0dcfa60d893fcbd8759b	777.94	776.27	1.71	1206064	1859122	10680	40833731	23b9df97613ca2c7c752aff7c4b32cc037b580c3a0ee58deef9a3640f51a53a3	340f8659ef0c8081119455d786652bffa818274f93eddc5d2f93d3592da92259	0
baseline_12113fb	12113fbc80d753d945598ffc2c7d9e45787bc8e0	sig	16	aea2f5c6f7030cd19d5e2ca56ad663cbbbd1e920486f0dcfa60d893fcbd8759b	786.58	784.86	1.8	1153188	1803149	10680	39607222	7dd4303d66f9384ec9f2a926a20b9114c3163715c6c45c27f3209fb1b83f7621	998de6be7a7249a806b2eff1d6c5c90a92748269a1c263c61577f66684185b59	0
baseline_12113fb	12113fbc80d753d945598ffc2c7d9e45787bc8e0	sig	17	aea2f5c6f7030cd19d5e2ca56ad663cbbbd1e920486f0dcfa60d893fcbd8759b	692.79	690.88	1.75	846496	1831850	10680	40235685	97e6e0b6332145e0ed9b7d6f8fbacc5f552769b326ba2d8f897409138c7a6e78	c2eac050ee31d5c52e46a563fac65fe37f07865ca72bb01b9ac5b8190a433b42	0
baseline_12113fb	12113fbc80d753d945598ffc2c7d9e45787bc8e0	sig	18	aea2f5c6f7030cd19d5e2ca56ad663cbbbd1e920486f0dcfa60d893fcbd8759b	737.02	735.06	1.92	1042624	1777605	10680	39048875	3c2a3c7c0384e6b7ffdc1f15212b2054f1b59483bf2090de0bdffaff25f07427	b5281613006bce8bb5f32f7db7677539d8e2b4298fce4518e97362287aa73680	0
baseline_12113fb	12113fbc80d753d945598ffc2c7d9e45787bc8e0	sig	19	aea2f5c6f7030cd19d5e2ca56ad663cbbbd1e920486f0dcfa60d893fcbd8759b	630.13	628.85	1.26	719664	1820056	10680	39977447	185a73ae3f7dc6a80889da5e5367db9857f30285f52be2dce7e5cbf0edb7ebee	1541a726f7c00bf1a3d466637ac54fdfae6aa1ce176af6f53e7ec7d644410532	0
baseline_12113fb	12113fbc80d753d945598ffc2c7d9e45787bc8e0	sig	20	aea2f5c6f7030cd19d5e2ca56ad663cbbbd1e920486f0dcfa60d893fcbd8759b	805.51	803.84	1.64	1280148	1832060	10680	40240581	143fb72e01a0112e64e9c302ed6d8da662bca0f38d4c2b9ee215e3e8e94f6f3f	33956d0260a7e3db6807848933e3b81a2d03caefe5edf58be6eb4dc31b895237	0
baseline_12113fb	12113fbc80d753d945598ffc2c7d9e45787bc8e0	sig	21	aea2f5c6f7030cd19d5e2ca56ad663cbbbd1e920486f0dcfa60d893fcbd8759b	636.91	635.82	1.07	810180	1825974	10680	40107067	039b915e68beefc4c729df864922a17cedfa821dd7729db957d25e6ba0698d20	17777d292d61b116d983d12a61e327158076a70afb92cbd1a097133c65040128	0
baseline_12113fb	12113fbc80d753d945598ffc2c7d9e45787bc8e0	sig	22	aea2f5c6f7030cd19d5e2ca56ad663cbbbd1e920486f0dcfa60d893fcbd8759b	637.0	635.84	1.19	842320	1834135	10680	40286911	fd3a7f0ab05e32cd2dafc2196fd5a523bcd3626af6fcbbbe6885654ab636f694	aa41027dc0725a1cca8209431e171c069e79a03760e33268e4fadd70bcdaea68	0
baseline_12113fb	12113fbc80d753d945598ffc2c7d9e45787bc8e0	sig	23	aea2f5c6f7030cd19d5e2ca56ad663cbbbd1e920486f0dcfa60d893fcbd8759b	765.94	764.52	1.49	1224320	1799621	10680	39529793	454f0f091d342a4ec44bf71986092f3096f8c1110e3f47d69f13c105c5791fd9	eca1abf4d3e30978c7c5526e80f2e67a2a50af89814c81b43867aa424d4f25d5	0
baseline_12113fb	12113fbc80d753d945598ffc2c7d9e45787bc8e0	sig	24	aea2f5c6f7030cd19d5e2ca56ad663cbbbd1e920486f0dcfa60d893fcbd8759b	533.54	532.7	0.85	597532	1731244	10680	38033468	ef3ba7d4b9004832b3994b98b79b0562baa731498c80cf46046605dd7c3d34cf	f42cf92bb1e9820feaa4056787309eb1cd14f1ee6c251bdd25eecfb3ef928804	0
baseline_12113fb	12113fbc80d753d945598ffc2c7d9e45787bc8e0	sig	25	aea2f5c6f7030cd19d5e2ca56ad663cbbbd1e920486f0dcfa60d893fcbd8759b	723.27	721.82	1.32	1145220	1819003	10680	39953905	cf30b342e8583eef1cab7ced00a9ac7f423e494a8781872751a9e9924908044f	046dd8b125d624c425528bcf79775bfc72cd508d5c607b4b70caa3afd615849b	0
baseline_12113fb	12113fbc80d753d945598ffc2c7d9e45787bc8e0	sig	26	aea2f5c6f7030cd19d5e2ca56ad663cbbbd1e920486f0dcfa60d893fcbd8759b	578.71	577.82	0.84	722488	1828306	10680	40158524	cca2d41dce9e7146e7717bfdba225603ffccdd6f5c23652c6a2d77ea4a5158af	b849ae5a8a4497b4bf9e6900675d48bfee8d57b50c0374f4a6cb8bed0e9d416f	0
baseline_12113fb	12113fbc80d753d945598ffc2c7d9e45787bc8e0	sig	27	aea2f5c6f7030cd19d5e2ca56ad663cbbbd1e920486f0dcfa60d893fcbd8759b	589.61	588.64	0.99	752088	1793123	10680	39388084	266d5452d5946778cd04dddaecf52bef934daa71f9c47d30d6e6daead781828e	bfb0556de8cccd8e9c47632653999e693023f9cf2c72de336814deaefc9c0db0	0
baseline_12113fb	12113fbc80d753d945598ffc2c7d9e45787bc8e0	sig	28	aea2f5c6f7030cd19d5e2ca56ad663cbbbd1e920486f0dcfa60d893fcbd8759b	671.01	669.83	1.13	1023052	1784013	10680	39188977	a90d9e9375171ad90d6f8c41e9de81a466e340e1b7b2499be896e5e9115bbb4a	5914d03804f3acbef9ffcc213dcef2d99c71f544210c1e71c4ddd2e67ee8889b	0
baseline_12113fb	12113fbc80d753d945598ffc2c7d9e45787bc8e0	sig	29	aea2f5c6f7030cd19d5e2ca56ad663cbbbd1e920486f0dcfa60d893fcbd8759b	863.12	861.34	1.68	1484480	1805868	10680	39667011	4a37d0a7723941f88a47a7af63acc874be5a251134364390381cc72241b80a62	2157b7499a322cab2761324c2e4a83a395e6cc3f090797738652c2d545c8a300	0
baseline_12113fb	12113fbc80d753d945598ffc2c7d9e45787bc8e0	sig	30	aea2f5c6f7030cd19d5e2ca56ad663cbbbd1e920486f0dcfa60d893fcbd8759b	664.81	663.61	1.09	1019576	1848302	10680	40596446	11f97fb15b5b206d2dc1b8852fe15b359ffaeaaa9cab7e455e796582841ba69c	bb564eb99ebc7392ef6ee16588f26da3ed4e58653a4183c812326190ea3517af	0
baseline_12113fb	12113fbc80d753d945598ffc2c7d9e45787bc8e0	sig	31	aea2f5c6f7030cd19d5e2ca56ad663cbbbd1e920486f0dcfa60d893fcbd8759b	691.59	690.27	1.34	1109296	1727893	10680	37960479	14f6611ec6ffcba56f76b5444aff1d6031cb5d421fe4a5b175c5719d03fe533a	57ddae4748fe971b35351501956d0439db221317ac01a338ad692b2e663c04a5	0
baseline_12113fb	12113fbc80d753d945598ffc2c7d9e45787bc8e0	sig	32	aea2f5c6f7030cd19d5e2ca56ad663cbbbd1e920486f0dcfa60d893fcbd8759b	490.74	489.97	0.7	461548	1813572	10680	39836714	40a1ab707491e531c1a86bde855c9cac0b6469e982da6fe19f38647b9521fb7c	6ad0bd958141607782165c890c7fb8f6dfed64ce9e70b4eba925a39e6bfcac47	0
baseline_12113fb	12113fbc80d753d945598ffc2c7d9e45787bc8e0	sig	33	aea2f5c6f7030cd19d5e2ca56ad663cbbbd1e920486f0dcfa60d893fcbd8759b	888.19	886.72	1.45	1511336	1715614	10680	37691132	0b0027edb1d23ae70ea3d598dbc8933f5dc2c4f9d4274ad1f0a63c8a2a8853fa	1e1ed2960480147e0c4493a11e6d513c06d1ed9dc25b1f1afacd3d9d082885ad	0
baseline_12113fb	12113fbc80d753d945598ffc2c7d9e45787bc8e0	sig	34	aea2f5c6f7030cd19d5e2ca56ad663cbbbd1e920486f0dcfa60d893fcbd8759b	740.59	739.29	1.32	1186368	1851915	10680	40674423	1a127f6cb9a938ce8ff0b47d6b8d665f6b6c2e352ac3165acf3b969dcf574085	88e7aa0ca43823afeb5457fe2269f4ec920dad055c6844110af4a7c05518bfdc	0
baseline_12113fb	12113fbc80d753d945598ffc2c7d9e45787bc8e0	sig	35	aea2f5c6f7030cd19d5e2ca56ad663cbbbd1e920486f0dcfa60d893fcbd8759b	651.03	649.81	1.3	930648	1817170	10680	39914581	48a72430a8a1b783fb1eb5ebc17aea711f1da4416cfa6da4c9bc21c47a7d196c	7e57640b5e7487b9509769ebd784a362d8d0dbc000055f619642ea7ef0ebe930	0
baseline_12113fb	12113fbc80d753d945598ffc2c7d9e45787bc8e0	sig	36	aea2f5c6f7030cd19d5e2ca56ad663cbbbd1e920486f0dcfa60d893fcbd8759b	585.76	584.5	1.21	731124	1801290	10680	39566888	32598e328ea31634d77eead628c60f4d432957898be5543d06370d6eefefe1b3	127ce369efd35757a6672d2a5f6128e40baa39b5cd84fe3d79eb4d811681ce18	0
baseline_12113fb	12113fbc80d753d945598ffc2c7d9e45787bc8e0	sig	37	aea2f5c6f7030cd19d5e2ca56ad663cbbbd1e920486f0dcfa60d893fcbd8759b	667.82	666.28	1.5	992272	1811144	10680	39782640	7ebae76a33fda7b23afe964c619250f58fa64d89c75066d0d6515c5a90c05bbd	6bdb3ebd8072d623f356ffe15a69c853787b99a70f4f33a024bc8186517d2092	0
baseline_12113fb	12113fbc80d753d945598ffc2c7d9e45787bc8e0	sig	38	aea2f5c6f7030cd19d5e2ca56ad663cbbbd1e920486f0dcfa60d893fcbd8759b	687.76	686.32	1.42	1048380	1762644	10680	38721849	8e56944e26c68e9a925aed3b14ef230a6b3780ecee9701e5e457c7840eca3450	48f27f66c35661544a4568af2b07bb46175337d99519ecdc3b2957c3ab1dfbc6	0
baseline_12113fb	12113fbc80d753d945598ffc2c7d9e45787bc8e0	sig	39	aea2f5c6f7030cd19d5e2ca56ad663cbbbd1e920486f0dcfa60d893fcbd8759b	588.92	588.08	0.86	778796	1641321	10680	36065422	7a0fe325e3de63e2197573d923c201aae88a4b52da3bce40e987d80a1f247fb8	ee730ae3111c813fe91a87c78754c811f479bd7c3f80192149b8324115849fcf	0
baseline_12113fb	12113fbc80d753d945598ffc2c7d9e45787bc8e0	sig	40	aea2f5c6f7030cd19d5e2ca56ad663cbbbd1e920486f0dcfa60d893fcbd8759b	613.45	612.58	0.8	781500	1723451	10680	37863299	7996bc1211f251ca8e1476ef38fea96f78dbc67727697dcb1d8a000387bd8a84	6618b966849a722879e6181f92cf0453333b81996fa74d4701579af52c1258d4	0
baseline_12113fb	12113fbc80d753d945598ffc2c7d9e45787bc8e0	sig	41	aea2f5c6f7030cd19d5e2ca56ad663cbbbd1e920486f0dcfa60d893fcbd8759b	908.6	907.05	1.49	1475144	1724148	10680	37877893	24a240c8f9f88a64f118c264c7e56614cfcb293af32d7b7706945ccec6043dfa	b19093f94dd1de58b64fad7897460139bebcd1ebd4f04af57932cc480ef2a6d1	0
baseline_12113fb	12113fbc80d753d945598ffc2c7d9e45787bc8e0	sig	42	aea2f5c6f7030cd19d5e2ca56ad663cbbbd1e920486f0dcfa60d893fcbd8759b	605.36	604.38	0.86	758272	1754251	10680	38538168	9063abd11b4f310521b021954f09352f2c7be6960d80c7684803202e7483c575	60387de933a8e5d43f58c3f4c71fdbaf00ccf9c328e6510c7a3500a4c18c4211	0
baseline_12113fb	12113fbc80d753d945598ffc2c7d9e45787bc8e0	sig	43	aea2f5c6f7030cd19d5e2ca56ad663cbbbd1e920486f0dcfa60d893fcbd8759b	544.84	543.99	0.83	565400	1745605	10680	38348268	76f44437f1998a21e29d1c7d277aad5f47d0e30e9872acb8880f87c280d655bb	073a58e0ad3fe1199e648eaa0d43cd6860cff4f9aaa6331d77109ad357eccb5a	0
baseline_12113fb	12113fbc80d753d945598ffc2c7d9e45787bc8e0	sig	44	aea2f5c6f7030cd19d5e2ca56ad663cbbbd1e920486f0dcfa60d893fcbd8759b	654.01	652.58	1.3	885280	1785283	10680	39217005	fbc1b228aa7067d953a6d0d8b3763a84203e175a1e405cf62dd6ec5522edff8c	f054d21389e3a3383aded02a304f70dfbdf80645b5e715067a5b6755ed029034	0
baseline_12113fb	12113fbc80d753d945598ffc2c7d9e45787bc8e0	sig	45	aea2f5c6f7030cd19d5e2ca56ad663cbbbd1e920486f0dcfa60d893fcbd8759b	783.24	781.79	1.49	1282080	1782348	10680	39152235	0cbf1e63cadfa84f518c0b34f0e40bd309df950511f44f3070bdcc899bae009e	45d47e4963529dc06285f5a69ac84345d004749c56fb85b0e8561a7a8cc5ba3b	0
baseline_12113fb	12113fbc80d753d945598ffc2c7d9e45787bc8e0	sig	46	aea2f5c6f7030cd19d5e2ca56ad663cbbbd1e920486f0dcfa60d893fcbd8759b	673.22	671.74	1.44	1014656	1752494	10680	38498410	ed43bfec81504a32596feac80ec19bc9b7458501e4d287a2312a9b1385549e6d	83135a0b6dc608f696f8d625297c33e8979fea33716e6e86e7fdb193b502d68c	0
baseline_12113fb	12113fbc80d753d945598ffc2c7d9e45787bc8e0	sig	47	aea2f5c6f7030cd19d5e2ca56ad663cbbbd1e920486f0dcfa60d893fcbd8759b	651.55	650.32	1.16	943072	1826823	10680	40126496	97af58e35921a6b2fd375628f3bbc27d2d9c7165f35b6a170c5970e93c401bbd	4d2f59b71c878169daa319c4dc8b0ba1f9e923aaf5d45f67353ef42cc1ebc2d2	0
baseline_12113fb	12113fbc80d753d945598ffc2c7d9e45787bc8e0	sig	48	aea2f5c6f7030cd19d5e2ca56ad663cbbbd1e920486f0dcfa60d893fcbd8759b	957.7	955.88	1.79	1682444	1728238	10680	37967941	a463fb873d110dac3caa27dc2825c21474d71539d672c6f382f9012a6381c73e	4243b44fa50fcac8a5077c25d1b8a667ac016164fb0a6f28803efa1f9d40739e	0
baseline_12113fb	12113fbc80d753d945598ffc2c7d9e45787bc8e0	sig	49	aea2f5c6f7030cd19d5e2ca56ad663cbbbd1e920486f0dcfa60d893fcbd8759b	784.61	783.2	1.38	1283220	1762296	10680	38713583	e483d20d866c08c21fdbf243681cbb3a3ac0e310c4de830a40b2227ecc38348f	14cf1788692832bd6a0a57348046dc85627b3cb793ae9c3e76c59bcf2968d256	0
baseline_12113fb	12113fbc80d753d945598ffc2c7d9e45787bc8e0	sig	50	aea2f5c6f7030cd19d5e2ca56ad663cbbbd1e920486f0dcfa60d893fcbd8759b	672.26	670.66	1.55	1011052	1805883	10680	39668699	0623d2f0e144bce72f7a1c9756fb9f73396829a8ebc786fb6f9822f859690453	c0c79b531a2c44ebe370149f37905429891b67c024fb2822e751f193bb1984d6	0
baseline_12113fb	12113fbc80d753d945598ffc2c7d9e45787bc8e0	sig	51	aea2f5c6f7030cd19d5e2ca56ad663cbbbd1e920486f0dcfa60d893fcbd8759b	582.46	581.29	1.1	711960	1782277	10680	39150370	b5c5c55211ae121b03047c6c39320c01b36c2f75f3b6ac8c92240435f3848e9a	b1a0000e613b1db0ad55d0fbc5331d5d4eb5f30af41498d47740d486e4403e28	0
baseline_12113fb	12113fbc80d753d945598ffc2c7d9e45787bc8e0	sig	52	aea2f5c6f7030cd19d5e2ca56ad663cbbbd1e920486f0dcfa60d893fcbd8759b	700.52	699.05	1.53	1091748	1814262	10680	39851443	47b85db791fbfe9e25c798a9133b509f2cab7f5c0573089ecb77b8afd54da9a8	1d8998b45b28deb6a6f6a0e62fee6b2334b764b82394e8c417b352510d60f699	0
baseline_12113fb	12113fbc80d753d945598ffc2c7d9e45787bc8e0	sig	53	aea2f5c6f7030cd19d5e2ca56ad663cbbbd1e920486f0dcfa60d893fcbd8759b	704.54	702.87	1.45	1117808	1755057	10680	38555104	d0a8e9f8a9578f6e7bca1d7297e194d4dc144f8d775c66c054b40b83b8f135a1	1b9fd962acbd9b0a9927c8887b087153841672e84995ad797745c97f1b308257	0
baseline_12113fb	12113fbc80d753d945598ffc2c7d9e45787bc8e0	sig	54	aea2f5c6f7030cd19d5e2ca56ad663cbbbd1e920486f0dcfa60d893fcbd8759b	659.94	659.02	0.94	1019600	1785787	10680	39227895	360622f8ee46361ddb32cc6a632737e74e3ac7091b18ae0d43d0ea8e60c72e11	ee5bca3b1bd5162397f4eeb83702d2dc3b3c00d22c6f10f2f76764dca1e24764	0
baseline_12113fb	12113fbc80d753d945598ffc2c7d9e45787bc8e0	sig	55	aea2f5c6f7030cd19d5e2ca56ad663cbbbd1e920486f0dcfa60d893fcbd8759b	729.63	728.09	1.52	1204984	1752470	10680	38497782	7f7b23c4d55751931514a703a48bfba20f4f9e35e1827760758e2714d3c6c912	1e104f33b21928b69e366ceee6fcc68266c49d95c6c18359b76b7a12da2259a2	0
baseline_12113fb	12113fbc80d753d945598ffc2c7d9e45787bc8e0	sig	56	aea2f5c6f7030cd19d5e2ca56ad663cbbbd1e920486f0dcfa60d893fcbd8759b	1129.49	1127.57	1.76	2019908	1718446	10680	37753598	b9841293767afa9deefa78133466ffd3048c21f4fa8e0ceaf7679ad3a8980b23	c95c6009616c64f9bdaf35608a783e9113c707c3d02deda8aea1d5b33fc2c334	0
baseline_12113fb	12113fbc80d753d945598ffc2c7d9e45787bc8e0	sig	57	aea2f5c6f7030cd19d5e2ca56ad663cbbbd1e920486f0dcfa60d893fcbd8759b	618.29	617.19	1.06	863652	1765713	10680	38789203	4139566e51e5ef3725d9da8622f8c12a5987d619a53383a43a6c12c9d1a5b61c	fe410e22a8b6ab5a24689b5ae915ee82ade5f50733dca095fd12918546057252	0
baseline_12113fb	12113fbc80d753d945598ffc2c7d9e45787bc8e0	sig	58	aea2f5c6f7030cd19d5e2ca56ad663cbbbd1e920486f0dcfa60d893fcbd8759b	516.27	515.47	0.78	540000	1849636	10680	40625853	80c3066d0b6462c4b18b0335531974e2754bafda8a65f226bdc3928efc328737	c0cfb90c9ce9f2426da0dbf7a67fde7091711cf091be5445847583b9dc599fdc	0
baseline_12113fb	12113fbc80d753d945598ffc2c7d9e45787bc8e0	sig	59	aea2f5c6f7030cd19d5e2ca56ad663cbbbd1e920486f0dcfa60d893fcbd8759b	850.47	848.43	1.93	1408020	1735238	10680	38121123	5effef97f60ba689ebdecc00dfa643c5074279e58a79b489ba302c59ffcdf3f0	9ce33800dc55a2379d4e23d9cce4ed31c483ae0b4e70da36db827e41d7fa1da6	0
baseline_12113fb	12113fbc80d753d945598ffc2c7d9e45787bc8e0	sig	60	aea2f5c6f7030cd19d5e2ca56ad663cbbbd1e920486f0dcfa60d893fcbd8759b	708.2	706.41	1.51	1059048	1747491	10680	38389983	06ae477121e87617f60bc0aec6a760d874027c9c34e8f7f00417925eb97990d4	29e36c82f74f1b00a33e1a426686983cb73c16f7be036a16d1068fdca128b3d6	0
baseline_12113fb	12113fbc80d753d945598ffc2c7d9e45787bc8e0	sig	61	aea2f5c6f7030cd19d5e2ca56ad663cbbbd1e920486f0dcfa60d893fcbd8759b	801.07	799.43	1.39	1279084	1782785	10680	39162165	216dfa9ba11ecee499ca28cb4ad984b72b195f3d6495bd8f50bae57ae47b3585	522a5013f2e4a1180bca31e84c591dbdec6363e6f9f1c1fef27c4ed1e4255029	0
baseline_12113fb	12113fbc80d753d945598ffc2c7d9e45787bc8e0	sig	62	aea2f5c6f7030cd19d5e2ca56ad663cbbbd1e920486f0dcfa60d893fcbd8759b	916.21	914.48	1.37	1420760	1814208	10680	39850354	b113b83a7e7a7058634e700b92ef9cc1d6f0474fd47674b5b8da1f6352035e0d	6e234007f59938c8e9cac17e0577de9783c1ae0aa022737b5f8045c0a10a9952	0
baseline_12113fb	12113fbc80d753d945598ffc2c7d9e45787bc8e0	sig	63	aea2f5c6f7030cd19d5e2ca56ad663cbbbd1e920486f0dcfa60d893fcbd8759b	642.99	642.13	0.85	899128	1782499	10680	39155583	7ec159615f16697a204a7fbe890ee6513393d455cce2ee4a0565fe47bdc47f54	0857ed60b7d1960dc5fc541bf260f017e6aac02d8556653a0726cbb0dd11b90f	0
baseline_12113fb	12113fbc80d753d945598ffc2c7d9e45787bc8e0	sig	64	aea2f5c6f7030cd19d5e2ca56ad663cbbbd1e920486f0dcfa60d893fcbd8759b	566.58	565.78	0.72	551216	1845204	10680	40528875	1976d89aa7fc886f5c2fb2502d3bec3a7e4195a321bde1a993bdce5878cb0351	48bcfc32eb5afbf3255f27cb74addaf2c3ac0701ca767d554db303ab426d095b	0
baseline_12113fb	12113fbc80d753d945598ffc2c7d9e45787bc8e0	sig	65	aea2f5c6f7030cd19d5e2ca56ad663cbbbd1e920486f0dcfa60d893fcbd8759b	626.43	625.46	0.92	858204	1820000	10680	39976940	4d4d0c3202c255b208512fed6eaf814c6153e85f158133f1315239c5d2d041a3	360a04c0ca278fd4091a7876741b0b7e1afc4bf624390705ff477501bc854be9	0
baseline_12113fb	12113fbc80d753d945598ffc2c7d9e45787bc8e0	sig	66	aea2f5c6f7030cd19d5e2ca56ad663cbbbd1e920486f0dcfa60d893fcbd8759b	577.15	576.27	0.85	695588	1859501	10680	40841299	3d70bae4a20c08cd7142434090b7b8e01e1285cf265fe3dc6b7d29ec13ea38c8	a91e5606bcf0e743f0efd54c43cd380faecf5ee11167445ed55ef3e91aa781ab	0
baseline_12113fb	12113fbc80d753d945598ffc2c7d9e45787bc8e0	sig	67	aea2f5c6f7030cd19d5e2ca56ad663cbbbd1e920486f0dcfa60d893fcbd8759b	592.41	591.53	0.86	765296	1787797	10680	39272548	686077450cf5d91d3f9692ab9e9de438cb9f1bade7132b90356a01c6cca14abd	ed859f854288d4671e6832781104a60bae7f92b67c8495c0ffe37a26e2fee649	0
baseline_12113fb	12113fbc80d753d945598ffc2c7d9e45787bc8e0	sig	68	aea2f5c6f7030cd19d5e2ca56ad663cbbbd1e920486f0dcfa60d893fcbd8759b	581.82	580.96	0.79	731840	1840590	10680	40427661	6c205d351ee28ae01d9d2267051eed1cc5b23932f391dcccb296a3d9719d64ed	70bbe98c1e191d122d10fecce9597d59701b486afdf0c2e306725edc148db769	0
baseline_12113fb	12113fbc80d753d945598ffc2c7d9e45787bc8e0	sig	69	aea2f5c6f7030cd19d5e2ca56ad663cbbbd1e920486f0dcfa60d893fcbd8759b	597.0	596.19	0.72	786412	1750556	10680	38456713	f08196183cd4183e9196476919b3ec4d123e45f3f7e88a4f77abed889d421a24	3fc255e596f553271d7ab1bc656f6c62f984b66e0542064bb638aa5360707bdc	0
baseline_12113fb	12113fbc80d753d945598ffc2c7d9e45787bc8e0	sig	70	aea2f5c6f7030cd19d5e2ca56ad663cbbbd1e920486f0dcfa60d893fcbd8759b	504.76	503.42	0.8	519976	1814665	10680	39859472	5a8b4402a8011e3d4a5855f88608f75ec6e6fc74428124cfe8c0bdbc21e372e8	533f538901824b475c59b065c448fb4f6c2effa2ee0a057b11e926d7cf7a52b6	0
baseline_12113fb	12113fbc80d753d945598ffc2c7d9e45787bc8e0	sig	71	aea2f5c6f7030cd19d5e2ca56ad663cbbbd1e920486f0dcfa60d893fcbd8759b	610.15	609.24	0.86	879284	1786421	10680	39241256	259240520f33ee89455532c9494cf2350f46722bda36ab1affabb0ca5d540a7d	c717f623c4a7528b304591e6c08ddb6636299c29503285da2f1958544095b989	0
baseline_12113fb	12113fbc80d753d945598ffc2c7d9e45787bc8e0	sig	72	aea2f5c6f7030cd19d5e2ca56ad663cbbbd1e920486f0dcfa60d893fcbd8759b	649.63	648.59	0.98	963184	1770322	10680	38889716	17979c68b43d4b5affbd4fc5bd05e58809bbded30134749dba78d2906894c48a	57f8c9787a30535b985f4956a942e68583b1d56da9b2d651e832d2eb3d3bd8e1	0
baseline_12113fb	12113fbc80d753d945598ffc2c7d9e45787bc8e0	sig	73	aea2f5c6f7030cd19d5e2ca56ad663cbbbd1e920486f0dcfa60d893fcbd8759b	546.71	545.96	0.68	666628	1830924	10680	40216241	ed8417e00ae8c54d77ef813b2ac13eb8c642852eaa0afb89db42f8daa188123b	233c773119159821932dfc4ed4046c72744f5d6b17049741aee910f4786751b5	0
baseline_12113fb	12113fbc80d753d945598ffc2c7d9e45787bc8e0	sig	74	aea2f5c6f7030cd19d5e2ca56ad663cbbbd1e920486f0dcfa60d893fcbd8759b	534.09	533.39	0.67	652540	1784874	10680	39208140	8576924b746123e560c439b78d706090d135b55b8c8029679a5253c5ebf23e65	049616662e1f00dbc79b52f02905608d3777e932942901405b026269b305b293	0
baseline_12113fb	12113fbc80d753d945598ffc2c7d9e45787bc8e0	sig	75	aea2f5c6f7030cd19d5e2ca56ad663cbbbd1e920486f0dcfa60d893fcbd8759b	843.62	842.31	1.28	1381980	1782883	10680	39164200	2e4a237909e9265f35c7c13376dd4ab496c0a2bae01f261252a057534f97a238	48b36934d542200b8b137d98bcaf5cf67f2d072d2f8093d977aed07dd8ede26c	0
baseline_12113fb	12113fbc80d753d945598ffc2c7d9e45787bc8e0	sig	76	aea2f5c6f7030cd19d5e2ca56ad663cbbbd1e920486f0dcfa60d893fcbd8759b	699.71	698.63	1.09	1104604	1768962	10680	38859656	5cd5bff0a240878e6e16f8477bb525c631ee7ab6e81e8af0c61940de0a35c475	591e42cdd489b2ec0130dd9a17bef76089fd34b9e42df6a9fa731da264b9463f	0
baseline_12113fb	12113fbc80d753d945598ffc2c7d9e45787bc8e0	sig	77	aea2f5c6f7030cd19d5e2ca56ad663cbbbd1e920486f0dcfa60d893fcbd8759b	633.65	632.37	1.27	924404	1786440	10680	39241530	17193a5577f7117f5a9492fb2431dad030199b156b0c1107eec6d7b86a06ff7c	d9338af13387c230e347add00b0263a33baa6bbc09630804390eb170fcc4fe30	0
baseline_12113fb	12113fbc80d753d945598ffc2c7d9e45787bc8e0	sig	78	aea2f5c6f7030cd19d5e2ca56ad663cbbbd1e920486f0dcfa60d893fcbd8759b	513.47	512.51	0.9	561460	1836441	10680	40337308	c8c129ba825cbfac97b04531eedda2b7f3a832d8b3e3bfe7c42dcee0fb648923	996c205f944abc8269cac93f068e04f3435cf87bbadc8c00f189cef32e9ab2a1	0
baseline_12113fb	12113fbc80d753d945598ffc2c7d9e45787bc8e0	sig	79	aea2f5c6f7030cd19d5e2ca56ad663cbbbd1e920486f0dcfa60d893fcbd8759b	492.98	492.22	0.72	488148	1819957	10680	39977252	fc18513286505fb9f0a0cc3e0ff2f1a6e4cd690bfbecaa4105f9e9184b168634	34bb6e2c21591b4a77eb77c189386aa8773f43fc2fc22da6c7ac0685dd649b4f	0
baseline_12113fb	12113fbc80d753d945598ffc2c7d9e45787bc8e0	sig	80	aea2f5c6f7030cd19d5e2ca56ad663cbbbd1e920486f0dcfa60d893fcbd8759b	702.86	701.6	1.23	1150816	1780668	10680	39116782	f0836ec82560d26814052b74c4342c8295753c0ba52036751f7aa8e801dd0650	c3bdd06e5d53c32444630cf486bab96fc51cc94930387a1365fc632ff1de592d	0
baseline_12113fb	12113fbc80d753d945598ffc2c7d9e45787bc8e0	sig	81	aea2f5c6f7030cd19d5e2ca56ad663cbbbd1e920486f0dcfa60d893fcbd8759b	593.44	592.62	0.77	805796	1833049	10680	40262702	0d828d6b483c1a1d95429b9570c013158b05b4e718f0db345c97c90b564ac556	3760d1251feb781df9e832804b9e5e8310b508811fce4fd079671002e6ea87aa	0
baseline_12113fb	12113fbc80d753d945598ffc2c7d9e45787bc8e0	sig	82	aea2f5c6f7030cd19d5e2ca56ad663cbbbd1e920486f0dcfa60d893fcbd8759b	656.73	655.61	1.09	1017428	1858686	10680	40824304	f7b7df482770278f7b70b2779ba90014ca84a3f5090a23c3188c7bcd99bc178b	f37329b39aae90533698d2833d79837e614a9c9b8e57284d37e4320934eaa065	0
baseline_12113fb	12113fbc80d753d945598ffc2c7d9e45787bc8e0	sig	83	aea2f5c6f7030cd19d5e2ca56ad663cbbbd1e920486f0dcfa60d893fcbd8759b	672.27	671.13	1.09	1051976	1836727	10680	40341966	b5e9e5fc05ad8730d45886475cd338924e7d86907760f36c561b94b1c14083ce	f5982c51fd8cb4ae5e31cbc64b77144740c2604ca05c90785dfa29fcb848f0dc	0
baseline_12113fb	12113fbc80d753d945598ffc2c7d9e45787bc8e0	sig	84	aea2f5c6f7030cd19d5e2ca56ad663cbbbd1e920486f0dcfa60d893fcbd8759b	487.69	487.08	0.62	483840	1816133	10680	39892959	35e3ed5379585616db9a4684c76eacc5d64f1b7c9358b092ea28035f436f2d94	c5f1dffedbdf31e384249a0be82d17fb94e6c9cf0bdcd677ced7b4f58c1bcdea	0
baseline_12113fb	12113fbc80d753d945598ffc2c7d9e45787bc8e0	sig	85	aea2f5c6f7030cd19d5e2ca56ad663cbbbd1e920486f0dcfa60d893fcbd8759b	834.92	833.64	1.25	1442484	1770748	10680	38896993	d67d776c887fa9d62bda4041fa23775427ac8a571b15f1250907fdb1a3ded0d3	e7a47a7a4db13df23fa5f919dfbb39781d04fce3da3a4f9c2956a00d579dd643	0
baseline_12113fb	12113fbc80d753d945598ffc2c7d9e45787bc8e0	sig	86	aea2f5c6f7030cd19d5e2ca56ad663cbbbd1e920486f0dcfa60d893fcbd8759b	658.64	657.34	1.29	1009200	1819703	10680	39969046	1eeaf76c23bcbc74075dee06fff088182ed2b6fc1441787db6f90db7e8ef45cd	953d213880f76597b07aa5466ac6988512e7f6be9a4247c02ad79025e22f08f9	0
baseline_12113fb	12113fbc80d753d945598ffc2c7d9e45787bc8e0	sig	87	aea2f5c6f7030cd19d5e2ca56ad663cbbbd1e920486f0dcfa60d893fcbd8759b	739.91	738.32	1.56	1226504	1777371	10680	39042718	495140f0d3ba3a259c86ad65f713ff23a50c65781d97b81a5de2d1fc99916b3a	6287cfa4722817cb3353252e53d5e5260c98a3fcf846ac2f8393ad678aac0ef9	0
baseline_12113fb	12113fbc80d753d945598ffc2c7d9e45787bc8e0	sig	88	aea2f5c6f7030cd19d5e2ca56ad663cbbbd1e920486f0dcfa60d893fcbd8759b	500.14	499.43	0.72	536844	1791153	10680	39345030	1f5ce1e69cda3f9fc3485fb2ce8fac16700e7de94ca1368910d1e5af24d0d69b	e1904451130d24b3fe5200465490107cb23a13bd124ad2898882a4ccf82268e2	0
baseline_12113fb	12113fbc80d753d945598ffc2c7d9e45787bc8e0	sig	89	aea2f5c6f7030cd19d5e2ca56ad663cbbbd1e920486f0dcfa60d893fcbd8759b	701.08	699.6	1.4	1158588	1807767	10680	39708320	6b1394b5017b9ed660fbd5cb6964c7d137ac229985c093002e633f62cab11c56	ee52366cfcafeec71a6c189952e228c16021ffc389970de2bbcbea4669ae6dcb	0
baseline_12113fb	12113fbc80d753d945598ffc2c7d9e45787bc8e0	sig	90	aea2f5c6f7030cd19d5e2ca56ad663cbbbd1e920486f0dcfa60d893fcbd8759b	783.68	782.36	1.26	1333616	1775715	10680	39006693	7fe7a9c15897c5738eee45636526a48b504442ce006b33e96121b7b9c96fbb02	9da9f793ae4c25a8fbe552da36ff9f688b840f563bf8b87b6a68d4ba095089f2	0
baseline_12113fb	12113fbc80d753d945598ffc2c7d9e45787bc8e0	sig	91	aea2f5c6f7030cd19d5e2ca56ad663cbbbd1e920486f0dcfa60d893fcbd8759b	710.66	709.51	1.15	1158688	1776176	10680	39017099	09be2cda60969b97e6c0628f4491d70a6b6d3b934de83cc5aaa8f767cc0dc568	0545d0870c0c3f4509d179583e0b82579ca98031055268664f9d1ac3f622ba40	0
baseline_12113fb	12113fbc80d753d945598ffc2c7d9e45787bc8e0	sig	92	aea2f5c6f7030cd19d5e2ca56ad663cbbbd1e920486f0dcfa60d893fcbd8759b	526.14	525.35	0.79	600888	1874300	10680	41164843	9e3a0affcc0e92153832b4f242315579dad0906f45dc2055d111d746b96d755d	2827bd3a11bcbafe68d84f291bc2d2807c66053e223e32b25e14a70de3fec0b0	0
baseline_12113fb	12113fbc80d753d945598ffc2c7d9e45787bc8e0	sig	93	aea2f5c6f7030cd19d5e2ca56ad663cbbbd1e920486f0dcfa60d893fcbd8759b	448.66	448.15	0.5	344220	1819378	10680	39963618	2fd8a9b40dd40f6a57f6ce0283514715a57711fe700b9ca1675dfeb029e439fc	7d2de809201c7009696eb46d7837dc413a94ff420a9a99445bd4b4af474d9766	0
baseline_12113fb	12113fbc80d753d945598ffc2c7d9e45787bc8e0	sig	94	aea2f5c6f7030cd19d5e2ca56ad663cbbbd1e920486f0dcfa60d893fcbd8759b	539.95	539.16	0.77	657744	1812376	10680	39809644	8608fe38841e0b75213dce9503edf124d4ef4e7b5f069e2df1e750f26490d428	43e3b83c503b13dfffa2a23250b437978d5c0d620dd360490dec45cd52cf96c6	0
baseline_12113fb	12113fbc80d753d945598ffc2c7d9e45787bc8e0	sig	95	aea2f5c6f7030cd19d5e2ca56ad663cbbbd1e920486f0dcfa60d893fcbd8759b	577.8	576.96	0.83	783008	1754000	10680	38531516	4afb8a643e6432e1fc972deab69bcec137f7a9280b43051e97a09dc183374f18	2457bc641e01fd92aed36cdc54acb66d8e0b237cecdf662797e3400212f85ec1	0
baseline_12113fb	12113fbc80d753d945598ffc2c7d9e45787bc8e0	sig	96	aea2f5c6f7030cd19d5e2ca56ad663cbbbd1e920486f0dcfa60d893fcbd8759b	644.11	643.12	0.98	1014740	1822490	10680	40030842	1344eb4ff62cd9d1249ccc4f6ff3619bc2cc07c2723fd70468b06512ee684484	5c0d998ad457b592f088ee8d0cdf5ecb0d57074fa2f8f195b4ca4e159f8948ba	0
baseline_12113fb	12113fbc80d753d945598ffc2c7d9e45787bc8e0	sig	97	aea2f5c6f7030cd19d5e2ca56ad663cbbbd1e920486f0dcfa60d893fcbd8759b	967.9	965.97	1.9	2040500	1683793	10680	36995569	8dd0a5c93ef424f873739cf33bc5e3f7fb37e7eb59728b11cbec496970012e24	3d97c4d3256fbe3b8690b6f895ff4d8ed860df80cf763d35c3bf9d8e63a462bc	0
baseline_12113fb	12113fbc80d753d945598ffc2c7d9e45787bc8e0	sig	98	aea2f5c6f7030cd19d5e2ca56ad663cbbbd1e920486f0dcfa60d893fcbd8759b	716.5	715.21	1.18	1422668	1794969	10680	39428094	4ac350c7661804f43ba1435be2deb7be74fe54cbc0a8334362c4463315d098eb	75c066193321d64de5d1c1d31a95e7121546e167cd4e419a324a1e414fd6e751	0
baseline_12113fb	12113fbc80d753d945598ffc2c7d9e45787bc8e0	sig	99	aea2f5c6f7030cd19d5e2ca56ad663cbbbd1e920486f0dcfa60d893fcbd8759b	488.69	487.85	0.82	707332	1876933	10680	41223203	824f19bdd25e8de2541e0690f786a554ce489d7935707cea4569230ac68f8807	7078a0273f9e5f672c98996289133092a76a7dc9ee5ce9788e48f79591bcc010	0
baseline_12113fb	12113fbc80d753d945598ffc2c7d9e45787bc8e0	sig	100	aea2f5c6f7030cd19d5e2ca56ad663cbbbd1e920486f0dcfa60d893fcbd8759b	439.55	438.79	0.75	664040	1851360	10680	40663350	49d4b7ff3c3bc8969fb6a9ea7021aa27826eaf4b14b4e5007c2387ad6f96c761	0f94d7e612d37a34ac6af7c6166bc4c147dcd6c60d79cbc2ae022c4807ea0a7c	0
pr66_5809183	58091832848b2eaf2ae08f6f69482357b6b9b72c	tf	1	4805c626a2560f2c6d05b03d3e8498f0922c23a94bcefefeaaee90160071416d	80.26	80.04	0.11	68104	58185	2608	1308122	0575472dec87fa1a9dd3fa1dae5ec006168db85974534c5fa4fb760c7f2b8bb9	e45a24ac8101e61dfd88a7766e082185ae0ea5a33b439b839b3dee6efcdc6ae7	0
pr66_5809183	58091832848b2eaf2ae08f6f69482357b6b9b72c	tf	2	4805c626a2560f2c6d05b03d3e8498f0922c23a94bcefefeaaee90160071416d	80.7	80.6	0.06	68232	56843	2608	1278900	46af5f143c272e0be2b2d7cefeed18e7ac025825f6c75a13c1a54439c4f0941a	e8bd651e41612f5db3b29ee3029009e882b981207f229b09f8e15b1646f4fa67	0
pr66_5809183	58091832848b2eaf2ae08f6f69482357b6b9b72c	tf	3	4805c626a2560f2c6d05b03d3e8498f0922c23a94bcefefeaaee90160071416d	84.47	84.4	0.07	68104	55592	2608	1251620	5bed99291353b2bb9c2f88f032b53b214a34c19629922c91cae5b7f4aa6ecad4	46855ba00986c10a2e62f43df3e2b8f7680c46fe593061a55ade76d37cf9419d	0
pr66_5809183	58091832848b2eaf2ae08f6f69482357b6b9b72c	tf	4	4805c626a2560f2c6d05b03d3e8498f0922c23a94bcefefeaaee90160071416d	77.21	77.18	0.07	68104	56654	2608	1274797	52cc7d88dce54c915490cec81d668cae10f67a7d95c2df665dd014eb3b48181e	ef3682f2b50781e741c1b744c0ffd42285cb7e4cfaece3c964d61f06a2147f3a	0
pr66_5809183	58091832848b2eaf2ae08f6f69482357b6b9b72c	tf	5	4805c626a2560f2c6d05b03d3e8498f0922c23a94bcefefeaaee90160071416d	79.21	79.09	0.08	68104	56706	2608	1275925	29a342cea4d7fc946e3caa735096c35e68fcb788a910fd84906a3c41dc2fa991	6d7cebfd420907305552a91b6a01715b6bbd7da17143f2d03586ad5a3cc0d5e4	0
pr66_5809183	58091832848b2eaf2ae08f6f69482357b6b9b72c	tf	6	4805c626a2560f2c6d05b03d3e8498f0922c23a94bcefefeaaee90160071416d	85.4	85.29	0.07	68032	57465	2608	1292547	b873b76ef6596d7d364de7e9ed196afa711f10007a804431e0105074a7fec994	a1bd64bdcbcfef4e007e9a04c5e9775cd8dc136b59ded3aede1c169e5dcd4904	0
pr66_5809183	58091832848b2eaf2ae08f6f69482357b6b9b72c	tf	7	4805c626a2560f2c6d05b03d3e8498f0922c23a94bcefefeaaee90160071416d	80.39	80.25	0.08	68104	59475	2608	1336562	d26e360ce58d6952362e9576c2ae7c84b9471be0f14cf63e67fb0f978b6b76f9	7710c5aa9781ff244e54470ced0701ee55174ee898a367f0d03acead54aa2d40	0
pr66_5809183	58091832848b2eaf2ae08f6f69482357b6b9b72c	tf	8	4805c626a2560f2c6d05b03d3e8498f0922c23a94bcefefeaaee90160071416d	79.65	79.54	0.12	68480	60808	2608	1365781	6cded12e797e191f843219467baa01935417cce13b3de795b67035b0d0f420b3	8bdb66c09248842b5b55a111244f7c1e2b8fdefa2e097a1b25ebda8c487a47dd	0
pr66_5809183	58091832848b2eaf2ae08f6f69482357b6b9b72c	tf	9	4805c626a2560f2c6d05b03d3e8498f0922c23a94bcefefeaaee90160071416d	80.7	80.67	0.07	68232	58580	2608	1316885	c19d55a6ab53860fa3766a6c33512b5debe2251875d91f1105070823f5bea38c	77cf9726bb4e33271137e84b120fe275b080d619da785650918e22f44c1bd61d	0
pr66_5809183	58091832848b2eaf2ae08f6f69482357b6b9b72c	tf	10	4805c626a2560f2c6d05b03d3e8498f0922c23a94bcefefeaaee90160071416d	79.35	79.43	0.06	68232	59161	2608	1329669	ca7856f78c97def8bc10ce2790b638605689ea72b32c99a6ac902445f3c6d99f	e351471b05bc9c0cacb2defedbedd9533fb6be62044385e2e212c35460b2d377	0
pr66_5809183	58091832848b2eaf2ae08f6f69482357b6b9b72c	tf	11	4805c626a2560f2c6d05b03d3e8498f0922c23a94bcefefeaaee90160071416d	79.09	79.11	0.02	68228	57246	2608	1287711	027bf180040c3a70cad03729df070cd38f6c5f5ff106af4ef0b06d900d69ec18	a782eef1d1adf0f416fe8aa609b724ba4951d56c85590a74114acf36508a247a	0
pr66_5809183	58091832848b2eaf2ae08f6f69482357b6b9b72c	tf	12	4805c626a2560f2c6d05b03d3e8498f0922c23a94bcefefeaaee90160071416d	79.87	79.72	0.07	68100	58317	2608	1311267	ae7f340c31df7f26c46f680b41085f4bd45ed27230ed780db43b127635f20665	a303bd7d2c5068b953a1480f13621f73b0edb60829a653d263d7df6ae0bc7193	0
pr66_5809183	58091832848b2eaf2ae08f6f69482357b6b9b72c	tf	13	4805c626a2560f2c6d05b03d3e8498f0922c23a94bcefefeaaee90160071416d	81.09	80.99	0.04	67972	55205	2608	1243022	2f3b9957b1b7f0db2a2d7e4b9ccc5b0bbec15414bda98ab2cbe453e73cf6ebb8	6d54c4af1e0b6daa1e45702b6b6f565336fb019d27e43f55b5c99670ef8f6fb4	0
pr66_5809183	58091832848b2eaf2ae08f6f69482357b6b9b72c	tf	14	4805c626a2560f2c6d05b03d3e8498f0922c23a94bcefefeaaee90160071416d	77.86	77.73	0.07	68100	55162	2608	1242134	95415e55f87f42c4d9dafef2739f46f058e28f9732b571687132ccedb67eccd8	8f8742a665599f661546a0f92bd3c3586ec6a5e69a0035c333810728eba27a00	0
pr66_5809183	58091832848b2eaf2ae08f6f69482357b6b9b72c	tf	15	4805c626a2560f2c6d05b03d3e8498f0922c23a94bcefefeaaee90160071416d	78.59	78.45	0.06	68356	58553	2608	1316265	0e550d040a29cea4e4f407fffd5bb4ce435e0d9fa9fa7677fbe17ccc876cbbf9	079e2b33eeb84eb678ef57516787d2c37c3f92e945765c69f5789bdedf7c8c2a	0
pr66_5809183	58091832848b2eaf2ae08f6f69482357b6b9b72c	tf	16	4805c626a2560f2c6d05b03d3e8498f0922c23a94bcefefeaaee90160071416d	81.48	81.38	0.06	68000	59262	2607	1331816	3c97abf69ba0085470570aad742533864abe05b35ded3f8aac4a790d6c1893ef	4cff4ad79693cbbd99c9a4e5ceae88221692da76d2b5d0dd834c1dc5f372aeb5	0
pr66_5809183	58091832848b2eaf2ae08f6f69482357b6b9b72c	tf	17	4805c626a2560f2c6d05b03d3e8498f0922c23a94bcefefeaaee90160071416d	78.96	78.97	0.09	68100	56622	2608	1274034	e6025248bb07cfb192707c9d00537cc5d99baca728ad6134c1b8047b66263c0c	86a97b1e09ca1d8e62fabe9ab54461f3f0b2ae2eedd606066081dac35b3f82e0	0
pr66_5809183	58091832848b2eaf2ae08f6f69482357b6b9b72c	tf	18	4805c626a2560f2c6d05b03d3e8498f0922c23a94bcefefeaaee90160071416d	81.22	81.16	0.05	68104	55161	2608	1242057	d45fe9dd37d3a6688f612abe3be566bcae1f871c8cf36c27d80ed997fee05725	adb4ff7d65e4428aedd1b25537b927380c4fbdc139e70def5ae1460207befe44	0
pr66_5809183	58091832848b2eaf2ae08f6f69482357b6b9b72c	tf	19	4805c626a2560f2c6d05b03d3e8498f0922c23a94bcefefeaaee90160071416d	78.38	78.24	0.07	68232	57419	2608	1291483	f363be21334c88388f96d82b8dae362f4cb7b170986a84e8eb5e84b53d428c30	acb7479c4d035bac5d93c449f9b40a5b8856fb888c383825061ebef5e9654b89	0
pr66_5809183	58091832848b2eaf2ae08f6f69482357b6b9b72c	tf	20	4805c626a2560f2c6d05b03d3e8498f0922c23a94bcefefeaaee90160071416d	106.08	106.0	0.1	68232	58139	2608	1307207	55b90b65d7e63b4f33af2a32630f2a661f2534699c1e322440b877275082856f	7793d94ec0f29c66a35a10660ede664aadcf0c6b95367a4b3a3d828fdf6f020d	0
pr66_5809183	58091832848b2eaf2ae08f6f69482357b6b9b72c	tf	21	4805c626a2560f2c6d05b03d3e8498f0922c23a94bcefefeaaee90160071416d	79.68	79.65	0.08	68228	58826	2607	1322393	d4d25daddad51490037a7583e13298e269fe82d09fa2971b4d3d888c6fc61eb9	0f9f013ff05c4437430a825a4262e86da23b133638184a07e76eed1f3d12751b	0
pr66_5809183	58091832848b2eaf2ae08f6f69482357b6b9b72c	tf	22	4805c626a2560f2c6d05b03d3e8498f0922c23a94bcefefeaaee90160071416d	87.7	87.49	0.05	68200	57030	2608	1282971	d74935ccedbb76d16d3764c8aae4a368a5175b1e5c112f4b92fc763ca53d6293	d3acf6cc22a22c70b0b41b41b93ac545f30ea79bdabcc0b3012282b4993eb04e	0
pr66_5809183	58091832848b2eaf2ae08f6f69482357b6b9b72c	tf	23	4805c626a2560f2c6d05b03d3e8498f0922c23a94bcefefeaaee90160071416d	82.44	82.36	0.06	68100	57090	2608	1284175	da727548a7653fbc0bf03b575c4804da6521fe334a96bb705bc2c1b5db984a85	c91c998c890820c0e371dd5679ae06f11b5327c56c4bbb6b80e35b32fcf04465	0
pr66_5809183	58091832848b2eaf2ae08f6f69482357b6b9b72c	tf	24	4805c626a2560f2c6d05b03d3e8498f0922c23a94bcefefeaaee90160071416d	81.04	81.04	0.05	68100	57059	2608	1283700	f2433dc6b287ba2af3cc98e739d78a4d3106100454f8d742e35905931aefd1aa	15703ae1cd16bb5c0ef9654230fba069f439a780df94ba01ab7b2769d693efaa	0
pr66_5809183	58091832848b2eaf2ae08f6f69482357b6b9b72c	tf	25	4805c626a2560f2c6d05b03d3e8498f0922c23a94bcefefeaaee90160071416d	79.18	79.17	0.07	68144	56504	2608	1271360	4b824c65b777d0dcb9d838d1ff90295c61c44c7e6f82e68eb568c66f047921cd	08fa4c6f194f0874071e5f9356cb580bedd004ae6c5da9ecb5a603426ee29638	0
pr66_5809183	58091832848b2eaf2ae08f6f69482357b6b9b72c	tf	26	4805c626a2560f2c6d05b03d3e8498f0922c23a94bcefefeaaee90160071416d	76.96	76.94	0.06	67984	56580	2608	1273006	cc3a11939b79c482db56aa676e25a8eeeca63e3b5dc0e818191ca0ce963ea9c5	31ff6b1c8c62d0cc76d55a091778f0d307dedabfccd28e0d90d8177fc62517c0	0
pr66_5809183	58091832848b2eaf2ae08f6f69482357b6b9b72c	tf	27	4805c626a2560f2c6d05b03d3e8498f0922c23a94bcefefeaaee90160071416d	79.05	79.06	0.05	68104	55249	2608	1243901	2c5bf66da45cafca6ee181facdcb05baf3636c139470c1cd20bc97242bc1878d	a77dca1af5987fbfc94527565d2ffeeab2006ae5a3620ba8ec322a1aa213b069	0
pr66_5809183	58091832848b2eaf2ae08f6f69482357b6b9b72c	tf	28	4805c626a2560f2c6d05b03d3e8498f0922c23a94bcefefeaaee90160071416d	81.58	81.43	0.08	68228	57672	2607	1296964	0542bf14dd644c0bb44060f17dbcf3a73a5b0da03dc6ec55eb5f5102161ecba8	429d2dd2df5c460b0d7823f8433d21133f6e01810a49736e650dc5946b08c116	0
pr66_5809183	58091832848b2eaf2ae08f6f69482357b6b9b72c	tf	29	4805c626a2560f2c6d05b03d3e8498f0922c23a94bcefefeaaee90160071416d	79.71	79.48	0.09	68164	57107	2608	1284662	447b7649bbf4e4a3f2ea7169ed8a27558eaf1aa5ee4d778de0df893804e91045	ef578a2c4efa005237437225e9af361e949f71f08c713449d4925815f3ecf51e	0
pr66_5809183	58091832848b2eaf2ae08f6f69482357b6b9b72c	tf	30	4805c626a2560f2c6d05b03d3e8498f0922c23a94bcefefeaaee90160071416d	78.53	78.38	0.07	68164	59860	2608	1344862	3a5b35bdd828e9c62325c692a6b5035ca30ca080d7e344ad998737ec0f0432bc	11c44479f84b4a3482342f1891a9ec049600863912723235525512d1f77202af	0
pr66_5809183	58091832848b2eaf2ae08f6f69482357b6b9b72c	tf	31	4805c626a2560f2c6d05b03d3e8498f0922c23a94bcefefeaaee90160071416d	80.87	80.78	0.08	68232	58656	2608	1318530	58dca5b869a464bf41f53a209175b2224dbabe8b96f2bde56f82f8a9082bccdb	b453727fc40768bbdc66831ce33f71d4e614530874f2da07dab5e583181e3b89	0
pr66_5809183	58091832848b2eaf2ae08f6f69482357b6b9b72c	tf	32	4805c626a2560f2c6d05b03d3e8498f0922c23a94bcefefeaaee90160071416d	78.2	78.15	0.06	68232	59092	2608	1328073	7df35451f6d8c98499f2cb2f29763c3ce56e8ba3261cc0e87602a51005626705	d91c912373004997f272cc55eadb1726c00b6cd7b04a816d64f50c1646f20e50	0
pr66_5809183	58091832848b2eaf2ae08f6f69482357b6b9b72c	tf	33	4805c626a2560f2c6d05b03d3e8498f0922c23a94bcefefeaaee90160071416d	77.7	77.67	0.05	68104	57112	2608	1284926	efb928fbf28405c19b54077d3bed05a9ca2122469c11b32fa2c1322a893dfc34	6d92189371f4224ad0b7d32ad4eeb07ec8096d600a8ceeecb596797d2eeb4545	0
pr66_5809183	58091832848b2eaf2ae08f6f69482357b6b9b72c	tf	34	4805c626a2560f2c6d05b03d3e8498f0922c23a94bcefefeaaee90160071416d	78.81	78.69	0.05	68356	59088	2608	1328105	85e64c54a3b06bf29494cfed24c856aca3335271e3af8300f6eec7d8eb445a40	69442e5f2873bf5b72d4ef7e7c8e5fd9b11b1430df5752ac0132e15265ac0895	0
pr66_5809183	58091832848b2eaf2ae08f6f69482357b6b9b72c	tf	35	4805c626a2560f2c6d05b03d3e8498f0922c23a94bcefefeaaee90160071416d	78.5	78.34	0.07	68104	54266	2608	1222548	cedc6d84ce12db87d1e14bf09d44ade042adb2602e4149b3e7479eed36dd4ebd	be94b9eea2900e83c297ad5730e61142c00f3120c9e998a11a8634456f3c494c	0
pr66_5809183	58091832848b2eaf2ae08f6f69482357b6b9b72c	tf	36	4805c626a2560f2c6d05b03d3e8498f0922c23a94bcefefeaaee90160071416d	78.44	78.41	0.07	68232	58738	2608	1320296	7aa3a19901d7fec9b31e9c3f6b24f32e99bc9990fc423f166b20516cfd7e998c	c022bdf317db8a86837194db201e90b37e3d9687a019205b73e750098755ff2f	0
pr66_5809183	58091832848b2eaf2ae08f6f69482357b6b9b72c	tf	37	4805c626a2560f2c6d05b03d3e8498f0922c23a94bcefefeaaee90160071416d	77.38	77.23	0.05	68232	57284	2608	1288513	14d79971d2e204810e08dfcf173fb8f9c95a027d00a75e66503b050dadb73b7a	c899050b4a147c4174f9a7cb7c7ebcca1f46807fbeb51b2667a8651ac678c995	0
pr66_5809183	58091832848b2eaf2ae08f6f69482357b6b9b72c	tf	38	4805c626a2560f2c6d05b03d3e8498f0922c23a94bcefefeaaee90160071416d	79.23	79.14	0.07	68360	61000	2608	1369827	d73b652cae3e4dbe449d78eb22547317ef3ab5c8a90bbc8774129cfc59c668e6	3398823e7c202d2f191b93e91b5daae70f078b7a1fdcccefbda48677ded8eb5d	0
pr66_5809183	58091832848b2eaf2ae08f6f69482357b6b9b72c	tf	39	4805c626a2560f2c6d05b03d3e8498f0922c23a94bcefefeaaee90160071416d	85.26	85.14	0.06	68232	60115	2607	1350590	38b0b041866fac970902b880e4edfcd36578cbc9fc2828982f1e528d14cb25eb	f0570479cdfd57d21ca0922319f48bd8ef2344eb7b2cc8afe25706bf4eea80b9	0
pr66_5809183	58091832848b2eaf2ae08f6f69482357b6b9b72c	tf	40	4805c626a2560f2c6d05b03d3e8498f0922c23a94bcefefeaaee90160071416d	79.24	79.08	0.08	68104	57832	2608	1300647	2f6fdf6243a801d89d4ed5720bece59852429add8f6aaffe17448acc3345f673	9b93000f2cacf41e471db2c0a034af876e1bc07bda3a344560dab4b1892ec46d	0
pr66_5809183	58091832848b2eaf2ae08f6f69482357b6b9b72c	tf	41	4805c626a2560f2c6d05b03d3e8498f0922c23a94bcefefeaaee90160071416d	79.61	79.52	0.06	68232	57003	2608	1282296	fffa0dbe5142283b23d5e8e22396d7f2b2b0d262ac71435bd03a9ac1c1d70fa3	686fdfc49ac9b22c37ca29bacd9a236172f8fd7d238cae4b7eae7f4bc67506b6	0
pr66_5809183	58091832848b2eaf2ae08f6f69482357b6b9b72c	tf	42	4805c626a2560f2c6d05b03d3e8498f0922c23a94bcefefeaaee90160071416d	78.3	78.28	0.05	68232	55781	2607	1255645	0f7bdb1a7dbde6b191f8f0a3cb5d8f8435adadbf301ca622ac7560c4e5b3bcef	00f1ee66925de725ba79692eac5984d8c9a76d386a6cbc9d471225cf16ad67b3	0
pr66_5809183	58091832848b2eaf2ae08f6f69482357b6b9b72c	tf	43	4805c626a2560f2c6d05b03d3e8498f0922c23a94bcefefeaaee90160071416d	81.57	81.58	0.06	68360	60330	2607	1355338	b8fc8611c20a08c491159268870bf9514860903e0c4a16586e90b8080a658c5c	548cd0c4c411c476d022ebb07457f252626d53ec9bb08dd9ad9609e80ed05435	0
pr66_5809183	58091832848b2eaf2ae08f6f69482357b6b9b72c	tf	44	4805c626a2560f2c6d05b03d3e8498f0922c23a94bcefefeaaee90160071416d	80.07	79.99	0.05	68232	58092	2608	1306193	92da77829725584cf3704cce57d9ad7b8566540e7333b0a83b5d9fea14abfc8f	72dbeb93844087c0e142c53c54a368134d99115adce534a3c350ae792c3ac6cd	0
pr66_5809183	58091832848b2eaf2ae08f6f69482357b6b9b72c	tf	45	4805c626a2560f2c6d05b03d3e8498f0922c23a94bcefefeaaee90160071416d	79.51	79.47	0.06	68232	57317	2608	1289244	5048da2edd9c5763ce01db140dfada5119f8ed9d7ca11c9e1f670980f8832248	668dcbb00e841eea40c7aeb7ee680c2f070aa8caf8d8d7bd47be060bca8620fc	0
pr66_5809183	58091832848b2eaf2ae08f6f69482357b6b9b72c	tf	46	4805c626a2560f2c6d05b03d3e8498f0922c23a94bcefefeaaee90160071416d	84.1	83.96	0.07	68232	56531	2608	1272083	d25b68976123c2bcc1615e2a168d9b785aad194fb7f167eee7e6b1c63d51a29f	c95fe0fd8fd8a693283d0f49cb1de94a563adc0f8e29595b7e2e353116d2c2e9	0
pr66_5809183	58091832848b2eaf2ae08f6f69482357b6b9b72c	tf	47	4805c626a2560f2c6d05b03d3e8498f0922c23a94bcefefeaaee90160071416d	83.39	83.28	0.06	67976	57214	2607	1287105	28ad8f795eac146f2b92c1fa0db634291a0bb3fc8ebcbd353ea407f93c9b5de8	c0d12203a37233daa5cffd737fa26aeda4793ca41094a1dad4c40680ec95bdef	0
pr66_5809183	58091832848b2eaf2ae08f6f69482357b6b9b72c	tf	48	4805c626a2560f2c6d05b03d3e8498f0922c23a94bcefefeaaee90160071416d	79.01	78.89	0.1	68104	56007	2608	1260666	c032b1cb0ea0d5931e07e21007d00818637adb45025029b7857405f56e902735	c3671594fccda534ecfb8d0c1f47c91a19d7e1a29a0a62865340f479fdba9a6d	0
pr66_5809183	58091832848b2eaf2ae08f6f69482357b6b9b72c	tf	49	4805c626a2560f2c6d05b03d3e8498f0922c23a94bcefefeaaee90160071416d	79.55	79.45	0.08	68232	56592	2608	1273433	36bd18eef18b3327feef46f7c7df7dfddc7a32d687b52476102bb1c01c4dbfe2	ae8a21704818c23be0f5e1527923d8941408ff45d1db19ddf6e7a67a92dba2cc	0
pr66_5809183	58091832848b2eaf2ae08f6f69482357b6b9b72c	tf	50	4805c626a2560f2c6d05b03d3e8498f0922c23a94bcefefeaaee90160071416d	79.6	79.52	0.07	68232	57856	2608	1301150	ffbe34365f507a587776cc8929b86bb07157f0da5ec5c7c78f9442f8d57f7b9b	6d42c637aabc2726daea9ce4d1e564ed245e563dcf08c8497521ead813c2746d	0
pr66_5809183	58091832848b2eaf2ae08f6f69482357b6b9b72c	tf	51	4805c626a2560f2c6d05b03d3e8498f0922c23a94bcefefeaaee90160071416d	78.92	78.85	0.06	68232	60076	2608	1349640	f58635a704d96932d1fb158689ff7c02915c697712a489b0436da62501b77cef	d7a8546d28b4606c75b6d3feac05304a23bb88a90234222e58d04a599b6a20b8	0
pr66_5809183	58091832848b2eaf2ae08f6f69482357b6b9b72c	tf	52	4805c626a2560f2c6d05b03d3e8498f0922c23a94bcefefeaaee90160071416d	77.68	77.64	0.04	68100	55588	2608	1251482	2d3e373d3fd8d4a4a0c4ac03195d46d2f1efcbf080622204014a209b4ee1aa8e	2beb5f7aacafd2683712bf213e2cee9b1a350280bc7ee9b46cbd47955ad3f41c	0
pr66_5809183	58091832848b2eaf2ae08f6f69482357b6b9b72c	tf	53	4805c626a2560f2c6d05b03d3e8498f0922c23a94bcefefeaaee90160071416d	82.87	82.78	0.06	68104	57414	2608	1291190	505ddbac2a02c4fd9ee5fbe85d02dc2532573f1898299ebada5c479b40f3cf20	a9aecbc25b2092fd240ed747841a3b62b085708410c084423018193755473846	0
pr66_5809183	58091832848b2eaf2ae08f6f69482357b6b9b72c	tf	54	4805c626a2560f2c6d05b03d3e8498f0922c23a94bcefefeaaee90160071416d	79.3	79.33	0.07	68104	58253	2608	1309796	129ef82210f47b61bbe5db7888c25a18dff97da3814cd026fbb302916e029e0e	af9e37ed4dadedfbab50489f392a1e21a3de21a21ee3262b0c4ffe4bab265be9	0
pr66_5809183	58091832848b2eaf2ae08f6f69482357b6b9b72c	tf	55	4805c626a2560f2c6d05b03d3e8498f0922c23a94bcefefeaaee90160071416d	78.51	78.38	0.07	68100	56820	2608	1278433	7bb9f1636b104693fb1be03b0fcb6ffc329000cd745b7b02895c6ec0d6d7130c	36a192c49768fb02f1c577ff98d6ff40c84e84fce6d11dc5c60f9a776990d020	0
pr66_5809183	58091832848b2eaf2ae08f6f69482357b6b9b72c	tf	56	4805c626a2560f2c6d05b03d3e8498f0922c23a94bcefefeaaee90160071416d	78.17	78.1	0.06	68104	56555	2608	1272777	51d977ca4bd15e95cfa9634c2e708c0e102ba6d5822502d7438b741216f9081d	85abc67e91f4f5e67da360e0dc09ba90183f0859ab1363dfeb432e76fb449527	0
pr66_5809183	58091832848b2eaf2ae08f6f69482357b6b9b72c	tf	57	4805c626a2560f2c6d05b03d3e8498f0922c23a94bcefefeaaee90160071416d	78.89	78.82	0.06	68356	57616	2607	1295739	270bbf439ebccbbcdaab0c13a9e0ea5193f21013a941241fb238b5d698284029	d0f5a9c43293a1a3b49e7d7fde5c186b5713dfc8f899fe4346edaf98edc741cd	0
pr66_5809183	58091832848b2eaf2ae08f6f69482357b6b9b72c	tf	58	4805c626a2560f2c6d05b03d3e8498f0922c23a94bcefefeaaee90160071416d	78.23	78.2	0.06	68104	57749	2608	1298759	b03b688b8feb0c42648c846892af44e0a037a816d0de2818d40e7bef47999962	7c29110522301c079e12c9fa1b77aa99a9ece5444f57b71c0d0cea9fb5098b62	0
pr66_5809183	58091832848b2eaf2ae08f6f69482357b6b9b72c	tf	59	4805c626a2560f2c6d05b03d3e8498f0922c23a94bcefefeaaee90160071416d	78.12	78.02	0.06	68232	56594	2607	1273489	ee6c102053f799a3b8f5cb72b12aed336e19acc7e9ef1feaa1e08faf8c3f5de7	ac5f384d36cc918032140364be4a7e006e58d3d10e6098ea219a6b247a036851	0
pr66_5809183	58091832848b2eaf2ae08f6f69482357b6b9b72c	tf	60	4805c626a2560f2c6d05b03d3e8498f0922c23a94bcefefeaaee90160071416d	78.64	78.55	0.08	68232	59916	2608	1346074	137cdd33aeca33180b1f6a7b9d701c5cf8e96c5221bc42ab4a628e3e09d04948	25181e655bff6035e103abb5874338e71a043b064a5bcd90fd3abf0d9a24ffc0	0
pr66_5809183	58091832848b2eaf2ae08f6f69482357b6b9b72c	tf	61	4805c626a2560f2c6d05b03d3e8498f0922c23a94bcefefeaaee90160071416d	78.56	78.5	0.05	68232	57518	2608	1293678	7a1f7700253dcb1d2d4e00cbdbc90a947afa32b452f1050bb383fd455a681917	4d42460e583c939dec14d6a2674d4f0eb100521b622b0b868e560b767d844126	0
pr66_5809183	58091832848b2eaf2ae08f6f69482357b6b9b72c	tf	62	4805c626a2560f2c6d05b03d3e8498f0922c23a94bcefefeaaee90160071416d	84.88	84.83	0.1	68232	55343	2608	1245936	2887aef60c31f3c265c455239601a2e7932661253cbfd4856cf915c75d3f359d	21de90db5e10e90c9db49ae86a000b7a7c16f72f55a9b5a68607d018736ce9b7	0
pr66_5809183	58091832848b2eaf2ae08f6f69482357b6b9b72c	tf	63	4805c626a2560f2c6d05b03d3e8498f0922c23a94bcefefeaaee90160071416d	81.16	81.01	0.06	68232	57021	2608	1282796	73469ebc5e0e2088d1c4752d9df49a65d27778476624d729e435b3a80989202e	f3ef33b124fa7e89535d9eb59f2c7e7821453345c44b5adb6a92c9e9625e4916	0
pr66_5809183	58091832848b2eaf2ae08f6f69482357b6b9b72c	tf	64	4805c626a2560f2c6d05b03d3e8498f0922c23a94bcefefeaaee90160071416d	79.26	79.1	0.06	68036	56688	2608	1275414	4e30c4b6d583fabf179adcadf1b97a3947a08968e796121945e93428ed7d9f62	23303023955b263dce415e2c84eb69ec0fbc515fe9703ad56fffe39c24b2f928	0
pr66_5809183	58091832848b2eaf2ae08f6f69482357b6b9b72c	tf	65	4805c626a2560f2c6d05b03d3e8498f0922c23a94bcefefeaaee90160071416d	84.19	83.99	0.1	68104	58478	2608	1314706	1ca2f42d19e8a896459722d879554399c1cb33f20d19bf584ef36e36885857db	a7e7f4ce8d713c14a02d7dc6dba0af971c857b0c442029b8c7ea5e5dfc08d4c4	0
pr66_5809183	58091832848b2eaf2ae08f6f69482357b6b9b72c	tf	66	4805c626a2560f2c6d05b03d3e8498f0922c23a94bcefefeaaee90160071416d	80.79	80.66	0.09	68232	56942	2607	1280861	3c4efcf6a8506a47a5db9005d7f7fac89d19bda7e5119ec63517c147f05a6ed8	8dd0192cc5c0ac671ce7c0f7a8409b4de756c13d0a0df961f65a31d8ede7e629	0
pr66_5809183	58091832848b2eaf2ae08f6f69482357b6b9b72c	tf	67	4805c626a2560f2c6d05b03d3e8498f0922c23a94bcefefeaaee90160071416d	79.15	79.1	0.08	68104	56826	2608	1278496	8dfe70dc811e71a1ddde1e5c1dfde3a6bf2fa307ece0069b30f94a527a107299	900b6078a895e093fa91f61e408ea90e4fb0f001fd826603fdabc40b3d1d7623	0
pr66_5809183	58091832848b2eaf2ae08f6f69482357b6b9b72c	tf	68	4805c626a2560f2c6d05b03d3e8498f0922c23a94bcefefeaaee90160071416d	79.66	79.58	0.07	68360	59121	2608	1328725	239aaaed50c36439b7072dfce164795014037fbe348a7bdba5327ac2cc2c44cc	d43467bde2d86b19c23dae4fd61ce80b5baea9fd47e70b8884975004d297c716	0
pr66_5809183	58091832848b2eaf2ae08f6f69482357b6b9b72c	tf	69	4805c626a2560f2c6d05b03d3e8498f0922c23a94bcefefeaaee90160071416d	79.49	79.4	0.04	68232	56193	2608	1264678	9a81941fa5e48fc9c90be96e84e72a54c7050ed0ec2ffcc4acb0d38a0b98b472	34746ab76a0342e9f73034fbc72afa4ff79e26ee740e1387257e6c5eed84891a	0
pr66_5809183	58091832848b2eaf2ae08f6f69482357b6b9b72c	tf	70	4805c626a2560f2c6d05b03d3e8498f0922c23a94bcefefeaaee90160071416d	82.93	82.83	0.08	68232	57996	2608	1304158	0abd40b5405308e979e6026af681f255aacdff4055f55c173224d8e4a67199f2	3deda9028017227bb2a9f7bca8db676db7e34986a7745a70ccf351dd7f693eba	0
pr66_5809183	58091832848b2eaf2ae08f6f69482357b6b9b72c	tf	71	4805c626a2560f2c6d05b03d3e8498f0922c23a94bcefefeaaee90160071416d	79.0	78.89	0.04	68228	57835	2608	1300612	d38a812d9cd9d47c15e317753d363acfbbe391a38cfe9db4b90c699e3467009c	e7435c65df6e68e1e1568f79a0902255f2bdacb63d68f53206686c09fec8050c	0
pr66_5809183	58091832848b2eaf2ae08f6f69482357b6b9b72c	tf	72	4805c626a2560f2c6d05b03d3e8498f0922c23a94bcefefeaaee90160071416d	78.04	77.93	0.07	68232	57468	2608	1292533	62b18cec7b2e046f08178b8bb9ef9388b88c51dbed119cfe0215c341dbf855ac	a20164cca8f57db076a607872e45804202dc931ec2b286275c65a6f35602e70c	0
pr66_5809183	58091832848b2eaf2ae08f6f69482357b6b9b72c	tf	73	4805c626a2560f2c6d05b03d3e8498f0922c23a94bcefefeaaee90160071416d	77.37	77.29	0.06	68228	58937	2608	1324892	8b0c805b42f9548b316c48bfaace40e636177925e5c266c25cef2d85ffc07593	a8ca96bd9dd17ab2caccb95c11cde63e9303b21939ca810a5a44b5038492b345	0
pr66_5809183	58091832848b2eaf2ae08f6f69482357b6b9b72c	tf	74	4805c626a2560f2c6d05b03d3e8498f0922c23a94bcefefeaaee90160071416d	77.18	77.12	0.08	68232	58512	2608	1315705	a5e8d1af90b4245883055e00fbc99330db46b776595fa6e5cab4d08d7732cd03	a8a0fe533e34b570d8d66dda5a1e48b9e552f2dd0ef7021808838dc87ec14ad9	0
pr66_5809183	58091832848b2eaf2ae08f6f69482357b6b9b72c	tf	75	4805c626a2560f2c6d05b03d3e8498f0922c23a94bcefefeaaee90160071416d	78.8	78.73	0.05	67972	55629	2608	1252279	9c8158ed9b4844b969f5ef2e108645c2d6e56a5e12ec62c5f819ffeb37751194	f49ca310c7a8ccd2149275dd62e04a87272fda330da8e7527ed00ef491441476	0
pr66_5809183	58091832848b2eaf2ae08f6f69482357b6b9b72c	tf	76	4805c626a2560f2c6d05b03d3e8498f0922c23a94bcefefeaaee90160071416d	76.94	76.86	0.07	68104	54725	2607	1232754	bd9562b81ef2a5e6fe7393489d329c7cc9732510d5f00088fb9f0f71b2080411	5b456a1e298f1b4ba6464c9f8eb83b9bf42d83be4b355cb77346c7f7dc3938dd	0
pr66_5809183	58091832848b2eaf2ae08f6f69482357b6b9b72c	tf	77	4805c626a2560f2c6d05b03d3e8498f0922c23a94bcefefeaaee90160071416d	79.61	79.52	0.1	68232	59528	2608	1337620	ad26da81aa621073a6e1ba66f71b1c7c8cd5aa10fe24a0113d012769e5261b4a	654a51f9d197a70f705442382c500fef967a0a83fcaf1ed06d8ed6d86444b054	0
pr66_5809183	58091832848b2eaf2ae08f6f69482357b6b9b72c	tf	78	4805c626a2560f2c6d05b03d3e8498f0922c23a94bcefefeaaee90160071416d	77.69	77.62	0.05	68232	58146	2608	1307623	fec3bbf525708ecdd8b0cf9430b2875222d5b1930e1404712184704343c8e022	f73db78b4477af9655c918198693dd20c3e153f41adafe0bfe6ccb4fc9a20ef4	0
pr66_5809183	58091832848b2eaf2ae08f6f69482357b6b9b72c	tf	79	4805c626a2560f2c6d05b03d3e8498f0922c23a94bcefefeaaee90160071416d	78.37	78.3	0.05	68316	60238	2608	1353213	da9f1790a589892f6460fab490fc48668236824329a2dbf8e8dcc8fedcde16c4	56142de31d83b593bebc2853c7f46512b49e00c02d689ac8e83573d9d5654848	0
pr66_5809183	58091832848b2eaf2ae08f6f69482357b6b9b72c	tf	80	4805c626a2560f2c6d05b03d3e8498f0922c23a94bcefefeaaee90160071416d	77.18	77.16	0.06	68232	58543	2608	1315994	433880ce7741bbd90ebe85c69c61aab016a31739168e793e9c0ecd01a1e82f5d	46fe94c9efcc1bdc97725d886925c7626e5ac56c6c40f748443f268a09156e13	0
pr66_5809183	58091832848b2eaf2ae08f6f69482357b6b9b72c	tf	81	4805c626a2560f2c6d05b03d3e8498f0922c23a94bcefefeaaee90160071416d	83.61	83.53	0.07	68104	57445	2608	1292054	a3912361786a5de65df2af46c92542cb05aa26526dd19c2ab88c410e5d366dc3	0e7a99c1336a65bafa9e2353de41ebef09969a12897601411ff3aa2e56c91000	0
pr66_5809183	58091832848b2eaf2ae08f6f69482357b6b9b72c	tf	82	4805c626a2560f2c6d05b03d3e8498f0922c23a94bcefefeaaee90160071416d	77.0	76.94	0.05	68104	56676	2607	1275224	5196fe03234bfe7d1ca34d422ed8d1f9bdb201b6ef7fb786e64a48228f504c37	7dfa3a4802001672029e58c799044a8ca2ef132e522c336dd02d44113ac2f47c	0
pr66_5809183	58091832848b2eaf2ae08f6f69482357b6b9b72c	tf	83	4805c626a2560f2c6d05b03d3e8498f0922c23a94bcefefeaaee90160071416d	77.72	77.65	0.07	68232	57535	2608	1294016	ceb58b77e137d0671d6a4400f1c8522114f6a4c85504044bf7caf567275116ae	8da909dcfee95ffa5a2616fabeba20f8a1be21b8cb1f1f21c488b3e37916c67f	0
pr66_5809183	58091832848b2eaf2ae08f6f69482357b6b9b72c	tf	84	4805c626a2560f2c6d05b03d3e8498f0922c23a94bcefefeaaee90160071416d	78.1	78.06	0.04	68360	61569	2608	1382416	9fb43c81ed096a17c02a1945d8503640d75f3d4526baa7d06d4ed967949449d2	17ea044430047e21c91f8afbcfd9faea889ed0bc8116c2b3c750ab100352bb23	0
pr66_5809183	58091832848b2eaf2ae08f6f69482357b6b9b72c	tf	85	4805c626a2560f2c6d05b03d3e8498f0922c23a94bcefefeaaee90160071416d	77.19	77.12	0.07	67972	56028	2608	1260972	de4c4c5dbbb7e45ae051a3c76385d34b21cc685ac7d86f70f059cb6767f5755f	511a4f767218981d95a5498227eb3cf6c86595695e8ceaf57d8f8a0af88003dd	0
pr66_5809183	58091832848b2eaf2ae08f6f69482357b6b9b72c	tf	86	4805c626a2560f2c6d05b03d3e8498f0922c23a94bcefefeaaee90160071416d	78.53	78.46	0.06	68104	56064	2608	1261899	4c81bfd420561c07aff57d5bbc9833ca035f7dd15b7802ca709ac99abd0ab691	1b5eaa1c8a92fe9859cad034fceadaf9595d5d4f512b67565d674c3f214e868e	0
pr66_5809183	58091832848b2eaf2ae08f6f69482357b6b9b72c	tf	87	4805c626a2560f2c6d05b03d3e8498f0922c23a94bcefefeaaee90160071416d	77.77	77.59	0.1	68228	57398	2608	1291065	62919f8c57a753677d746e6b9ca2beee15ed3f0a3c948e1ec6bde3f94ec9b719	114fed2ded3c33627a9726f4af790833040d92ebdc758d1d6edb923d5e451611	0
pr66_5809183	58091832848b2eaf2ae08f6f69482357b6b9b72c	tf	88	4805c626a2560f2c6d05b03d3e8498f0922c23a94bcefefeaaee90160071416d	76.72	76.65	0.06	68184	57867	2607	1301401	222e128814724b26b7cb2c9cdd127bf57d3295b145bb751a1db9c2b32e1e27c2	3e00ce8eb8e161841ee44186c939d4df8aa2c9d16eb2dc1610935541ae651a9a	0
pr66_5809183	58091832848b2eaf2ae08f6f69482357b6b9b72c	tf	89	4805c626a2560f2c6d05b03d3e8498f0922c23a94bcefefeaaee90160071416d	76.35	76.32	0.03	68232	58410	2608	1313169	c6c0f11bb719c67b4990a19b47bff8ce70e5354019606e41552fc7e840dc53fc	c85a740accdc6f137511aa33f23bf8249a90fb297ba639f3935cac2002dc08c3	0
pr66_5809183	58091832848b2eaf2ae08f6f69482357b6b9b72c	tf	90	4805c626a2560f2c6d05b03d3e8498f0922c23a94bcefefeaaee90160071416d	77.16	77.1	0.06	68104	57419	2607	1291451	3fcdc258cf69b7058a4d7b3a0ed4198aa5ab22384de545c7b027107cda491f7b	c487885fa20af65b6d3505735d84ec4bafa8e32df9afbf081b32801ab3f73bef	0
pr66_5809183	58091832848b2eaf2ae08f6f69482357b6b9b72c	tf	91	4805c626a2560f2c6d05b03d3e8498f0922c23a94bcefefeaaee90160071416d	78.06	77.99	0.06	68232	57614	2608	1295817	bca62599702bdbb537de46f0405fcb0ee639ae496a6b6479ddd917eeb2a11253	f9c0a952bdd9bb30ddd0468da504548b1e674117039bb5ffc58979056ab2fb12	0
pr66_5809183	58091832848b2eaf2ae08f6f69482357b6b9b72c	tf	92	4805c626a2560f2c6d05b03d3e8498f0922c23a94bcefefeaaee90160071416d	77.91	77.83	0.05	68076	59080	2608	1327865	b118214e82ebc01a53733d708e1e8b7adb7e3d4cc09d84a475f847a75f26aa61	8304fb517506ad306e3e1b6c1789605c15c5439756a16def41bb10a58fedb07d	0
pr66_5809183	58091832848b2eaf2ae08f6f69482357b6b9b72c	tf	93	4805c626a2560f2c6d05b03d3e8498f0922c23a94bcefefeaaee90160071416d	77.1	77.01	0.06	68228	57486	2608	1293074	6825b6200a9bdff6d5d002d2e8cc95c70b14012ee83454de522b7af4bd96db6b	ff20d919ad383696b2a3501ca2d638db5c40e89502138708e7990bc4c9d49a91	0
pr66_5809183	58091832848b2eaf2ae08f6f69482357b6b9b72c	tf	94	4805c626a2560f2c6d05b03d3e8498f0922c23a94bcefefeaaee90160071416d	78.0	77.95	0.05	68104	55938	2607	1259095	cf408637d609701ae78d47079414d107c4b8c37ffa9436fbe6c8c02d7540c1d5	3d3d163e310d7235e4b265dd4a45c3dbd4b937bb27a973b5a4ebe33ad397592c	0
pr66_5809183	58091832848b2eaf2ae08f6f69482357b6b9b72c	tf	95	4805c626a2560f2c6d05b03d3e8498f0922c23a94bcefefeaaee90160071416d	77.2	77.14	0.05	68104	56051	2608	1261568	f170d0d920ebfb0212bd5a444c7e2b665cfbe4e103fe04368ed2791420c9c276	abe210a9d693fa97e3d240d7d3b78510f67e34862880d7b13350517a8e36d11e	0
pr66_5809183	58091832848b2eaf2ae08f6f69482357b6b9b72c	tf	96	4805c626a2560f2c6d05b03d3e8498f0922c23a94bcefefeaaee90160071416d	77.27	77.23	0.05	68360	59298	2608	1332556	f228e58c9651cec26e3ae7acffcded4876233b9c4a2268f1e278d57a5b2b1785	4e3f6e958806ce1e25e173f20ca1c2b63a4d0d5750293840b9ccbdfe49ed6800	0
pr66_5809183	58091832848b2eaf2ae08f6f69482357b6b9b72c	tf	97	4805c626a2560f2c6d05b03d3e8498f0922c23a94bcefefeaaee90160071416d	76.27	76.22	0.05	68232	58204	2608	1308810	c7510a5ad30a632a26d1adb87a846909a3d85241af75718f041dee66d1bee0f6	2ae2d5a1f148d2c7d226dcf4a4837a7388022560267c9e2045db19e325e81ca3	0
pr66_5809183	58091832848b2eaf2ae08f6f69482357b6b9b72c	tf	98	4805c626a2560f2c6d05b03d3e8498f0922c23a94bcefefeaaee90160071416d	77.66	77.57	0.08	68232	58569	2608	1316785	bfa38495d43c73cadcd4539e783dd5b0fcdc829c72afd1500d686dc218320b75	ca2b5e182b580647f2154db58ba7fa56cb86a8d570242e3ab23737c1596114e4	0
pr66_5809183	58091832848b2eaf2ae08f6f69482357b6b9b72c	tf	99	4805c626a2560f2c6d05b03d3e8498f0922c23a94bcefefeaaee90160071416d	76.94	76.87	0.07	68360	58879	2608	1323444	fd61cc24b7bbebe2aa14230b75df19c52d5ccb43031aae705076ff0db6661cbd	aca3dc7b643380e16885721d170acbd12e4db3c78bbea636c7bb7756e26fe356	0
pr66_5809183	58091832848b2eaf2ae08f6f69482357b6b9b72c	tf	100	4805c626a2560f2c6d05b03d3e8498f0922c23a94bcefefeaaee90160071416d	76.79	76.72	0.06	68228	58516	2608	1315596	2198201b253412a74cac3cccba71674c78624f67570caa273547c27e97e4ceae	55b5d567d91c6f1cc3d9009013cf90740fae179e6e6ea1c84ef7a9fe68f2cf5e	0
pr66_5809183	58091832848b2eaf2ae08f6f69482357b6b9b72c	sig	1	4805c626a2560f2c6d05b03d3e8498f0922c23a94bcefefeaaee90160071416d	323.83	323.73	0.09	75436	205025	10679	4627634	34400b00126ad166ffcf442629910773d44060c54bbb3ebcd3366859698a8661	677844da88a3b6c013dc4830fda39c72f49d2aa20b0ba0e5b72a02b76ed26818	0
pr66_5809183	58091832848b2eaf2ae08f6f69482357b6b9b72c	sig	2	4805c626a2560f2c6d05b03d3e8498f0922c23a94bcefefeaaee90160071416d	322.78	322.64	0.15	75432	200525	10678	4529304	899effa487a43452b43786ab1a28133f2b97a68d35dd504da22d6f145bf72d1d	ebb336fe5ab3d666448c63706d50f673320724b4a46236b36f72a1d496e310ad	0
pr66_5809183	58091832848b2eaf2ae08f6f69482357b6b9b72c	sig	3	4805c626a2560f2c6d05b03d3e8498f0922c23a94bcefefeaaee90160071416d	321.02	320.93	0.1	74796	199912	10680	4515952	935f10d90c918c1c0ed3d606ca42eb498ecb6e03683654f14fb8f5e547b55fb8	e10bfac5aaa7ceb11fcfa14bcbd2c192eab510a45ce28f038ee58bf7229e4934	0
pr66_5809183	58091832848b2eaf2ae08f6f69482357b6b9b72c	sig	4	4805c626a2560f2c6d05b03d3e8498f0922c23a94bcefefeaaee90160071416d	321.57	321.37	0.08	75052	203774	10680	4600253	4f02ec101c6687950c0f77f46c547ecc69832bc2a6eab48debb07dcb1c0e7d1a	be05148288bda90d2277a900a64429a9875100048f5d35cd2a2f23415e25e162	0
pr66_5809183	58091832848b2eaf2ae08f6f69482357b6b9b72c	sig	5	4805c626a2560f2c6d05b03d3e8498f0922c23a94bcefefeaaee90160071416d	325.53	325.42	0.1	75048	200826	10680	4535769	8d91311d7c21109ecadda109cd6f92eb27adb9c6548a94328e1104458f59880b	e388b440c56c4e951ef78bdc1d28bf6e405c968120e35c8e261d9280ff028e10	0
pr66_5809183	58091832848b2eaf2ae08f6f69482357b6b9b72c	sig	6	4805c626a2560f2c6d05b03d3e8498f0922c23a94bcefefeaaee90160071416d	318.76	318.64	0.09	75180	200873	10680	4537218	f67501239ba979c3f332199d584a1346e4b2b496a76f3278badb0516a78110f6	6caac7fc56392acd810089a4fabfbf3a93308c89ae43c45859a26d75343fe479	0
pr66_5809183	58091832848b2eaf2ae08f6f69482357b6b9b72c	sig	7	4805c626a2560f2c6d05b03d3e8498f0922c23a94bcefefeaaee90160071416d	323.99	323.87	0.1	75692	208092	10678	4695067	fa942a23267d92d80d34409a26d27a8c3c29d7fb7b964542db9bde7eef4ccd4d	2f4ecaccc7a04548bda984d188a4314601b39901a64f87d6492eae8191bad105	0
pr66_5809183	58091832848b2eaf2ae08f6f69482357b6b9b72c	sig	8	4805c626a2560f2c6d05b03d3e8498f0922c23a94bcefefeaaee90160071416d	322.86	322.71	0.08	76076	210432	10680	4746049	4453a735ef00246b3c8aedc51312e0d8cd4530575e23490a9ad3f2da8aaad30a	b9cb298af67527dd7ca6e8d5c86fe34035f9c91d3b0f80266e142ec432759f58	0
pr66_5809183	58091832848b2eaf2ae08f6f69482357b6b9b72c	sig	9	4805c626a2560f2c6d05b03d3e8498f0922c23a94bcefefeaaee90160071416d	324.34	324.2	0.12	75692	205019	10679	4627964	5582979c4d08fb2c12a83f5ce5b1cbec99d3bf72bc8f021fc49dd7332ea33bef	5529d80ab29f0f1005da3fb899c02f85bacf72e5f937d573183b373ffdeacbd2	0
pr66_5809183	58091832848b2eaf2ae08f6f69482357b6b9b72c	sig	10	4805c626a2560f2c6d05b03d3e8498f0922c23a94bcefefeaaee90160071416d	324.84	324.61	0.09	75432	206342	10679	4656576	6c017eee3971681deb477b42d0c6f9261e00492afdebf956391e4d4d80b36de5	cf2189e582d2c08fe96361cb5296c86110d851ccdfabf7b581cf2c77be1bdecb	0
pr66_5809183	58091832848b2eaf2ae08f6f69482357b6b9b72c	sig	11	4805c626a2560f2c6d05b03d3e8498f0922c23a94bcefefeaaee90160071416d	323.24	323.12	0.1	75564	202848	10680	4580249	f0942393a5a770b8a2bf299bfd99ae111ef057218c54472d21617b361ca5d3f1	948f6025f4876949c30f5344cd63684bb8cfa92fd90977b83d45c83ba04e17c9	0
pr66_5809183	58091832848b2eaf2ae08f6f69482357b6b9b72c	sig	12	4805c626a2560f2c6d05b03d3e8498f0922c23a94bcefefeaaee90160071416d	322.67	322.74	0.07	75436	204700	10678	4620682	407592a3866e513d5df6bd74ff1e2878be5c9881396ed37fe024f87e75416b15	115556b13a8d2b008f9f1ecc67b46a9d573671196474fb416f6d7f5a1299ccc4	0
pr66_5809183	58091832848b2eaf2ae08f6f69482357b6b9b72c	sig	13	4805c626a2560f2c6d05b03d3e8498f0922c23a94bcefefeaaee90160071416d	318.39	318.19	0.09	74668	195289	10679	4414641	6dec414984221439d6043a014a5653c414ebff24c04864a7d40ff5f351a67206	ddfb467cde27ef3df1a8e29a55c4e227965e780b3bb3a32b7d5ef4eed33f97c0	0
pr66_5809183	58091832848b2eaf2ae08f6f69482357b6b9b72c	sig	14	4805c626a2560f2c6d05b03d3e8498f0922c23a94bcefefeaaee90160071416d	323.5	323.33	0.08	74664	196192	10679	4434352	959b8324c7d3b0a17dd24a60c692ef54acd4c0aeb06369d5f106421e9fe84875	2c10095b7713f39b9681646682c904a561012ded4ccf49c0a23f3d759e826066	0
pr66_5809183	58091832848b2eaf2ae08f6f69482357b6b9b72c	sig	15	4805c626a2560f2c6d05b03d3e8498f0922c23a94bcefefeaaee90160071416d	321.53	321.43	0.12	75692	205762	10680	4644016	2d4cfc9b0f792ba831cbaa2c6c6f0f2160086995c73917ce72ff845c4927c390	9abb4d59ae3afcb1a242840386d3eb99410409f9243dad7ee7fb688cf2eff4bb	0
pr66_5809183	58091832848b2eaf2ae08f6f69482357b6b9b72c	sig	16	4805c626a2560f2c6d05b03d3e8498f0922c23a94bcefefeaaee90160071416d	318.22	318.1	0.07	75564	204442	10679	4615038	da8845519d8ddb47470fc71dc634486e2f5a04f09921c65f0c12fc9bdd311ad1	d94245b203a38b3d1c80daa2f04560eb2f1913cfe833828bdf29f1cea8d3a2d7	0
pr66_5809183	58091832848b2eaf2ae08f6f69482357b6b9b72c	sig	17	4805c626a2560f2c6d05b03d3e8498f0922c23a94bcefefeaaee90160071416d	323.86	323.64	0.12	75688	198270	10679	4479704	114cc1dd681a28a073d15fce4c27eb14d3ad65283c9ff3a3999817517d4394fc	db9f75e5b9fde8c5aac47c4c3b764a95010cddaebe8a8d616e0c7d22a6596e16	0
pr66_5809183	58091832848b2eaf2ae08f6f69482357b6b9b72c	sig	18	4805c626a2560f2c6d05b03d3e8498f0922c23a94bcefefeaaee90160071416d	350.41	350.37	0.14	74668	196676	10680	4444936	6b97a77451afc28e2f543681463377fd1436b88da367bfe5da03854af864e9ef	c20e9bbe29e54853b7d691a14f2b17ba773570a352589936af2f394a5ef491f2	0
pr66_5809183	58091832848b2eaf2ae08f6f69482357b6b9b72c	sig	19	4805c626a2560f2c6d05b03d3e8498f0922c23a94bcefefeaaee90160071416d	359.22	359.14	0.08	75180	202716	10680	4577328	2aebd2b19519a384f13f7bf4af8b3de031fcdc75b0dbb05f3c89a6d53df81c6c	cf38336659b5340570df6281e155ce7466f47428f893f3a70b92b2a49720caff	0
pr66_5809183	58091832848b2eaf2ae08f6f69482357b6b9b72c	sig	20	4805c626a2560f2c6d05b03d3e8498f0922c23a94bcefefeaaee90160071416d	336.09	335.88	0.1	75180	206201	10680	4653355	e7dc6d6f6c0d25976bc10c14601ebe52cf16a03bc1921efe743d5a76e6fe03a3	36d52dd981d91929456e85786edbd18e819ac1b0c0f9f2f73793c28e997624a3	0
pr66_5809183	58091832848b2eaf2ae08f6f69482357b6b9b72c	sig	21	4805c626a2560f2c6d05b03d3e8498f0922c23a94bcefefeaaee90160071416d	340.06	339.9	0.09	75348	206931	10680	4669651	1bb109e07d4f6902888def0d3a9203a20fd61faa721a414d92d4773ab9a325ef	2ed3c2e8f8b9c601e3af102efe80edaea9402ca3c975937716d920e841fa8ee6	0
pr66_5809183	58091832848b2eaf2ae08f6f69482357b6b9b72c	sig	22	4805c626a2560f2c6d05b03d3e8498f0922c23a94bcefefeaaee90160071416d	333.15	333.09	0.09	75040	199763	10680	4512762	e4bb45937b8f2d897fbe58f9d5820379d92a1ed9889f3f19425003af65d1ddde	bd1ec21ed5005e15406d5feb57745ccedca8a301850e9b604e203f7cfc0ea83d	0
pr66_5809183	58091832848b2eaf2ae08f6f69482357b6b9b72c	sig	23	4805c626a2560f2c6d05b03d3e8498f0922c23a94bcefefeaaee90160071416d	333.19	333.06	0.08	75436	198405	10679	4482692	92e218ad2f32ae17d248ef8f58b41ab5c1784a596cc8848e64a0b52d37190eee	d4b74b3671a527baf05ad3ff4bda1318460ef28b4cdc8856b348236d14aca095	0
pr66_5809183	58091832848b2eaf2ae08f6f69482357b6b9b72c	sig	24	4805c626a2560f2c6d05b03d3e8498f0922c23a94bcefefeaaee90160071416d	318.19	318.05	0.12	75180	205203	10680	4631621	7864850ec4752f07f678e6fe544a458485c6118ec8b3fd0ac810291a57b96963	5aced773e54dd5a494fdfd43a6cc7942af5c129ed9673e6d81aca6a00f64ed01	0
pr66_5809183	58091832848b2eaf2ae08f6f69482357b6b9b72c	sig	25	4805c626a2560f2c6d05b03d3e8498f0922c23a94bcefefeaaee90160071416d	320.08	320.07	0.08	75564	200531	10680	4529362	b021c61ec9090cea97971437595278f7999939d8d178a06900ad173d49dcda7e	2822ff25561cf9eeb64b3f40ded80e975a8ef199894e441512f709121f602fc7	0
pr66_5809183	58091832848b2eaf2ae08f6f69482357b6b9b72c	sig	26	4805c626a2560f2c6d05b03d3e8498f0922c23a94bcefefeaaee90160071416d	323.3	323.19	0.07	75308	199687	10680	4511023	5488029fbc57105c5d09d4c641d769305589b29f257e81b89935d7ccb2b2d28f	dc4fe980725822cf8443f812cd20d24b0e1a70fa25e4963df555bb769738753c	0
pr66_5809183	58091832848b2eaf2ae08f6f69482357b6b9b72c	sig	27	4805c626a2560f2c6d05b03d3e8498f0922c23a94bcefefeaaee90160071416d	325.0	324.91	0.08	75052	198947	10680	4494794	55d5eb0ffb41d96a1e57803cbb03fc9ea6d701ce0c9aa6c97bb123558d103719	5810ea52165bb4ebab5dc0be8989e1d48199f9f2b47fb83969e9d96299b56e54	0
pr66_5809183	58091832848b2eaf2ae08f6f69482357b6b9b72c	sig	28	4805c626a2560f2c6d05b03d3e8498f0922c23a94bcefefeaaee90160071416d	320.66	320.52	0.1	75564	200885	10679	4537602	65ef1fee2b6b539969a942c2ec1168b236047f33ca06318b52a0809a01cac621	bffe115e40837beef5ebf16a451a02a67e4ee3d8859288c73a618e5afea8e63c	0
pr66_5809183	58091832848b2eaf2ae08f6f69482357b6b9b72c	sig	29	4805c626a2560f2c6d05b03d3e8498f0922c23a94bcefefeaaee90160071416d	320.28	320.22	0.08	75180	200259	10680	4523933	515984070e550c72be6653c2afa4623d86c5cf778e2b9b1890d196efc724962b	ef2f7e2bd7ffff3e2d48e0482204828663583c183148fe1bd9bced971139e2a5	0
pr66_5809183	58091832848b2eaf2ae08f6f69482357b6b9b72c	sig	30	4805c626a2560f2c6d05b03d3e8498f0922c23a94bcefefeaaee90160071416d	316.39	316.31	0.06	75564	211491	10680	4769330	6df4cc2fba4116e7b304829da40f68108e1b42c1a4268ced13f96d097f4c0a60	9d2a0dcf7137836b751b61199c219d0aec2187b98a8e4735374c7fc3a2ec1a01	0
pr66_5809183	58091832848b2eaf2ae08f6f69482357b6b9b72c	sig	31	4805c626a2560f2c6d05b03d3e8498f0922c23a94bcefefeaaee90160071416d	315.05	314.9	0.1	75308	204402	10679	4613637	91e7c71cb4b9e53a8948dc0cde02df4377616efbc37662061e8db92086e58a2e	0977e2a9ebfbc87090e6e36ca93b66bc306fb2ec54572e2af7a6906f0d0ddf77	0
pr66_5809183	58091832848b2eaf2ae08f6f69482357b6b9b72c	sig	32	4805c626a2560f2c6d05b03d3e8498f0922c23a94bcefefeaaee90160071416d	313.52	313.47	0.08	75432	207207	10679	4675588	169f8f77cb0f3d8cb2ae81192d762f078d8e00aac3a0dc0de95971c3b7f39907	535ceafbbdbe7a3378116fb895cc211c86fd2e2de0fc801a6692f974eb400eef	0
pr66_5809183	58091832848b2eaf2ae08f6f69482357b6b9b72c	sig	33	4805c626a2560f2c6d05b03d3e8498f0922c23a94bcefefeaaee90160071416d	313.61	313.47	0.1	74796	200705	10680	4533276	341d33a6e8a6766ef71334267e0083252a76a7cb5de4cd2d2207fbdaa14fc116	7acee36ab73450b7132270550fdda0a211cd983c31abd2c870cd923fe036eff5	0
pr66_5809183	58091832848b2eaf2ae08f6f69482357b6b9b72c	sig	34	4805c626a2560f2c6d05b03d3e8498f0922c23a94bcefefeaaee90160071416d	317.45	317.4	0.09	75692	206467	10680	4659278	38323f1eada1e08ab14e4ff413b84fb09263583a51427ab95bcaa988c72bc425	91165aa9285f9ad1af4167aa5fc52854eee8cede1c43ede745f18cdf948fb3df	0
pr66_5809183	58091832848b2eaf2ae08f6f69482357b6b9b72c	sig	35	4805c626a2560f2c6d05b03d3e8498f0922c23a94bcefefeaaee90160071416d	315.89	315.85	0.08	74924	192322	10679	4349523	52e9dae0c1ce05718c95e55f842033062e7e15a8ce7d0550c6d8c3c84499543a	1ac350f57cc72cc7a553dc96618dec50cc66fba233bbe725e2f1e25d88cc656b	0
pr66_5809183	58091832848b2eaf2ae08f6f69482357b6b9b72c	sig	36	4805c626a2560f2c6d05b03d3e8498f0922c23a94bcefefeaaee90160071416d	319.77	319.57	0.1	75304	204858	10679	4624168	2b94c3aeecd7a24632cfb42e14fe687d96207891814917cd06d44113c7b74780	07a73f0fd3f26134ddd6fcb78c00bf0e4132207597551cac0064ae4b2c4e9388	0
pr66_5809183	58091832848b2eaf2ae08f6f69482357b6b9b72c	sig	37	4805c626a2560f2c6d05b03d3e8498f0922c23a94bcefefeaaee90160071416d	326.13	326.05	0.1	75564	202232	10679	4566576	23a199791829ada4cc6a338ed2c383f93ce300c2e90c5eacfad99e3c5b2f2028	0f494b4c756357ae53da1e9ebf185998dd24749a7a589b1091a13c2c3d09f537	0
pr66_5809183	58091832848b2eaf2ae08f6f69482357b6b9b72c	sig	38	4805c626a2560f2c6d05b03d3e8498f0922c23a94bcefefeaaee90160071416d	324.25	324.16	0.08	75836	210958	10680	4758007	12c3dd2329027ae9430741308bd8f723c1c3803171d34f9c47fc03a105acd928	24dc7c600a68095b7ee236b4f9eb97218c48cdec9bc635e27ee8e743692f2c99	0
pr66_5809183	58091832848b2eaf2ae08f6f69482357b6b9b72c	sig	39	4805c626a2560f2c6d05b03d3e8498f0922c23a94bcefefeaaee90160071416d	321.94	321.83	0.1	75052	206502	10678	4660308	b0b133cca8f7d8a8923e675235c306582ba0f2f5e584fc4c5d6504a866ca22f1	3afd46d3014c7f8df194e09c46606a047fc3f871e4e170438dd98c5013be710d	0
pr66_5809183	58091832848b2eaf2ae08f6f69482357b6b9b72c	sig	40	4805c626a2560f2c6d05b03d3e8498f0922c23a94bcefefeaaee90160071416d	321.55	321.41	0.13	75436	203448	10679	4593514	d4d79f8ac0fd0b56118cf34d294b13beac39c98ffe2c414b2734d1387f6ae4ee	2092ba892bbe4763256c384d67c793a5bde5ab0833676a644eb993ab29412576	0
pr66_5809183	58091832848b2eaf2ae08f6f69482357b6b9b72c	sig	41	4805c626a2560f2c6d05b03d3e8498f0922c23a94bcefefeaaee90160071416d	320.49	320.38	0.1	75436	199914	10680	4515887	76c5e19986609bb06777fdf8e46beeccef074efcc719fe8bfa92f52a798db736	938a994c187d7a37caa2a0f7fe8aa02546ab4f48b01e25cdf4bf29af1f0a3303	0
pr66_5809183	58091832848b2eaf2ae08f6f69482357b6b9b72c	sig	42	4805c626a2560f2c6d05b03d3e8498f0922c23a94bcefefeaaee90160071416d	340.72	340.56	0.13	75052	195550	10679	4420375	4b99b7806ff7958cebd6c546e987e5877c6f1cd88ee7086afbb26cbc60299eea	f741bf7c1c367a412eaa46b71bce7acbee8c8b9b184bfca000c1bf2540157d3a	0
pr66_5809183	58091832848b2eaf2ae08f6f69482357b6b9b72c	sig	43	4805c626a2560f2c6d05b03d3e8498f0922c23a94bcefefeaaee90160071416d	334.09	333.98	0.1	76076	211349	10679	4766744	6f8dc5f0485e95ea81a04de205b224dd8fc67a2d57c5d2563232aab4147309d5	c3579fbe12d29ae941c2d281b07060a9d616f4c61e31f2c171f619120f2ebbb3	0
pr66_5809183	58091832848b2eaf2ae08f6f69482357b6b9b72c	sig	44	4805c626a2560f2c6d05b03d3e8498f0922c23a94bcefefeaaee90160071416d	337.52	337.41	0.1	75948	201802	10680	4557351	5aee9bd77320d942792e0947b588af3010d9aabc4ee417ec717d7f6fa6fc1d6d	568d2ae380b34a629d5abfde3417c93fa17d288afe77eb67808335ffad360506	0
pr66_5809183	58091832848b2eaf2ae08f6f69482357b6b9b72c	sig	45	4805c626a2560f2c6d05b03d3e8498f0922c23a94bcefefeaaee90160071416d	331.52	331.36	0.13	75460	203699	10680	4599002	9dd2764103ee5284fff0e972aaea17a4bdd845a528080e25273a4dea9fb7434d	3586df9217e1864591f191ecb5ec039af5d556dd0c219056b96cae80ccd4786d	0
pr66_5809183	58091832848b2eaf2ae08f6f69482357b6b9b72c	sig	46	4805c626a2560f2c6d05b03d3e8498f0922c23a94bcefefeaaee90160071416d	324.93	324.9	0.1	75564	198956	10680	4495046	9e62d68c4f1153c4c774dcd6de9ce370c91a898d2a8ce2c60cb017e66ce33a53	8e30e9d7eafa472d5a734b73b227315cc35d3841e694ec4fc7571d17af5532bd	0
pr66_5809183	58091832848b2eaf2ae08f6f69482357b6b9b72c	sig	47	4805c626a2560f2c6d05b03d3e8498f0922c23a94bcefefeaaee90160071416d	319.09	319.02	0.09	75052	201763	10680	4556644	ad5e30dc75ae6de29e7c5ca890c51522b4ab7e97bce4f440432e58c15d7b915e	992afad1faea14c5f4ab011f2e880b119a9286b6a16c3953eef73a222979713b	0
pr66_5809183	58091832848b2eaf2ae08f6f69482357b6b9b72c	sig	48	4805c626a2560f2c6d05b03d3e8498f0922c23a94bcefefeaaee90160071416d	320.53	320.46	0.08	74796	198428	10678	4483767	45e340375ab43428690ddcf1f2a34c6629a258b4f5bbbc9cee21c3d457771ae6	01782839f1a5e3618b13cf4e616ef4576d9ba2564972038de9420a9f3753ac7d	0
pr66_5809183	58091832848b2eaf2ae08f6f69482357b6b9b72c	sig	49	4805c626a2560f2c6d05b03d3e8498f0922c23a94bcefefeaaee90160071416d	318.17	318.06	0.11	75436	197101	10679	4454267	70bab9dfe24cb479bdc09ce96316f9bfb629ab3b11da637f38f3c65fb6fd2b5b	685a8f6ec2a32c9816fb83527d3529e95e96e5064c5818b39a3953f2cff047c6	0
pr66_5809183	58091832848b2eaf2ae08f6f69482357b6b9b72c	sig	50	4805c626a2560f2c6d05b03d3e8498f0922c23a94bcefefeaaee90160071416d	313.8	313.68	0.1	75176	203421	10680	4592690	3c3d943347dde1f84dee228e9936f3edb0c62c3d69c5050f4b6f1c63bd3d7281	92e09fbf39ddc4364bbdd2ebcfe83bc28dd96fa765c667cb6b8acbb2c551e437	0
pr66_5809183	58091832848b2eaf2ae08f6f69482357b6b9b72c	sig	51	4805c626a2560f2c6d05b03d3e8498f0922c23a94bcefefeaaee90160071416d	324.21	324.16	0.12	75944	209412	10680	4724031	e014f9754c5983a9131bdaf6d66ada39c86115b7d33a1e8812e5748b64b5e63f	843a0bd9a0fd9857e89f7b48db538699141174e9f79368b34d80b473143bf81a	0
pr66_5809183	58091832848b2eaf2ae08f6f69482357b6b9b72c	sig	52	4805c626a2560f2c6d05b03d3e8498f0922c23a94bcefefeaaee90160071416d	328.38	328.26	0.08	74668	196542	10678	4442300	bb3989e9f70f99661c9d689967ff05ef53dd6f67c60162a13c2e5a49fb395e6c	d470e1bd699d7f4a4cf64503cf796186964401645bb8e7b61ca48990b1789337	0
pr66_5809183	58091832848b2eaf2ae08f6f69482357b6b9b72c	sig	53	4805c626a2560f2c6d05b03d3e8498f0922c23a94bcefefeaaee90160071416d	318.97	318.74	0.13	74796	203399	10679	4591987	a0adf6477043fb62fc7d94984541cad3a1d7f416318badf1ccbc20d0fe136162	e2364a2a9d801e1939b271b0d1b741095f5d32a4d0ac55400f5334732d6dc4f7	0
pr66_5809183	58091832848b2eaf2ae08f6f69482357b6b9b72c	sig	54	4805c626a2560f2c6d05b03d3e8498f0922c23a94bcefefeaaee90160071416d	317.8	317.75	0.09	75048	203602	10680	4596814	8011a1ff82e9dd2c6f56ffcca0664c7a06828339c5fdf13e489ab403658f0708	5e5f205f3948d963a6516ca443cbb7d9f572a46f278adf314f7200c3b87bfccc	0
pr66_5809183	58091832848b2eaf2ae08f6f69482357b6b9b72c	sig	55	4805c626a2560f2c6d05b03d3e8498f0922c23a94bcefefeaaee90160071416d	314.95	314.77	0.07	75048	203162	10680	4586941	f9dfbda237af531875bb6282bd369f3a4af25debee5db75d99e26f52859d59a4	432f02fc0201ea94e3ee6a06715d2d0acc7fad446eb8ccbe36c0ad7e9085fdf5	0
pr66_5809183	58091832848b2eaf2ae08f6f69482357b6b9b72c	sig	56	4805c626a2560f2c6d05b03d3e8498f0922c23a94bcefefeaaee90160071416d	321.17	321.07	0.1	74668	198769	10680	4490782	b4e62b5dc790ad1197fd57e5a0bbd05fad45230c93a8adce2f575b53d4857bbb	fe5f5547a996814accfa4eab581091a73618b20d2956e233c4a6320aac4b817b	0
pr66_5809183	58091832848b2eaf2ae08f6f69482357b6b9b72c	sig	57	4805c626a2560f2c6d05b03d3e8498f0922c23a94bcefefeaaee90160071416d	315.42	315.34	0.06	75816	200578	10680	4530242	a583873ab87b9ca909510c35d62112fe2ba0883f9cb493b4686b0157082da285	1b3cc199c58dd73612b9ddc7b2803f7e1431e437ea72df6fd92bc15af04ac44f	0
pr66_5809183	58091832848b2eaf2ae08f6f69482357b6b9b72c	sig	58	4805c626a2560f2c6d05b03d3e8498f0922c23a94bcefefeaaee90160071416d	316.03	315.79	0.14	74924	203717	10679	4599162	98b7d455f9dd445c3e08536014ec610af1fce92ea731097c32c5003e34499d47	0ec36304671f6656a754049aafc692a91441f847bc3e3286e089779d927f9944	0
pr66_5809183	58091832848b2eaf2ae08f6f69482357b6b9b72c	sig	59	4805c626a2560f2c6d05b03d3e8498f0922c23a94bcefefeaaee90160071416d	319.31	319.12	0.13	75432	201309	10680	4546250	6ca727ccad14c990cfb85e844baab62f60e462a0c051fd649f7f934d1cf1bb6a	131915dacaaded7f8606bd268a89f2aca4dd60bc967e5a997121866e61ceff1f	0
pr66_5809183	58091832848b2eaf2ae08f6f69482357b6b9b72c	sig	60	4805c626a2560f2c6d05b03d3e8498f0922c23a94bcefefeaaee90160071416d	332.77	332.52	0.08	75692	207034	10679	4671735	9744d85c7d53e4fad9e7cf499f4809a5e2e263c17fc04bdffa44fc498edcf4e8	15244c4f4195176567bb15a2c773a00899ad87a205cfb015f5a9c2cd00552310	0
pr66_5809183	58091832848b2eaf2ae08f6f69482357b6b9b72c	sig	61	4805c626a2560f2c6d05b03d3e8498f0922c23a94bcefefeaaee90160071416d	334.53	334.21	0.12	75436	199944	10680	4516760	1305d98ec05918f26ff6dc0b2312166f1e8bc857c8d95241cea00681f63cd702	fa09bab695181c6f90285f2e9d51745d8186b28b4021095ede9656b87fa76e90	0
pr66_5809183	58091832848b2eaf2ae08f6f69482357b6b9b72c	sig	62	4805c626a2560f2c6d05b03d3e8498f0922c23a94bcefefeaaee90160071416d	327.91	327.6	0.14	75288	195910	10680	4428330	7ddc749cce0b2a96559d8ba34b6027c2252ffaadb1bef879c8e7096e04d704f1	00e4e3e3ab4afc7a1e897784b7d0aa41592e99ec730788e7b673fd15fbf9c59d	0
pr66_5809183	58091832848b2eaf2ae08f6f69482357b6b9b72c	sig	63	4805c626a2560f2c6d05b03d3e8498f0922c23a94bcefefeaaee90160071416d	322.46	322.3	0.1	75304	199899	10680	4515238	75b76c484bc374d78b8a807a27b59ccbc12f97eaabfd49d91ac8f5fdc6eaf1fe	630a1a43c99470392848396e540a0a16fdbf622811d29de9a070fa7713ef258f	0
pr66_5809183	58091832848b2eaf2ae08f6f69482357b6b9b72c	sig	64	4805c626a2560f2c6d05b03d3e8498f0922c23a94bcefefeaaee90160071416d	326.75	326.62	0.12	75180	200668	10679	4532540	37d928f7e01dbe630581b31c0c259a4f080427d7263529a1c1dbbd4352b2bbf0	0258d3f1e8751b566d771da055a0f0892f8ee2a472e542d2ac87d2dea5182ea4	0
pr66_5809183	58091832848b2eaf2ae08f6f69482357b6b9b72c	sig	65	4805c626a2560f2c6d05b03d3e8498f0922c23a94bcefefeaaee90160071416d	322.06	321.9	0.12	75260	207861	10680	4689840	231d04388916db506ee91b5d5f7d8e181b5b1ef9f9f22230ca73cacaa3754d70	3d94005bddb82080fca60e5bf2ec9b14517f462a8f0f60f3bfb31be14fdd85d0	0
pr66_5809183	58091832848b2eaf2ae08f6f69482357b6b9b72c	sig	66	4805c626a2560f2c6d05b03d3e8498f0922c23a94bcefefeaaee90160071416d	318.75	318.64	0.12	75180	200947	10680	4538616	edc7c9b8d769c64fdc3548c3047011e571b977b431bb5d1a924677bdacb4317f	d4754d08c623ebceac81d4642f539c5e3e195bda341ae7f5d41ce0dd0d057985	0
pr66_5809183	58091832848b2eaf2ae08f6f69482357b6b9b72c	sig	67	4805c626a2560f2c6d05b03d3e8498f0922c23a94bcefefeaaee90160071416d	321.81	321.69	0.1	75176	201722	10680	4555737	63e30d39ba11476e28e42f7e69b871d609574f303bb9be1fb4ce37f617427781	fc98ce4e828de9c4e6f20a65fbda9484c10adfae4733ce5768984d0fe6b4ed14	0
pr66_5809183	58091832848b2eaf2ae08f6f69482357b6b9b72c	sig	68	4805c626a2560f2c6d05b03d3e8498f0922c23a94bcefefeaaee90160071416d	325.6	325.46	0.11	75436	206415	10680	4658113	d90ab338d0b833d9459fe80f7eb4c7e73f414670f10deb26b2b35a73dfe025b7	9a188932d4314dc406c676f4f5199ea91ba83ceed51fcafcd4cf1f1e571ef1b1	0
pr66_5809183	58091832848b2eaf2ae08f6f69482357b6b9b72c	sig	69	4805c626a2560f2c6d05b03d3e8498f0922c23a94bcefefeaaee90160071416d	327.08	326.97	0.12	75308	199032	10679	4496650	d35107e7ee851a3b8914a10d90f037923079e4c0b966d8a381f3f2b68b00947e	c81420974c918daff5165e2d9b139c675dfc8fe0530b76ac5951149b4c90e32a	0
pr66_5809183	58091832848b2eaf2ae08f6f69482357b6b9b72c	sig	70	4805c626a2560f2c6d05b03d3e8498f0922c23a94bcefefeaaee90160071416d	318.07	317.99	0.06	75436	201158	10680	4543315	e2b86ea5f660158004ef99ce5b08bbe2c0784f6e5a9c495966871ec8ef6c850c	29cee3e373fd3ad8caf13789933346cbab2ed2bfde53d8dfe01f6d0431597e2b	0
pr66_5809183	58091832848b2eaf2ae08f6f69482357b6b9b72c	sig	71	4805c626a2560f2c6d05b03d3e8498f0922c23a94bcefefeaaee90160071416d	311.71	311.61	0.08	75308	206613	10679	4662622	22fbdbbf6d809cfcd51a23da639b6c689b315229bae3da27aedf8c8406ea8f8e	c6dd89b8f2265ee31cf17666f43c3383a6b77ae4c88793989892e8de0ed13877	0
pr66_5809183	58091832848b2eaf2ae08f6f69482357b6b9b72c	sig	72	4805c626a2560f2c6d05b03d3e8498f0922c23a94bcefefeaaee90160071416d	315.94	315.83	0.07	75432	204090	10680	4607265	b43a65ef417971d78c2f66680083b9e02270981b41c5c0419d187124f253ba3c	eb6b2bf4e209ef038c5f7400ba2f77e8c621b8c9314b25f571a89ee5f5ad6e80	0
pr66_5809183	58091832848b2eaf2ae08f6f69482357b6b9b72c	sig	73	4805c626a2560f2c6d05b03d3e8498f0922c23a94bcefefeaaee90160071416d	313.57	313.4	0.15	75304	206104	10680	4651862	68f5c7d5e54cfec0163528350822741a331fd3389a9e3fb37514d44375959a9b	92018338e8735abc5d35b65f2c61c45d230cca28910287fba84f5ab7ac77ccf8	0
pr66_5809183	58091832848b2eaf2ae08f6f69482357b6b9b72c	sig	74	4805c626a2560f2c6d05b03d3e8498f0922c23a94bcefefeaaee90160071416d	311.51	311.41	0.08	75180	202395	10680	4570660	ed281042178c5b742c3490a622d5b2b48530ddac9fe22470caeafc3c985081e6	30a0087d71574be22aee404c72d8e70f2f1324f1b855c3953316eb8dbeb6719c	0
pr66_5809183	58091832848b2eaf2ae08f6f69482357b6b9b72c	sig	75	4805c626a2560f2c6d05b03d3e8498f0922c23a94bcefefeaaee90160071416d	311.43	311.33	0.09	75176	199658	10679	4510559	2d87ef234d545e873d80f3b1a4133c1713e353829b9855ceb5980b23f15e08fd	60a9f85cbb9c43703d500fe87768dc3faf70815b522f8177d237ac9bef33a3fa	0
pr66_5809183	58091832848b2eaf2ae08f6f69482357b6b9b72c	sig	76	4805c626a2560f2c6d05b03d3e8498f0922c23a94bcefefeaaee90160071416d	310.8	310.68	0.08	75180	194563	10680	4399230	9bb90537a7ed9604070eabc53e4d5081b232771ab831261ce48d3082bc0e65a7	4ca30ab3bf6a6269910b8a95ed5fb60e16fda7efdaf28dab52c7506dbc5a84a4	0
pr66_5809183	58091832848b2eaf2ae08f6f69482357b6b9b72c	sig	77	4805c626a2560f2c6d05b03d3e8498f0922c23a94bcefefeaaee90160071416d	315.38	315.26	0.06	75692	205132	10680	4630118	f7b29ce273c302b54fd24b4292508070af0a399393742d864bde0e1b7a99286f	ba235100283811e233329b7f7399469f68eb802464e6c994863e10b26d681f76	0
pr66_5809183	58091832848b2eaf2ae08f6f69482357b6b9b72c	sig	78	4805c626a2560f2c6d05b03d3e8498f0922c23a94bcefefeaaee90160071416d	311.64	311.56	0.05	75564	204160	10680	4608770	7f0ff7cceace6f1e2ca4488b134229c403c10c6ea7b481c4bee90547294ea8cc	04f63adda0dd6430b46ff6266b69615cd89723f7973daa9a593a1732e75c5002	0
pr66_5809183	58091832848b2eaf2ae08f6f69482357b6b9b72c	sig	79	4805c626a2560f2c6d05b03d3e8498f0922c23a94bcefefeaaee90160071416d	315.05	314.89	0.14	75820	208704	10680	4708396	c589e6145d2c4424783c7c404d86b59be626cc6b97c24286d228248f6d19751c	c30654e541d8eb9cb67d903ab62975796f10aa4d2f1d3e6b1c5b8466216a2365	0
pr66_5809183	58091832848b2eaf2ae08f6f69482357b6b9b72c	sig	80	4805c626a2560f2c6d05b03d3e8498f0922c23a94bcefefeaaee90160071416d	313.5	313.39	0.09	75692	204488	10679	4615943	b8d28e917002b207e87bbf6b4428f8efc64aaa749327e9e920cdd57f36182289	eb09c6a81badc6def92471a7c3088dba9f45b99da5726afa79cad588a7533a13	0
pr66_5809183	58091832848b2eaf2ae08f6f69482357b6b9b72c	sig	81	4805c626a2560f2c6d05b03d3e8498f0922c23a94bcefefeaaee90160071416d	310.14	310.03	0.1	75052	201911	10680	4559581	daf9fe4016290199acf6e0c121cf5a65299364465f9b6e47e3e2e140821171fb	38f970c429aad9747eca9475734d33170b19ee9a354cd96c9b05d20dc9cf9759	0
pr66_5809183	58091832848b2eaf2ae08f6f69482357b6b9b72c	sig	82	4805c626a2560f2c6d05b03d3e8498f0922c23a94bcefefeaaee90160071416d	312.04	311.96	0.1	75048	201901	10679	4559305	40ed3fdc7ba296303fd33919928a2acc81c007e8c95daea86a71e47782e36930	017be9b585838a36d95b8a47f1f5d5ca6bd7ed7d2e363f624a7e449ca616751f	0
pr66_5809183	58091832848b2eaf2ae08f6f69482357b6b9b72c	sig	83	4805c626a2560f2c6d05b03d3e8498f0922c23a94bcefefeaaee90160071416d	312.44	312.35	0.09	75436	202269	10680	4567533	3533771f502e9f3ff11d115984481e21870b0a1f509c2d6a1f9a912c782ec224	7e69f176239fb9574346e7a452ea46b7abf1b33096adef69367bc812ac146d20	0
pr66_5809183	58091832848b2eaf2ae08f6f69482357b6b9b72c	sig	84	4805c626a2560f2c6d05b03d3e8498f0922c23a94bcefefeaaee90160071416d	315.87	315.75	0.1	75564	213855	10679	4821386	f8583e56dfb9a0db2f68b77d4d014be2d7c754cf0ed2381b43e34875136eac0f	113bcf953841d6e98721e3c61b89bc0950837e79994a17bd4d508dc2d2db88e9	0
pr66_5809183	58091832848b2eaf2ae08f6f69482357b6b9b72c	sig	85	4805c626a2560f2c6d05b03d3e8498f0922c23a94bcefefeaaee90160071416d	312.0	311.92	0.06	74540	199320	10680	4503004	6f5436e1d49b7365c52a85a09100f17e2e4ce47e61b456be83b36a4b689a3a26	1bd7e714758fefe7abcb666a7419b2da2cc0686ad479df330de035a086addad5	0
pr66_5809183	58091832848b2eaf2ae08f6f69482357b6b9b72c	sig	86	4805c626a2560f2c6d05b03d3e8498f0922c23a94bcefefeaaee90160071416d	310.86	310.8	0.05	75308	196773	10680	4447249	fba7e33a6d672a885f3f0ba411e64213c4efa00b1fff6aeb47ee0f7e14f7eebe	16b87fc6ca08504167658db9ff699de253d6ee3b5b2aa331426a7fcc6b2a7bac	0
pr66_5809183	58091832848b2eaf2ae08f6f69482357b6b9b72c	sig	87	4805c626a2560f2c6d05b03d3e8498f0922c23a94bcefefeaaee90160071416d	315.2	315.17	0.09	74796	201092	10680	4541941	fda8030bf5034aca9be968f304d17709e66c385d0fc45c97d96d4b9f495d7655	7f6553a8e6745f4b1f1ade92b1263289e64ffea436c6a2fcab07b5381bf77150	0
pr66_5809183	58091832848b2eaf2ae08f6f69482357b6b9b72c	sig	88	4805c626a2560f2c6d05b03d3e8498f0922c23a94bcefefeaaee90160071416d	313.92	313.8	0.1	75820	204300	10679	4612090	ad1942f67d2b90bdba96fe2823b038f452ab02024fadf29d93f7b8193703dd22	58db0bcb922d3bdddf8280c8a817ce285eeab6baecbde9907d05f4aec9c97e5c	0
pr66_5809183	58091832848b2eaf2ae08f6f69482357b6b9b72c	sig	89	4805c626a2560f2c6d05b03d3e8498f0922c23a94bcefefeaaee90160071416d	311.07	310.91	0.11	75436	204461	10680	4615755	36c97fa42331b92a3305d102e55eeb1c12f477ed13bb52ac45b3b139b4e2b759	721a90756ae3a583d362f7b862534882d67c3132c58ec29f4cf83be3fb1f6a55	0
pr66_5809183	58091832848b2eaf2ae08f6f69482357b6b9b72c	sig	90	4805c626a2560f2c6d05b03d3e8498f0922c23a94bcefefeaaee90160071416d	312.48	312.23	0.19	75180	202120	10678	4564219	74e937028d6a10c09e6df0641af8a09412b43a0a8cb424136108b97273c89dc2	1a43e313832662620a4109ff6e9e853e68ffebde103237ed2f91cbdb032e2bf7	0
pr66_5809183	58091832848b2eaf2ae08f6f69482357b6b9b72c	sig	91	4805c626a2560f2c6d05b03d3e8498f0922c23a94bcefefeaaee90160071416d	315.05	314.94	0.08	75308	202901	10679	4581774	98bcd7e649a635e3ef4864cf14e41b624dd65204c9c9e88235edf76270df041f	e37be89a0c660ffbc35b5ea63a93ec2fa862d463cc80bdec14fb161d17bf7c90	0
pr66_5809183	58091832848b2eaf2ae08f6f69482357b6b9b72c	sig	92	4805c626a2560f2c6d05b03d3e8498f0922c23a94bcefefeaaee90160071416d	313.02	312.91	0.1	75692	202895	10680	4581140	461055d89a2e060f46112e312fa918a16f631c369d59098f7d5684e1e3f522e1	9b299f3777bbb4fc34b1bbfeaeb86264ab50e27a5f5615bd41d85f9760612667	0
pr66_5809183	58091832848b2eaf2ae08f6f69482357b6b9b72c	sig	93	4805c626a2560f2c6d05b03d3e8498f0922c23a94bcefefeaaee90160071416d	310.82	310.74	0.08	75300	201622	10680	4553483	7aa3f51ee751190ebcb8f3d047d07c1dc43e05718e53e94e9a52e30b4a424a0e	f787322ff7992fcab2d1f3d8111e617860d9577a76ad3a97a7665e99c7babd9f	0
pr66_5809183	58091832848b2eaf2ae08f6f69482357b6b9b72c	sig	94	4805c626a2560f2c6d05b03d3e8498f0922c23a94bcefefeaaee90160071416d	314.47	314.4	0.08	74792	198934	10677	4494785	6e1cbe24f082001d8256cc5b7d9e64e6f0e0ae483a5660a19cbe316ab109337d	5dbe75236a851f24bc54692d1d16d185c07bbe68234a3ed8e9c04918ba1240fd	0
pr66_5809183	58091832848b2eaf2ae08f6f69482357b6b9b72c	sig	95	4805c626a2560f2c6d05b03d3e8498f0922c23a94bcefefeaaee90160071416d	323.57	323.48	0.07	75180	197879	10680	4471430	ae9cc1700e34e795a93305d9c76aae71c12d11d9dbdfc751e2d50cb2648da0a6	63e1b9756fa4766c0ef73c1d15786ade2bb9af7a579a51e380d66ce9122d1368	0
pr66_5809183	58091832848b2eaf2ae08f6f69482357b6b9b72c	sig	96	4805c626a2560f2c6d05b03d3e8498f0922c23a94bcefefeaaee90160071416d	311.15	311.05	0.09	75692	203958	10679	4604425	381256d784f59e42c538b031e8e05975bef33ec86bab72cc3f672092c5485dd7	8352f5e8d3f419e8bee3c956283941d061990c4a7f258c91310325bb87633f05	0
pr66_5809183	58091832848b2eaf2ae08f6f69482357b6b9b72c	sig	97	4805c626a2560f2c6d05b03d3e8498f0922c23a94bcefefeaaee90160071416d	314.44	314.34	0.08	75432	204388	10680	4613837	808692916b8f2380b793f007e3dd0a01333ad91bc0bdb4bdf989436d58a9f81a	36490717b62563658fd93bf585bfd8a662ce1c2a3e970715d1ad044f58671b38	0
pr66_5809183	58091832848b2eaf2ae08f6f69482357b6b9b72c	sig	98	4805c626a2560f2c6d05b03d3e8498f0922c23a94bcefefeaaee90160071416d	310.64	310.52	0.1	75688	202791	10679	4579037	aa82e4f1049cf81b1b6eefcdfb25b80af41e5477d8e70c95dd106ef453a19020	8df00242d8d30924563c1979cb0ea424b5a99ce4c180ebfc0e94e0b3536c9275	0
pr66_5809183	58091832848b2eaf2ae08f6f69482357b6b9b72c	sig	99	4805c626a2560f2c6d05b03d3e8498f0922c23a94bcefefeaaee90160071416d	290.94	290.83	0.1	75436	202731	10680	4577651	ee802df8f03c3aaae83c5831c111b41e93ce7d5a69bdd0ccf1efba3ba99d0c25	e29db62951a638f1b4ecec9e3410328f4037a8ed38d8e9bf7de3a687675a335e	0
pr66_5809183	58091832848b2eaf2ae08f6f69482357b6b9b72c	sig	100	4805c626a2560f2c6d05b03d3e8498f0922c23a94bcefefeaaee90160071416d	260.59	260.43	0.1	75436	204765	10680	4622079	489ef7c0163a4dc924baaa47bfaea308d78ec8c5d7f21daad93922bc23c25250	36ae1e21390ba18b743a91c3cb2f0cfe530f7f6d0e85c29b0016ac952bcbd9fd	0
pr67_7633ebb	7633ebb4a0d966dbda15a4e32d0efa492fb71aeb	tf	1	c66f48980d07eb542aa6a0f6f0a0e3c6651828e1d115c1a62cf49672e3bfa7c3	84.15	84.04	0.1	67208	3419	398	81469	4b8ad74c21d98397af543539d3c9f62ffa91cc59c551a30f7142449c1ca6ca92	f448b049333b13dd4833702f6a6d629fad568a1811ba7df9d768304911e36809	0
pr67_7633ebb	7633ebb4a0d966dbda15a4e32d0efa492fb71aeb	tf	2	c66f48980d07eb542aa6a0f6f0a0e3c6651828e1d115c1a62cf49672e3bfa7c3	84.67	84.59	0.07	67080	3337	378	79404	1983c657acab270323be339994dbec4ea43a11a7b4e4d1449d105bbee16dddb7	326252673a203be80615b0c04b5b4d0b0ebc320c9d25f552fd790b1d9f8c68de	0
pr67_7633ebb	7633ebb4a0d966dbda15a4e32d0efa492fb71aeb	tf	3	c66f48980d07eb542aa6a0f6f0a0e3c6651828e1d115c1a62cf49672e3bfa7c3	87.63	87.52	0.08	67208	3095	359	73881	206fc272e12be1544a3ec1c3fc502cabf793a94e95bbb2b18cd4cb5c950bf253	b3a0e8b4c700da855eee5a5133165267e01b888b18637064f179697a044b6b8f	0
pr67_7633ebb	7633ebb4a0d966dbda15a4e32d0efa492fb71aeb	tf	4	c66f48980d07eb542aa6a0f6f0a0e3c6651828e1d115c1a62cf49672e3bfa7c3	81.72	81.58	0.05	67080	3302	374	78608	bd489f3f97149139d87f4273ab263b476b07dc7fceb64bb34dce9e9bd23053bc	4e7f4cc9cf6dfe901372b07ea992072cbc6656fec44cefce1a3fa08db56cfdcb	0
pr67_7633ebb	7633ebb4a0d966dbda15a4e32d0efa492fb71aeb	tf	5	c66f48980d07eb542aa6a0f6f0a0e3c6651828e1d115c1a62cf49672e3bfa7c3	82.53	82.5	0.04	67208	3133	371	74867	5ee447c91a9bb803112072d9aaeeb4f155a5c227c8becf186ca510d0acdcd14e	48dff9ad4c45fd3ca136dd19b4313c9baf210f9c3c786266c3f23001cae666af	0
pr67_7633ebb	7633ebb4a0d966dbda15a4e32d0efa492fb71aeb	tf	6	c66f48980d07eb542aa6a0f6f0a0e3c6651828e1d115c1a62cf49672e3bfa7c3	88.85	88.72	0.08	67208	3445	409	82191	039cac29f7a6fc18cb99a730412e8fd145ebd798d9054f0aebe67d047d3055bf	50e2c6891e6c3677f8d37e46db42dbe35865c7951f210786902b3724cfdbff97	0
pr67_7633ebb	7633ebb4a0d966dbda15a4e32d0efa492fb71aeb	tf	7	c66f48980d07eb542aa6a0f6f0a0e3c6651828e1d115c1a62cf49672e3bfa7c3	83.48	83.39	0.04	67080	3409	402	81345	222e4ae492c976ef72ec0fcbb7ba24b501b64f9be93e390ed034f7d47b167c5b	f76de04d7581818c667384cd0e5a106ff44199e39d288748d00950289cbb0af7	0
pr67_7633ebb	7633ebb4a0d966dbda15a4e32d0efa492fb71aeb	tf	8	c66f48980d07eb542aa6a0f6f0a0e3c6651828e1d115c1a62cf49672e3bfa7c3	82.08	82.02	0.04	67080	3780	419	89649	a5debeaa01221251e0c6320947de3760f9821cf46e7ae1ee2ba39c20ffcc189b	227aed0ef2348052bca30c0a0c5def6d99d5a0fc610c022263d36ed7de2b34b7	0
pr67_7633ebb	7633ebb4a0d966dbda15a4e32d0efa492fb71aeb	tf	9	c66f48980d07eb542aa6a0f6f0a0e3c6651828e1d115c1a62cf49672e3bfa7c3	84.82	84.74	0.06	67080	3580	415	85233	68199795199bb246b1ab7aada08e9785165d30ad2ddb45c422fd811437d9cf68	c48dcd933f89d626cfb43326e15c45c591344fc0a3371e977f9092c82ac703a9	0
pr67_7633ebb	7633ebb4a0d966dbda15a4e32d0efa492fb71aeb	tf	10	c66f48980d07eb542aa6a0f6f0a0e3c6651828e1d115c1a62cf49672e3bfa7c3	83.56	83.51	0.06	67080	3273	388	78175	6604473a33407bba4a80135169530729139b30b27c63c3b9573a92de7cb753dd	0ab0280a7b7f587c68fb10bf8d977719ad338b787242fa89c93cd1550710832c	0
pr67_7633ebb	7633ebb4a0d966dbda15a4e32d0efa492fb71aeb	tf	11	c66f48980d07eb542aa6a0f6f0a0e3c6651828e1d115c1a62cf49672e3bfa7c3	83.45	83.28	0.08	66956	3216	377	76772	d8c07aef918d6cf34c695e3e7c94f26f708e8e524541832ebf6895651aca4f97	f9f010a8269d899310c52939f76dfc6fffcd2bb00abb62887dba6a510304f017	0
pr67_7633ebb	7633ebb4a0d966dbda15a4e32d0efa492fb71aeb	tf	12	c66f48980d07eb542aa6a0f6f0a0e3c6651828e1d115c1a62cf49672e3bfa7c3	83.31	83.29	0.08	67084	3280	393	78400	eedc68ea686833858505672c8756f4d7dc7353220a6678315ae3b68a9416028a	7c2d8a9854f92131cb73ebeee647b17dfd10ad304a4e7bdf1ef20392bc6d4f3e	0
pr67_7633ebb	7633ebb4a0d966dbda15a4e32d0efa492fb71aeb	tf	13	c66f48980d07eb542aa6a0f6f0a0e3c6651828e1d115c1a62cf49672e3bfa7c3	83.05	82.94	0.06	67208	3010	369	72159	e6e2e8f680b309cdfa8a112114a2b0c10975522c863b127a4ad3ac3d4b7073e8	3e188be1d0ac7d855d88254b7f22f46269d819d3a1efe327b9a687077f15f4dd	0
pr67_7633ebb	7633ebb4a0d966dbda15a4e32d0efa492fb71aeb	tf	14	c66f48980d07eb542aa6a0f6f0a0e3c6651828e1d115c1a62cf49672e3bfa7c3	81.24	81.24	0.08	67076	3108	369	74319	5d91c7957e32e1090a3fab0b17945383ffc6e459af18ff554928ce61fdc77526	6e0b7d056fb218807408f056847b03e251aa346c387dc2cbe7b4757b11db66a7	0
pr67_7633ebb	7633ebb4a0d966dbda15a4e32d0efa492fb71aeb	tf	15	c66f48980d07eb542aa6a0f6f0a0e3c6651828e1d115c1a62cf49672e3bfa7c3	82.75	82.79	0.06	67208	3555	386	84266	662455cf6e39645b7891e41ae295a68cda5b826bca7e399992aac1036d006622	c87f94d83f51a62eeaf97c60a38522fdeee1ac227668ca053ce27c15379b1325	0
pr67_7633ebb	7633ebb4a0d966dbda15a4e32d0efa492fb71aeb	tf	16	c66f48980d07eb542aa6a0f6f0a0e3c6651828e1d115c1a62cf49672e3bfa7c3	82.48	82.43	0.07	67076	3274	377	78046	b2f152675573a46eced8c5444ff7815f602aa0e149eaf86a5d4383908c36a44e	801ed613d8c404f82917570dae3e552916f23f93c2dfdd993dd43343957bd840	0
pr67_7633ebb	7633ebb4a0d966dbda15a4e32d0efa492fb71aeb	tf	17	c66f48980d07eb542aa6a0f6f0a0e3c6651828e1d115c1a62cf49672e3bfa7c3	81.49	81.43	0.08	67208	3432	351	81154	a676428cbd36caaf36b8f9192e226ea87e7bea180899058419ff10738e80c151	56c6ea28e83ff2ea47e42c8994b1f03811e97ef66dcd279808083e0465a33fba	0
pr67_7633ebb	7633ebb4a0d966dbda15a4e32d0efa492fb71aeb	tf	18	c66f48980d07eb542aa6a0f6f0a0e3c6651828e1d115c1a62cf49672e3bfa7c3	83.17	83.06	0.06	67204	3043	384	73078	007aee767fbfdb5b9b660b8ff454ce0c52269989def2bfaa35f5fe6057eb1e66	38edc3bb016c8aa0566c0eeca42a24887095ef0373757a372078daf3bcb1fe7e	0
pr67_7633ebb	7633ebb4a0d966dbda15a4e32d0efa492fb71aeb	tf	19	c66f48980d07eb542aa6a0f6f0a0e3c6651828e1d115c1a62cf49672e3bfa7c3	84.51	84.41	0.05	67212	3394	382	80715	a32e600785a6e518361661f4616c1d4174a1a5419d2b43b1e913c1c61100b6ae	aaf4453d3fac3ee99eda7d330f465e2f44d13ea53ac8f0927071472d9e8e5934	0
pr67_7633ebb	7633ebb4a0d966dbda15a4e32d0efa492fb71aeb	tf	20	c66f48980d07eb542aa6a0f6f0a0e3c6651828e1d115c1a62cf49672e3bfa7c3	95.25	95.22	0.15	67208	3219	394	77059	951c6e510e42b452ea5c3a3598969d9d58f35667daf9a25c0df0395f65062b0c	dd6b7e8278e684f828ae1590e615959b782eef751ec966fedc30eb2c746b8608	0
pr67_7633ebb	7633ebb4a0d966dbda15a4e32d0efa492fb71aeb	tf	21	c66f48980d07eb542aa6a0f6f0a0e3c6651828e1d115c1a62cf49672e3bfa7c3	82.9	82.95	0.06	67080	3274	375	78014	b8a5d7f2a6390748ab158459f1c3fbef6b6495a4753e1f72845c22c6599d6744	3198b8eb3122756579b11d47108ad9870b6f1308b4fa97faea86d0f90a7b4b5d	0
pr67_7633ebb	7633ebb4a0d966dbda15a4e32d0efa492fb71aeb	tf	22	c66f48980d07eb542aa6a0f6f0a0e3c6651828e1d115c1a62cf49672e3bfa7c3	90.3	90.22	0.06	67208	3324	390	79272	e94e7b9df86b859b4f97a3c6968ca238b3223481ad32b4dd3e214a5b68f91cc2	45ca0e07bf041cd54b4c51da9ec7d3a3d60637bb2fe2f90e8d974e34185f6521	0
pr67_7633ebb	7633ebb4a0d966dbda15a4e32d0efa492fb71aeb	tf	23	c66f48980d07eb542aa6a0f6f0a0e3c6651828e1d115c1a62cf49672e3bfa7c3	87.81	87.81	0.06	67020	3500	372	82880	09af1afb5a7ffabf67e588f146838c21d5c55810613602d4108a8fac8d49ae3c	28fcfbe19d48bd384696af77a1808d9b6b05f38c902357a4ff6f00578dbb94a3	0
pr67_7633ebb	7633ebb4a0d966dbda15a4e32d0efa492fb71aeb	tf	24	c66f48980d07eb542aa6a0f6f0a0e3c6651828e1d115c1a62cf49672e3bfa7c3	84.86	84.79	0.06	67208	3172	372	75745	bcb21777b1a3825a724c717665fb740aac3f461db46ff7c547d413f3450ad146	5c6b5b8ab4e29699b8cb327c0daef26d97865405b0bab5504fb84047eaf1f482	0
pr67_7633ebb	7633ebb4a0d966dbda15a4e32d0efa492fb71aeb	tf	25	c66f48980d07eb542aa6a0f6f0a0e3c6651828e1d115c1a62cf49672e3bfa7c3	85.06	84.99	0.06	67208	3369	374	80047	5b1d63f8915753c096287b3542d7d67252f2666821306f8aeadbe1782898b13e	01b696d82d2ab587843b9ff0a37f0c3ca54707914ef34dc5f9c3cac4570bf6ff	0
pr67_7633ebb	7633ebb4a0d966dbda15a4e32d0efa492fb71aeb	tf	26	c66f48980d07eb542aa6a0f6f0a0e3c6651828e1d115c1a62cf49672e3bfa7c3	80.81	80.7	0.05	66960	3375	373	80182	908b6c8cd8047700d29a24d4b72a33150aeaf213afc349664567d309f8e4b6c2	ec6eb95674aec74fb3edf5051c1c8062cb794638d556d4f85f965d539022be70	0
pr67_7633ebb	7633ebb4a0d966dbda15a4e32d0efa492fb71aeb	tf	27	c66f48980d07eb542aa6a0f6f0a0e3c6651828e1d115c1a62cf49672e3bfa7c3	83.94	83.8	0.08	67212	3191	348	75830	7b66d2235ff214cb36f4f0dc16953c62b2ece4c647becc0f41784dde23464a5a	ce4c97c29ca2b3ca1ce382141c7043c3198e877c90a8e74a0644a0060d979ae3	0
pr67_7633ebb	7633ebb4a0d966dbda15a4e32d0efa492fb71aeb	tf	28	c66f48980d07eb542aa6a0f6f0a0e3c6651828e1d115c1a62cf49672e3bfa7c3	85.12	85.11	0.05	67204	3672	394	86920	dd6e5b8995b604f6fe51b293ba1af77bae66122b148f58ae4dd4d4084c77d1d6	f44e54dc480fb8906c197116723c154c0b0f1a8b14d6548945b140c04b54c729	0
pr67_7633ebb	7633ebb4a0d966dbda15a4e32d0efa492fb71aeb	tf	29	c66f48980d07eb542aa6a0f6f0a0e3c6651828e1d115c1a62cf49672e3bfa7c3	82.23	82.13	0.06	67208	3306	385	78868	0a3fa9ac48d3476b9ad7482c360dc706e989c74146d94f62e4d7d7c7c55b24cd	484023e8f1972d1af518461ff2962176166ac370435bc0d2d5c7af8a97c9592b	0
pr67_7633ebb	7633ebb4a0d966dbda15a4e32d0efa492fb71aeb	tf	30	c66f48980d07eb542aa6a0f6f0a0e3c6651828e1d115c1a62cf49672e3bfa7c3	82.27	82.26	0.05	67080	3219	405	77198	0da9466db7275f71aa69b8d6c4802efc8a25d48bee0a5d3fe0237b5b96baddda	56c668025b2267f3b05fc64f2e541fda20003288192337c141d2b8eab7591e78	0
pr67_7633ebb	7633ebb4a0d966dbda15a4e32d0efa492fb71aeb	tf	31	c66f48980d07eb542aa6a0f6f0a0e3c6651828e1d115c1a62cf49672e3bfa7c3	83.36	83.3	0.08	67080	3296	390	78701	5de00d01d5ac87bbf623e5a41ccb7720b095aa0ba74c8233667290cee871c6f1	aba0fdc6c03587c338d4feb30c25232ada198bd45289c9d75e07b0b56aad15b1	0
pr67_7633ebb	7633ebb4a0d966dbda15a4e32d0efa492fb71aeb	tf	32	c66f48980d07eb542aa6a0f6f0a0e3c6651828e1d115c1a62cf49672e3bfa7c3	82.06	81.98	0.04	67208	3276	384	78185	c18feb81cc666f42dc8e1be16ebb2be16a966de58f72cbf6c9e4a0b1d123a4b7	270a0bf634c5db7231615ba8d28050073fab1f8e6dfc861cc815ef269d048376	0
pr67_7633ebb	7633ebb4a0d966dbda15a4e32d0efa492fb71aeb	tf	33	c66f48980d07eb542aa6a0f6f0a0e3c6651828e1d115c1a62cf49672e3bfa7c3	81.1	81.06	0.05	67208	3097	401	74512	722351c71bec5a5de633225fa9e8d9d41c8ca07c38e03bfbdd633298a5534516	00036726bb7b441fec90b9685fd6e55389a8020cb83cccd476ab2f83c80aa1ea	0
pr67_7633ebb	7633ebb4a0d966dbda15a4e32d0efa492fb71aeb	tf	34	c66f48980d07eb542aa6a0f6f0a0e3c6651828e1d115c1a62cf49672e3bfa7c3	81.0	80.98	0.08	67080	3413	388	81207	cc06b5d35b4b331d59dabff269afa2a8176abda846890b7fec140018981894b6	c2acd95fd3b55803b2283082b2a022ddd69aa3eccf162a71e8e4698f3ac7e808	0
pr67_7633ebb	7633ebb4a0d966dbda15a4e32d0efa492fb71aeb	tf	35	c66f48980d07eb542aa6a0f6f0a0e3c6651828e1d115c1a62cf49672e3bfa7c3	80.9	80.79	0.07	67088	3251	349	77195	1a244654213f4bb3e1fc9ebe2a920b6abffff97fb0ca2f51a7c74ce08039e2a1	dc7319f9779a000a6af53e4f8a5f9792815d3211cc495c20af41152563dc8634	0
pr67_7633ebb	7633ebb4a0d966dbda15a4e32d0efa492fb71aeb	tf	36	c66f48980d07eb542aa6a0f6f0a0e3c6651828e1d115c1a62cf49672e3bfa7c3	81.1	81.02	0.05	67080	3185	382	76146	69550fd1bcfa8b3f0f24c874e1f4d495c0f4ab7967cbdbce70831cb4f3a7168d	2f0dc305ab5a9bea07671c6b0f08fea6b171953dd2bd512ecc64e3c0d460b9e8	0
pr67_7633ebb	7633ebb4a0d966dbda15a4e32d0efa492fb71aeb	tf	37	c66f48980d07eb542aa6a0f6f0a0e3c6651828e1d115c1a62cf49672e3bfa7c3	82.79	82.65	0.06	67208	3575	373	84599	2bdef83c5b976e894847c395942932a9a98a7b22e508e3adb99eec71e98a5f9e	f79b48dab389575ae1e5b722199faf6773309aa4375ac7f2ca9a902557cae029	0
pr67_7633ebb	7633ebb4a0d966dbda15a4e32d0efa492fb71aeb	tf	38	c66f48980d07eb542aa6a0f6f0a0e3c6651828e1d115c1a62cf49672e3bfa7c3	84.16	84.13	0.08	67208	3380	407	80705	413268434e638227fd9753f6233652860f7476380ed0a6a4256d8b035e581d66	8209cd8b56a4c900c08c476379f32fcf4affca3536bc2fe78d01039e811e4421	0
pr67_7633ebb	7633ebb4a0d966dbda15a4e32d0efa492fb71aeb	tf	39	c66f48980d07eb542aa6a0f6f0a0e3c6651828e1d115c1a62cf49672e3bfa7c3	81.42	81.3	0.08	67208	3366	400	80353	7d0b13d6e6df93b870fcc7eec38eb634ca88252256e03333d9c811911f1c4dce	3bb75669bff9216d0e204bfbf50183234ad9fc0c750372cae56f2f94cc0d0d45	0
pr67_7633ebb	7633ebb4a0d966dbda15a4e32d0efa492fb71aeb	tf	40	c66f48980d07eb542aa6a0f6f0a0e3c6651828e1d115c1a62cf49672e3bfa7c3	81.76	81.78	0.04	67208	3201	390	76620	d0314e83e2aec5f0e1a9d9e00f488c3044fbef62d4c1a03331aafee4221e8008	a21a6fa0db522ccc3ac6033509705ab9e9bef1860a981777679bb29d39e21975	0
pr67_7633ebb	7633ebb4a0d966dbda15a4e32d0efa492fb71aeb	tf	41	c66f48980d07eb542aa6a0f6f0a0e3c6651828e1d115c1a62cf49672e3bfa7c3	83.9	83.9	0.07	67080	3709	362	87366	8d867663a975dbedf14dae9f35e755b251b99d397e8b430ce1e1b6c113881126	7eacc0766b083efc7449e7eadc88cc6fc17c14ffbedb2f6caeba06e0299313a7	0
pr67_7633ebb	7633ebb4a0d966dbda15a4e32d0efa492fb71aeb	tf	42	c66f48980d07eb542aa6a0f6f0a0e3c6651828e1d115c1a62cf49672e3bfa7c3	81.7	81.65	0.05	67076	3547	371	83938	d41e88349ec178a0c111edd781543f40f70880216e059c9ab867f3a5a80ec93f	476533c87c8cd810b4200576119668f4aeb79883a58b5767d5dc258adcb18bf1	0
pr67_7633ebb	7633ebb4a0d966dbda15a4e32d0efa492fb71aeb	tf	43	c66f48980d07eb542aa6a0f6f0a0e3c6651828e1d115c1a62cf49672e3bfa7c3	84.65	84.64	0.07	67208	3678	413	87334	80747f10aa5ae2f2c7ad9c030953b373adcf7c8356356e43d33d6147130bb5f7	4e4e94530da962168b89c4e6c1e70a23fed94c42f1f5b57d0bd9912ac145f99a	0
pr67_7633ebb	7633ebb4a0d966dbda15a4e32d0efa492fb71aeb	tf	44	c66f48980d07eb542aa6a0f6f0a0e3c6651828e1d115c1a62cf49672e3bfa7c3	98.62	98.47	0.06	67204	3632	398	86156	196b29f2dd20515d01d9503a3340732edb838fb0b1139af5ad427b815f1bf587	ab39941191b06425dc41400abd7d8a4bcb0e90147f7bf36f4c7c2297e8fd2691	0
pr67_7633ebb	7633ebb4a0d966dbda15a4e32d0efa492fb71aeb	tf	45	c66f48980d07eb542aa6a0f6f0a0e3c6651828e1d115c1a62cf49672e3bfa7c3	83.0	82.93	0.06	67080	3269	385	78024	16a9746579ce7f6f3492c7b3eecd934a30b00b58e75027407636bcc4583a731f	33a214eca06af389085f5aa849cacdc5912b2a7d3195c9793e47017c124e84ae	0
pr67_7633ebb	7633ebb4a0d966dbda15a4e32d0efa492fb71aeb	tf	46	c66f48980d07eb542aa6a0f6f0a0e3c6651828e1d115c1a62cf49672e3bfa7c3	87.84	87.7	0.07	67104	3524	369	83392	bfbe915c81070e1ffd617ed6159e1118ce9200ab8dc5b91f501387861c3bd289	97efdb82bcd1bdfcc0150f2fba6a3b02cf46f2605e94d720264a310289ca7434	0
pr67_7633ebb	7633ebb4a0d966dbda15a4e32d0efa492fb71aeb	tf	47	c66f48980d07eb542aa6a0f6f0a0e3c6651828e1d115c1a62cf49672e3bfa7c3	86.76	86.72	0.04	67336	3295	377	78504	c721ab228675b1ec4ade4db508faabc1bdd80fc6f25d43bad47243c43781c811	adcb05b12171b30e7e1e5e65d297ea87b35bfaa76bec1f06362b890a7bc18a06	0
pr67_7633ebb	7633ebb4a0d966dbda15a4e32d0efa492fb71aeb	tf	48	c66f48980d07eb542aa6a0f6f0a0e3c6651828e1d115c1a62cf49672e3bfa7c3	81.72	81.62	0.06	67208	3079	374	73731	db67a7d3d3f16c6d039c97a9b24d26bb7442f0184b7fc8848de7efd17f136b70	95ef853117eed656a17e2f9f36a86401b63f29bb092e674c4308c8c1ccb6dfa9	0
pr67_7633ebb	7633ebb4a0d966dbda15a4e32d0efa492fb71aeb	tf	49	c66f48980d07eb542aa6a0f6f0a0e3c6651828e1d115c1a62cf49672e3bfa7c3	82.89	82.82	0.05	67208	3482	350	82250	bb113c3a08e2b41188c191ddac7acf727fec410b5cf46ba78d9c9bec3f2650cb	23a10e462589e57d03a19ab4662010e67a28696d258543dc1447e00428d542cb	0
pr67_7633ebb	7633ebb4a0d966dbda15a4e32d0efa492fb71aeb	tf	50	c66f48980d07eb542aa6a0f6f0a0e3c6651828e1d115c1a62cf49672e3bfa7c3	81.6	81.54	0.06	67208	3233	374	77082	14f12e1273500e07ecf1197965111ee7c2afa7fb16dbdd9b7439133702f6734f	f5b30d92bf1db16384bce276cc261296351da14d10ced9ccfaf8076aaf16f621	0
pr67_7633ebb	7633ebb4a0d966dbda15a4e32d0efa492fb71aeb	tf	51	c66f48980d07eb542aa6a0f6f0a0e3c6651828e1d115c1a62cf49672e3bfa7c3	81.33	81.26	0.05	67028	3475	393	82675	427aa0defc9223f287be22fc8806a304f3c420d8a0d8d0d5a9dd4990b131938c	4247ac6c74055d853dd080a7e04c665f89d2aae40d79f383e9f14ef67e2ec104	0
pr67_7633ebb	7633ebb4a0d966dbda15a4e32d0efa492fb71aeb	tf	52	c66f48980d07eb542aa6a0f6f0a0e3c6651828e1d115c1a62cf49672e3bfa7c3	81.61	81.57	0.05	67208	3256	366	77526	f8e20848d52f1335e92e93cca070e9552d99fcaeb0887bf94d1fd506f14fca62	0f86b18dcfecf55c7dc1e4dde212aae6923476e0d9e0629500b53f85e0212aba	0
pr67_7633ebb	7633ebb4a0d966dbda15a4e32d0efa492fb71aeb	tf	53	c66f48980d07eb542aa6a0f6f0a0e3c6651828e1d115c1a62cf49672e3bfa7c3	88.39	88.42	0.06	67080	3163	372	75551	49d9678a266438d86c1e0279d2f51107f37dea9c6665bd82fe7c3afd0ab0a580	ff101facb134cb61d4918858a7e3f1dddb93c5865b18ea7415abf9a416b80116	0
pr67_7633ebb	7633ebb4a0d966dbda15a4e32d0efa492fb71aeb	tf	54	c66f48980d07eb542aa6a0f6f0a0e3c6651828e1d115c1a62cf49672e3bfa7c3	82.31	82.27	0.05	67076	3359	398	80169	547550ae03bc16b0fecc3a434644cd97b6eedba8af10a0f33add0fd43f429fb3	44f8afdf5ff6316e1bbecca70f6aa35e0493c4d28aa062c161784aad14a590dc	0
pr67_7633ebb	7633ebb4a0d966dbda15a4e32d0efa492fb71aeb	tf	55	c66f48980d07eb542aa6a0f6f0a0e3c6651828e1d115c1a62cf49672e3bfa7c3	83.04	82.93	0.06	67180	3043	362	72795	ccf89f7b77cc8d7b76111922edb47ee792053a7b68999bfb931ffef2f0d0db42	6d57bd783397feedf6aa577a98f9ab7783b44369a8358f32ec72fffd8a38031a	0
pr67_7633ebb	7633ebb4a0d966dbda15a4e32d0efa492fb71aeb	tf	56	c66f48980d07eb542aa6a0f6f0a0e3c6651828e1d115c1a62cf49672e3bfa7c3	83.89	83.84	0.05	67208	3148	371	75209	de89bd310ba39c3a2927ee525c6d1375a1080acfcf7fee7b25718274d04fe65e	84b7c554c13b7261574fa50d36db990e8d88737fa85af2af476fe93d7a57b082	0
pr67_7633ebb	7633ebb4a0d966dbda15a4e32d0efa492fb71aeb	tf	57	c66f48980d07eb542aa6a0f6f0a0e3c6651828e1d115c1a62cf49672e3bfa7c3	85.51	85.34	0.06	67208	3795	364	89260	c3f37a2217f4d12cb6904e327d5e06b81475b98d68dc224d22a0ff54ad6ea096	3ddbe9c8bcaa87e32374a6449de30808d2651c08aecab64b43025cd27b9328d7	0
pr67_7633ebb	7633ebb4a0d966dbda15a4e32d0efa492fb71aeb	tf	58	c66f48980d07eb542aa6a0f6f0a0e3c6651828e1d115c1a62cf49672e3bfa7c3	81.81	81.79	0.06	67076	3081	366	73689	2466c664aa619a81b3079114e32b272e2a4f52c6ed895e77e4a7c072c42bca6d	1641c12d05bbfaec836ee977e03f9fa3a79f25e734ffe9ecf8b146b1e2955dc1	0
pr67_7633ebb	7633ebb4a0d966dbda15a4e32d0efa492fb71aeb	tf	59	c66f48980d07eb542aa6a0f6f0a0e3c6651828e1d115c1a62cf49672e3bfa7c3	81.52	81.35	0.06	67208	3563	402	84654	b8c09064493fed5690472cd06aeba9bc97c30366e8558d2a4f0524ab3b798ad2	256217cf75e97cad4e7bc30a45065d75918a53c91ef6716a4e4c9066347137e6	0
pr67_7633ebb	7633ebb4a0d966dbda15a4e32d0efa492fb71aeb	tf	60	c66f48980d07eb542aa6a0f6f0a0e3c6651828e1d115c1a62cf49672e3bfa7c3	81.73	81.53	0.06	67080	3480	391	82693	576672def5799d5adfc182ff9dce0e7c936cd6471c1fcaf9e84981e25bf87959	6415000588e7f6cffcb2991b6e82ccf22a42ff49bd0c1a0d374d181a8046de90	0
pr67_7633ebb	7633ebb4a0d966dbda15a4e32d0efa492fb71aeb	tf	61	c66f48980d07eb542aa6a0f6f0a0e3c6651828e1d115c1a62cf49672e3bfa7c3	83.2	83.14	0.02	67208	3482	369	82490	1773411be066be1987591c2024e37942c9476f7d2de33ac306af77992a761849	49d24fc6430771937008d39dedb692104ea11b4216297072875f11c9efcf7c25	0
pr67_7633ebb	7633ebb4a0d966dbda15a4e32d0efa492fb71aeb	tf	62	c66f48980d07eb542aa6a0f6f0a0e3c6651828e1d115c1a62cf49672e3bfa7c3	89.4	89.23	0.04	67144	3512	375	83191	2be257205a4c1738cf8a5c44ed3102c01add2dc5a509a66ff55b567c2798ab0d	8f8210df7de00b9835cc76d7eaf9a212ac9c4a0bcf874043c327d55c1739da33	0
pr67_7633ebb	7633ebb4a0d966dbda15a4e32d0efa492fb71aeb	tf	63	c66f48980d07eb542aa6a0f6f0a0e3c6651828e1d115c1a62cf49672e3bfa7c3	82.8	82.69	0.04	67080	3560	382	84392	25cc7584a52ee8370c30fd35beed374d19ac60cb10ab4c355e2371b6bd45f7f3	fb178856f364908a5f83311c762d91689ca829d2308f00b062f555531b8371ed	0
pr67_7633ebb	7633ebb4a0d966dbda15a4e32d0efa492fb71aeb	tf	64	c66f48980d07eb542aa6a0f6f0a0e3c6651828e1d115c1a62cf49672e3bfa7c3	82.87	82.76	0.05	67084	3321	381	79098	e7a2e4078866b11a6b1e0025f46caa4e9cc8d957a700541cc34252386693664e	f94f1cbcee9c1ce375ff61a61beb831c056b010436fb4f9c095a4b7a2b860f9e	0
pr67_7633ebb	7633ebb4a0d966dbda15a4e32d0efa492fb71aeb	tf	65	c66f48980d07eb542aa6a0f6f0a0e3c6651828e1d115c1a62cf49672e3bfa7c3	87.87	87.74	0.06	67204	3220	375	76816	34b744eae839f496f2ec51a677e1e3d9d0c99b7390f726c64d5738b4eb4366d4	b1d27d5235306f9adeb687fcf85223795047ceae21c3d0bb91bae9391591f065	0
pr67_7633ebb	7633ebb4a0d966dbda15a4e32d0efa492fb71aeb	tf	66	c66f48980d07eb542aa6a0f6f0a0e3c6651828e1d115c1a62cf49672e3bfa7c3	83.94	83.91	0.05	67336	3310	363	78595	bc03fbe01203840176e0eb22a0e7eaeb356112ae01a2a64247b0976c10bf19a2	62058d5bc2260f6bb1b3e4effd6adea978116bff576411c41ea01a98f569e9e8	0
pr67_7633ebb	7633ebb4a0d966dbda15a4e32d0efa492fb71aeb	tf	67	c66f48980d07eb542aa6a0f6f0a0e3c6651828e1d115c1a62cf49672e3bfa7c3	83.07	83.04	0.06	67208	3089	374	73935	00085222637e5a805d4c175dd3c40229b83aa2652a3dcc0ef33f2d629777a8da	8e1f7777742bd883634d84bd1fd98a1c3ed042f09f3aeb252872b48d48a2b46d	0
pr67_7633ebb	7633ebb4a0d966dbda15a4e32d0efa492fb71aeb	tf	68	c66f48980d07eb542aa6a0f6f0a0e3c6651828e1d115c1a62cf49672e3bfa7c3	82.7	82.62	0.08	67080	3443	393	81934	478315ad2a22270a7ac88d63c99794682bbf2e43d0b11b47954db857a137562f	e38fcacd917e572dd57327e7bec64818db53db26292f11895b2a2e731330ce6a	0
pr67_7633ebb	7633ebb4a0d966dbda15a4e32d0efa492fb71aeb	tf	69	c66f48980d07eb542aa6a0f6f0a0e3c6651828e1d115c1a62cf49672e3bfa7c3	83.62	83.58	0.03	67208	3766	381	88859	26afba06de310a0c543df9df230f41759243e8fd104824ef6746d6ffb5cdf868	ff82eb1190d657b1052e0237c4ce7b0d69e1d29c326da2b9d65c6cb63523ec77	0
pr67_7633ebb	7633ebb4a0d966dbda15a4e32d0efa492fb71aeb	tf	70	c66f48980d07eb542aa6a0f6f0a0e3c6651828e1d115c1a62cf49672e3bfa7c3	85.85	85.78	0.06	67208	3443	392	81932	d2f5b48be935f4c1ba26d56eacc56dc55d93abfe874b8cee49c3b9f05c64aaed	9ac3589fe00006c28b5ca8bcc21cdf4788fd2cdf8835605d6adffe576a43859e	0
pr67_7633ebb	7633ebb4a0d966dbda15a4e32d0efa492fb71aeb	tf	71	c66f48980d07eb542aa6a0f6f0a0e3c6651828e1d115c1a62cf49672e3bfa7c3	81.42	81.33	0.09	67208	3272	373	77950	369dc8a670fbff2321663d851769d5adcbf03dddeed3775c922082cad484f071	d93fb7f9328dc24ec42861a4fa6d1b86c68f4430dd6c9fba6901f2fb0cb26072	0
pr67_7633ebb	7633ebb4a0d966dbda15a4e32d0efa492fb71aeb	tf	72	c66f48980d07eb542aa6a0f6f0a0e3c6651828e1d115c1a62cf49672e3bfa7c3	82.57	82.49	0.07	67080	3023	374	72514	d2ae8709e5fcd2137fc503fecf903991d1e16a4b2528e4a7cfa7a5df63bfe124	15ec9ba90cd2023a7bc68ea0be6f14a91beaac17b4f4f1e6d93610f46da8e56d	0
pr67_7633ebb	7633ebb4a0d966dbda15a4e32d0efa492fb71aeb	tf	73	c66f48980d07eb542aa6a0f6f0a0e3c6651828e1d115c1a62cf49672e3bfa7c3	81.84	81.76	0.04	67204	3258	387	77824	95be41a282d8ced3b3c14e825d53fd7cebd305800663bfc6bc2140ad766d970c	c38d853c165df9459816927fe0274c0e61023e0699d66770c1f8fedbd0a42abd	0
pr67_7633ebb	7633ebb4a0d966dbda15a4e32d0efa492fb71aeb	tf	74	c66f48980d07eb542aa6a0f6f0a0e3c6651828e1d115c1a62cf49672e3bfa7c3	80.99	80.99	0.05	66952	3250	380	77559	eb8b550dba7ede3b663071ab1c4f10b990ac046d441a40864380bbf1bb469f65	6131be276d0f4a1967e2a092328b61bc87631b41c3f0cc89c8f66088d5429ccb	0
pr67_7633ebb	7633ebb4a0d966dbda15a4e32d0efa492fb71aeb	tf	75	c66f48980d07eb542aa6a0f6f0a0e3c6651828e1d115c1a62cf49672e3bfa7c3	80.93	80.83	0.06	67208	3093	370	73944	11deddc81d3705e9f3eea9248e2b47ce15144f6ccc6455be8d1c5e4a79ccd7e0	e59549a4a0b8515c185f5b06e2b5373baf0b983dad57bc7775b330e646ebb7e3	0
pr67_7633ebb	7633ebb4a0d966dbda15a4e32d0efa492fb71aeb	tf	76	c66f48980d07eb542aa6a0f6f0a0e3c6651828e1d115c1a62cf49672e3bfa7c3	81.01	80.92	0.07	67080	3293	374	78393	cf5a4c1b017b53978b437c5a81ba76af0a26129d1f69e58dbf59d3c3eb2da940	b88bc49087d9f6aa7a3c0b2d6e847b51e2dadcae4de32d15d5da8b06d8d62524	0
pr67_7633ebb	7633ebb4a0d966dbda15a4e32d0efa492fb71aeb	tf	77	c66f48980d07eb542aa6a0f6f0a0e3c6651828e1d115c1a62cf49672e3bfa7c3	80.92	80.87	0.06	67208	3380	393	80567	a1dc3750d8eee4b88992c9685061fc3cdb53b1d1135c5da2abcdc3b46293d1a2	2652bd39b0b0088e3f93ff776511884b600ab00f75833d13d5babb3945ebb017	0
pr67_7633ebb	7633ebb4a0d966dbda15a4e32d0efa492fb71aeb	tf	78	c66f48980d07eb542aa6a0f6f0a0e3c6651828e1d115c1a62cf49672e3bfa7c3	81.7	81.63	0.05	67208	3544	378	83996	98a0920377a50f1df88d55adcbc8994c47a4619e210a912ee88949bf33fed105	31a7f9629bbc63ed3fed458c4b59ddf0208f72761112a4ba6e58905761a15302	0
pr67_7633ebb	7633ebb4a0d966dbda15a4e32d0efa492fb71aeb	tf	79	c66f48980d07eb542aa6a0f6f0a0e3c6651828e1d115c1a62cf49672e3bfa7c3	80.59	80.56	0.02	67204	3525	384	83590	aa2de5b283aa3d0a4e55c08cf64de44d6c542b9587a716e61b8c1d20f224a52f	8444a1f5df5acc533ab52790ba6e89cb2face66d0a52eb101b1fccfc1318a7d5	0
pr67_7633ebb	7633ebb4a0d966dbda15a4e32d0efa492fb71aeb	tf	80	c66f48980d07eb542aa6a0f6f0a0e3c6651828e1d115c1a62cf49672e3bfa7c3	81.88	81.81	0.05	67208	3645	414	86627	8c284ab8c45c6a4720751b57b5835105d0e5db3aac0fb1ea111efd9dc21188c0	7dcd71094b62702a7d93776969a1e5f4ada79737bad9843779be13f0d382e30e	0
pr67_7633ebb	7633ebb4a0d966dbda15a4e32d0efa492fb71aeb	tf	81	c66f48980d07eb542aa6a0f6f0a0e3c6651828e1d115c1a62cf49672e3bfa7c3	81.59	81.46	0.11	67212	3082	368	73674	48ba4800e7c84cf6c75cecaa17b796a6ace74a7fc5cf55d5f2bcd613328291c8	df0c1b1dda15d13d3e0a02051c51ca7a6e11f14a5c7084a4d5e3f9eb2e19f062	0
pr67_7633ebb	7633ebb4a0d966dbda15a4e32d0efa492fb71aeb	tf	82	c66f48980d07eb542aa6a0f6f0a0e3c6651828e1d115c1a62cf49672e3bfa7c3	79.66	79.57	0.06	67208	3170	378	75777	65dc98b06569b05ac3580d98e4741816eb34197820156f30d1dc7bb3522d6c9d	302c64a782b0d3d4585785e6b559464c421ee0e5014990f39c70354d0ab1e102	0
pr67_7633ebb	7633ebb4a0d966dbda15a4e32d0efa492fb71aeb	tf	83	c66f48980d07eb542aa6a0f6f0a0e3c6651828e1d115c1a62cf49672e3bfa7c3	81.14	81.09	0.06	67080	3340	350	79140	35cf3a92bd2099fa0765b6f89e0219da1c3643c35ab00ccc8d4b003c257670c6	d8fe10666a16481443a88ca03557d32627d831971264b434c1463972837174e5	0
pr67_7633ebb	7633ebb4a0d966dbda15a4e32d0efa492fb71aeb	tf	84	c66f48980d07eb542aa6a0f6f0a0e3c6651828e1d115c1a62cf49672e3bfa7c3	81.06	80.94	0.08	67076	3470	414	82790	a8dc07e9305ed4cf2956806e4acd9f162701227859353868e6d718f3bd5df650	1e7632e6156ce939601d31acd4a18d6e6fab10f78d4e7cb8b06d7bf3b6aa7b15	0
pr67_7633ebb	7633ebb4a0d966dbda15a4e32d0efa492fb71aeb	tf	85	c66f48980d07eb542aa6a0f6f0a0e3c6651828e1d115c1a62cf49672e3bfa7c3	80.24	80.17	0.05	67208	2939	383	70754	0da67f309ddbe7c94f3cf1e48ec116f043bca0c763ea7e51f24fc75961b26644	d9045a441f1219fd128febc55f4dac21a28b32631a65f5c36b265c5be072ed79	0
pr67_7633ebb	7633ebb4a0d966dbda15a4e32d0efa492fb71aeb	tf	86	c66f48980d07eb542aa6a0f6f0a0e3c6651828e1d115c1a62cf49672e3bfa7c3	81.99	81.92	0.06	67208	3324	386	79216	5932a813edc18d01d380d465496a9d25448ca229f256cd8fcf5ab9beac1f94b6	2fc45d99e4c18cfb946a75878c908395a80f0cd5b80dc8770f5f6261a30bae73	0
pr67_7633ebb	7633ebb4a0d966dbda15a4e32d0efa492fb71aeb	tf	87	c66f48980d07eb542aa6a0f6f0a0e3c6651828e1d115c1a62cf49672e3bfa7c3	80.91	80.8	0.05	67204	3197	383	76440	ce43ebd23b35a7341ec5a04f0c54dc0a00cf57da7f51d4e4df00c71e5e16f870	1c9022aa4bc29521938da914e16363df6cc75dc353a1776c4cc3104bc1063f71	0
pr67_7633ebb	7633ebb4a0d966dbda15a4e32d0efa492fb71aeb	tf	88	c66f48980d07eb542aa6a0f6f0a0e3c6651828e1d115c1a62cf49672e3bfa7c3	79.85	79.76	0.05	67080	3555	390	84386	abceed9a6419c275e53c65a81ca7d43ac865d7461d7016ed618794b550e32364	49636708c02380b178d9c09e675593fb49dc7df9152f8aab6d6a602aa18a42d2	0
pr67_7633ebb	7633ebb4a0d966dbda15a4e32d0efa492fb71aeb	tf	89	c66f48980d07eb542aa6a0f6f0a0e3c6651828e1d115c1a62cf49672e3bfa7c3	80.56	80.48	0.06	67208	3535	385	83830	d44412fafbb3abb4362fcab60ff227a9e403d046ebe0b7a2aa04ab59eaa21040	dce0d05abd5913460618b3056d05ea25f6711aa4aa17ae4c3b09c432c33f7d88	0
pr67_7633ebb	7633ebb4a0d966dbda15a4e32d0efa492fb71aeb	tf	90	c66f48980d07eb542aa6a0f6f0a0e3c6651828e1d115c1a62cf49672e3bfa7c3	81.28	81.1	0.09	67080	3053	375	73141	e6f8f5eb97c2d0cd1b8f870b18b9ed5668611a1d5cbbc14591ddbaf04f950304	d869d8b2683f55e6c68de5db3f4216ae65ab61dcc3deda266e78940cf93402ed	0
pr67_7633ebb	7633ebb4a0d966dbda15a4e32d0efa492fb71aeb	tf	91	c66f48980d07eb542aa6a0f6f0a0e3c6651828e1d115c1a62cf49672e3bfa7c3	80.47	80.42	0.06	67208	3267	378	77879	58eb38ff8f4b74278b9ffce102528219eba8471410a4e8f90e2e66f0ba815a17	1d1b8d7cdb17b288bb135b91ecb36c30922a5d8466bdbcc907f35c80220b5a9e	0
pr67_7633ebb	7633ebb4a0d966dbda15a4e32d0efa492fb71aeb	tf	92	c66f48980d07eb542aa6a0f6f0a0e3c6651828e1d115c1a62cf49672e3bfa7c3	80.16	80.11	0.03	67208	3619	399	85871	8a4d16f070adadcb926c7b455a4165e4aef47bb20381cdd33f1c25744564a1a9	16816cb819a020ea7eaf26f2010591d6f59e1546a4f6867e9e20e39a3823801e	0
pr67_7633ebb	7633ebb4a0d966dbda15a4e32d0efa492fb71aeb	tf	93	c66f48980d07eb542aa6a0f6f0a0e3c6651828e1d115c1a62cf49672e3bfa7c3	80.8	80.74	0.06	67208	3273	358	77802	08e1abe1ac24c0bca6ab0bc56d6c6c0a224325dcf54c0a29df2aab3a5fb7c731	e3b14b5ee0c640eae17bf8b6510d0cf0dcc74274234c66b8711ea8cebd81a666	0
pr67_7633ebb	7633ebb4a0d966dbda15a4e32d0efa492fb71aeb	tf	94	c66f48980d07eb542aa6a0f6f0a0e3c6651828e1d115c1a62cf49672e3bfa7c3	81.23	81.16	0.06	67080	3104	358	74083	959ecbd376cb25bcc24200269c6368f85b9701266c6c79cf637862418228edd2	e984d713a4655caa002db72e227531c01507f3629ca350b2670322a6424b10a4	0
pr67_7633ebb	7633ebb4a0d966dbda15a4e32d0efa492fb71aeb	tf	95	c66f48980d07eb542aa6a0f6f0a0e3c6651828e1d115c1a62cf49672e3bfa7c3	80.88	80.85	0.04	67080	3305	406	79091	5d1a4e241f990ce8975aad9f02a0ae7cbe9c794aa9af6ad94c0c9f980812e370	8727f4a168fc99ea852ac09e1d578f7be636b906e7311071c690843f9720a732	0
pr67_7633ebb	7633ebb4a0d966dbda15a4e32d0efa492fb71aeb	tf	96	c66f48980d07eb542aa6a0f6f0a0e3c6651828e1d115c1a62cf49672e3bfa7c3	81.62	81.58	0.04	67204	3578	419	85212	392e06ed21ad5b59b9c63ca1ad13b636b3819535cca608097b43d5429d48c833	c0587e1456afca8d297d30d98301e59e391bda15ecbc25917bf766705753f1d4	0
pr67_7633ebb	7633ebb4a0d966dbda15a4e32d0efa492fb71aeb	tf	97	c66f48980d07eb542aa6a0f6f0a0e3c6651828e1d115c1a62cf49672e3bfa7c3	80.79	80.74	0.05	67208	3430	379	81439	909ca7c563e6e8ac16f703d10cd80b1736f30ad7a4706b51dc68904db8085cef	98fec3b1177d64e74108b0ceb30ec303261a6c9b1318b9b259ea9037cd7e6873	0
pr67_7633ebb	7633ebb4a0d966dbda15a4e32d0efa492fb71aeb	tf	98	c66f48980d07eb542aa6a0f6f0a0e3c6651828e1d115c1a62cf49672e3bfa7c3	80.11	80.07	0.02	67208	3459	388	82249	c0d33647e1d7ad4c1a1bda08ceb9d761f0bc360190d332247437c79b3dca2662	a9c68d5b8780570f5259ea6f03fb7a1825fe33a95ef7b38ced75ca4cc4bef292	0
pr67_7633ebb	7633ebb4a0d966dbda15a4e32d0efa492fb71aeb	tf	99	c66f48980d07eb542aa6a0f6f0a0e3c6651828e1d115c1a62cf49672e3bfa7c3	80.44	80.35	0.07	67040	3671	399	86988	8c60bddf10fca1f31fd269bfcdf2ae9e23315533c8e271f26bb03f208a82f4de	0be07c45fe2ade88676a7ee5295e49dcbc200c0eba62c1447a46b0572f18453f	0
pr67_7633ebb	7633ebb4a0d966dbda15a4e32d0efa492fb71aeb	tf	100	c66f48980d07eb542aa6a0f6f0a0e3c6651828e1d115c1a62cf49672e3bfa7c3	80.57	80.51	0.06	67204	3213	399	76991	8f14420413dee409b3b8c9e5d2fa77ae273624003afbbceef027f9d22d319a0f	90bd630d6f2f550f7ee403a5b2201d84e150cdb345a5eafc5f41dcb7ece14519	0
pr67_7633ebb	7633ebb4a0d966dbda15a4e32d0efa492fb71aeb	sig	1	c66f48980d07eb542aa6a0f6f0a0e3c6651828e1d115c1a62cf49672e3bfa7c3	336.11	336.04	0.08	68140	8419	1813	209243	f6ba9b6ea5ab4e4307059d8d5b7ea9fbd1db38a7670844c5c991a421dab7a04b	f41a19ea5dca5efa58013d3fffda6700a2c89570530e67dcf428a35d41099ced	0
pr67_7633ebb	7633ebb4a0d966dbda15a4e32d0efa492fb71aeb	sig	2	c66f48980d07eb542aa6a0f6f0a0e3c6651828e1d115c1a62cf49672e3bfa7c3	339.04	338.99	0.08	67884	8259	1715	204556	c80c0df5da8ece2880ff1b4adc5420c24609328e1a92b906303f6ae6f7c1bd4e	bfac1dfa3eff652c97e14e0b8eedbf17cc98d7121ff1ea24c4e4b7b27804a344	0
pr67_7633ebb	7633ebb4a0d966dbda15a4e32d0efa492fb71aeb	sig	3	c66f48980d07eb542aa6a0f6f0a0e3c6651828e1d115c1a62cf49672e3bfa7c3	330.89	330.82	0.08	68012	7693	1714	192127	3d2dca1d916fb796d5c05ac65a89daee53e3fa373baaa620eab00720df4da4ba	d269fdd331edfd521e76401a40ab3f1a731709d4373761bf130cc6a99fe20e1f	0
pr67_7633ebb	7633ebb4a0d966dbda15a4e32d0efa492fb71aeb	sig	4	c66f48980d07eb542aa6a0f6f0a0e3c6651828e1d115c1a62cf49672e3bfa7c3	341.16	341.21	0.04	67884	7948	1806	198918	5d8d14442c1e08f381c08e9b6b952550e03708685eebabc7d0796fd28d4b2cc0	d147f63df988fef3714f9843663f80a93a5b3b72091ca5281c9640c8af09c7ac	0
pr67_7633ebb	7633ebb4a0d966dbda15a4e32d0efa492fb71aeb	sig	5	c66f48980d07eb542aa6a0f6f0a0e3c6651828e1d115c1a62cf49672e3bfa7c3	340.78	340.66	0.05	67792	7708	1758	192973	a7f281f3a4b699135136417bd2924779fef5bb81430e61c307d25f6d5c9b2c70	8958977df2fd1ebda901b949e8728a03ec4cb82d78ecee69b08b802e0dad807f	0
pr67_7633ebb	7633ebb4a0d966dbda15a4e32d0efa492fb71aeb	sig	6	c66f48980d07eb542aa6a0f6f0a0e3c6651828e1d115c1a62cf49672e3bfa7c3	336.04	335.89	0.06	67652	8276	1798	205949	1ed82f7d10c5edd0d5765cd1c1d0bfd2e9055206d4b4ed5556c22722995be5b1	5cdd22b51417bb6b7023390152ded2cb549c646443abd01b3e9fe8b6544385f6	0
pr67_7633ebb	7633ebb4a0d966dbda15a4e32d0efa492fb71aeb	sig	7	c66f48980d07eb542aa6a0f6f0a0e3c6651828e1d115c1a62cf49672e3bfa7c3	338.41	338.29	0.08	68012	8340	1818	207662	7bec065a2b72b077ba92f95a55a17915264cf57f8e3bbdaae976e99a04f04327	1eb0a763a42e6a169975074cd6aa02de3803ac2391d69290c92ab6bc5362bba5	0
pr67_7633ebb	7633ebb4a0d966dbda15a4e32d0efa492fb71aeb	sig	8	c66f48980d07eb542aa6a0f6f0a0e3c6651828e1d115c1a62cf49672e3bfa7c3	338.18	337.98	0.13	68012	9193	1902	227400	8f1643160a54581cd11035af71be6323d06b76fde8793e120a7493868497f9a6	cc488edeedb6f797887a30c3c73fb3a428a05a7f97b0cadfaf4cf2521795ce8a	0
pr67_7633ebb	7633ebb4a0d966dbda15a4e32d0efa492fb71aeb	sig	9	c66f48980d07eb542aa6a0f6f0a0e3c6651828e1d115c1a62cf49672e3bfa7c3	339.65	339.54	0.08	67884	8123	1814	202862	b25dc6d557dafc0aabbf1d8f2a7f78600da8c745a4608d9aa501ae31ba6e7435	cd87acff4483d04bbc62fa2d6a7a54f557f02a25479029a85ca7382a2b19a472	0
pr67_7633ebb	7633ebb4a0d966dbda15a4e32d0efa492fb71aeb	sig	10	c66f48980d07eb542aa6a0f6f0a0e3c6651828e1d115c1a62cf49672e3bfa7c3	338.07	338.09	0.08	68012	8443	1863	210478	04f82aef0286a7312cf7d7dfd06e4accfa2ab9ad85bde6cea35c5b9bb0894eb0	e9b751cf11bddc2953e6387a1a568e4a21f17f6cbfcc0fca5b1a1bc81b870520	0
pr67_7633ebb	7633ebb4a0d966dbda15a4e32d0efa492fb71aeb	sig	11	c66f48980d07eb542aa6a0f6f0a0e3c6651828e1d115c1a62cf49672e3bfa7c3	337.85	337.67	0.07	67884	7983	1800	199614	1701f353e1f05a7e372c2d8979c3ceacd7dfab75cb9c33dce86e91d492310b2d	052cae2cebb2ffd552750e4dfc5dbb01d35e9796832709155f4e25a484ed4f8a	0
pr67_7633ebb	7633ebb4a0d966dbda15a4e32d0efa492fb71aeb	sig	12	c66f48980d07eb542aa6a0f6f0a0e3c6651828e1d115c1a62cf49672e3bfa7c3	334.37	334.15	0.07	67884	8148	1808	203356	d60354562b653e0ec6c6a0d7008be80cbd5871c1ee9b6e3402eeb2869f28fc0d	b9ea0fe15daf19da311d7debe28d52861668a0929bfa6656e9c678663310349b	0
pr67_7633ebb	7633ebb4a0d966dbda15a4e32d0efa492fb71aeb	sig	13	c66f48980d07eb542aa6a0f6f0a0e3c6651828e1d115c1a62cf49672e3bfa7c3	335.43	335.38	0.07	67884	7365	1680	184461	6b2e5a66f1e5dc428e0f6b95f395954a8d84dbab373ae9f8768c164d478ff8a3	d88c1579dde33a39739e19e4c42845ffe39e6bdbe41a7d97467b72071e775bf9	0
pr67_7633ebb	7633ebb4a0d966dbda15a4e32d0efa492fb71aeb	sig	14	c66f48980d07eb542aa6a0f6f0a0e3c6651828e1d115c1a62cf49672e3bfa7c3	336.35	336.16	0.06	67884	7608	1684	189895	d381f8f4cdea5d77456d1287902e55538700116e5deabd4b0a262a3af0933f13	600537e6d7b1c658382c94ac7f3e3612b8cdc09d6ce3ddd0e8aa2214b734f1f5	0
pr67_7633ebb	7633ebb4a0d966dbda15a4e32d0efa492fb71aeb	sig	15	c66f48980d07eb542aa6a0f6f0a0e3c6651828e1d115c1a62cf49672e3bfa7c3	335.09	335.08	0.09	68012	8555	1848	212671	173bedd195e04b32711fe67476b32271d4d359144a1819b26fcf890b3d8bbdd0	b784c628b17f42e8a538fee982df3e423e79ceca0dbf664a0ab585ab3b505c8d	0
pr67_7633ebb	7633ebb4a0d966dbda15a4e32d0efa492fb71aeb	sig	16	c66f48980d07eb542aa6a0f6f0a0e3c6651828e1d115c1a62cf49672e3bfa7c3	336.07	335.93	0.06	67884	8154	1801	203429	2c1b51bf329e26d4b79a59a8831a163e274643bb3b46890ed5e55d461ddf5b8e	fe8d947c04de68b15fe477f5eabfb3325e8fbdcb6b077936dccebdea407daf19	0
pr67_7633ebb	7633ebb4a0d966dbda15a4e32d0efa492fb71aeb	sig	17	c66f48980d07eb542aa6a0f6f0a0e3c6651828e1d115c1a62cf49672e3bfa7c3	357.03	356.92	0.06	67884	8282	1773	205792	f409ba853ec391945b6c3007176b1043e1a0369c6e9f75827fd42babaf0c8c75	e4a51c9943b113302bdc222f06d4c67578659a8e0f0785b0111982a9a5cbe37d	0
pr67_7633ebb	7633ebb4a0d966dbda15a4e32d0efa492fb71aeb	sig	18	c66f48980d07eb542aa6a0f6f0a0e3c6651828e1d115c1a62cf49672e3bfa7c3	366.21	366.05	0.05	67888	7870	1730	196281	43145e31bc44ad07df3c4aa3fee5548648eb6e159f99c6c8b1107aa4ab7d1407	76294bb69a8cb39aecc3f0cc05205a64f21db11e5098c99cd842d9df2eafc1a2	0
pr67_7633ebb	7633ebb4a0d966dbda15a4e32d0efa492fb71aeb	sig	19	c66f48980d07eb542aa6a0f6f0a0e3c6651828e1d115c1a62cf49672e3bfa7c3	368.45	368.38	0.1	68012	8193	1814	204360	6f30931c8362880ae3a67c3057587491eccb875477ceb7a8974cd2da314589dd	34887e9deb267ba14ad436990b439c14be1f4d9eefff271aae9f021b26e41b5e	0
pr67_7633ebb	7633ebb4a0d966dbda15a4e32d0efa492fb71aeb	sig	20	c66f48980d07eb542aa6a0f6f0a0e3c6651828e1d115c1a62cf49672e3bfa7c3	349.41	349.15	0.11	67884	8209	1751	203879	e8594f1366932de519bd0bd5644cf5e8baeb629cc1e90d4c92fccdce3f4df99b	a2163303575bd57e0fee850a2f8e5583841e9649b183f565ab470d0789ffa98f	0
pr67_7633ebb	7633ebb4a0d966dbda15a4e32d0efa492fb71aeb	sig	21	c66f48980d07eb542aa6a0f6f0a0e3c6651828e1d115c1a62cf49672e3bfa7c3	353.77	353.63	0.12	67884	8388	1798	208477	b6282242c212840f3cdfaeb2f36920dffb01a5b2fdc3101c9743b27ca0dc62e4	8c048f430e91c792cbc4fbdc2e26b72f1a43d14110e67210a4b5a9a6e40dfb3a	0
pr67_7633ebb	7633ebb4a0d966dbda15a4e32d0efa492fb71aeb	sig	22	c66f48980d07eb542aa6a0f6f0a0e3c6651828e1d115c1a62cf49672e3bfa7c3	344.6	344.48	0.08	67756	8045	1687	199399	1debb7fd831e6e325879f2cb5aaaccc5f870d819290f17c6cfccf4a0ec54701c	f4683303fc0755cba67e6b273db396d891a5382660c907f2b77f385695f82394	0
pr67_7633ebb	7633ebb4a0d966dbda15a4e32d0efa492fb71aeb	sig	23	c66f48980d07eb542aa6a0f6f0a0e3c6651828e1d115c1a62cf49672e3bfa7c3	339.66	339.58	0.1	67884	8327	1797	207053	d9f1bef7f467fb2f33e4a2455f270fe2b6c8b909b5a8c14c89b9cd17d344dbd2	406ab3050f517c69b208d696ee8694fba1183b403d026e166abf680525e24416	0
pr67_7633ebb	7633ebb4a0d966dbda15a4e32d0efa492fb71aeb	sig	24	c66f48980d07eb542aa6a0f6f0a0e3c6651828e1d115c1a62cf49672e3bfa7c3	332.18	332.11	0.04	67884	7759	1766	194188	f54df737bd2462c3faa7cb10e13b5cebe2d970556a4c3a6141bd068589a45e24	0d980461160519677c693d87902f4949b66baa5399a97375093232536b5b93c3	0
pr67_7633ebb	7633ebb4a0d966dbda15a4e32d0efa492fb71aeb	sig	25	c66f48980d07eb542aa6a0f6f0a0e3c6651828e1d115c1a62cf49672e3bfa7c3	333.98	334.0	0.06	68012	8365	1826	208306	b49aae4953583ad7c1e9c6c76e38ec90e9db49ad9550963de2a62c91e1cf8f64	dba18f862d217e1a57e34d8e94456c4b5cbec93cbee9331d28d9ccc52c485fa3	0
pr67_7633ebb	7633ebb4a0d966dbda15a4e32d0efa492fb71aeb	sig	26	c66f48980d07eb542aa6a0f6f0a0e3c6651828e1d115c1a62cf49672e3bfa7c3	339.84	339.81	0.05	67884	8123	1762	202137	e171a23535a93d1123babed8605fc25981d0b197711f8fd5b6598869c3e1c93b	c678afc7bf2466aa06b390df1059daf37130a11e8ae5d965f9edad3229102d94	0
pr67_7633ebb	7633ebb4a0d966dbda15a4e32d0efa492fb71aeb	sig	27	c66f48980d07eb542aa6a0f6f0a0e3c6651828e1d115c1a62cf49672e3bfa7c3	337.84	337.75	0.14	67884	7909	1759	197465	149a98701fce0d7af7216c869baa15bc1d069ffbe973e334e906ee9bd6b6cb56	5685dc4d9b92e8d14a08eeda4617f4d9ab957a012c61c8e8a9d9bf3fd60529d1	0
pr67_7633ebb	7633ebb4a0d966dbda15a4e32d0efa492fb71aeb	sig	28	c66f48980d07eb542aa6a0f6f0a0e3c6651828e1d115c1a62cf49672e3bfa7c3	337.32	337.18	0.06	68012	8176	1779	203437	69ff0efebcaf565a72cb1e8bc43add87b43fc9f3281e7179b9742cef35496b69	cc379b328612ed1a012c62d8ccf68cc465b1d12b8c84943ed8b236dd15478f82	0
pr67_7633ebb	7633ebb4a0d966dbda15a4e32d0efa492fb71aeb	sig	29	c66f48980d07eb542aa6a0f6f0a0e3c6651828e1d115c1a62cf49672e3bfa7c3	333.57	333.5	0.11	67884	7953	1786	198889	c0266cc441802f1fbb2f57e95fddadfae031d581fd8dbe40e4b1f1020c3c2218	8991c78b6bc82bd457717c51d6e1f79e86710c238bd3906653b9e54d869cf98f	0
pr67_7633ebb	7633ebb4a0d966dbda15a4e32d0efa492fb71aeb	sig	30	c66f48980d07eb542aa6a0f6f0a0e3c6651828e1d115c1a62cf49672e3bfa7c3	332.13	332.02	0.07	68012	8061	1872	202260	20587f9e8b8437bd6542b3ddb3d8ce68aae488d0ec9ed432098554c118f0687c	ebff0f69bf1a274011497c451ac5d7554f622203e2c35c6937ad72ea6e9e1ca5	0
pr67_7633ebb	7633ebb4a0d966dbda15a4e32d0efa492fb71aeb	sig	31	c66f48980d07eb542aa6a0f6f0a0e3c6651828e1d115c1a62cf49672e3bfa7c3	328.97	328.88	0.06	67940	8216	1847	205192	d5ffb49d27061dcaf746ba4d015ee68dd71ea391af0d1fcbd4fd247f9fab6eab	13c89ba22e0e0431bf1ac5f3b3297a3e806c759102da0d108bd2ef030e85f59a	0
pr67_7633ebb	7633ebb4a0d966dbda15a4e32d0efa492fb71aeb	sig	32	c66f48980d07eb542aa6a0f6f0a0e3c6651828e1d115c1a62cf49672e3bfa7c3	330.75	330.69	0.06	68012	8124	1818	202945	1843e5b8854dc97e3cca23d4693dce490d98033da798f3ae41fcc86d678048b5	f068acb5afd97153519aa08e9ca7ac4c3271fc33a080965e1140f1824a3e4272	0
pr67_7633ebb	7633ebb4a0d966dbda15a4e32d0efa492fb71aeb	sig	33	c66f48980d07eb542aa6a0f6f0a0e3c6651828e1d115c1a62cf49672e3bfa7c3	331.2	331.1	0.07	67884	7975	1776	199070	47624c75a88f2a21566d80badd9402f9e428dd7433b198f24922f4d89127c8e6	68df1969db14728165b96d0243924c2aca7c458a6b5e2268c70714e386b85ccc	0
pr67_7633ebb	7633ebb4a0d966dbda15a4e32d0efa492fb71aeb	sig	34	c66f48980d07eb542aa6a0f6f0a0e3c6651828e1d115c1a62cf49672e3bfa7c3	329.87	329.81	0.04	67880	8440	1787	209346	f8014eef7fee61fcbf00353f0fea5fcd763e2bc9e0d3ae6b9e09f037eb59f964	3700c29c2edc7d3b38b6bb0d476bdc78a13a3a19ff3430529deedf8d7f7b470a	0
pr67_7633ebb	7633ebb4a0d966dbda15a4e32d0efa492fb71aeb	sig	35	c66f48980d07eb542aa6a0f6f0a0e3c6651828e1d115c1a62cf49672e3bfa7c3	328.98	328.85	0.06	67800	7711	1727	192676	6691541f8aa72b8284df7b2c539078ba3428b3ede84c09b0beb0ffa68c352219	c16c5d969daf7b4667fd886107079c7c521220f99b6437522ee6dd4ef04cb66c	0
pr67_7633ebb	7633ebb4a0d966dbda15a4e32d0efa492fb71aeb	sig	36	c66f48980d07eb542aa6a0f6f0a0e3c6651828e1d115c1a62cf49672e3bfa7c3	336.35	336.27	0.05	68008	8153	1820	203533	ebbf27ca5d4eb014a4a6d13149502e44127af2764d1a149f4977047b7bcbe8e9	98cabfb56ff991acf43718d3c9433ac6dedb153bee95533d9ac9da041e100261	0
pr67_7633ebb	7633ebb4a0d966dbda15a4e32d0efa492fb71aeb	sig	37	c66f48980d07eb542aa6a0f6f0a0e3c6651828e1d115c1a62cf49672e3bfa7c3	338.58	338.53	0.04	67888	8271	1773	205524	259fee8844557510dee83d748ed59bbe9e90c4179ae61edb946186e55a8e5778	cda2d00ebece774ee23022097caac43d3ca77655bd9c8f47b3923f6975f76efe	0
pr67_7633ebb	7633ebb4a0d966dbda15a4e32d0efa492fb71aeb	sig	38	c66f48980d07eb542aa6a0f6f0a0e3c6651828e1d115c1a62cf49672e3bfa7c3	337.96	337.93	0.08	67884	8641	1905	215348	deacc16e9109dc83e42b9d86367ae12c1c84a14e3c150dc58e5d26f9b43df14d	817ac814cb03ad928bd5f4eca1751101f602278d8c5166578538f7509094d2d2	0
pr67_7633ebb	7633ebb4a0d966dbda15a4e32d0efa492fb71aeb	sig	39	c66f48980d07eb542aa6a0f6f0a0e3c6651828e1d115c1a62cf49672e3bfa7c3	335.8	335.69	0.08	67884	8133	1778	202605	3ab91a6dabc88bcc25b0f06d50aae432a94fee0c2bc92220d22759fba3806396	0587107750050bb188b63c826e045eec11728028ae50f2ebd95e29dfc9324071	0
pr67_7633ebb	7633ebb4a0d966dbda15a4e32d0efa492fb71aeb	sig	40	c66f48980d07eb542aa6a0f6f0a0e3c6651828e1d115c1a62cf49672e3bfa7c3	339.51	339.45	0.06	68012	8155	1775	203024	b2d06b233d451ef6fcf46b00e6d581e0f252c5884bc18e6ba4d203046d8451ce	07a1bf52a7d8921be19bec62e9e3ca44f2a92519d5ae58ea5fbfdb8d8ae75ae6	0
pr67_7633ebb	7633ebb4a0d966dbda15a4e32d0efa492fb71aeb	sig	41	c66f48980d07eb542aa6a0f6f0a0e3c6651828e1d115c1a62cf49672e3bfa7c3	332.6	332.54	0.06	67884	8411	1741	208161	88f8c7ba57b42df79813815319bc80575ea5ff16a4ad80a21367d848da3aa2e7	8e0196da48889a322415f9da22d3cfbf0c854f571d8dc730e8969946be1797fb	0
pr67_7633ebb	7633ebb4a0d966dbda15a4e32d0efa492fb71aeb	sig	42	c66f48980d07eb542aa6a0f6f0a0e3c6651828e1d115c1a62cf49672e3bfa7c3	347.33	347.17	0.08	67880	8352	1703	206470	26560a18e39ef297e685c3b1afa75ac3f7cd0ad67f0fe62e34192f7b6fc626dc	a57982473df59b4cd31f7b70d80f383cb42eb3130bbf3d3bba716667562ea145	0
pr67_7633ebb	7633ebb4a0d966dbda15a4e32d0efa492fb71aeb	sig	43	c66f48980d07eb542aa6a0f6f0a0e3c6651828e1d115c1a62cf49672e3bfa7c3	348.02	347.89	0.11	68012	9044	1945	224650	8c21ff0f129e701d645d655c78ae9f811aa90685f4a22d8f58259d32bc5878cb	3d3b55e1c07203eadc514820321cd877ffce75385f33acfe067f12bcf5157ed9	0
pr67_7633ebb	7633ebb4a0d966dbda15a4e32d0efa492fb71aeb	sig	44	c66f48980d07eb542aa6a0f6f0a0e3c6651828e1d115c1a62cf49672e3bfa7c3	340.36	340.26	0.09	68012	8522	1797	211351	f9a3d31e7ce4fb1a6293265e1f43009fdbb70d0357b6d39d3672dc359dc013cd	475ae6160f6ea525160f58a4e7ea5f3226ee6efff16fbcc8b8c3ab9cc8a0441e	0
pr67_7633ebb	7633ebb4a0d966dbda15a4e32d0efa492fb71aeb	sig	45	c66f48980d07eb542aa6a0f6f0a0e3c6651828e1d115c1a62cf49672e3bfa7c3	344.16	344.09	0.06	68012	8442	1777	209365	5b8d646d67e1217e0d7420104f1f1205048b29f3438e966a3c956176dd0ac2ff	3fd80084e245ec7c46b87305c76a7c173148e1468d8114d4c19ed126d54594a2	0
pr67_7633ebb	7633ebb4a0d966dbda15a4e32d0efa492fb71aeb	sig	46	c66f48980d07eb542aa6a0f6f0a0e3c6651828e1d115c1a62cf49672e3bfa7c3	338.23	338.23	0.05	68012	8319	1760	206497	40db82ecc7b950cfd36ba86bcc006f4377f1c01252920ee806cc51da661e885c	7252494b0da4654c35fdd8084945d95fc95f674767012678b4051110d290d4bb	0
pr67_7633ebb	7633ebb4a0d966dbda15a4e32d0efa492fb71aeb	sig	47	c66f48980d07eb542aa6a0f6f0a0e3c6651828e1d115c1a62cf49672e3bfa7c3	334.11	334.03	0.05	67884	7962	1808	199221	bf362ce46bdf61c8e798141d9f9e3958cdbaa646e4cf38748e38e18219864e1f	f2b18ca13d22e193e2147bf0064a034d545e0983b7195d1bcce1403b3ad795f2	0
pr67_7633ebb	7633ebb4a0d966dbda15a4e32d0efa492fb71aeb	sig	48	c66f48980d07eb542aa6a0f6f0a0e3c6651828e1d115c1a62cf49672e3bfa7c3	333.86	333.81	0.06	68012	7693	1682	191704	5015debb1d8c55c80045602bb8a2c3fdf83a6c18faa8d863638e9655f397faf2	5b29763b93547791ac571d0e9adb1db6ef549d051ef6deb376a2ec41564fdfce	0
pr67_7633ebb	7633ebb4a0d966dbda15a4e32d0efa492fb71aeb	sig	49	c66f48980d07eb542aa6a0f6f0a0e3c6651828e1d115c1a62cf49672e3bfa7c3	330.35	330.19	0.07	67884	8555	1748	211454	d9e5432b30dc967e1663c177b264c8c5522bf111912a09176d8ab32b46c42aac	eaebe553afae1b7069083d34b132ae84679339edba1945b9fb1df75511ab3059	0
pr67_7633ebb	7633ebb4a0d966dbda15a4e32d0efa492fb71aeb	sig	50	c66f48980d07eb542aa6a0f6f0a0e3c6651828e1d115c1a62cf49672e3bfa7c3	330.1	329.98	0.08	67884	7922	1793	198169	ce0267904dd9f201271da25e2ab46bdf3c23a63996c20dc002b5540efce55715	c8d58336b1ebc6b6a8678b3639369736c3f4a02f1122f336ffdff0da4a49e1a3	0
pr67_7633ebb	7633ebb4a0d966dbda15a4e32d0efa492fb71aeb	sig	51	c66f48980d07eb542aa6a0f6f0a0e3c6651828e1d115c1a62cf49672e3bfa7c3	339.69	339.5	0.07	67984	8225	1886	205964	f9fd6d2d8d32697e0e016061d48d457eab6c1ed8f3595f08f00155f35d3dee9d	87f56b89d5e299738f8b7cf8395d941228ef116fb67d261f993f296ef9c1b749	0
pr67_7633ebb	7633ebb4a0d966dbda15a4e32d0efa492fb71aeb	sig	52	c66f48980d07eb542aa6a0f6f0a0e3c6651828e1d115c1a62cf49672e3bfa7c3	340.66	340.63	0.08	67884	7851	1739	195924	eeec88d584d30010f15ced74faa0752e354c64cfdd12632cb94d6cc2facbd55e	fe10b5d62c3bb0c0e8015e784860573227fc57cef6930fbca38f15c4d9cc4d22	0
pr67_7633ebb	7633ebb4a0d966dbda15a4e32d0efa492fb71aeb	sig	53	c66f48980d07eb542aa6a0f6f0a0e3c6651828e1d115c1a62cf49672e3bfa7c3	330.45	330.26	0.08	67752	8088	1785	201671	2ed2652531cf2c462adcab7fa264e54f608a76ae8bbe7c35816597dea00f8a7f	77abb777da69a4678815049dc48c5f0e301b37895f899b65b991649f7226154d	0
pr67_7633ebb	7633ebb4a0d966dbda15a4e32d0efa492fb71aeb	sig	54	c66f48980d07eb542aa6a0f6f0a0e3c6651828e1d115c1a62cf49672e3bfa7c3	333.11	333.07	0.07	68016	8000	1791	199827	39ce68250dce86f1d0886ab74023245ad9044f3884956da3e28e33436dfee691	5b412a3eaa6ceeb7dbb12c62811d6d782300cf948a013da32201eef953c21d2b	0
pr67_7633ebb	7633ebb4a0d966dbda15a4e32d0efa492fb71aeb	sig	55	c66f48980d07eb542aa6a0f6f0a0e3c6651828e1d115c1a62cf49672e3bfa7c3	330.72	330.61	0.06	68008	7932	1771	198068	e5cdb037b829032d9f0be7da857715a495870fdf1d970fefae0ad744c54a79be	d3a0897ffff489b0f54dd3f9767944ed92df7d85e2ff26025594fe9cf4b6f2d0	0
pr67_7633ebb	7633ebb4a0d966dbda15a4e32d0efa492fb71aeb	sig	56	c66f48980d07eb542aa6a0f6f0a0e3c6651828e1d115c1a62cf49672e3bfa7c3	329.93	329.9	0.05	67884	7799	1686	194098	69b46586da193d185a4854f74ace3064c15e1763560e5132fb07b94f1527d6cf	b90119ada359a001fd978ad034f6e1244509e5b0e35f625881618c4e971b3bbe	0
pr67_7633ebb	7633ebb4a0d966dbda15a4e32d0efa492fb71aeb	sig	57	c66f48980d07eb542aa6a0f6f0a0e3c6651828e1d115c1a62cf49672e3bfa7c3	334.64	334.71	0.07	68012	8674	1796	214638	a2351e5f13b9a4acd0a67c8f8dad46d96b88cf04b67c2d0f378c0fb5d6aecf30	8e2ac6158393462437f3ca066d30ae528845ca352ce4eb3ceea78492bfcdbcf7	0
pr67_7633ebb	7633ebb4a0d966dbda15a4e32d0efa492fb71aeb	sig	58	c66f48980d07eb542aa6a0f6f0a0e3c6651828e1d115c1a62cf49672e3bfa7c3	331.89	331.82	0.07	67884	7534	1730	188852	8a1164043aa61938de72ec0ca9fd3c46e55ce0b9c317cd011c58246ab3238717	5f5b6891ade07f2092995bc9bd561cc49b06e59a90298c2fb1b2f95dc77e4efa	0
pr67_7633ebb	7633ebb4a0d966dbda15a4e32d0efa492fb71aeb	sig	59	c66f48980d07eb542aa6a0f6f0a0e3c6651828e1d115c1a62cf49672e3bfa7c3	333.27	333.22	0.08	67884	8322	1803	206929	6717f87378b66d7e73580389cb1a584ce19870148f1b51c67ab16cc54f010197	345710527df0aabaf9c896317d24e9096e99f403e080bebbc5728757a47220e6	0
pr67_7633ebb	7633ebb4a0d966dbda15a4e32d0efa492fb71aeb	sig	60	c66f48980d07eb542aa6a0f6f0a0e3c6651828e1d115c1a62cf49672e3bfa7c3	346.58	346.54	0.09	68012	8337	1827	207737	64c227412fadeaab99ffc216b2d9b87bb804fafc8d67388ddf86f4c7abc18ec7	66293387f46a1d4e579ecf8ef8b2a1a937186c1e884d31fa1a2963b73f863f21	0
pr67_7633ebb	7633ebb4a0d966dbda15a4e32d0efa492fb71aeb	sig	61	c66f48980d07eb542aa6a0f6f0a0e3c6651828e1d115c1a62cf49672e3bfa7c3	350.03	349.78	0.09	67888	8468	1761	209723	418f907fb493d65d76614ddd7479095bfdd2155dfc2737dcb724492aaeff15f2	0995a79f3b6563a76f40245e0f204ab6311b984168be782cdfc306bb4e2275f2	0
pr67_7633ebb	7633ebb4a0d966dbda15a4e32d0efa492fb71aeb	sig	62	c66f48980d07eb542aa6a0f6f0a0e3c6651828e1d115c1a62cf49672e3bfa7c3	340.52	340.42	0.1	67880	8254	1777	205216	5425e8b104b2e271f1dcd244ff08a40bee2491e7c50807fc280bf2b5a509da76	45078b6195e5450d53c2d173d195c1be35f1cc3b09c411f8d3da37c1414e23e0	0
pr67_7633ebb	7633ebb4a0d966dbda15a4e32d0efa492fb71aeb	sig	63	c66f48980d07eb542aa6a0f6f0a0e3c6651828e1d115c1a62cf49672e3bfa7c3	337.76	337.52	0.06	67880	8103	1776	201933	d0639316c1307da4e3e0162182e836b5e42b227467d837a13ed60c1e6f183b6a	0168b2bf9b496d207bf2d577f405f2e54f633866a13ac0658669ba3a7b9c8188	0
pr67_7633ebb	7633ebb4a0d966dbda15a4e32d0efa492fb71aeb	sig	64	c66f48980d07eb542aa6a0f6f0a0e3c6651828e1d115c1a62cf49672e3bfa7c3	339.94	339.77	0.05	67900	8058	1746	200584	c6fb5fe18a8e3d4fcacbdf8d94bb088626113279e319e7266798ade3c6cddfdb	fb6514b57038401fc6566c12fd8b0f3eeceeb0ba9c510f66624257fd64ce7aca	0
pr67_7633ebb	7633ebb4a0d966dbda15a4e32d0efa492fb71aeb	sig	65	c66f48980d07eb542aa6a0f6f0a0e3c6651828e1d115c1a62cf49672e3bfa7c3	336.97	336.96	0.06	67884	8314	1862	207650	3b7ddab6f9e50e1951588ba71691ffc641926057cf8180b83a382ee009ab3d87	9434a05a2e2cdcfee7af90d4d0c001afb5a115f1198332bc56f6c72a4f0bbf4c	0
pr67_7633ebb	7633ebb4a0d966dbda15a4e32d0efa492fb71aeb	sig	66	c66f48980d07eb542aa6a0f6f0a0e3c6651828e1d115c1a62cf49672e3bfa7c3	333.88	333.78	0.07	68012	7979	1742	198743	b4408f6ac9368b37c126083ffeaaae52ba548ae563da807adce9d8c833cf6b89	b4688eb0ff321f92e50485001f5b5ffee58106fe9968d5e9a613a865fe1a3a7f	0
pr67_7633ebb	7633ebb4a0d966dbda15a4e32d0efa492fb71aeb	sig	67	c66f48980d07eb542aa6a0f6f0a0e3c6651828e1d115c1a62cf49672e3bfa7c3	339.41	339.31	0.06	68012	7897	1769	197226	ddce6348736e1e564c27f5a57ebafe36e9be0ce6f4c8fa4c6060899b56d3e727	2f9be4b9fa6f581596f20358e607a1f3e6c15043e50d21f80a7afbfc2b52f4f1	0
pr67_7633ebb	7633ebb4a0d966dbda15a4e32d0efa492fb71aeb	sig	68	c66f48980d07eb542aa6a0f6f0a0e3c6651828e1d115c1a62cf49672e3bfa7c3	340.6	340.5	0.07	68012	8451	1784	209607	68eb7ad9427dad51ee75857a0c8efb0435e41ae7baa773e3deb86342922cbe16	70f69c1ca1ddfac124d4079f0719278d3c2e7f49aadcc76436cde809cb5c92d2	0
pr67_7633ebb	7633ebb4a0d966dbda15a4e32d0efa492fb71aeb	sig	69	c66f48980d07eb542aa6a0f6f0a0e3c6651828e1d115c1a62cf49672e3bfa7c3	338.07	337.94	0.1	68008	8559	1769	211838	72941f28bf6cf4239b4f92cfb710f451c3b0eccc710661369527f5fc36e347ab	ddde6d4caa7ba312b4e07624f22bd2d39f6d27f6794b954320aa835d0b14b055	0
pr67_7633ebb	7633ebb4a0d966dbda15a4e32d0efa492fb71aeb	sig	70	c66f48980d07eb542aa6a0f6f0a0e3c6651828e1d115c1a62cf49672e3bfa7c3	332.19	332.13	0.04	68012	8449	1808	209847	efee064c1fd609a11abac362f2c27b64085e97bc69e8e213a2bd8f315e6e6062	829857381c621380076fa2fb2076e0fc947dfb031de705c8b600c8b566ac96c4	0
pr67_7633ebb	7633ebb4a0d966dbda15a4e32d0efa492fb71aeb	sig	71	c66f48980d07eb542aa6a0f6f0a0e3c6651828e1d115c1a62cf49672e3bfa7c3	327.2	327.12	0.05	67884	7910	1824	198309	bc59e2398ecd015a92421b86e3887f5230003c796f64049e810c37d0b42ba195	f156cf8437e8d9879cbb93d4cbe569b62b16178432260f5f258d1088e04ee6bd	0
pr67_7633ebb	7633ebb4a0d966dbda15a4e32d0efa492fb71aeb	sig	72	c66f48980d07eb542aa6a0f6f0a0e3c6651828e1d115c1a62cf49672e3bfa7c3	327.8	327.73	0.05	68012	7998	1774	199609	41065c2547c24b2ae3092393fd716588f2542bb885a124e4cdc736432051760c	982b4d59701a4fa2feea33de4c811256e6f1942d135b30d0ea80c7be3d855e40	0
pr67_7633ebb	7633ebb4a0d966dbda15a4e32d0efa492fb71aeb	sig	73	c66f48980d07eb542aa6a0f6f0a0e3c6651828e1d115c1a62cf49672e3bfa7c3	328.7	328.61	0.06	67888	8094	1816	202206	bec1aaddf52be0c5286403f9abd7dbc79a92772ed5c26ea345a23808b9202809	43da685ec60bde070a29d4ccfd201628986d34f63359e0791ada8123663a3734	0
pr67_7633ebb	7633ebb4a0d966dbda15a4e32d0efa492fb71aeb	sig	74	c66f48980d07eb542aa6a0f6f0a0e3c6651828e1d115c1a62cf49672e3bfa7c3	328.32	328.28	0.04	68008	8059	1782	201028	0302fc79fa821ca717418f0efd4f85a62e524e22c3f31d2c28543663868f00ac	b68b6de323835eae7a19701b5f37573839b59860ac0c63319643b863725588a5	0
pr67_7633ebb	7633ebb4a0d966dbda15a4e32d0efa492fb71aeb	sig	75	c66f48980d07eb542aa6a0f6f0a0e3c6651828e1d115c1a62cf49672e3bfa7c3	326.4	326.34	0.07	67944	7843	1727	195660	723237d6e8d6b81a616040bf1ef32c9e8a8ec2d60929b59bdae13fb52eaa933a	e2f09152dfedc7d9947740b0a867093d2f6225972a1dad95ce17dbd406cce6bd	0
pr67_7633ebb	7633ebb4a0d966dbda15a4e32d0efa492fb71aeb	sig	76	c66f48980d07eb542aa6a0f6f0a0e3c6651828e1d115c1a62cf49672e3bfa7c3	327.84	327.77	0.05	68012	7874	1747	196572	2cfd1611753399d59975adfaa4c89c4e4fda27d3f6aab3f5302d8ce54f0646e3	5f41b180c4904447eb827cc380a546961c91029df39a42b55acb0b8368786cef	0
pr67_7633ebb	7633ebb4a0d966dbda15a4e32d0efa492fb71aeb	sig	77	c66f48980d07eb542aa6a0f6f0a0e3c6651828e1d115c1a62cf49672e3bfa7c3	328.85	328.77	0.04	68012	8412	1869	209900	53074723d936c1f8ff0f08ae8b0dd9997c3ea8efc01ca9e19bfe4653cfc0030b	4547a4587ac0bf53e37ed204bc79b900e90b46b16057aa35652c7ccfc71bc71a	0
pr67_7633ebb	7633ebb4a0d966dbda15a4e32d0efa492fb71aeb	sig	78	c66f48980d07eb542aa6a0f6f0a0e3c6651828e1d115c1a62cf49672e3bfa7c3	327.68	327.57	0.08	67872	8390	1775	208177	f155dbf944732639a0f006a1068d86c3353305864bc9963f5eb12736901666a1	d9db270b35297a700c6d51b43c083d990256cb09524fa006fc0651f8ed703cd9	0
pr67_7633ebb	7633ebb4a0d966dbda15a4e32d0efa492fb71aeb	sig	79	c66f48980d07eb542aa6a0f6f0a0e3c6651828e1d115c1a62cf49672e3bfa7c3	330.1	330.05	0.03	68012	8633	1886	214936	2d85b65439bf826ec24b10cd2bb84d9b6d61b1966de1427ec25f74a9bde61658	8ad650ae20f34a8e5bce516de1ec1c46912f2308ffb0044aeb20a86cea96c9b5	0
pr67_7633ebb	7633ebb4a0d966dbda15a4e32d0efa492fb71aeb	sig	80	c66f48980d07eb542aa6a0f6f0a0e3c6651828e1d115c1a62cf49672e3bfa7c3	331.5	331.41	0.04	68012	8711	1850	216173	e88e08777746ae0fd88a7b2b8773245dc1cffb325877ac168cde0fddb3837b4e	fe1e79fcb19f0f4884cba970cc4c2ce2a47813871d5e3d5ed1ed22b272a9235c	0
pr67_7633ebb	7633ebb4a0d966dbda15a4e32d0efa492fb71aeb	sig	81	c66f48980d07eb542aa6a0f6f0a0e3c6651828e1d115c1a62cf49672e3bfa7c3	325.88	325.73	0.08	67756	7941	1801	198686	86769e344f96819b0c8e64292cd35a25bc495d753c642cdf5e1567432f1c53f4	0175f03188ce9d7d4a8adb279969cb64f52cc1eaa41f2c646059dfdf3822769e	0
pr67_7633ebb	7633ebb4a0d966dbda15a4e32d0efa492fb71aeb	sig	82	c66f48980d07eb542aa6a0f6f0a0e3c6651828e1d115c1a62cf49672e3bfa7c3	328.13	328.05	0.06	67884	7818	1763	195528	5eb36d9b52f4b33ebf6d086ef0ebfcc629c95610101fd62ba87d1a422f4f8e19	33655da7d098e645493a5bc9be58d0cbe8a0597c01fa2e1ad86e2e7674cd77ad	0
pr67_7633ebb	7633ebb4a0d966dbda15a4e32d0efa492fb71aeb	sig	83	c66f48980d07eb542aa6a0f6f0a0e3c6651828e1d115c1a62cf49672e3bfa7c3	325.49	325.43	0.05	67884	8133	1748	202192	d4aeb7ab0045ae243c3e3042afbd89d5ab819030e57ab379272f3f7341ffe10e	bd355136585470c0742dd622611c8072f4997d0df56229e0791a1f29970ae378	0
pr67_7633ebb	7633ebb4a0d966dbda15a4e32d0efa492fb71aeb	sig	84	c66f48980d07eb542aa6a0f6f0a0e3c6651828e1d115c1a62cf49672e3bfa7c3	326.34	326.16	0.09	67884	8645	1854	214677	6217dda1b763dcec311b1a7ec7278b3d1e070646070092987d3a80400b8c8992	3f40114c73e57e4e85f4f8bb87992b7af5b32457f43d1fa5f728476da74033f4	0
pr67_7633ebb	7633ebb4a0d966dbda15a4e32d0efa492fb71aeb	sig	85	c66f48980d07eb542aa6a0f6f0a0e3c6651828e1d115c1a62cf49672e3bfa7c3	329.7	329.61	0.06	67884	7111	1697	179245	f0ff926d2efe0b82cd05999fcd8a8f7e6bfcb6a420803ad7a98346b726c296f8	5f7b8023119e53c80aafd0dd03ca9c177249b28aa20e88cd9afad82aaebca05c	0
pr67_7633ebb	7633ebb4a0d966dbda15a4e32d0efa492fb71aeb	sig	86	c66f48980d07eb542aa6a0f6f0a0e3c6651828e1d115c1a62cf49672e3bfa7c3	326.77	326.63	0.1	67880	7919	1721	197099	4a142413e82f089f9ef14c4faa3b3a93a6d4248069d0d03253e8dbe2dbc3c711	6ad7c57e90850bae591f77c8dda771bc91b5af486c92228add707087dce78d18	0
pr67_7633ebb	7633ebb4a0d966dbda15a4e32d0efa492fb71aeb	sig	87	c66f48980d07eb542aa6a0f6f0a0e3c6651828e1d115c1a62cf49672e3bfa7c3	325.06	325.02	0.05	67884	7829	1728	195309	907240cbf22c331e4c13c5830e66f299d7751ffd84c3a138ed8c97cf54697e64	c1b596b633d199210c5ebdcfb8c8cec4d1ae60b521d9e777a97cc96b4d4e0a02	0
pr67_7633ebb	7633ebb4a0d966dbda15a4e32d0efa492fb71aeb	sig	88	c66f48980d07eb542aa6a0f6f0a0e3c6651828e1d115c1a62cf49672e3bfa7c3	328.88	328.77	0.08	68012	8425	1809	209371	eb4ae7bbcb7c207cdd4cc5c136bdb2142426886d489059227ede6f2b0d648027	0b01b119ae1cbae0ebc2eaa9a79b096c8cb0d18ea437d1dc64c3ca3daf811929	0
pr67_7633ebb	7633ebb4a0d966dbda15a4e32d0efa492fb71aeb	sig	89	c66f48980d07eb542aa6a0f6f0a0e3c6651828e1d115c1a62cf49672e3bfa7c3	327.97	327.87	0.06	68012	8404	1835	209183	c962ee1d052eacf7b2827f316e0fe5157bec8fa66cf75291713760e4cb5636a0	0fccc67cc6660f0291720578bbc005f52fe48c82520563db94e25ebba203ab05	0
pr67_7633ebb	7633ebb4a0d966dbda15a4e32d0efa492fb71aeb	sig	90	c66f48980d07eb542aa6a0f6f0a0e3c6651828e1d115c1a62cf49672e3bfa7c3	327.71	327.64	0.07	67884	8115	1786	202296	75838ce3a0a3fc00fceb9df9e6d2e0be498a6b882cad3cb55f5b2d598bd213a4	731c9a0857e201f17309b6532b8441ea1ffbbba5b2e2c9add34b4c5d0d6652f8	0
pr67_7633ebb	7633ebb4a0d966dbda15a4e32d0efa492fb71aeb	sig	91	c66f48980d07eb542aa6a0f6f0a0e3c6651828e1d115c1a62cf49672e3bfa7c3	326.88	326.8	0.04	67824	8392	1753	207932	0d7308e51773103781826731963a06ce669540fd4a98997586e31d981ca546bf	f5e0ae75fd9196e246abc56689ca21842221075c46a4f6680693e1c8bafa9597	0
pr67_7633ebb	7633ebb4a0d966dbda15a4e32d0efa492fb71aeb	sig	92	c66f48980d07eb542aa6a0f6f0a0e3c6651828e1d115c1a62cf49672e3bfa7c3	328.01	327.88	0.08	67836	8496	1881	211772	816e3f97001942405808c6774d223541ef9f967d8d4143dedb9b5ff9a40f84df	3fb05d0b2eaa20534b69e742cc76046b5b2cf29dc66b45670496e899acc3199f	0
pr67_7633ebb	7633ebb4a0d966dbda15a4e32d0efa492fb71aeb	sig	93	c66f48980d07eb542aa6a0f6f0a0e3c6651828e1d115c1a62cf49672e3bfa7c3	329.08	329.01	0.07	67884	8064	1758	200811	f277e252bd8a4a6c05950e724449dd219438e037ecc11d85509b68ee36dd1caa	4f5eb490bc7fbe6d11d45abbbe8a0100bbfa17138e8f30749a1086a7477eebcb	0
pr67_7633ebb	7633ebb4a0d966dbda15a4e32d0efa492fb71aeb	sig	94	c66f48980d07eb542aa6a0f6f0a0e3c6651828e1d115c1a62cf49672e3bfa7c3	330.39	330.31	0.07	67884	7531	1701	188430	9be93d8f01df154a1fd46188c4fa3bd2a20fe19cb9f6095dec9a6e4441c62816	e39849ac3949ddc2f3797d2c4a9178f9b775a46d90f9b0d8fca26a39509ec843	0
pr67_7633ebb	7633ebb4a0d966dbda15a4e32d0efa492fb71aeb	sig	95	c66f48980d07eb542aa6a0f6f0a0e3c6651828e1d115c1a62cf49672e3bfa7c3	329.18	329.08	0.08	68012	8097	1793	201856	2e67aef3635ae7f83f2920f3e22f11e17edc8d9174f2c75e1b5ba517a8b64735	a1962d6eff33eca1faad771cc16b469b666c002f1cf3bca582c2c59b03c7d987	0
pr67_7633ebb	7633ebb4a0d966dbda15a4e32d0efa492fb71aeb	sig	96	c66f48980d07eb542aa6a0f6f0a0e3c6651828e1d115c1a62cf49672e3bfa7c3	338.38	338.28	0.09	67880	8589	1800	212843	e7cb90485d88c2d0b454afc184a6cefc83926887ba9d9b71e80b7085a3f4bcad	e6f5e251963982da39f84a1770f57d103fc97adf60519317eee8b96300a3bd8b	0
pr67_7633ebb	7633ebb4a0d966dbda15a4e32d0efa492fb71aeb	sig	97	c66f48980d07eb542aa6a0f6f0a0e3c6651828e1d115c1a62cf49672e3bfa7c3	327.53	327.44	0.07	68012	8512	1849	211892	5dbdbbf59b5fe4ab4eff4fbf542c516f87ab977a7cf5915008f990afd574df54	952dcef829e85feacf1aa8e2a29a9a2f75c22453df150d7557e4733f8f5732ea	0
pr67_7633ebb	7633ebb4a0d966dbda15a4e32d0efa492fb71aeb	sig	98	c66f48980d07eb542aa6a0f6f0a0e3c6651828e1d115c1a62cf49672e3bfa7c3	319.77	319.66	0.06	67888	8621	1800	213646	b534dd035416c1eb810c7210ae28a4fd28b18278720f59bdedf402db12514528	97b4dcf646c1e90a9de1e76617c95287dea14f510897371993a2845784bacd08	0
pr67_7633ebb	7633ebb4a0d966dbda15a4e32d0efa492fb71aeb	sig	99	c66f48980d07eb542aa6a0f6f0a0e3c6651828e1d115c1a62cf49672e3bfa7c3	301.99	301.91	0.05	67884	8248	1757	204798	f62f21c0b17f2e836538b16bfe1ce9e1f75828938e25e425e19b5c91603b5f79	efb37e5eb2c2fac5ed9870f40630301ec3fb4cee1350f87256b893828e173a21	0
pr67_7633ebb	7633ebb4a0d966dbda15a4e32d0efa492fb71aeb	sig	100	c66f48980d07eb542aa6a0f6f0a0e3c6651828e1d115c1a62cf49672e3bfa7c3	267.63	267.57	0.04	67956	8166	1771	203216	d23a615238b8fc636ade7fd950bd129d6807192799b5d82f6452bc398dcf326c	e6e8fead99f9e6202d7e7d9bc2cebb056cb07ebd1844b088fa64cfcb12ebbba5	0
