driver	target_count
ILMN_1804174	60
ILMN_1811966	71
ILMN_1668162	31
ILMN_1682799	118
ILMN_1679194	44
ILMN_1755897	27
ILMN_1720944	30
ILMN_1727459	171
ILMN_1779257	100
ILMN_2162234	98
ILMN_1766125	106
ILMN_1801608	38
ILMN_1744897	29
ILMN_1765971	31
ILMN_1659166	31
ILMN_1810533	28
ILMN_1658713	38
ILMN_2321064	155
ILMN_1752791	37
ILMN_2289849	63
ILMN_1704019	19
ILMN_1758315	146
ILMN_1813671	84
ILMN_1700633	54
ILMN_2332691	133
ILMN_1734794	20
ILMN_2253207	19
ILMN_1806304	43
ILMN_1797975	70
ILMN_2154053	85
ILMN_2154052	90
ILMN_1888359	165
ILMN_1661657	21
ILMN_2127007	19
ILMN_2184109	97
ILMN_1653496	64
ILMN_1765208	84
ILMN_1656913	223
ILMN_2408968	46
ILMN_1743784	34
ILMN_1811933	37
ILMN_1797102	40
ILMN_1685002	132
ILMN_2337492	50
ILMN_1674201	59
ILMN_2357770	103
ILMN_1682520	27
ILMN_1811592	302
ILMN_1738589	44
ILMN_1657708	83
ILMN_1708890	73
ILMN_1690566	160
ILMN_1728301	35
ILMN_1759870	51
ILMN_1744887	56
ILMN_1775646	27
ILMN_2396903	25
ILMN_1812474	102
ILMN_1891067	37
ILMN_1699520	27
ILMN_1777340	50
ILMN_1785202	96
ILMN_1696468	59
ILMN_1689004	82
ILMN_1694502	222
ILMN_2067708	162
ILMN_2067709	167
ILMN_1665696	60
ILMN_1729874	23
ILMN_1740586	26
ILMN_2113049	34
ILMN_1741727	102
ILMN_1686283	54
ILMN_1784040	66
ILMN_2262930	40
ILMN_2351262	26
ILMN_1785324	36
ILMN_1782247	121
ILMN_1651470	29
ILMN_1728799	231
ILMN_1689518	121
ILMN_1729212	69
ILMN_1772369	76
ILMN_1778756	31
ILMN_1656900	53
ILMN_1657302	159
ILMN_2388155	85
ILMN_1804150	36
ILMN_1727001	63
ILMN_1674243	117
ILMN_1752117	122
ILMN_1730504	216
ILMN_1677955	80
ILMN_2091792	44
ILMN_2359907	99
ILMN_2267914	69
ILMN_1673757	55
ILMN_1772123	28
ILMN_1667641	22
ILMN_1685952	29
ILMN_1771084	53
ILMN_1669227	7
ILMN_1733366	38
ILMN_1812256	28
ILMN_1667125	47
ILMN_1807972	77
ILMN_1797753	33
ILMN_1731178	66
ILMN_1662964	67
ILMN_1797875	74
ILMN_2286570	24
ILMN_1670318	22
ILMN_1672443	105
ILMN_1681591	86
ILMN_1742044	85
ILMN_2131467	50
ILMN_1691487	39
ILMN_1694100	60
ILMN_1713533	20
ILMN_1702817	45
ILMN_1776925	40
ILMN_1779109	19
ILMN_2347068	99
ILMN_1776523	24
ILMN_2278686	46
ILMN_1773885	65
ILMN_1737298	77
ILMN_1709085	131
ILMN_2361862	115
ILMN_1674640	66
ILMN_1813400	74
ILMN_2186137	41
ILMN_1683179	39
ILMN_1747207	39
ILMN_1678564	29
ILMN_1657278	28
ILMN_2161166	26
ILMN_2328986	150
ILMN_2211546	31
ILMN_1674588	29
ILMN_2215382	118
ILMN_1660111	46
ILMN_1756455	20
ILMN_1731516	33
ILMN_1876266	22
ILMN_1693896	26
ILMN_1653324	17
ILMN_1805385	29
ILMN_1697916	39
ILMN_1723156	89
ILMN_1701386	53
ILMN_1655283	15
ILMN_1740559	64
ILMN_2358265	59
ILMN_2267025	39
ILMN_2356672	32
ILMN_1710740	72
ILMN_1756204	87
ILMN_1660882	22
ILMN_1737036	29
ILMN_1763537	65
ILMN_1778223	82
ILMN_2161746	44
ILMN_1653826	64
ILMN_1700432	92
ILMN_2311548	159
ILMN_1801040	118
ILMN_1658017	24
ILMN_1713163	145
ILMN_2352580	53
ILMN_1800270	35
ILMN_1710758	136
ILMN_1775114	36
ILMN_2087941	70
ILMN_1734306	18
ILMN_1798870	46
ILMN_1679797	179
ILMN_1697628	20
ILMN_1731165	15
ILMN_2206282	35
ILMN_1680220	28
ILMN_1705737	218
ILMN_1814600	161
ILMN_2103685	185
ILMN_1698849	23
ILMN_1787815	170
ILMN_1777031	28
ILMN_1725172	12
ILMN_1701603	96
ILMN_1713249	58
ILMN_2258471	134
ILMN_1709728	36
ILMN_1664153	59
ILMN_1724427	43
ILMN_1803825	184
ILMN_1689111	164
ILMN_1655713	24
ILMN_1712513	22
ILMN_1660978	26
ILMN_1872276	32
ILMN_1809964	19
ILMN_1659991	25
ILMN_2389155	166
ILMN_2284181	142
ILMN_1671969	269
ILMN_2389151	249
ILMN_2131493	65
ILMN_1693519	52
ILMN_1718253	17
ILMN_2278335	30
ILMN_1775479	32
ILMN_1670901	35
ILMN_1651544	22
ILMN_1785345	79
ILMN_1774813	20
ILMN_1676447	26
ILMN_2298028	31
ILMN_1691789	233
ILMN_1711189	106
ILMN_1670796	54
ILMN_1727287	66
ILMN_1717854	42
ILMN_1805481	113
ILMN_1761148	25
ILMN_2364110	118
ILMN_1755123	103
ILMN_1712803	128
ILMN_2343332	295
ILMN_1779547	46
ILMN_2412024	49
ILMN_2316878	78
ILMN_1655904	184
ILMN_1741572	82
ILMN_2123743	81
ILMN_2319000	62
ILMN_2391900	32
ILMN_1785252	104
ILMN_1708922	14
ILMN_2199971	15
ILMN_2327947	23
ILMN_1791728	39
ILMN_2206307	44
ILMN_1789095	209
ILMN_2085258	36
ILMN_2397571	142
ILMN_1723632	90
ILMN_2328433	41
ILMN_2361400	37
ILMN_1813775	153
ILMN_2405400	62
ILMN_1687971	197
ILMN_1767747	174
ILMN_1726545	22
ILMN_1784834	32
ILMN_1676997	32
ILMN_2102201	25
ILMN_1805973	65
ILMN_1795336	35
ILMN_2392624	61
ILMN_1689861	28
ILMN_2275742	85
ILMN_1692896	66
ILMN_1786628	34
ILMN_1727352	21
ILMN_1688580	59
ILMN_1808354	92
ILMN_1789294	32
ILMN_2133799	26
ILMN_1737396	244
ILMN_1691809	111
ILMN_2171295	90
ILMN_1686645	144
ILMN_1714121	50
ILMN_1659000	42
ILMN_2054928	114
ILMN_1772073	29
ILMN_1807719	27
ILMN_1738010	30
ILMN_1675684	81
ILMN_1774528	27
ILMN_1724211	35
ILMN_1670693	77
ILMN_1763765	25
ILMN_1737635	85
ILMN_1677719	42
ILMN_1810514	141
ILMN_1666074	30
ILMN_1688205	135
ILMN_1815480	42
ILMN_2319326	117
ILMN_2404256	163
ILMN_1768856	21
ILMN_2298365	63
ILMN_1797731	77
ILMN_1687875	29
ILMN_1733421	136
ILMN_1757629	27
ILMN_1761314	65
ILMN_1703079	25
ILMN_1715508	235
ILMN_1740407	191
ILMN_1654690	125
ILMN_1725510	194
ILMN_1781986	96
ILMN_1725145	15
ILMN_1750981	40
ILMN_1654072	303
ILMN_1688633	35
ILMN_2410905	26
ILMN_1705767	27
ILMN_1655632	19
ILMN_1747067	102
ILMN_1768960	43
ILMN_1658909	83
ILMN_2232953	30
ILMN_1814917	33
ILMN_1698950	26
ILMN_1783621	82
ILMN_1766176	34
ILMN_1688312	31
ILMN_1750088	91
ILMN_1709541	32
ILMN_1674460	35
ILMN_1770052	26
ILMN_2366192	19
ILMN_1756289	24
ILMN_2379375	212
ILMN_1722491	142
ILMN_1726410	133
ILMN_1696432	57
ILMN_2091347	40
ILMN_2096191	136
ILMN_1698189	56
ILMN_2365595	189
ILMN_1791902	20
ILMN_1791242	22
ILMN_1805996	124
ILMN_2349444	98
ILMN_1778347	71
ILMN_2340919	89
ILMN_1724533	111
ILMN_1703346	21
ILMN_1662492	44
ILMN_2088876	30
ILMN_1757152	21
ILMN_1701993	26
ILMN_1734231	91
ILMN_1723087	48
ILMN_2349393	85
ILMN_2261876	107
ILMN_1664102	17
ILMN_1667877	25
ILMN_1698330	91
ILMN_1776129	67
ILMN_1780786	15
ILMN_1787257	37
ILMN_1776703	24
ILMN_1699411	43
ILMN_1655163	115
ILMN_1702723	26
ILMN_1691606	25
ILMN_1743432	117
ILMN_1716832	36
ILMN_1695311	87
ILMN_1789781	29
ILMN_2366212	100
ILMN_1736965	254
ILMN_1812669	99
ILMN_2105308	196
ILMN_1658992	252
ILMN_1812640	115
ILMN_1684434	26
ILMN_1674217	37
ILMN_1762188	41
ILMN_2354140	157
ILMN_1689097	90
ILMN_1698324	38
ILMN_2155516	47
ILMN_1733407	13
ILMN_1786045	29
ILMN_1780236	56
ILMN_1679798	44
ILMN_1692056	166
ILMN_1661544	56
ILMN_1706117	133
ILMN_1716377	20
ILMN_1734366	161
ILMN_2275399	26
ILMN_1771126	170
ILMN_1698072	99
ILMN_1730416	22
ILMN_1750641	31
ILMN_1710479	40
ILMN_1773696	42
ILMN_1813645	197
ILMN_1726523	31
ILMN_1702305	14
ILMN_1806275	32
ILMN_1794156	83
ILMN_1662140	36
ILMN_1710243	18
ILMN_1719236	170
ILMN_1790042	19
ILMN_1663541	70
ILMN_1719828	22
ILMN_1807171	53
ILMN_1687858	56
ILMN_1731222	31
ILMN_1681300	23
ILMN_1750101	128
ILMN_1810000	130
ILMN_1678919	36
ILMN_1727049	122
ILMN_1793959	76
ILMN_1767846	26
ILMN_2166543	37
ILMN_2355168	46
ILMN_1714050	19
ILMN_1803429	50
ILMN_1708248	28
ILMN_2345564	48
ILMN_2259966	21
ILMN_1709101	172
ILMN_2109416	85
ILMN_2352023	13
ILMN_1721134	26
ILMN_1684000	20
ILMN_1698186	30
ILMN_2143220	22
ILMN_2377980	88
ILMN_1776214	23
ILMN_1659852	22
ILMN_1764609	61
ILMN_1724372	34
ILMN_1714067	119
ILMN_1804845	36
ILMN_1712774	24
ILMN_2404385	156
ILMN_1749343	37
ILMN_1718813	88
ILMN_1685954	109
ILMN_1726306	146
ILMN_2124523	50
ILMN_1673566	146
ILMN_1806778	61
ILMN_2379393	58
ILMN_1687825	66
ILMN_1807981	107
ILMN_1804711	64
ILMN_1761000	38
ILMN_1698777	25
ILMN_1657662	24
ILMN_1696254	232
ILMN_2157957	145
ILMN_2162253	104
ILMN_1791447	318
ILMN_1696568	67
ILMN_1685580	79
ILMN_1694539	111
ILMN_2219512	83
ILMN_1808417	34
ILMN_1676998	59
ILMN_2336133	47
ILMN_1663454	104
ILMN_1673898	49
ILMN_2188204	71
ILMN_1726025	90
ILMN_1760509	93
ILMN_1679698	20
ILMN_1761259	133
ILMN_2098743	93
ILMN_1747204	37
ILMN_1703803	12
ILMN_1754846	52
ILMN_1778617	259
ILMN_1770161	26
ILMN_1721391	300
ILMN_1744109	42
ILMN_1746819	59
ILMN_1788149	278
ILMN_1770356	73
ILMN_1781104	95
ILMN_1745651	17
ILMN_1727135	25
ILMN_1737965	206
ILMN_1741440	39
ILMN_2112128	36
ILMN_1740146	48
ILMN_2174341	24
ILMN_1688090	26
ILMN_1764503	35
ILMN_1718107	44
ILMN_1739275	40
ILMN_1749162	24
ILMN_1809385	14
ILMN_1660577	129
ILMN_1736218	33
ILMN_1690202	16
ILMN_1805903	37
ILMN_1791211	44
ILMN_2384536	179
ILMN_1761131	242
ILMN_1769451	45
ILMN_1759419	36
ILMN_1738347	118
ILMN_1813893	28
ILMN_1801476	167
ILMN_1769277	314
ILMN_1708779	78
ILMN_1794551	16
ILMN_1801467	42
ILMN_1697735	66
ILMN_1727041	94
ILMN_1663780	25
ILMN_2376258	60
ILMN_2376263	58
ILMN_1777638	23
ILMN_2365383	58
ILMN_1730977	270
ILMN_2302947	26
ILMN_2376455	73
ILMN_2376458	104
ILMN_1687419	37
ILMN_1802105	26
ILMN_2187206	14
ILMN_2352917	29
ILMN_1712620	22
ILMN_1763730	266
ILMN_1651771	34
ILMN_2278112	44
ILMN_1759922	30
ILMN_1655348	92
ILMN_1677464	73
ILMN_1713550	85
ILMN_1670764	36
ILMN_1731353	65
ILMN_1706652	84
ILMN_1739744	54
ILMN_1769769	23
ILMN_1746090	46
ILMN_2175831	26
ILMN_1726576	32
ILMN_1720850	194
ILMN_1691526	56
ILMN_1732323	19
ILMN_1670343	23
ILMN_1699887	158
ILMN_1728517	31
ILMN_2059173	89
ILMN_1752333	61
ILMN_2148298	32
ILMN_1682323	24
ILMN_1802699	100
ILMN_1760649	106
ILMN_1709674	225
ILMN_2268068	112
ILMN_2360229	82
ILMN_1684663	42
ILMN_1785831	51
ILMN_1732550	31
ILMN_1862909	200
ILMN_1740990	30
ILMN_1663618	39
ILMN_2401978	59
ILMN_1774844	43
ILMN_1809623	23
ILMN_1708375	74
ILMN_1702807	26
ILMN_1810229	99
ILMN_2335302	27
ILMN_1714765	39
ILMN_1751168	18
ILMN_1719906	37
ILMN_1692163	155
ILMN_1802190	74
ILMN_2190842	62
ILMN_1674231	137
ILMN_1758728	100
ILMN_1786357	76
ILMN_1773310	17
ILMN_1815890	59
ILMN_1699908	51
ILMN_1788802	88
ILMN_1659371	100
ILMN_2211032	26
ILMN_1703679	28
ILMN_2112580	44
ILMN_1746578	77
ILMN_1728445	21
ILMN_1658027	175
ILMN_1690664	41
ILMN_1765779	54
ILMN_2121068	191
ILMN_1798588	197
ILMN_1747436	26
ILMN_1791186	141
ILMN_1681724	59
ILMN_1713948	18
ILMN_1692267	131
ILMN_1718992	37
ILMN_1798712	108
ILMN_1773505	65
ILMN_2352326	150
ILMN_1791597	23
ILMN_1744200	84
ILMN_1726459	23
ILMN_2090397	77
ILMN_2274306	39
ILMN_1662578	100
ILMN_1750886	23
ILMN_1659523	89
ILMN_1692169	23
ILMN_1698047	49
ILMN_2133146	50
ILMN_1798886	85
ILMN_1806868	29
ILMN_1684690	262
ILMN_1689211	23
ILMN_2227533	143
ILMN_1663099	30
ILMN_1674437	23
ILMN_1771488	33
ILMN_1726980	27
ILMN_2059780	23
ILMN_2290204	181
ILMN_1770466	84
ILMN_1768260	79
ILMN_1779558	225
ILMN_1784749	210
ILMN_1737205	250
ILMN_2373207	30
ILMN_2275248	303
ILMN_1778360	38
ILMN_1684106	17
ILMN_1719083	20
ILMN_1761199	75
ILMN_2087656	82
ILMN_1658396	22
ILMN_1678391	94
ILMN_1685275	44
ILMN_1664691	79
ILMN_2097410	92
ILMN_2146495	20
ILMN_1657643	36
ILMN_1737604	47
ILMN_1709253	23
ILMN_1731644	106
ILMN_1718129	58
ILMN_2055477	20
ILMN_1759987	28
ILMN_1714335	105
ILMN_1815079	22
ILMN_1724863	50
ILMN_1797813	72
ILMN_1718219	26
ILMN_1737089	168
ILMN_1692477	30
ILMN_1774229	58
ILMN_1758443	29
ILMN_1856533	23
ILMN_1782441	17
ILMN_1696060	17
ILMN_1806122	61
ILMN_1712659	68
ILMN_1768582	197
ILMN_1653185	19
ILMN_1790973	46
ILMN_1685043	19
ILMN_1810085	30
ILMN_1740413	34
ILMN_1698766	73
ILMN_2045849	23
ILMN_2295747	31
ILMN_1709307	106
ILMN_1666910	47
ILMN_1781672	42
ILMN_1720468	27
ILMN_1704206	64
ILMN_2304495	166
ILMN_1759012	49
ILMN_1800713	21
ILMN_1679731	123
ILMN_1699665	116
ILMN_2369221	66
ILMN_2273053	33
ILMN_1659495	33
ILMN_1762316	32
ILMN_1718013	107
ILMN_2393341	46
ILMN_1776119	51
ILMN_1752255	94
ILMN_2284706	49
ILMN_1776723	129
ILMN_2390162	121
ILMN_1767665	100
ILMN_1678939	78
ILMN_1758864	22
ILMN_1775549	36
ILMN_1782993	38
ILMN_2128293	46
ILMN_1793598	48
ILMN_1813633	41
ILMN_1756920	131
ILMN_1751500	89
ILMN_1788002	32
ILMN_2208895	23
ILMN_1811316	37
ILMN_1694634	20
ILMN_2359935	11
ILMN_1751234	73
ILMN_1753903	25
ILMN_1690693	27
ILMN_2399363	83
ILMN_1671215	30
ILMN_1780299	60
ILMN_1767349	23
ILMN_1795507	143
ILMN_1701551	281
ILMN_1756165	22
ILMN_1761031	48
ILMN_1810011	24
ILMN_1798475	25
ILMN_1722411	26
ILMN_1787308	193
ILMN_1764050	35
ILMN_1782953	46
ILMN_1665671	42
ILMN_1762284	36
ILMN_2052487	29
ILMN_1736568	174
ILMN_2371397	26
ILMN_1810727	25
ILMN_1796475	22
ILMN_1657968	130
ILMN_1748281	42
ILMN_1691962	14
ILMN_1808262	21
ILMN_1760288	16
ILMN_2398815	24
ILMN_1794364	36
ILMN_1658072	34
ILMN_1696311	140
ILMN_1668514	84
ILMN_1751904	175
ILMN_1675100	23
ILMN_1722830	30
ILMN_2183692	192
ILMN_1733985	80
ILMN_1779706	88
ILMN_1796154	34
ILMN_1676128	10
ILMN_1672034	31
ILMN_1707748	25
ILMN_1723123	139
ILMN_1731619	131
ILMN_1732555	17
ILMN_1746164	69
ILMN_2248192	16
ILMN_1684865	16
ILMN_1680777	11
ILMN_1784633	37
ILMN_1804886	32
ILMN_2201668	35
ILMN_1698379	24
ILMN_1657002	33
ILMN_2063446	19
ILMN_1671225	18
ILMN_1764797	29
ILMN_1815949	15
ILMN_1675391	27
ILMN_1693826	86
ILMN_1782275	31
ILMN_2385239	19
ILMN_1659470	42
ILMN_1723822	24
ILMN_1781207	86
ILMN_1686555	304
ILMN_1771179	262
ILMN_1723662	56
ILMN_2403446	40
ILMN_1684987	36
ILMN_1677637	28
ILMN_2336186	119
ILMN_1716592	23
ILMN_1669605	21
ILMN_1656720	37
ILMN_1793305	22
ILMN_2391976	78
ILMN_1669335	29
ILMN_1729304	33
ILMN_2121389	23
ILMN_1715543	60
ILMN_1686750	92
ILMN_1784294	85
ILMN_1783852	195
ILMN_2115777	19
ILMN_1775753	39
ILMN_1689578	67
ILMN_2155708	81
ILMN_1757795	16
ILMN_1701195	60
ILMN_1675939	191
ILMN_1702965	25
ILMN_2227968	165
ILMN_1801119	254
ILMN_2246956	266
ILMN_2382121	92
ILMN_2175112	51
ILMN_2175114	74
ILMN_1666885	25
ILMN_2348194	23
ILMN_1757072	45
ILMN_1705019	22
ILMN_2339779	67
ILMN_1798485	56
ILMN_1763999	25
ILMN_1813028	77
ILMN_1758084	20
ILMN_2066124	126
ILMN_2396691	21
ILMN_2351902	37
ILMN_2351893	24
ILMN_1724236	31
ILMN_2187830	258
ILMN_1742250	157
ILMN_2137312	19
ILMN_1665100	23
ILMN_1754235	40
ILMN_1797604	77
ILMN_2106265	84
ILMN_1662147	98
ILMN_1709605	80
ILMN_1797522	64
ILMN_1767892	88
ILMN_1709204	111
ILMN_2284744	201
ILMN_2337880	27
ILMN_1712718	158
ILMN_1725910	29
ILMN_1741462	35
ILMN_1798582	27
ILMN_1740762	37
ILMN_1814562	25
ILMN_1687023	26
ILMN_1763875	254
ILMN_2392635	198
ILMN_1681927	60
ILMN_2325978	57
ILMN_1728858	22
ILMN_2325056	31
ILMN_1701111	33
ILMN_1725726	20
ILMN_2384857	41
ILMN_2387860	19
ILMN_1678833	99
ILMN_1698019	133
ILMN_1697220	221
ILMN_1782950	22
ILMN_1776602	310
ILMN_2239408	31
ILMN_1802669	150
ILMN_1702609	36
ILMN_2407464	97
ILMN_1664098	80
ILMN_1701468	21
ILMN_1732039	21
ILMN_1790352	27
ILMN_1664168	63
ILMN_1679267	32
ILMN_1797236	58
ILMN_1774256	38
ILMN_1672174	23
ILMN_2233783	121
ILMN_2218648	69
ILMN_1786186	33
ILMN_1789692	108
ILMN_1719256	146
ILMN_2041046	130
ILMN_1708432	36
ILMN_2383300	32
ILMN_1686884	78
ILMN_1706056	71
ILMN_1786920	85
ILMN_1853711	35
ILMN_2222443	29
ILMN_1664994	135
ILMN_1771689	115
ILMN_1808657	82
ILMN_1653821	43
ILMN_1697301	27
ILMN_1731049	29
ILMN_1730191	38
ILMN_2198878	71
ILMN_2412046	30
ILMN_1700031	123
ILMN_2306033	95
ILMN_1765833	43
ILMN_1789394	28
ILMN_1769264	258
ILMN_1657361	246
ILMN_2317186	31
ILMN_1678054	72
ILMN_1652729	38
ILMN_1732049	161
ILMN_1734740	112
ILMN_2232121	81
ILMN_2413816	35
ILMN_1700037	29
ILMN_1793832	25
ILMN_1805614	65
ILMN_1782761	183
ILMN_1730984	24
ILMN_1692352	25
ILMN_1767193	28
ILMN_1742601	30
ILMN_1797295	23
ILMN_2413964	38
ILMN_1782851	39
ILMN_1811648	105
ILMN_1801454	31
ILMN_1727642	222
ILMN_2101339	26
ILMN_1700985	34
ILMN_1751635	33
ILMN_1785113	57
ILMN_2078074	40
ILMN_1725043	56
ILMN_1796712	244
ILMN_1746986	53
ILMN_1719531	39
ILMN_1668242	47
ILMN_1687863	40
ILMN_1797342	189
ILMN_1777853	58
ILMN_1738675	48
ILMN_1664122	100
ILMN_1743367	124
ILMN_1875302	23
ILMN_1806721	94
ILMN_1813399	55
ILMN_1774930	32
ILMN_1791164	33
ILMN_1788663	21
ILMN_1768994	29
ILMN_1674338	36
ILMN_2100871	39
ILMN_1789826	37
ILMN_1759242	43
ILMN_1789492	168
ILMN_1701783	32
ILMN_1729785	29
ILMN_1747020	82
ILMN_1696622	87
ILMN_1712026	139
ILMN_1753254	39
ILMN_1797796	51
ILMN_1712159	34
ILMN_1799939	47
ILMN_2329483	48
ILMN_1773073	52
ILMN_1654541	59
ILMN_1674778	33
ILMN_2397294	103
ILMN_2355971	126
ILMN_1750661	94
ILMN_1813573	56
ILMN_1666258	93
ILMN_1723116	49
ILMN_1767342	63
ILMN_2113102	27
ILMN_1683415	48
ILMN_1658818	18
ILMN_1655610	44
ILMN_1656297	66
ILMN_1795836	62
ILMN_2411127	48
ILMN_1728626	42
ILMN_1737087	27
ILMN_1668586	48
ILMN_1670305	250
ILMN_1729234	91
ILMN_1743412	92
ILMN_1790562	65
ILMN_1728353	17
ILMN_2360028	57
ILMN_2222768	25
ILMN_1718783	27
ILMN_1675092	29
ILMN_1668236	18
ILMN_1782086	112
ILMN_1736929	21
ILMN_1798624	51
ILMN_1695418	165
ILMN_1653292	138
ILMN_1767842	27
ILMN_1729857	16
ILMN_1701134	43
ILMN_1667199	80
ILMN_1792922	35
ILMN_1676870	16
ILMN_1748027	17
ILMN_1718266	31
ILMN_1652580	174
ILMN_1714417	132
ILMN_1741847	42
ILMN_1772274	26
ILMN_2189366	29
ILMN_1764690	79
ILMN_1670149	22
ILMN_1680339	212
ILMN_1767894	91
ILMN_1673681	117
ILMN_1781173	23
ILMN_1778956	27
ILMN_1730295	31
ILMN_2188247	16
ILMN_1748178	56
ILMN_1696615	71
ILMN_1704485	45
ILMN_1689001	170
ILMN_1785574	33
ILMN_2133187	80
ILMN_1756443	25
ILMN_2234187	139
ILMN_1753931	157
ILMN_1787949	67
ILMN_1738674	28
ILMN_1688162	35
ILMN_1652955	210
ILMN_1777190	72
ILMN_1676611	68
ILMN_2308582	196
ILMN_1707690	44
ILMN_1697096	71
ILMN_1675583	33
ILMN_1766000	159
ILMN_1797331	28
ILMN_2241627	22
ILMN_1797391	24
ILMN_2377977	95
ILMN_1709820	67
ILMN_2168747	26
ILMN_1655613	24
ILMN_1688256	35
ILMN_1718807	52
ILMN_1749675	22
ILMN_1659099	111
ILMN_2058337	73
ILMN_1778173	178
ILMN_2371911	140
ILMN_1787256	50
ILMN_1761766	26
ILMN_1774604	95
ILMN_2363489	70
ILMN_1730054	21
ILMN_1802115	18
ILMN_1749372	154
ILMN_1762151	120
ILMN_1697141	42
ILMN_1747775	59
ILMN_1726805	24
ILMN_1702265	103
ILMN_1765578	52
ILMN_1795865	33
ILMN_1755727	122
ILMN_1723794	58
ILMN_1733997	25
ILMN_1719664	26
ILMN_2223663	37
ILMN_2159322	122
ILMN_1700834	68
ILMN_1795839	229
ILMN_2206041	27
ILMN_2400926	46
ILMN_2400922	144
ILMN_1662950	120
ILMN_1678805	120
ILMN_1844464	115
ILMN_1700268	85
ILMN_1808066	9
ILMN_1734205	23
ILMN_1708805	64
ILMN_1795183	65
ILMN_1744023	391
ILMN_1722390	52
ILMN_2179873	70
ILMN_1792353	41
ILMN_1729368	76
ILMN_2256295	30
ILMN_1790692	60
ILMN_1699011	47
ILMN_1793413	30
ILMN_1730454	43
ILMN_2135321	76
ILMN_1795063	138
ILMN_1789702	39
ILMN_1815874	75
ILMN_1651652	37
ILMN_1663925	22
ILMN_2130158	18
ILMN_1683992	102
ILMN_2384629	20
ILMN_1762582	16
ILMN_1751400	81
ILMN_1732371	24
ILMN_2291083	32
ILMN_1682910	87
ILMN_1754757	95
ILMN_1795218	126
ILMN_1739751	102
ILMN_2352245	71
ILMN_1657381	10
ILMN_2296803	32
ILMN_1742187	101
ILMN_2387731	59
ILMN_1712918	15
ILMN_2407482	64
ILMN_1718334	77
ILMN_1656672	17
ILMN_1665730	53
ILMN_2096759	80
ILMN_1655316	152
ILMN_1805201	23
ILMN_1703593	109
ILMN_2326273	92
ILMN_1811598	101
ILMN_1680928	142
ILMN_2325763	152
ILMN_2254574	12
ILMN_1784256	65
ILMN_1736741	33
ILMN_1808768	61
ILMN_1739583	39
ILMN_1799815	85
ILMN_1772179	22
ILMN_1765409	46
ILMN_1761277	59
ILMN_1688627	31
ILMN_1723381	34
ILMN_2120340	191
ILMN_1653211	54
ILMN_1673466	20
ILMN_1704876	209
ILMN_1715885	52
ILMN_1780108	22
ILMN_2092118	72
ILMN_1658684	75
ILMN_2200210	13
ILMN_1665280	126
ILMN_1719386	26
ILMN_1807300	144
ILMN_1677376	142
ILMN_1667058	19
ILMN_1772506	71
ILMN_1726603	186
ILMN_1778242	76
ILMN_2117330	78
ILMN_1653200	107
ILMN_1768895	16
ILMN_1653463	31
ILMN_2371079	44
ILMN_1662070	18
ILMN_1655039	156
ILMN_1806099	23
ILMN_2127298	38
ILMN_1813581	24
ILMN_1754839	64
ILMN_2168449	65
ILMN_1695282	18
ILMN_1718023	160
ILMN_2396956	189
ILMN_1679158	206
ILMN_2100055	37
ILMN_1657395	28
ILMN_2189668	181
ILMN_1657442	29
ILMN_1796611	58
ILMN_1742859	25
ILMN_1903565	32
ILMN_1812112	22
ILMN_1789395	32
ILMN_2089097	21
ILMN_1781231	131
ILMN_1656165	50
ILMN_1809086	113
ILMN_2109156	208
ILMN_1721457	267
ILMN_1683859	59
ILMN_1690291	25
ILMN_1667504	19
ILMN_2381206	61
ILMN_1793522	196
ILMN_1810584	139
ILMN_2384216	39
ILMN_1751666	30
ILMN_1667064	19
ILMN_1671661	118
ILMN_2362902	77
ILMN_1781155	137
ILMN_1716335	12
ILMN_1662843	152
ILMN_2413808	119
ILMN_2351916	156
ILMN_1673721	296
ILMN_1673395	62
ILMN_1734153	107
ILMN_1753450	36
ILMN_1740418	93
ILMN_1805396	47
ILMN_1695446	21
ILMN_1709719	36
ILMN_1716448	40
ILMN_1685886	58
ILMN_1713037	215
ILMN_1740441	169
ILMN_2215119	23
ILMN_1662086	25
ILMN_1752681	29
ILMN_1802901	32
ILMN_1710859	74
ILMN_2081813	76
ILMN_1813620	31
ILMN_1762701	23
ILMN_1664265	27
ILMN_2209163	66
ILMN_1660624	161
ILMN_1690818	23
ILMN_1757259	33
ILMN_1807924	35
ILMN_1753627	64
ILMN_1687392	26
ILMN_1717706	52
ILMN_1753639	45
ILMN_1671365	63
ILMN_1798123	71
ILMN_1652163	44
ILMN_1782813	92
ILMN_1693045	47
ILMN_1679405	224
ILMN_1794686	21
ILMN_1768273	178
ILMN_1709814	228
ILMN_1725311	47
ILMN_1696828	17
ILMN_1813664	86
ILMN_1762594	70
ILMN_2401436	149
ILMN_1760479	41
ILMN_1688722	37
ILMN_1788387	24
ILMN_1686405	16
ILMN_1686871	127
ILMN_1772148	22
ILMN_2299795	101
ILMN_1709440	49
ILMN_1706497	43
ILMN_1669239	23
ILMN_1880042	33
ILMN_1669584	54
ILMN_1757546	26
ILMN_1771118	16
ILMN_1811835	21
ILMN_2129910	26
ILMN_1677273	36
ILMN_1747285	18
ILMN_1673493	12
ILMN_1668533	36
ILMN_2380453	22
ILMN_1652314	76
ILMN_1712773	93
ILMN_1772163	47
ILMN_1705396	24
ILMN_1705468	163
ILMN_1789457	77
ILMN_1766438	38
ILMN_2401730	207
ILMN_2335264	14
ILMN_1796923	125
ILMN_1762899	183
ILMN_1657317	63
ILMN_1724194	55
ILMN_1669659	21
ILMN_1670723	288
ILMN_2103003	16
ILMN_1802701	22
ILMN_1658519	43
ILMN_1675488	52
ILMN_1740200	18
ILMN_1763852	115
ILMN_1651760	16
ILMN_1722688	99
ILMN_1742145	121
ILMN_1777096	61
ILMN_1782331	49
ILMN_1731118	52
ILMN_1736700	214
ILMN_1749150	26
ILMN_2293067	22
ILMN_1660372	113
ILMN_1715583	249
ILMN_1808850	24
ILMN_1783161	34
ILMN_2278242	50
ILMN_2378555	15
ILMN_1729801	189
ILMN_1767135	50
ILMN_1665219	226
ILMN_1779501	22
ILMN_2075065	89
ILMN_1813801	140
ILMN_1735463	41
ILMN_1787885	173
ILMN_2170813	111
ILMN_2170814	94
ILMN_2374687	35
ILMN_2374683	43
ILMN_1779897	55
ILMN_1750153	25
ILMN_1789641	107
ILMN_1761733	105
ILMN_1777913	51
ILMN_1814483	16
ILMN_1822442	16
ILMN_1715540	51
ILMN_1655985	101
ILMN_1681984	93
ILMN_1725760	63
ILMN_1671297	19
ILMN_1705458	54
ILMN_1662905	82
ILMN_1693430	174
ILMN_1791945	47
ILMN_1684183	40
ILMN_1700417	23
ILMN_1711408	175
ILMN_2198812	51
ILMN_1699820	30
ILMN_1728067	46
ILMN_1776464	131
ILMN_1780291	43
ILMN_1704063	58
ILMN_1684289	144
ILMN_1917290	32
ILMN_2356632	66
ILMN_1808196	50
ILMN_2227573	38
ILMN_1772674	34
ILMN_1731293	39
ILMN_1660718	121
ILMN_1779258	320
ILMN_1711227	96
ILMN_1695853	159
ILMN_1701017	68
ILMN_1808732	126
ILMN_1655449	34
ILMN_1689000	24
ILMN_2382471	100
ILMN_2138005	45
ILMN_1713347	106
ILMN_1812262	148
ILMN_1696190	60
ILMN_1796685	28
ILMN_1724096	91
ILMN_1812461	105
ILMN_1724070	85
ILMN_1658807	92
ILMN_1670576	25
ILMN_1711543	42
ILMN_1742230	50
ILMN_1843198	16
ILMN_1720113	72
ILMN_1798841	94
ILMN_1731275	23
ILMN_1732772	149
ILMN_1709408	51
ILMN_1735260	27
ILMN_1738300	38
ILMN_1697777	95
ILMN_1772224	34
ILMN_1714749	26
ILMN_1803218	40
ILMN_1747395	174
ILMN_1872462	36
ILMN_1781390	34
ILMN_2324109	32
ILMN_1733276	76
ILMN_2242900	32
ILMN_2313672	33
ILMN_1718265	70
ILMN_2335704	105
ILMN_1785005	93
ILMN_1743021	25
ILMN_1736729	90
ILMN_1768958	30
ILMN_1728779	119
ILMN_1760732	24
ILMN_1822559	45
ILMN_1705466	12
ILMN_1804357	77
ILMN_1721349	75
ILMN_1661355	27
ILMN_1746941	30
ILMN_1658858	45
ILMN_1717294	77
ILMN_1679532	41
ILMN_2078975	26
ILMN_2041293	138
ILMN_2254123	39
ILMN_1798433	55
ILMN_1788107	44
ILMN_1813572	113
ILMN_1719143	32
ILMN_2094377	25
ILMN_2320336	53
ILMN_1703684	16
ILMN_1695468	60
ILMN_1669215	76
ILMN_1714809	59
ILMN_1808713	86
ILMN_1699666	8
ILMN_1714397	116
ILMN_1688104	21
ILMN_2404112	62
ILMN_1727426	36
ILMN_1785486	20
ILMN_1712314	14
ILMN_1680386	72
ILMN_1736752	113
ILMN_1685422	32
ILMN_2294784	66
ILMN_1775224	153
ILMN_2389590	41
ILMN_1738699	33
ILMN_1705247	91
ILMN_1678517	19
ILMN_1710884	26
ILMN_1665916	34
ILMN_1673798	135
ILMN_1760369	20
ILMN_1685005	149
ILMN_1780551	55
ILMN_2206141	54
ILMN_2275396	20
ILMN_2373444	25
ILMN_1745927	28
ILMN_2251766	28
ILMN_1772131	64
ILMN_1739138	54
ILMN_1707127	32
ILMN_1727360	84
ILMN_1707469	23
ILMN_1755181	46
ILMN_2082903	36
ILMN_1683883	152
ILMN_1807503	26
ILMN_1686237	24
ILMN_1709645	35
ILMN_1772645	83
ILMN_1697444	11
ILMN_1738632	101
ILMN_1757255	17
ILMN_1682180	56
ILMN_1717524	88
ILMN_2343105	104
ILMN_1772834	20
ILMN_2297353	29
ILMN_1758323	38
ILMN_1683456	63
ILMN_1669323	144
ILMN_1690034	121
ILMN_2130468	16
ILMN_2105539	20
ILMN_1660323	33
ILMN_1664320	28
ILMN_2160476	95
ILMN_2314121	26
ILMN_1660639	27
ILMN_2108150	27
ILMN_1666361	29
ILMN_1771156	42
ILMN_1769671	45
ILMN_1738552	54
ILMN_1794912	114
ILMN_1801246	122
ILMN_2367753	181
ILMN_1654396	123
ILMN_1804255	29
ILMN_1652151	27
ILMN_1690138	27
ILMN_1663699	113
ILMN_1678928	116
ILMN_1654735	194
ILMN_1748738	24
ILMN_2242463	165
ILMN_1696347	111
ILMN_1792885	80
ILMN_1797965	46
ILMN_1760741	66
ILMN_1759344	99
ILMN_1798700	48
ILMN_1801767	44
ILMN_2056975	168
ILMN_1718353	44
ILMN_2415393	41
ILMN_1668766	148
ILMN_1777299	41
ILMN_2373791	209
ILMN_1780799	285
ILMN_2287253	34
ILMN_1713496	44
ILMN_2388701	53
ILMN_1717674	98
ILMN_1709584	21
ILMN_1767766	131
ILMN_2382829	155
ILMN_2127477	173
ILMN_1704094	187
ILMN_2151818	118
ILMN_1723644	28
ILMN_2154654	22
ILMN_1760575	50
ILMN_1702534	25
ILMN_2258383	36
ILMN_1670954	31
ILMN_1733616	18
ILMN_2354285	43
ILMN_1776777	85
ILMN_1730645	10
ILMN_1718198	51
ILMN_2047914	14
ILMN_1806508	15
ILMN_1753755	107
ILMN_1699160	107
ILMN_1745374	66
ILMN_1657139	110
ILMN_1740744	34
ILMN_1747622	91
ILMN_2206953	30
ILMN_1721088	29
ILMN_1670652	22
ILMN_2179229	16
ILMN_1783337	161
ILMN_1682312	98
ILMN_1811632	223
ILMN_2323366	101
ILMN_1775111	145
ILMN_1731268	30
ILMN_2349061	69
ILMN_1798181	75
ILMN_2079890	20
ILMN_1700610	71
ILMN_1666493	26
ILMN_1710606	16
ILMN_1669321	20
ILMN_2352633	83
ILMN_1684349	48
ILMN_1689116	22
ILMN_1773031	56
ILMN_2241412	33
ILMN_1743357	61
ILMN_1810387	39
ILMN_1769822	27
ILMN_1743205	43
ILMN_1729894	26
ILMN_1701967	33
ILMN_2392569	22
ILMN_1720249	33
ILMN_1651506	66
ILMN_1687721	26
ILMN_1752247	260
ILMN_1691428	65
ILMN_1663723	27
ILMN_1750330	23
ILMN_1667257	156
ILMN_2315208	43
ILMN_1674574	59
ILMN_1756867	29
ILMN_1812479	62
ILMN_2381769	36
ILMN_1772814	102
ILMN_2330966	37
ILMN_1771832	53
ILMN_1662413	31
ILMN_1711465	48
ILMN_1677511	104
ILMN_1722089	65
ILMN_1737418	41
ILMN_1730025	25
ILMN_1688458	19
ILMN_1767827	58
ILMN_1680314	85
ILMN_2038776	100
ILMN_1748271	57
ILMN_1756308	45
ILMN_1705769	79
ILMN_2059744	27
ILMN_1807397	116
ILMN_1792947	43
ILMN_1686811	252
ILMN_1787657	71
ILMN_1685544	24
ILMN_1741976	97
ILMN_1707175	19
ILMN_1673521	79
ILMN_2134224	31
ILMN_2347424	28
ILMN_1734660	20
ILMN_1690611	34
ILMN_2205050	339
ILMN_1766112	38
ILMN_2191167	46
ILMN_2304512	103
ILMN_2059452	44
ILMN_1653438	72
ILMN_2401770	26
ILMN_2401769	37
ILMN_2404182	33
ILMN_1676864	46
ILMN_1663156	44
ILMN_2401457	76
ILMN_2082324	68
ILMN_1770711	31
ILMN_2394777	35
ILMN_2207960	27
ILMN_1659914	37
ILMN_1715259	30
ILMN_1788928	54
ILMN_1811238	117
ILMN_1699651	112
ILMN_1757794	51
ILMN_1716547	55
ILMN_2356838	113
ILMN_2266309	91
ILMN_1710937	311
ILMN_1719392	76
ILMN_1734748	18
ILMN_2073758	80
ILMN_2217630	105
ILMN_1770690	66
ILMN_1673708	20
ILMN_1803563	17
ILMN_1740524	31
ILMN_1756367	35
ILMN_1790810	46
ILMN_1679527	23
ILMN_1785635	91
ILMN_1700628	110
ILMN_1678904	88
ILMN_1810962	66
ILMN_1714327	53
ILMN_2219556	115
ILMN_2152465	38
ILMN_1741021	138
ILMN_1787749	26
ILMN_1732089	34
ILMN_1806828	31
ILMN_1757958	28
ILMN_2117613	30
ILMN_1812759	146
ILMN_2342579	68
ILMN_1707005	63
ILMN_2359887	99
ILMN_2334210	97
ILMN_2253707	14
ILMN_1654246	37
ILMN_1666022	40
ILMN_1743397	116
ILMN_2178186	38
ILMN_1710362	100
ILMN_1777541	39
ILMN_1717888	22
ILMN_1778917	102
ILMN_1811014	88
ILMN_1786498	36
ILMN_1693830	26
ILMN_1814156	102
ILMN_2365881	82
ILMN_1741431	22
ILMN_2405185	59
ILMN_1651900	33
ILMN_1684086	30
ILMN_1696830	30
ILMN_2194148	38
ILMN_1708858	51
ILMN_1786176	74
ILMN_1651354	85
ILMN_2389114	89
ILMN_1778152	79
ILMN_1781700	119
ILMN_1733802	14
ILMN_2298755	22
ILMN_2415583	27
ILMN_2222984	63
ILMN_1697820	77
ILMN_1802397	113
ILMN_1760332	80
ILMN_1675057	38
ILMN_2401494	17
ILMN_1809141	61
ILMN_1815548	35
ILMN_1678862	126
ILMN_1723536	86
ILMN_1725518	35
ILMN_1765954	22
ILMN_1749014	70
ILMN_1677197	32
ILMN_1659206	249
ILMN_1697512	29
ILMN_2354673	48
ILMN_1758213	101
ILMN_1746393	75
ILMN_1692335	42
ILMN_1728193	56
ILMN_1787461	146
ILMN_1759297	97
ILMN_1660611	49
ILMN_1740402	25
ILMN_1729733	35
ILMN_1653834	68
ILMN_1772690	142
ILMN_1677953	176
ILMN_1749515	62
ILMN_1693664	147
ILMN_1729691	210
ILMN_1773125	126
ILMN_1718331	51
ILMN_1772809	23
ILMN_2082005	28
ILMN_1660125	60
ILMN_1703335	83
ILMN_1765132	83
ILMN_1786163	40
ILMN_1774091	36
ILMN_2062620	134
ILMN_1803124	137
ILMN_1651642	101
ILMN_2144401	38
ILMN_2142284	89
ILMN_1662097	30
ILMN_2196347	99
ILMN_1722811	68
ILMN_1765607	22
ILMN_2379644	66
ILMN_1806040	353
ILMN_1780831	65
ILMN_1680436	23
ILMN_2331636	25
ILMN_1679290	30
ILMN_1783756	11
ILMN_1702383	100
ILMN_2383975	24
ILMN_1711606	34
ILMN_1760802	24
ILMN_1658636	45
ILMN_2088437	207
ILMN_1745788	113
ILMN_1663397	36
ILMN_1658427	31
ILMN_1803402	27
ILMN_2403534	24
ILMN_1692276	132
ILMN_1780041	38
ILMN_2149164	319
ILMN_2177970	29
ILMN_1689624	48
ILMN_1667980	18
ILMN_1757437	19
ILMN_1676288	41
ILMN_1693090	66
ILMN_2091632	52
ILMN_1815552	102
ILMN_2228845	69
ILMN_1658369	24
ILMN_1758918	47
ILMN_1726842	103
ILMN_1690487	231
ILMN_1807759	22
ILMN_2090029	36
ILMN_1778536	62
ILMN_1759628	138
ILMN_1783304	141
ILMN_2130635	71
ILMN_1772957	102
ILMN_1710571	60
ILMN_2403946	150
ILMN_1739586	175
ILMN_1667050	55
ILMN_1801491	26
ILMN_1697405	17
ILMN_1660223	49
ILMN_1709795	86
ILMN_1806867	201
ILMN_2391458	27
ILMN_2285506	103
ILMN_1678150	14
ILMN_1708747	31
ILMN_1867517	45
ILMN_1706262	29
ILMN_1793201	138
ILMN_1652928	32
ILMN_1715532	34
ILMN_1705124	55
ILMN_1697550	22
ILMN_1749118	92
ILMN_1728132	269
ILMN_1744886	36
ILMN_2334256	42
ILMN_1680955	336
ILMN_1665682	99
ILMN_1693910	52
ILMN_1730728	23
ILMN_1802131	34
ILMN_2204430	26
ILMN_1791647	114
ILMN_1911501	19
ILMN_2384001	37
ILMN_1746515	35
ILMN_1809488	75
ILMN_2213247	50
ILMN_1764596	91
ILMN_1700540	19
ILMN_1757361	33
ILMN_2226403	35
ILMN_1737373	33
ILMN_1692790	145
ILMN_1815908	34
ILMN_1669842	96
ILMN_2169692	29
ILMN_1755016	25
ILMN_1770556	30
ILMN_1699358	19
ILMN_1692191	105
ILMN_1763520	53
ILMN_1791002	143
ILMN_1801391	103
ILMN_1769083	41
ILMN_2168347	86
ILMN_1770824	98
ILMN_1669565	20
ILMN_1696279	17
ILMN_1753393	53
ILMN_1810053	35
ILMN_1752455	32
ILMN_1725241	62
ILMN_1714349	135
ILMN_1670870	97
ILMN_1757387	79
ILMN_2075800	146
ILMN_2396697	26
ILMN_2396702	28
ILMN_1661376	30
ILMN_1723467	120
ILMN_1693207	53
ILMN_1772132	258
ILMN_1779470	36
ILMN_1794825	30
ILMN_2382505	197
ILMN_1775183	22
ILMN_1801303	64
ILMN_2131123	29
ILMN_1719031	32
ILMN_1751102	22
ILMN_2294762	42
ILMN_2408219	30
ILMN_1773154	39
ILMN_1811597	35
ILMN_1690473	47
ILMN_1674152	118
ILMN_1807833	193
ILMN_1687833	45
ILMN_1770732	59
ILMN_1727522	53
ILMN_1731783	53
ILMN_1775566	35
ILMN_1720322	115
ILMN_2162328	99
ILMN_1774127	24
ILMN_2395974	211
ILMN_2395969	232
ILMN_1782679	29
ILMN_1752843	135
ILMN_1713602	28
ILMN_1669703	55
ILMN_1703415	25
ILMN_1806492	32
ILMN_1777424	28
ILMN_2288639	35
ILMN_2396551	14
ILMN_1680134	187
ILMN_1735906	24
ILMN_2166457	39
ILMN_1780465	65
ILMN_2206344	61
ILMN_1715603	26
ILMN_1723021	45
ILMN_1740633	90
ILMN_1654118	25
ILMN_1742410	81
ILMN_1781085	51
ILMN_1788059	47
ILMN_1741684	50
ILMN_1800659	58
ILMN_1697729	44
ILMN_1755041	15
ILMN_1784287	155
ILMN_1691264	37
ILMN_1653198	45
ILMN_1687429	30
ILMN_2374249	131
ILMN_2374244	145
ILMN_1772239	30
ILMN_2109526	82
ILMN_1746375	64
ILMN_1731714	191
ILMN_1688573	21
ILMN_1745607	196
ILMN_1778253	27
ILMN_1670503	27
ILMN_2222234	216
ILMN_1697845	12
ILMN_1735700	26
ILMN_1789001	68
ILMN_1687387	27
ILMN_1808322	19
ILMN_1668366	53
ILMN_1750308	24
ILMN_1702830	24
ILMN_2092933	39
ILMN_1759521	33
ILMN_1799387	32
ILMN_1678362	42
ILMN_1808487	29
ILMN_1718063	52
ILMN_2406654	52
ILMN_2293902	31
ILMN_2400940	94
ILMN_1733562	46
ILMN_1725193	108
ILMN_1811955	89
ILMN_1788718	37
ILMN_1706301	40
ILMN_1666314	51
ILMN_1756599	18
ILMN_1799887	31
ILMN_1693738	13
ILMN_1746194	54
ILMN_2394287	21
ILMN_2330307	272
ILMN_1787954	159
ILMN_1668510	57
ILMN_1757477	72
ILMN_1707710	41
ILMN_1704176	16
ILMN_1683300	32
ILMN_1815287	112
ILMN_1728369	36
ILMN_1662351	28
ILMN_1751346	250
ILMN_2412860	251
ILMN_1766723	35
ILMN_1660973	54
ILMN_1812859	46
ILMN_1697665	78
ILMN_1788498	36
ILMN_1701213	27
ILMN_1741017	33
ILMN_1779412	23
ILMN_1724873	56
ILMN_2381899	101
ILMN_1712112	202
ILMN_1741143	48
ILMN_1655645	76
ILMN_1678422	67
ILMN_1749612	98
ILMN_1668851	26
ILMN_1694111	93
ILMN_2317618	39
ILMN_2346856	98
ILMN_1860288	41
ILMN_1671022	23
ILMN_2373285	77
ILMN_1664912	167
ILMN_1720024	172
ILMN_1766637	34
ILMN_1652056	38
ILMN_2153061	22
ILMN_1759423	23
ILMN_1815634	74
ILMN_1715923	15
ILMN_1739513	40
ILMN_1719763	116
ILMN_1673991	116
ILMN_1701643	192
ILMN_1718193	55
ILMN_2377430	30
ILMN_1659782	19
ILMN_2402363	25
ILMN_2191568	328
ILMN_1739882	42
ILMN_2133090	23
ILMN_1766103	33
ILMN_1779875	245
ILMN_2083833	22
ILMN_2174369	117
ILMN_2225698	63
ILMN_1791119	27
ILMN_2228180	138
ILMN_1746604	205
ILMN_1797861	139
ILMN_1775408	27
ILMN_1673769	91
ILMN_1670833	35
ILMN_1656200	69
ILMN_1799744	77
ILMN_1767129	178
ILMN_2222880	45
ILMN_1654560	73
ILMN_1749287	34
ILMN_2112834	18
ILMN_2112829	129
ILMN_1776104	49
ILMN_2350315	25
ILMN_1661261	17
ILMN_2104830	43
ILMN_2201596	106
ILMN_1684341	26
ILMN_2200738	38
ILMN_1776601	19
ILMN_1762090	28
ILMN_1753342	41
ILMN_1787529	79
ILMN_1724984	110
ILMN_1698846	57
ILMN_1687974	19
ILMN_1683903	31
ILMN_1700810	51
ILMN_1769895	83
ILMN_1707799	51
ILMN_1665323	28
ILMN_1808661	74
ILMN_1735764	118
ILMN_1686477	17
ILMN_1772242	74
ILMN_2325610	45
ILMN_1733598	13
ILMN_2325612	24
ILMN_2373666	26
ILMN_1701376	34
ILMN_1745688	23
ILMN_1693966	30
ILMN_1721659	104
ILMN_1807492	134
ILMN_1853836	42
ILMN_1723158	107
ILMN_1666960	21
ILMN_1678435	52
ILMN_1689156	17
ILMN_1668865	49
ILMN_1807970	29
ILMN_1680390	68
ILMN_1796627	44
ILMN_2284077	18
ILMN_1656144	23
ILMN_1685403	211
ILMN_2192072	231
ILMN_1740972	31
ILMN_1656410	39
ILMN_1664350	16
ILMN_2181064	40
ILMN_1664047	21
ILMN_1710523	120
ILMN_1714700	87
ILMN_2058347	80
ILMN_1764851	69
ILMN_1801408	31
ILMN_1658483	26
ILMN_1728501	14
ILMN_2069286	12
ILMN_1698508	124
ILMN_2363439	50
ILMN_2129831	27
ILMN_1703197	27
ILMN_2404154	45
ILMN_1743032	57
ILMN_1712481	100
ILMN_1660031	87
ILMN_1699208	40
ILMN_1705876	197
ILMN_2408815	79
ILMN_1674955	34
ILMN_2100046	50
ILMN_1735208	23
ILMN_1700112	26
ILMN_1808548	22
ILMN_1730639	101
ILMN_2357438	355
ILMN_1654742	23
ILMN_1660871	72
ILMN_1658883	103
ILMN_1771800	232
ILMN_1680309	34
ILMN_2343048	113
ILMN_2343047	72
ILMN_2204215	38
ILMN_1675946	90
ILMN_1690945	210
ILMN_1705258	163
ILMN_1799575	23
ILMN_1682592	33
ILMN_1721129	49
ILMN_1706583	94
ILMN_2416019	40
ILMN_2298988	12
ILMN_1654637	17
ILMN_1656242	21
ILMN_2366972	122
ILMN_1665192	195
ILMN_1780659	208
ILMN_1731912	55
ILMN_1703153	120
ILMN_1689989	129
ILMN_2304577	48
ILMN_1672662	38
ILMN_1749804	42
ILMN_1680225	35
ILMN_1788462	328
ILMN_1796682	84
ILMN_2211263	65
ILMN_1728069	23
ILMN_1716979	30
ILMN_1676663	48
ILMN_1810856	37
ILMN_2388166	21
ILMN_1651943	34
ILMN_1744048	74
ILMN_1755862	63
ILMN_2246661	189
ILMN_1791505	27
ILMN_1785676	34
ILMN_1690174	19
ILMN_2219466	132
ILMN_1762808	86
ILMN_1659027	109
ILMN_1758658	68
ILMN_1669878	47
ILMN_1691188	41
ILMN_1666305	167
ILMN_1808443	17
ILMN_2203147	19
ILMN_1787244	27
ILMN_1677868	49
ILMN_1810385	24
ILMN_1697694	231
ILMN_1670282	34
ILMN_2358886	85
ILMN_2053567	56
ILMN_1684017	27
ILMN_2053345	89
ILMN_1793919	33
ILMN_1788053	81
ILMN_1656186	52
ILMN_2384544	75
ILMN_1770306	28
ILMN_1741673	15
ILMN_1740015	108
ILMN_1764607	22
ILMN_2160428	77
ILMN_2080611	214
ILMN_1703324	293
ILMN_1773271	19
ILMN_1714087	18
ILMN_1695020	85
ILMN_2238795	20
ILMN_1726266	63
ILMN_1793831	105
ILMN_1782560	80
ILMN_1797715	26
ILMN_2333774	87
ILMN_1726466	84
ILMN_1752478	86
ILMN_2139035	87
ILMN_1690576	17
ILMN_1810299	27
ILMN_1663873	119
ILMN_2085862	102
ILMN_1670970	36
ILMN_1726387	31
ILMN_1769231	13
ILMN_2105966	84
ILMN_2049672	36
ILMN_1693303	34
ILMN_1755869	15
ILMN_1760610	29
ILMN_1664464	151
ILMN_1804629	115
ILMN_2367063	48
ILMN_1652487	35
ILMN_1797534	63
ILMN_1806691	33
ILMN_1762741	38
ILMN_1913060	123
ILMN_1724480	120
ILMN_1662141	20
ILMN_1796018	48
ILMN_1736981	49
ILMN_1653033	33
ILMN_2404512	144
ILMN_2202948	359
ILMN_1712687	37
ILMN_2290444	35
ILMN_2290453	33
ILMN_1743361	89
ILMN_2109371	30
ILMN_1835017	47
ILMN_2165753	26
ILMN_1813881	36
ILMN_1788711	25
ILMN_2375825	91
ILMN_2408885	30
ILMN_1662687	46
ILMN_2192779	33
ILMN_1736689	20
ILMN_1661129	57
ILMN_1775082	29
ILMN_2286014	120
ILMN_1792150	35
ILMN_1662846	196
ILMN_2367258	237
ILMN_2408543	159
ILMN_1736575	129
ILMN_1711810	176
ILMN_1851540	60
ILMN_2312587	52
ILMN_1676602	15
ILMN_2413517	15
ILMN_2206098	36
ILMN_1684633	24
ILMN_1734194	26
ILMN_1708936	75
ILMN_1671452	49
ILMN_2141523	28
ILMN_1792363	159
ILMN_1694653	65
ILMN_1683824	23
ILMN_2112402	189
ILMN_1775901	158
ILMN_1813343	36
ILMN_2043060	164
ILMN_1695280	31
ILMN_1698952	27
ILMN_1790680	52
ILMN_1732976	28
ILMN_1748248	36
ILMN_2253286	20
ILMN_1804328	306
ILMN_1687636	40
ILMN_1747627	27
ILMN_1741594	171
ILMN_1813379	63
ILMN_1667711	26
ILMN_2371724	37
ILMN_1716815	46
ILMN_1804562	83
ILMN_1758189	12
ILMN_1690200	23
ILMN_1668996	88
ILMN_1761574	17
ILMN_1665457	55
ILMN_1771333	181
ILMN_1797482	148
ILMN_1769433	209
ILMN_1745356	95
ILMN_1744211	151
ILMN_1770787	42
ILMN_2352724	44
ILMN_2263829	31
ILMN_1770425	41
ILMN_1766401	16
ILMN_1736412	33
ILMN_1708508	65
ILMN_1657440	25
ILMN_1748438	90
ILMN_1793215	30
ILMN_1716973	34
ILMN_1660608	18
ILMN_1709681	40
ILMN_1767503	33
ILMN_1687090	41
ILMN_1808825	44
ILMN_2193545	32
ILMN_1731023	88
ILMN_1804970	35
ILMN_2077758	61
ILMN_1707351	46
ILMN_2226015	15
ILMN_1776649	30
ILMN_2312606	31
ILMN_1692223	35
ILMN_2179778	77
ILMN_1719792	82
ILMN_1710410	72
ILMN_1795754	182
ILMN_1878273	103
ILMN_1658327	33
ILMN_1682181	25
ILMN_2224955	36
ILMN_1718792	30
ILMN_2069615	32
ILMN_1693961	28
ILMN_1686313	42
ILMN_2065022	34
ILMN_1811258	195
ILMN_1693683	162
ILMN_1792748	53
ILMN_1694476	43
ILMN_1657529	37
ILMN_2323338	44
ILMN_1761280	21
ILMN_1716724	12
ILMN_2216265	61
ILMN_1691480	29
ILMN_1656134	82
ILMN_1715886	126
ILMN_1675325	56
ILMN_1660097	39
ILMN_1766320	30
ILMN_1668778	26
ILMN_2117323	68
ILMN_1752867	19
ILMN_1771957	61
ILMN_1715175	195
ILMN_2371825	31
ILMN_2274377	17
ILMN_1774110	58
ILMN_2292187	11
ILMN_2403237	72
ILMN_1801886	21
ILMN_1812946	41
ILMN_1743592	33
ILMN_1722209	30
ILMN_1703036	119
ILMN_1682330	42
ILMN_1717468	30
ILMN_1728199	127
ILMN_2133638	56
ILMN_1721008	48
ILMN_1732688	55
ILMN_1795464	72
ILMN_1724009	57
ILMN_1718070	69
ILMN_2410965	18
ILMN_2296284	55
ILMN_1741837	19
ILMN_1655702	116
ILMN_1725529	24
ILMN_1735156	57
ILMN_1698191	28
ILMN_2371685	85
ILMN_1652693	18
ILMN_1815093	16
ILMN_1689037	73
ILMN_2189027	103
ILMN_1724207	209
ILMN_2393067	27
ILMN_1811345	148
ILMN_1737738	94
ILMN_1706992	31
ILMN_1759872	62
ILMN_1780417	94
ILMN_1749327	104
ILMN_1699574	259
ILMN_1711516	60
ILMN_1680109	50
ILMN_2292123	15
ILMN_2231299	64
ILMN_2231298	55
ILMN_2211790	33
ILMN_1692938	330
ILMN_2234970	127
ILMN_1710543	123
ILMN_2371700	125
ILMN_2204576	7
ILMN_1683844	26
ILMN_1708743	59
ILMN_2392818	70
ILMN_2227817	21
ILMN_1765218	37
ILMN_1777565	141
ILMN_1779034	32
ILMN_1792933	20
ILMN_1770963	250
ILMN_1766593	40
ILMN_1724315	39
ILMN_1767244	35
ILMN_1689380	20
ILMN_1803194	62
ILMN_1788122	28
ILMN_1732716	17
ILMN_1693286	30
ILMN_1706571	37
ILMN_1716983	88
ILMN_1752111	25
ILMN_2383611	152
ILMN_1734543	170
ILMN_1660907	32
ILMN_1706635	22
ILMN_1815320	20
ILMN_1725808	30
ILMN_1719286	99
ILMN_1844408	44
ILMN_1680617	41
ILMN_1723048	68
ILMN_1768940	164
ILMN_1775466	34
ILMN_1732799	236
ILMN_1694249	21
ILMN_1797169	13
ILMN_2412927	57
ILMN_1773645	66
ILMN_1705750	60
ILMN_1651296	40
ILMN_2366703	67
ILMN_2290628	50
ILMN_1716276	69
ILMN_1727142	135
ILMN_2172588	162
ILMN_1813206	175
ILMN_2053103	98
ILMN_1813911	45
ILMN_2172202	230
ILMN_1751403	23
ILMN_1670903	59
ILMN_1684956	43
ILMN_1684873	155
ILMN_1786688	23
ILMN_2367458	67
ILMN_1665737	127
ILMN_1684928	52
ILMN_1798528	52
ILMN_1790159	35
ILMN_1657475	64
ILMN_1706005	35
ILMN_1761915	114
ILMN_1809457	24
ILMN_2264981	20
ILMN_2354478	46
ILMN_1670757	54
ILMN_2117642	41
ILMN_1751943	18
ILMN_1766079	62
ILMN_2415329	31
ILMN_1703688	27
ILMN_1780485	40
ILMN_1735471	54
ILMN_1731529	17
ILMN_1704529	75
ILMN_2373155	21
ILMN_2275199	9
ILMN_1765522	74
ILMN_2387696	74
ILMN_2368856	24
ILMN_1811765	52
ILMN_1779076	70
ILMN_2211630	22
ILMN_1692398	99
ILMN_1781261	21
ILMN_1797728	52
ILMN_2203926	21
ILMN_1810020	23
ILMN_1724977	30
ILMN_1738572	58
ILMN_1751630	71
ILMN_1729237	165
ILMN_1777199	144
ILMN_2413323	121
ILMN_1779616	106
ILMN_1786946	35
ILMN_1738849	65
ILMN_1782937	43
ILMN_1802646	329
ILMN_2359800	87
ILMN_1721035	83
ILMN_1798311	60
ILMN_1732810	32
ILMN_1797786	49
ILMN_1737242	24
ILMN_1727815	170
ILMN_1776173	192
ILMN_1713161	17
ILMN_2070521	164
ILMN_1727165	95
ILMN_1773725	29
ILMN_1748675	34
ILMN_1779213	55
ILMN_2341815	27
ILMN_1732226	36
ILMN_1789446	46
ILMN_1660730	103
ILMN_1681695	37
ILMN_1800412	286
ILMN_2319825	55
ILMN_1694233	68
ILMN_1758474	116
ILMN_1778543	182
ILMN_1790757	217
ILMN_2408764	41
ILMN_1779051	37
ILMN_1791057	167
ILMN_1667132	21
ILMN_2064132	24
ILMN_2384133	28
ILMN_2365111	77
ILMN_1665943	73
ILMN_2381168	35
ILMN_1666385	40
ILMN_1675794	24
ILMN_2376108	92
ILMN_1798233	77
ILMN_1768392	116
ILMN_2336970	38
ILMN_1705594	97
ILMN_2041971	21
ILMN_2299843	91
ILMN_1661687	29
ILMN_1666191	20
ILMN_2273911	34
ILMN_2370882	84
ILMN_1668779	17
ILMN_1678061	33
ILMN_2049536	127
ILMN_2147503	181
ILMN_1734929	147
ILMN_1753112	71
ILMN_1672834	85
ILMN_1667260	142
ILMN_1666853	40
ILMN_1813568	35
ILMN_1651238	31
ILMN_1683682	27
ILMN_2377199	36
ILMN_1770553	21
ILMN_1705208	113
ILMN_1664012	84
ILMN_1683298	47
ILMN_1659894	34
ILMN_2338038	61
ILMN_1728478	78
ILMN_1815849	16
ILMN_1716234	21
ILMN_2362974	39
ILMN_1796461	90
ILMN_1738749	33
ILMN_1667047	40
ILMN_1678310	39
ILMN_2188155	26
ILMN_1707720	58
ILMN_1803637	32
ILMN_2188384	22
ILMN_2350634	120
ILMN_2095653	35
ILMN_1699798	42
ILMN_1762115	70
ILMN_1663313	53
ILMN_1707310	23
ILMN_2370336	96
ILMN_1744628	133
ILMN_1660261	68
ILMN_1815719	148
ILMN_2137654	44
ILMN_1655827	183
ILMN_1752998	27
ILMN_1756374	24
ILMN_2372915	48
ILMN_1686985	44
ILMN_1747183	50
ILMN_1658121	29
ILMN_1708402	222
ILMN_1688071	321
ILMN_2341595	126
ILMN_1808508	109
ILMN_1746232	40
ILMN_2368530	128
ILMN_1661337	110
ILMN_1764508	96
ILMN_1704377	28
ILMN_1767523	54
ILMN_1665821	33
ILMN_2274775	94
ILMN_1719250	278
ILMN_1707513	25
ILMN_1736184	124
ILMN_1769155	27
ILMN_1772964	138
ILMN_1655229	24
ILMN_1784436	205
ILMN_1797578	31
ILMN_1751871	38
ILMN_1772241	208
ILMN_1658498	41
ILMN_1805737	194
ILMN_1661491	31
ILMN_2195015	34
ILMN_1666399	35
ILMN_1730628	68
ILMN_1810199	43
ILMN_1801230	31
ILMN_1693620	139
ILMN_2168314	149
ILMN_1697975	38
ILMN_1794959	32
ILMN_1802653	50
ILMN_1715977	25
ILMN_2313782	40
ILMN_2307883	144
ILMN_1752952	40
ILMN_1791508	57
ILMN_2111445	22
ILMN_1787196	58
ILMN_1803561	45
ILMN_1792669	73
ILMN_2191402	41
ILMN_2206080	24
ILMN_1698554	125
ILMN_2403896	48
ILMN_1801710	98
ILMN_1727173	39
ILMN_1750902	25
ILMN_1793182	16
ILMN_1655482	93
ILMN_1810335	41
ILMN_1693617	27
ILMN_2363475	27
ILMN_1711451	113
ILMN_1781400	153
ILMN_1711517	23
ILMN_1651574	77
ILMN_1803788	124
ILMN_1835631	24
ILMN_2342240	36
ILMN_1770412	63
ILMN_1745928	26
ILMN_1717946	49
ILMN_1686432	22
ILMN_1688569	69
ILMN_1683607	41
ILMN_1753515	57
ILMN_1728887	205
ILMN_1774134	19
ILMN_2307455	59
ILMN_1679819	14
ILMN_1761790	30
ILMN_1724609	47
ILMN_1682738	107
ILMN_2400759	105
ILMN_1720041	32
ILMN_1668277	58
ILMN_2415277	22
ILMN_1685096	30
ILMN_1737003	22
ILMN_1730937	37
ILMN_1797873	34
ILMN_1788786	32
ILMN_1903822	33
ILMN_1775508	37
ILMN_1689146	234
ILMN_2151168	23
ILMN_1699365	41
ILMN_1668312	46
ILMN_1723803	42
ILMN_1735488	23
ILMN_1724632	37
ILMN_1715668	34
ILMN_1745668	55
ILMN_1775182	51
ILMN_2127416	28
ILMN_1765189	22
ILMN_1750761	43
ILMN_1742001	69
ILMN_2348403	65
ILMN_1771697	184
ILMN_1658576	39
ILMN_2233099	51
ILMN_1764396	97
ILMN_1768684	20
ILMN_1698649	21
ILMN_1810608	45
ILMN_2051408	86
ILMN_1800130	59
ILMN_1707326	41
ILMN_1742564	19
ILMN_1712582	27
ILMN_1726711	29
ILMN_1719986	131
ILMN_1787897	56
ILMN_1700888	89
ILMN_2123567	67
ILMN_1774258	50
ILMN_1783593	97
ILMN_2206272	94
ILMN_1784218	54
ILMN_1789535	29
ILMN_2358134	52
ILMN_1798975	313
ILMN_1719393	22
ILMN_1726769	55
ILMN_2095908	26
ILMN_2319544	48
ILMN_1789342	109
ILMN_1761450	107
ILMN_1779032	111
ILMN_2202423	136
ILMN_1783610	130
ILMN_1698884	25
ILMN_1762225	20
ILMN_1712348	22
ILMN_1717902	34
ILMN_1778557	46
ILMN_1782704	64
ILMN_1748221	15
ILMN_1692160	20
ILMN_1802029	21
ILMN_2199947	26
ILMN_1672419	24
ILMN_1791702	141
ILMN_1735155	25
ILMN_1676280	38
ILMN_2367215	45
ILMN_1689623	18
ILMN_1751495	37
ILMN_1803882	96
ILMN_1726565	68
ILMN_1816603	26
ILMN_1656413	60
ILMN_1803772	118
ILMN_1664919	34
ILMN_1722716	84
ILMN_1738268	15
ILMN_2116661	34
ILMN_2328280	230
ILMN_1656724	19
ILMN_1739042	34
ILMN_2346831	45
ILMN_1781952	42
ILMN_1652465	22
ILMN_1686562	253
ILMN_1711092	46
ILMN_2333766	121
ILMN_1703507	81
ILMN_2396996	203
ILMN_1655177	77
ILMN_1734434	33
ILMN_2234873	78
ILMN_1737308	88
ILMN_1654217	45
ILMN_1701507	45
ILMN_1743911	234
ILMN_1805376	41
ILMN_1784651	81
ILMN_1756211	31
ILMN_1688423	186
ILMN_1702419	29
ILMN_1694686	43
ILMN_1785198	68
ILMN_2050911	77
ILMN_1693490	53
ILMN_1701077	89
ILMN_1724183	27
ILMN_1813695	76
ILMN_1790238	37
ILMN_1736939	103
ILMN_1748323	165
ILMN_1793241	139
ILMN_1791796	44
ILMN_1796710	91
ILMN_1738095	191
ILMN_1764096	38
ILMN_1689611	22
ILMN_1685596	21
ILMN_1666924	85
ILMN_2358980	131
ILMN_1735045	62
ILMN_1681087	71
ILMN_2085722	137
ILMN_1810691	15
ILMN_1659984	15
ILMN_1710408	24
ILMN_1788895	38
ILMN_1781517	57
ILMN_1656713	32
ILMN_1696056	52
ILMN_1784264	47
ILMN_1725707	99
ILMN_2179018	198
ILMN_2290547	42
ILMN_1811039	30
ILMN_1799863	22
ILMN_1895745	48
ILMN_1783956	171
ILMN_2088785	29
ILMN_2217329	47
ILMN_1759729	98
ILMN_1805200	208
ILMN_1741465	25
ILMN_1788232	35
ILMN_1654429	52
ILMN_1708982	51
ILMN_1763464	43
ILMN_1690646	23
ILMN_1696521	128
ILMN_1755535	19
ILMN_1706521	43
ILMN_2262444	97
ILMN_2071937	106
ILMN_1715635	108
ILMN_2136737	23
ILMN_1685009	71
ILMN_1810941	56
ILMN_1744517	43
ILMN_1736021	38
ILMN_1806464	21
ILMN_1778059	42
ILMN_1672879	40
ILMN_1685057	86
ILMN_1738656	70
ILMN_2377288	28
ILMN_1791067	42
ILMN_1731948	55
ILMN_2197381	19
ILMN_1723211	128
ILMN_1752307	18
ILMN_1796229	43
ILMN_1811049	65
ILMN_1703886	73
ILMN_2304996	19
ILMN_2111739	64
ILMN_1785891	192
ILMN_2228215	15
ILMN_2178116	36
ILMN_1803714	29
ILMN_1705063	29
ILMN_1772387	37
ILMN_1691861	156
ILMN_1730084	58
ILMN_1666203	21
ILMN_1673360	33
ILMN_1741712	54
ILMN_1711550	13
ILMN_1716367	29
ILMN_2203544	60
ILMN_2203549	22
ILMN_1812432	59
ILMN_1713685	36
ILMN_1782076	28
ILMN_2286574	50
ILMN_1679044	108
ILMN_1706502	177
ILMN_2179397	212
ILMN_1702363	115
ILMN_2282641	66
ILMN_1771734	237
ILMN_1781536	126
ILMN_1657125	48
ILMN_1734176	41
ILMN_2163835	43
ILMN_1700024	124
ILMN_2138589	62
ILMN_2194009	92
ILMN_1797594	55
ILMN_1693905	196
ILMN_1725244	220
ILMN_1756572	150
ILMN_2051232	57
ILMN_1744210	42
ILMN_1671263	56
ILMN_1737025	219
ILMN_1784737	65
ILMN_1651456	22
ILMN_2249920	312
ILMN_1671929	36
ILMN_1687824	157
ILMN_1791280	70
ILMN_2212763	95
ILMN_1653980	34
ILMN_1695271	57
ILMN_1696975	142
ILMN_1812281	16
ILMN_1723287	130
ILMN_1702842	28
ILMN_1791123	113
ILMN_2152865	67
ILMN_1728380	265
ILMN_1749553	45
ILMN_2303912	26
ILMN_2237428	79
ILMN_2176592	98
ILMN_1652215	155
ILMN_1801987	33
ILMN_2357062	21
ILMN_1793870	19
ILMN_2404657	41
ILMN_1752658	121
ILMN_2048011	28
ILMN_1664859	161
ILMN_1670037	155
ILMN_1772667	16
ILMN_1699767	27
ILMN_1714891	10
ILMN_1770629	37
ILMN_1738429	31
ILMN_1776076	46
ILMN_2276758	91
ILMN_1666174	21
ILMN_1751851	51
ILMN_1739164	48
ILMN_2235785	85
ILMN_1697812	32
ILMN_1785406	158
ILMN_2279844	40
ILMN_2067596	29
ILMN_1745778	65
ILMN_1679694	64
ILMN_1686981	86
ILMN_1667460	99
ILMN_2345142	80
ILMN_1758939	254
ILMN_1736042	44
ILMN_1744212	102
ILMN_1689088	75
ILMN_1744426	16
ILMN_1767070	25
ILMN_1737312	51
ILMN_1740185	52
ILMN_2151739	183
ILMN_1778796	135
ILMN_2092664	89
ILMN_1672884	37
ILMN_1691433	31
ILMN_2322100	23
ILMN_2086143	53
ILMN_2194448	109
ILMN_1737498	53
ILMN_1668928	36
ILMN_1715863	93
ILMN_1813139	236
ILMN_2098643	17
ILMN_2383707	138
ILMN_1694923	36
ILMN_1797030	28
ILMN_1693483	87
ILMN_1674009	29
ILMN_2073289	49
ILMN_1731048	93
ILMN_2332553	200
ILMN_1676088	297
ILMN_2138135	12
ILMN_1807074	285
ILMN_1658800	106
ILMN_1755023	36
ILMN_1702633	41
ILMN_1801909	21
ILMN_1651984	59
ILMN_2357809	60
ILMN_1672658	32
ILMN_1728662	69
ILMN_1727965	40
ILMN_1764216	29
ILMN_2070530	18
ILMN_1651405	72
ILMN_1811481	28
ILMN_1815626	249
ILMN_1750792	59
ILMN_1803302	48
ILMN_1686805	58
ILMN_1666494	42
ILMN_1674658	28
ILMN_2197247	109
ILMN_1758626	43
ILMN_1770005	19
ILMN_2397188	52
ILMN_2406656	638
ILMN_1700791	52
ILMN_2387224	37
ILMN_1813325	45
ILMN_2278246	28
ILMN_1700475	30
ILMN_1780898	78
ILMN_2244841	27
ILMN_2341343	175
ILMN_1769091	58
ILMN_2406501	125
ILMN_2279377	18
ILMN_1737314	32
ILMN_1765258	150
ILMN_1805827	80
ILMN_2329927	69
ILMN_1794782	47
ILMN_1801178	26
ILMN_1719660	64
ILMN_2115752	21
ILMN_1804738	24
ILMN_1714057	30
ILMN_1666970	31
ILMN_1721136	170
ILMN_2198823	15
ILMN_2407619	196
ILMN_2294431	177
ILMN_1671265	89
ILMN_1718863	41
ILMN_2071641	80
ILMN_1749115	165
ILMN_1777521	20
ILMN_1815115	245
ILMN_2210601	133
ILMN_1671281	111
ILMN_1757562	32
ILMN_1681888	70
ILMN_1803412	30
ILMN_1662038	58
ILMN_2178244	23
ILMN_1764355	148
ILMN_2199439	30
ILMN_1662795	29
ILMN_1703946	97
ILMN_1672504	136
ILMN_1756049	40
ILMN_1807913	26
ILMN_1774062	125
ILMN_1794803	62
ILMN_1705250	29
ILMN_1722621	25
ILMN_1723625	52
ILMN_1693014	176
ILMN_1711886	205
ILMN_1708238	19
ILMN_1730660	31
ILMN_1681437	154
ILMN_1789351	19
ILMN_1692094	31
ILMN_1813657	32
ILMN_1657868	26
ILMN_1792075	26
ILMN_1666512	110
ILMN_1677919	303
ILMN_1711988	127
ILMN_1767322	25
ILMN_1772399	29
ILMN_2225135	40
ILMN_2414007	73
ILMN_1778213	31
ILMN_2119421	239
ILMN_1664602	128
ILMN_1675221	25
ILMN_1807212	27
ILMN_1711452	115
ILMN_2297854	54
ILMN_1723535	22
ILMN_1653687	23
ILMN_1749379	34
ILMN_2055781	116
ILMN_1685521	24
ILMN_1722135	18
ILMN_1659255	68
ILMN_1742330	79
ILMN_1714427	26
ILMN_1759614	14
ILMN_1688103	41
ILMN_1783336	28
ILMN_1804361	29
ILMN_2160209	79
ILMN_2160210	124
ILMN_2247572	41
ILMN_1686865	33
ILMN_1766054	51
ILMN_1761309	95
ILMN_1765001	82
ILMN_1701269	272
ILMN_1764127	94
ILMN_1784478	78
ILMN_2145396	129
ILMN_1710406	66
ILMN_1736353	51
ILMN_1666445	29
ILMN_1690695	72
ILMN_1680343	64
ILMN_1664006	40
ILMN_1792710	55
ILMN_1780913	46
ILMN_1782295	18
ILMN_1686116	125
ILMN_2102422	18
ILMN_1760247	57
ILMN_1748090	33
ILMN_1773114	56
ILMN_1682583	40
ILMN_1665022	11
ILMN_1675609	106
ILMN_1765499	23
ILMN_1788156	25
ILMN_2184049	105
ILMN_1750805	100
ILMN_1751164	49
ILMN_1769751	75
ILMN_1753110	28
ILMN_2336220	28
ILMN_2382758	55
ILMN_1692188	26
ILMN_1680730	15
ILMN_2391071	33
ILMN_2285280	37
ILMN_1810191	75
ILMN_2334121	123
ILMN_2253648	168
ILMN_1694983	104
ILMN_1699669	25
ILMN_1689836	74
ILMN_1813776	41
ILMN_1713995	118
ILMN_2319913	82
ILMN_2319910	43
ILMN_2379326	127
ILMN_1719938	60
ILMN_1741502	25
ILMN_2151698	30
ILMN_1700880	124
ILMN_1698803	22
ILMN_2381603	59
ILMN_1783170	27
ILMN_1662049	37
ILMN_2153572	36
ILMN_1652276	139
ILMN_1708348	55
ILMN_1739587	22
ILMN_1797046	96
ILMN_2070102	25
ILMN_1680081	28
ILMN_1778236	33
ILMN_1879344	26
ILMN_1721523	28
ILMN_1678075	83
ILMN_1670572	53
ILMN_1682176	167
ILMN_1798679	53
ILMN_1762629	33
ILMN_1769259	101
ILMN_1739168	29
ILMN_2395474	83
ILMN_1685413	83
ILMN_1739885	106
ILMN_2348367	46
ILMN_1659770	23
ILMN_1675756	11
ILMN_1720708	108
ILMN_1658853	16
ILMN_1678678	98
ILMN_2152711	97
ILMN_2332267	112
ILMN_1753547	133
ILMN_1720542	67
ILMN_1775380	166
ILMN_2280707	42
ILMN_2264029	54
ILMN_2353054	156
ILMN_1770502	17
ILMN_1796775	46
ILMN_1751882	42
ILMN_2347622	40
ILMN_1671054	86
ILMN_2203950	103
ILMN_1814215	42
ILMN_1738438	198
ILMN_1800131	119
ILMN_2363058	36
ILMN_1704398	148
ILMN_1695334	97
ILMN_1776363	234
ILMN_1697919	44
ILMN_1666715	21
ILMN_1672097	40
ILMN_1733294	17
ILMN_1740938	76
ILMN_2073307	98
ILMN_1674167	18
ILMN_1726081	23
ILMN_1683102	26
ILMN_1663980	35
ILMN_2299221	58
ILMN_1805003	34
ILMN_2206500	25
ILMN_2074748	30
ILMN_1719988	14
ILMN_1798875	52
ILMN_1788769	30
ILMN_2047676	87
ILMN_1658247	99
ILMN_1798046	32
ILMN_1802167	93
ILMN_1722742	20
ILMN_2056795	26
ILMN_1784756	27
ILMN_1736597	145
ILMN_1811373	95
ILMN_1676846	140
ILMN_2330267	111
ILMN_1698444	29
ILMN_2199843	10
ILMN_1738158	32
ILMN_1670365	19
ILMN_1680104	180
ILMN_1679311	23
ILMN_2075927	99
ILMN_1764605	62
ILMN_1712530	96
ILMN_1772253	28
ILMN_1756210	37
ILMN_1701441	178
ILMN_1674984	46
ILMN_2307721	105
ILMN_2338452	26
ILMN_2256050	45
ILMN_1795089	66
ILMN_1811927	17
ILMN_1662741	103
ILMN_1659744	39
ILMN_1692473	100
ILMN_2324537	23
ILMN_1785413	83
ILMN_1717125	28
ILMN_1760727	228
ILMN_1696974	186
ILMN_1675577	55
ILMN_1799942	22
ILMN_1697546	100
ILMN_1720838	79
ILMN_1743654	19
ILMN_1654606	161
ILMN_1681845	169
ILMN_1789003	51
ILMN_1747023	23
ILMN_2165975	36
ILMN_1683799	29
ILMN_1753758	28
ILMN_2050183	50
ILMN_1765649	41
ILMN_1728914	224
ILMN_1764747	32
ILMN_1801377	108
ILMN_1712046	215
ILMN_1764383	31
ILMN_1757164	40
ILMN_1680129	139
ILMN_1654068	85
ILMN_1724612	148
ILMN_1681601	42
ILMN_1805197	32
ILMN_1718731	155
ILMN_1735042	37
ILMN_1849013	338
ILMN_1758888	45
ILMN_1750394	353
ILMN_1680521	28
ILMN_1712357	75
ILMN_2378048	45
ILMN_1699750	27
ILMN_1692705	89
ILMN_2380999	115
ILMN_1704410	25
ILMN_1886395	13
ILMN_1727438	17
ILMN_1715324	174
ILMN_1796341	35
ILMN_1677439	114
ILMN_1706070	74
ILMN_1746883	97
ILMN_1734184	115
ILMN_1757370	41
ILMN_1688768	31
ILMN_1731233	68
ILMN_1678690	23
ILMN_1773849	185
ILMN_1789005	101
ILMN_1653056	20
ILMN_1696355	30
ILMN_1729417	37
ILMN_1795930	160
ILMN_1651950	141
ILMN_1762260	136
ILMN_1727723	22
ILMN_1728107	183
ILMN_1704579	34
ILMN_2263054	27
ILMN_1683212	41
ILMN_2150019	88
ILMN_1660787	122
ILMN_2408748	31
ILMN_1815933	68
ILMN_1706539	114
ILMN_1775677	107
ILMN_1691403	33
ILMN_2408430	49
ILMN_2282352	90
ILMN_2385566	101
ILMN_1744003	20
ILMN_1732615	79
ILMN_2208455	24
ILMN_1774336	122
ILMN_1653665	26
ILMN_1680643	39
ILMN_1758281	97
ILMN_1661196	74
ILMN_1664001	21
ILMN_1803291	61
ILMN_1653728	27
ILMN_2075603	232
ILMN_1789505	160
ILMN_1747344	53
ILMN_1679188	183
ILMN_2335398	99
ILMN_1739429	16
ILMN_1830462	34
ILMN_1672390	35
ILMN_1674689	58
ILMN_1708223	62
ILMN_2112915	110
ILMN_1776519	38
ILMN_1741455	81
ILMN_1782173	46
ILMN_1774086	47
ILMN_1717466	45
ILMN_2377210	34
ILMN_1668727	22
ILMN_1751839	18
ILMN_1675501	139
ILMN_1701058	102
ILMN_1800096	22
ILMN_1760049	137
ILMN_1792672	165
ILMN_1772631	19
ILMN_1716053	160
ILMN_1670542	67
ILMN_1786882	28
ILMN_1812552	51
ILMN_2366391	153
ILMN_2366388	179
ILMN_1766652	55
ILMN_2347592	83
ILMN_1721672	26
ILMN_1759312	103
ILMN_1686227	68
ILMN_1712532	73
ILMN_2331121	38
ILMN_1703196	47
ILMN_2352609	53
ILMN_2408908	127
ILMN_1669747	37
ILMN_1795697	116
ILMN_2292646	39
ILMN_1806037	217
ILMN_1737992	66
ILMN_1754178	123
ILMN_1766707	62
ILMN_2054297	147
ILMN_1750599	40
ILMN_2363250	20
ILMN_1701120	33
ILMN_1815313	48
ILMN_2407346	48
ILMN_1770987	13
ILMN_1712023	37
ILMN_2094313	98
ILMN_1698209	36
ILMN_1799280	148
ILMN_1683471	52
ILMN_1726164	134
ILMN_1758719	162
ILMN_2261076	133
ILMN_1756355	75
ILMN_1785474	31
ILMN_1651599	19
ILMN_1785141	68
ILMN_1781465	34
ILMN_1674533	55
ILMN_2368188	34
ILMN_2272412	40
ILMN_1683121	35
ILMN_1676014	96
ILMN_1784110	40
ILMN_1668067	28
ILMN_2415911	44
ILMN_1683781	27
ILMN_2173919	78
ILMN_1713846	46
ILMN_1811799	44
ILMN_1668714	61
ILMN_1680212	16
ILMN_1668861	162
ILMN_1663840	28
ILMN_1735361	27
ILMN_1724715	20
ILMN_1733554	33
ILMN_1755992	24
ILMN_2066858	87
ILMN_1803300	27
ILMN_1697069	38
ILMN_2322768	18
ILMN_1653125	83
ILMN_1815530	26
ILMN_1741971	51
ILMN_1805725	55
ILMN_1673896	58
ILMN_1759743	168
ILMN_1669775	33
ILMN_1713732	146
ILMN_2268241	18
ILMN_1716895	121
ILMN_1672606	37
ILMN_1811692	41
ILMN_1666776	21
ILMN_2383229	30
ILMN_1791840	56
ILMN_1678423	123
ILMN_1740443	57
ILMN_1748450	59
ILMN_1809272	24
ILMN_1796106	124
ILMN_2216852	326
ILMN_1755749	301
ILMN_1697145	36
ILMN_1727605	90
ILMN_1779742	55
ILMN_2328972	133
ILMN_1794692	118
ILMN_2328977	27
ILMN_1733929	18
ILMN_1735022	41
ILMN_1716859	118
ILMN_2172091	33
ILMN_1768035	54
ILMN_1659950	43
ILMN_1776112	19
ILMN_1710394	21
ILMN_1655114	29
ILMN_1672878	108
ILMN_1740186	50
ILMN_2157219	99
ILMN_1678323	143
ILMN_1757872	118
ILMN_1758906	75
ILMN_2176037	209
ILMN_1708615	35
ILMN_1801851	27
ILMN_1767176	31
ILMN_1733964	12
ILMN_2191436	59
ILMN_1692758	28
ILMN_1696028	146
ILMN_2052511	19
ILMN_1714461	149
ILMN_2340347	22
ILMN_1687864	184
ILMN_1798955	31
ILMN_1658586	84
ILMN_2388605	100
ILMN_1661434	40
ILMN_1710668	122
ILMN_1718754	19
ILMN_2338447	45
ILMN_1681543	58
ILMN_2209766	29
ILMN_1659138	42
ILMN_1770955	50
ILMN_1685239	38
ILMN_1711272	64
ILMN_2382990	56
ILMN_1770887	18
ILMN_1738818	22
ILMN_1791483	85
ILMN_1730710	135
ILMN_1803036	36
ILMN_1661695	141
ILMN_1746968	120
ILMN_1752877	28
ILMN_1653744	24
ILMN_1687612	22
ILMN_1800225	136
ILMN_2377733	64
ILMN_1669788	50
ILMN_2335604	119
ILMN_2308950	145
ILMN_1708647	30
ILMN_2386453	28
ILMN_1799134	85
ILMN_1901009	27
ILMN_2189870	17
ILMN_2189869	33
ILMN_1752606	29
ILMN_1730917	49
ILMN_1791530	24
ILMN_2336781	135
ILMN_1675266	79
ILMN_1701877	177
ILMN_1738700	42
ILMN_1654141	55
ILMN_1743319	51
ILMN_2217661	42
ILMN_1676256	83
ILMN_2169801	70
ILMN_2405023	26
ILMN_2405018	66
ILMN_1700428	91
ILMN_1738173	56
ILMN_2133100	52
ILMN_1670028	17
ILMN_1725969	48
ILMN_1722158	61
ILMN_1705686	23
ILMN_1797499	181
ILMN_1769517	231
ILMN_2369403	110
ILMN_2271762	29
ILMN_2366915	18
ILMN_2312498	92
ILMN_1712999	23
ILMN_2068951	23
ILMN_2364529	247
ILMN_1708105	170
ILMN_2412768	34
ILMN_1742089	135
ILMN_2288175	40
ILMN_1759448	41
ILMN_1898682	83
ILMN_1667577	190
ILMN_2128923	106
ILMN_1669062	57
ILMN_1777461	53
ILMN_1658299	19
ILMN_1664316	98
ILMN_2113606	49
ILMN_2398711	52
ILMN_2163482	32
ILMN_1701962	37
ILMN_2405031	80
ILMN_1768753	40
ILMN_1713605	46
ILMN_1702604	41
ILMN_1685824	210
ILMN_1716734	39
ILMN_1700231	68
ILMN_1694776	54
ILMN_1719543	107
ILMN_1767541	64
ILMN_1669308	71
ILMN_1749026	24
ILMN_2046073	20
ILMN_1799073	28
ILMN_2047240	39
ILMN_1715742	17
ILMN_1739155	40
ILMN_1651966	35
ILMN_1713753	55
ILMN_1684200	35
ILMN_1745785	30
ILMN_2094360	54
ILMN_2302716	42
ILMN_1684919	17
ILMN_2150787	20
ILMN_1721113	24
ILMN_1707286	66
ILMN_1757742	21
ILMN_1770014	14
ILMN_2320964	87
ILMN_1725188	121
ILMN_1751020	26
ILMN_1742200	39
ILMN_1667052	29
ILMN_2122103	249
ILMN_1687538	450
ILMN_1701487	132
ILMN_1665033	18
ILMN_2260643	25
ILMN_2346987	34
ILMN_1731670	29
ILMN_2070043	94
ILMN_2070044	58
ILMN_1770678	367
ILMN_1749362	97
ILMN_1678574	73
ILMN_1748890	30
ILMN_2296843	66
ILMN_2408851	86
ILMN_1752639	76
ILMN_1711838	37
ILMN_1782890	40
ILMN_2332713	40
ILMN_2412849	25
ILMN_2378654	27
ILMN_2354953	29
ILMN_1689217	54
ILMN_1779071	208
ILMN_1718982	47
ILMN_1718483	58
ILMN_1765116	28
ILMN_1731503	148
ILMN_1733864	41
ILMN_2386354	64
ILMN_2386355	150
ILMN_2224833	56
ILMN_2412336	104
ILMN_1715404	27
ILMN_2055609	28
ILMN_1814327	173
ILMN_1679727	153
ILMN_1652790	67
ILMN_1771593	52
ILMN_1856009	21
ILMN_1651507	41
ILMN_1739813	120
ILMN_1749493	51
ILMN_1726666	133
ILMN_1704598	25
ILMN_1731044	80
ILMN_2324734	23
ILMN_1671844	40
ILMN_2166865	223
ILMN_1704557	70
ILMN_1696675	68
ILMN_2283398	70
ILMN_1744068	106
ILMN_1667905	33
ILMN_1798577	26
ILMN_1752917	42
ILMN_1666192	52
ILMN_2261627	87
ILMN_2348905	39
ILMN_1804735	78
ILMN_1679115	25
ILMN_2292686	23
ILMN_1777556	37
ILMN_1730433	76
ILMN_1677829	177
ILMN_2269619	18
ILMN_2363097	42
ILMN_1781099	79
ILMN_1696692	21
ILMN_1680831	105
ILMN_1776516	49
ILMN_1673491	15
ILMN_2140999	31
ILMN_1651769	42
ILMN_1745849	91
ILMN_1703471	106
ILMN_2241953	68
ILMN_1672302	21
ILMN_1656371	28
ILMN_1788855	31
ILMN_1716019	32
ILMN_1762952	35
ILMN_1803691	53
ILMN_1702310	33
ILMN_2387395	162
ILMN_2283293	30
ILMN_1657591	28
ILMN_2129927	165
ILMN_1737627	34
ILMN_2390427	46
ILMN_1711573	73
ILMN_1667239	249
ILMN_1749920	23
ILMN_1735124	105
ILMN_1677827	95
ILMN_1732182	34
ILMN_1651597	42
ILMN_1651576	15
ILMN_1656867	30
ILMN_1759326	95
ILMN_1732309	34
ILMN_2406557	30
ILMN_1656368	42
ILMN_1705266	42
ILMN_2152581	137
ILMN_1678095	35
ILMN_1789913	30
ILMN_1737541	56
ILMN_1739144	30
ILMN_2400372	70
ILMN_1740622	20
ILMN_2358474	23
ILMN_1794767	29
ILMN_1715173	58
ILMN_2251452	90
ILMN_1813658	23
ILMN_1677920	80
ILMN_1768279	43
ILMN_2229032	70
ILMN_1652196	26
ILMN_2206411	27
ILMN_2206413	24
ILMN_1699472	103
ILMN_1746646	29
ILMN_1712082	30
ILMN_1741180	37
ILMN_1817298	20
ILMN_1651940	31
ILMN_1797063	20
ILMN_1758895	156
ILMN_1786267	17
ILMN_2211800	205
ILMN_1809439	224
ILMN_1656496	23
ILMN_1800898	23
ILMN_1691736	134
ILMN_1700591	30
ILMN_1769191	60
ILMN_1804283	19
ILMN_1651209	29
ILMN_1739967	60
ILMN_1664946	17
ILMN_1733396	60
ILMN_1711005	206
ILMN_1778358	22
ILMN_1723043	71
ILMN_1695025	102
ILMN_1692554	22
ILMN_2413251	43
ILMN_1738784	151
ILMN_1726030	140
ILMN_1775501	78
ILMN_1792744	28
ILMN_1674646	30
ILMN_1745395	39
ILMN_1659801	66
ILMN_1663257	151
ILMN_2216918	40
ILMN_2129668	41
ILMN_1692466	34
ILMN_1652472	21
ILMN_1725700	29
ILMN_1734893	46
ILMN_1776542	25
ILMN_2354237	27
ILMN_1652913	165
ILMN_2117240	21
ILMN_1651433	68
ILMN_1697817	58
ILMN_1809857	43
ILMN_1742544	196
ILMN_1737574	39
ILMN_1796085	134
ILMN_2059549	67
ILMN_1680936	27
ILMN_2392189	96
ILMN_1687442	39
ILMN_1744217	21
ILMN_1787511	46
ILMN_2115696	60
ILMN_1811171	49
ILMN_2149935	28
ILMN_1674380	159
ILMN_1744403	60
ILMN_1715178	23
ILMN_1790978	38
ILMN_1742052	47
ILMN_2184250	22
ILMN_2382271	69
ILMN_1707858	381
ILMN_2287941	16
ILMN_1670801	54
ILMN_2366714	118
ILMN_2366710	72
ILMN_2058270	23
ILMN_1695509	76
ILMN_2222074	76
ILMN_1664369	144
ILMN_2319664	43
ILMN_2078334	117
ILMN_1673543	53
ILMN_1697227	81
ILMN_1723494	60
ILMN_1696723	27
ILMN_2390609	131
ILMN_1661875	51
ILMN_1787212	58
ILMN_1792125	15
ILMN_1739624	62
ILMN_2137625	42
ILMN_1805902	23
ILMN_1810752	20
ILMN_1753388	25
ILMN_1756910	83
ILMN_2050654	81
ILMN_1676980	51
ILMN_2237746	36
ILMN_1676842	67
ILMN_1720916	24
ILMN_1719433	121
ILMN_1709570	38
ILMN_1717714	83
ILMN_1671072	25
ILMN_1677505	74
ILMN_2196609	23
ILMN_1687882	27
ILMN_1811114	76
ILMN_2383077	58
ILMN_1755631	22
ILMN_1695900	28
ILMN_1673175	33
ILMN_1721605	51
ILMN_1746919	142
ILMN_2155932	17
ILMN_1794589	47
ILMN_1778333	22
ILMN_1729663	24
ILMN_1769911	80
ILMN_2266948	51
ILMN_1687652	218
ILMN_1788961	93
ILMN_1748251	31
ILMN_1702858	75
ILMN_1726969	18
ILMN_1656486	106
ILMN_2151541	78
ILMN_1723871	86
ILMN_1654488	66
ILMN_1749297	249
ILMN_2399304	65
ILMN_2399300	78
ILMN_1666545	36
ILMN_2084745	36
ILMN_1651788	50
ILMN_2144297	16
ILMN_1806432	104
ILMN_1708340	151
ILMN_1803479	34
ILMN_1814812	41
ILMN_1749213	137
ILMN_1659678	27
ILMN_1743770	101
ILMN_1807968	21
ILMN_1802390	58
ILMN_2209115	29
ILMN_2387452	27
ILMN_1717195	12
ILMN_1679299	32
ILMN_1657316	45
ILMN_1667887	12
ILMN_1787109	86
ILMN_1758104	173
ILMN_2399431	88
ILMN_2321578	48
ILMN_1698304	46
ILMN_2322986	31
ILMN_2336595	53
ILMN_2254962	31
ILMN_2107004	127
ILMN_1771260	40
ILMN_1747451	70
ILMN_1773413	49
ILMN_1768784	146
ILMN_1721770	106
ILMN_2151012	19
ILMN_1763309	28
ILMN_1702715	46
ILMN_1799150	171
ILMN_1692020	35
ILMN_2327812	53
ILMN_1670256	48
ILMN_1695827	96
ILMN_1796245	83
ILMN_2357730	128
ILMN_2074477	96
ILMN_1681651	41
ILMN_1736026	17
ILMN_2081269	22
ILMN_1738976	24
ILMN_1663986	35
ILMN_1765451	34
ILMN_1673892	35
ILMN_1704477	201
ILMN_1806328	155
ILMN_1758311	25
ILMN_1798081	49
ILMN_2140034	22
ILMN_1785988	192
ILMN_1775058	29
ILMN_1743898	49
ILMN_1659885	27
ILMN_1740007	94
ILMN_1712998	162
ILMN_1769018	109
ILMN_1808590	118
ILMN_1724799	21
ILMN_1730765	69
ILMN_1671809	105
ILMN_1789018	18
ILMN_1698463	149
ILMN_1668283	19
ILMN_1713840	22
ILMN_1765547	28
ILMN_1719883	57
ILMN_2405254	50
ILMN_2197659	34
ILMN_1674390	77
ILMN_1779674	64
ILMN_1795484	16
ILMN_1664542	64
ILMN_2120507	27
ILMN_1805175	154
ILMN_1796243	37
ILMN_1655915	118
ILMN_1659601	35
ILMN_2369924	137
ILMN_1763147	103
ILMN_1788196	22
ILMN_1787705	35
ILMN_2260715	26
ILMN_1690951	34
ILMN_1659352	33
ILMN_1746086	21
ILMN_1718946	52
ILMN_2148360	42
ILMN_1869897	38
ILMN_2339955	36
ILMN_1782305	43
ILMN_2054461	22
ILMN_1813390	35
ILMN_1813650	21
ILMN_1766475	28
ILMN_1853824	92
ILMN_1715526	31
ILMN_1783253	36
ILMN_1687840	45
ILMN_2330584	119
ILMN_1772189	154
ILMN_1752669	25
ILMN_2205211	205
ILMN_1656593	88
ILMN_2382964	29
ILMN_1779555	24
ILMN_1702361	16
ILMN_1700047	40
ILMN_1728309	24
ILMN_1671791	130
ILMN_2103362	19
ILMN_1652758	53
ILMN_1770768	80
ILMN_1772882	76
ILMN_2344956	208
ILMN_1803984	48
ILMN_2233604	25
ILMN_2399016	104
ILMN_2155272	252
ILMN_1720656	27
ILMN_2388090	24
ILMN_1790329	54
ILMN_2396801	28
ILMN_1800308	75
ILMN_1688953	118
ILMN_1773546	38
ILMN_1782870	38
ILMN_2247360	33
ILMN_1656221	24
ILMN_1766275	156
ILMN_1683462	105
ILMN_1763322	21
ILMN_1748802	26
ILMN_2122014	19
ILMN_1813882	20
ILMN_2336109	79
ILMN_2201413	33
ILMN_2112730	38
ILMN_1731184	308
ILMN_2212909	295
ILMN_1707236	45
ILMN_1801606	146
ILMN_1653274	19
ILMN_1697682	60
ILMN_1801748	16
ILMN_1737817	30
ILMN_1782596	19
ILMN_1775348	21
ILMN_1663263	34
ILMN_1695288	45
ILMN_1815938	20
ILMN_1712786	59
ILMN_1780693	18
ILMN_1711928	81
ILMN_1726693	112
ILMN_1811405	35
ILMN_1656208	22
ILMN_1788547	67
ILMN_2225974	53
ILMN_2356111	67
ILMN_1688534	68
ILMN_1674014	22
ILMN_1715969	87
ILMN_1726594	42
ILMN_1758293	41
ILMN_1667839	112
ILMN_2331501	146
ILMN_2252160	104
ILMN_1726448	116
ILMN_2390526	58
ILMN_2410986	61
ILMN_1741165	110
ILMN_1653965	45
ILMN_1680687	136
ILMN_2330845	73
ILMN_2251784	58
ILMN_1680353	74
ILMN_1655140	31
ILMN_1713599	31
ILMN_2375160	40
ILMN_2375156	138
ILMN_1740419	28
ILMN_1791222	34
ILMN_1700448	33
ILMN_1673886	44
ILMN_1722858	138
ILMN_2196097	160
ILMN_1735278	18
ILMN_1699872	20
ILMN_1680754	38
ILMN_1727589	193
ILMN_1705674	13
ILMN_1713182	105
ILMN_1694051	105
ILMN_1703765	54
ILMN_1754716	22
ILMN_1681457	29
ILMN_2187002	24
ILMN_2325625	32
ILMN_1720600	40
ILMN_1764082	49
ILMN_2278550	76
ILMN_1806075	27
ILMN_1800468	35
ILMN_2044453	60
ILMN_1815102	108
ILMN_2147517	95
ILMN_1785268	82
ILMN_2099528	70
ILMN_1656904	91
ILMN_2335813	105
ILMN_1769783	47
ILMN_2218104	34
ILMN_1683026	100
ILMN_1706418	51
ILMN_1784582	25
ILMN_1798459	173
ILMN_2129658	36
ILMN_2328666	83
ILMN_1730325	49
ILMN_1768262	49
ILMN_1788457	143
ILMN_1792182	35
ILMN_1690096	38
ILMN_1685285	17
ILMN_2366473	34
ILMN_2371119	24
ILMN_1807914	8
ILMN_1666380	30
ILMN_1810836	189
ILMN_1725912	24
ILMN_2411511	31
ILMN_1663427	36
ILMN_1718739	46
ILMN_2347234	142
ILMN_1651464	18
ILMN_1709483	65
ILMN_1732140	24
ILMN_1743340	79
ILMN_2381938	39
ILMN_2075067	27
ILMN_1714820	95
ILMN_1754233	31
ILMN_1841334	56
ILMN_2393573	48
ILMN_1683023	50
ILMN_1659820	21
ILMN_1815366	14
ILMN_1789839	82
ILMN_1734198	97
ILMN_1731870	37
ILMN_1736562	30
ILMN_1730497	61
ILMN_1722533	79
ILMN_1663234	70
ILMN_2347917	205
ILMN_1773650	281
ILMN_1748803	93
ILMN_1747397	45
ILMN_1807894	151
ILMN_1725675	45
ILMN_1778352	54
ILMN_1801521	12
ILMN_1725414	43
ILMN_1731181	29
ILMN_2348243	45
ILMN_2344216	105
ILMN_1713384	187
ILMN_1723480	96
ILMN_2390586	49
ILMN_2284998	62
ILMN_1695961	24
ILMN_1741689	43
ILMN_2198893	164
ILMN_1836182	19
ILMN_1740294	34
ILMN_1807291	20
ILMN_2321931	94
ILMN_1779917	31
ILMN_1732035	24
ILMN_1788531	52
ILMN_2353732	62
ILMN_1768482	66
ILMN_2379931	74
ILMN_1653613	99
ILMN_1677714	25
ILMN_1655093	33
ILMN_1731931	17
ILMN_1702177	81
ILMN_1773278	16
ILMN_1666068	34
ILMN_1704675	22
ILMN_1750240	45
ILMN_1657234	51
ILMN_2414762	104
ILMN_2298366	21
ILMN_1756650	52
ILMN_2407824	74
ILMN_1809191	45
ILMN_2108135	27
ILMN_2139970	220
ILMN_1785564	12
ILMN_1746128	20
ILMN_1657592	13
ILMN_1765912	20
ILMN_1795846	57
ILMN_1799128	71
ILMN_1690154	25
ILMN_1675376	27
ILMN_1651336	67
ILMN_1683670	28
ILMN_1757995	94
ILMN_2365248	44
ILMN_1672331	90
ILMN_2100957	20
ILMN_1743582	91
ILMN_2083469	199
ILMN_1672114	24
ILMN_1654010	96
ILMN_1740764	192
ILMN_1735877	76
ILMN_1673880	76
ILMN_1729963	19
ILMN_2253732	88
ILMN_1669174	32
ILMN_2368617	73
ILMN_1665307	22
ILMN_1658639	109
ILMN_1698968	21
ILMN_1748968	91
ILMN_1800179	32
ILMN_1697620	20
ILMN_1682233	86
ILMN_1667707	131
ILMN_2365307	84
ILMN_1670767	26
ILMN_1784269	114
ILMN_1740430	211
ILMN_1681193	44
ILMN_1706261	173
ILMN_2403555	88
ILMN_2043553	32
ILMN_1797878	62
ILMN_1796912	223
ILMN_1675984	13
ILMN_1718405	30
ILMN_1660144	29
ILMN_1789103	34
ILMN_2368068	150
ILMN_1806310	32
ILMN_2257223	19
ILMN_1715214	75
ILMN_1660986	33
ILMN_2225537	38
ILMN_1704531	39
ILMN_1808683	25
ILMN_2371379	60
ILMN_2309549	57
ILMN_1652857	31
ILMN_1761364	34
ILMN_2322747	18
ILMN_1765796	53
ILMN_1796409	84
ILMN_1659576	44
ILMN_1793384	55
ILMN_1671600	142
ILMN_2153837	32
ILMN_1802450	24
ILMN_2393968	21
ILMN_1739812	18
ILMN_1759117	61
ILMN_1761175	145
ILMN_2364357	112
ILMN_1695003	22
ILMN_1773210	27
ILMN_1684943	82
ILMN_2124833	27
ILMN_1736957	14
ILMN_2304020	19
ILMN_2408645	78
ILMN_1732514	106
ILMN_1723124	42
ILMN_1705653	29
ILMN_2242937	92
ILMN_1812273	47
ILMN_2079004	282
ILMN_2367638	39
ILMN_1669362	171
ILMN_2207190	27
ILMN_1709300	28
ILMN_1691212	26
ILMN_2337931	19
ILMN_2337928	78
ILMN_1695193	34
ILMN_1705871	28
ILMN_2179063	17
ILMN_1739253	126
ILMN_2391355	147
ILMN_1781145	33
ILMN_2070003	32
ILMN_1758087	35
ILMN_1813604	123
ILMN_1803180	36
ILMN_1699447	40
ILMN_1798164	117
ILMN_2057826	145
ILMN_1657870	75
ILMN_1806147	31
ILMN_1729439	48
ILMN_2178492	8
ILMN_1749996	27
ILMN_1685636	19
ILMN_2394421	48
ILMN_1661703	18
ILMN_1792620	64
ILMN_2379599	102
ILMN_1752169	43
ILMN_1794501	34
ILMN_1810181	77
ILMN_1808132	140
ILMN_2314417	81
ILMN_1737152	30
ILMN_1733583	39
ILMN_1752562	36
ILMN_2171384	27
ILMN_1696839	165
ILMN_2160819	56
ILMN_1660498	46
ILMN_1745988	166
ILMN_1749667	24
ILMN_1794200	18
ILMN_1746587	32
ILMN_1734937	35
ILMN_1765019	206
ILMN_1784863	96
ILMN_1729905	46
ILMN_2142935	36
ILMN_2387680	25
ILMN_1804935	28
ILMN_1734510	30
ILMN_1804248	76
ILMN_1669508	104
ILMN_2210934	128
ILMN_1790885	27
ILMN_1695341	24
ILMN_1706176	15
ILMN_1678173	38
ILMN_1706690	32
ILMN_1799208	50
ILMN_1683939	73
ILMN_1679600	104
ILMN_1694106	256
ILMN_1763144	55
ILMN_2401641	67
ILMN_1667564	18
ILMN_1761833	111
ILMN_1686626	68
ILMN_2357976	23
ILMN_1657855	57
ILMN_1755822	283
ILMN_1756793	108
ILMN_1730441	18
ILMN_1694041	39
ILMN_1731292	27
ILMN_1897864	36
ILMN_1670398	19
ILMN_1668907	22
ILMN_1680683	31
ILMN_2133205	32
ILMN_1795822	43
ILMN_1696810	38
ILMN_1798189	241
ILMN_2168217	110
ILMN_1798706	109
ILMN_1682599	68
ILMN_1812139	12
ILMN_1794392	98
ILMN_1747630	272
ILMN_2357855	102
ILMN_1716176	36
ILMN_1784459	102
ILMN_1777479	42
ILMN_2262044	58
ILMN_1703327	46
ILMN_1861815	20
ILMN_1778444	26
ILMN_2339192	14
ILMN_2256482	34
ILMN_1840334	20
ILMN_1807106	141
ILMN_2272519	23
ILMN_2368318	108
ILMN_2384188	48
ILMN_1750800	49
ILMN_1672102	151
ILMN_1669172	30
ILMN_1776105	75
ILMN_2147114	114
ILMN_1719972	128
ILMN_1697959	83
ILMN_1803853	144
ILMN_1786080	63
ILMN_2186745	37
ILMN_1768506	45
ILMN_1806607	146
ILMN_1666609	49
ILMN_1715372	39
ILMN_1715659	24
ILMN_1691937	36
ILMN_1810346	40
ILMN_1722834	41
ILMN_1741422	145
ILMN_1740606	33
ILMN_1683544	24
ILMN_1709167	20
ILMN_1795715	173
ILMN_1658044	20
ILMN_1684440	55
ILMN_1664956	74
ILMN_1801348	107
ILMN_2077858	120
ILMN_1745271	226
ILMN_1748077	138
ILMN_1673030	49
ILMN_1676893	205
ILMN_1778277	33
ILMN_1652024	198
ILMN_2364828	78
ILMN_2372773	16
ILMN_1793849	36
ILMN_2388363	31
ILMN_2074801	82
ILMN_1681520	50
ILMN_1759958	46
ILMN_2066151	155
ILMN_1762093	37
ILMN_1691572	84
ILMN_1692546	58
ILMN_1677765	316
ILMN_1743246	45
ILMN_1667476	48
ILMN_1792679	232
ILMN_1802706	60
ILMN_1682762	25
ILMN_1904931	27
ILMN_1693650	141
ILMN_1693225	78
ILMN_2340815	14
ILMN_1773586	36
ILMN_2176693	19
ILMN_2260120	28
ILMN_2345908	63
ILMN_1750901	26
ILMN_1766363	62
ILMN_1799614	157
ILMN_2107040	36
ILMN_1807159	29
ILMN_1715024	73
ILMN_1658271	27
ILMN_1663495	51
ILMN_2349459	271
ILMN_2052891	265
ILMN_1689473	26
ILMN_2126461	29
ILMN_1690004	18
ILMN_2340877	96
ILMN_1797656	56
ILMN_1722981	46
ILMN_1685810	28
ILMN_1694980	40
ILMN_1734568	23
ILMN_1670099	274
ILMN_1651236	34
ILMN_1753111	97
ILMN_1653871	106
ILMN_1712563	37
ILMN_1682098	105
ILMN_2198376	123
ILMN_2345512	28
ILMN_1724544	38
ILMN_1710734	99
ILMN_1801091	51
ILMN_1760361	25
ILMN_1800182	19
ILMN_1651513	367
ILMN_2282729	15
ILMN_1811301	23
ILMN_1678087	63
ILMN_1800171	33
ILMN_1811754	127
ILMN_2124082	40
ILMN_1800164	58
ILMN_2415536	19
ILMN_2254994	41
ILMN_1806634	54
ILMN_2336647	93
ILMN_1768510	82
ILMN_1764577	127
ILMN_1783695	148
ILMN_1677466	56
ILMN_1732827	19
ILMN_1713156	168
ILMN_1744432	15
ILMN_1760374	73
ILMN_1745043	22
ILMN_1657862	116
ILMN_2143566	340
ILMN_1722492	116
ILMN_1761820	98
ILMN_1754592	21
ILMN_1710052	40
ILMN_1696316	31
ILMN_2106227	28
ILMN_2252186	61
ILMN_1762312	21
ILMN_1754440	33
ILMN_1761717	22
ILMN_1703926	124
ILMN_1674629	91
ILMN_1752218	40
ILMN_1705469	38
ILMN_1768301	33
ILMN_1745991	71
ILMN_1687589	32
ILMN_2410182	35
ILMN_1674399	48
ILMN_1684271	105
ILMN_1734352	40
ILMN_1705834	24
ILMN_2095577	44
ILMN_1805609	19
ILMN_1675898	25
ILMN_1690170	81
ILMN_1702320	26
ILMN_1769219	69
ILMN_1755391	93
ILMN_2405534	24
ILMN_1684217	240
ILMN_1784641	77
ILMN_1732948	19
ILMN_1780255	199
ILMN_2414165	39
ILMN_2298159	38
ILMN_1655077	190
ILMN_1798804	163
ILMN_1671392	37
ILMN_1736453	29
ILMN_1727458	73
ILMN_1791847	41
ILMN_1756982	64
ILMN_1669633	100
ILMN_1651692	68
ILMN_2386982	70
ILMN_2105643	32
ILMN_1673586	73
ILMN_2409520	18
ILMN_1656079	75
ILMN_1654318	25
ILMN_1703183	18
ILMN_1785549	13
ILMN_1652394	164
ILMN_1744059	160
ILMN_1727091	108
ILMN_1670692	48
ILMN_2268969	19
ILMN_2361768	50
ILMN_1718311	85
ILMN_2380967	42
ILMN_2397602	234
ILMN_1737993	293
ILMN_1669715	37
ILMN_1686522	19
ILMN_1798249	27
ILMN_1764090	42
ILMN_1794260	120
ILMN_1658232	48
ILMN_1713124	161
ILMN_1750790	94
ILMN_1763605	51
ILMN_1666656	45
ILMN_2415421	29
ILMN_1745038	17
ILMN_2220184	115
ILMN_2220187	204
ILMN_2374191	156
ILMN_1721704	61
ILMN_1665655	58
ILMN_1814606	32
ILMN_1749709	132
ILMN_1656171	63
ILMN_2252701	28
ILMN_1720282	92
ILMN_1672720	35
ILMN_1750325	37
ILMN_1745332	95
ILMN_1660027	71
ILMN_2382403	63
ILMN_1694240	127
ILMN_1677956	18
ILMN_1762210	29
ILMN_2215370	27
ILMN_2372398	75
ILMN_2372403	69
ILMN_1801914	44
ILMN_1737168	56
ILMN_1887011	28
ILMN_1800033	38
ILMN_1767595	23
ILMN_1809285	39
ILMN_2403889	107
ILMN_1774869	92
ILMN_1699806	47
ILMN_2218780	94
ILMN_1795906	157
ILMN_1786105	79
ILMN_1748651	69
ILMN_2141650	35
ILMN_2394557	18
ILMN_2394552	36
ILMN_2051381	29
ILMN_2086965	25
ILMN_2154101	79
ILMN_2175659	37
ILMN_2086238	66
ILMN_1799069	116
ILMN_1809859	43
ILMN_1772789	31
ILMN_2056569	47
ILMN_2375879	167
ILMN_1685625	41
ILMN_1768662	240
ILMN_2325194	37
ILMN_1748661	86
ILMN_2115421	76
ILMN_1806032	20
ILMN_1736441	237
ILMN_1722680	79
ILMN_2167915	151
ILMN_1745529	34
ILMN_1788689	48
ILMN_1718044	71
ILMN_1757143	40
ILMN_1654861	79
ILMN_1780582	95
ILMN_1667381	21
ILMN_2089875	75
ILMN_1746175	70
ILMN_1753249	41
ILMN_1766528	50
ILMN_1732024	37
ILMN_1684594	65
ILMN_1798298	36
ILMN_1716693	33
ILMN_1751887	91
ILMN_1787840	52
ILMN_1686244	19
ILMN_2397484	69
ILMN_1794951	18
ILMN_2371280	63
ILMN_1726520	32
ILMN_1786034	82
ILMN_1740233	34
ILMN_1740549	41
ILMN_1800800	30
ILMN_1671276	21
ILMN_1768743	37
ILMN_2190942	44
ILMN_1657550	240
ILMN_1755974	36
ILMN_1698445	14
ILMN_1711929	25
ILMN_2255130	16
ILMN_2337058	28
ILMN_1653386	50
ILMN_1742705	59
ILMN_1800465	160
ILMN_1714884	25
ILMN_2275060	25
ILMN_1764764	76
ILMN_2392143	39
ILMN_1806150	19
ILMN_1810531	56
ILMN_1680886	22
ILMN_1756220	46
ILMN_1670918	72
ILMN_1807798	21
ILMN_1802459	34
ILMN_1778974	16
ILMN_1667018	76
ILMN_1778139	26
ILMN_1806754	61
ILMN_2353202	93
ILMN_1777706	30
ILMN_1734611	34
ILMN_1791623	27
ILMN_1699836	30
ILMN_1671106	76
ILMN_1654289	46
ILMN_1681812	48
ILMN_1736546	39
ILMN_2227385	55
ILMN_1808568	159
ILMN_1721541	36
ILMN_1724643	32
ILMN_1659339	44
ILMN_1664094	132
ILMN_1813361	33
ILMN_1712320	78
ILMN_1661777	53
ILMN_2325347	31
ILMN_1661266	50
ILMN_1756578	23
ILMN_1780758	15
ILMN_1663944	25
ILMN_1664608	93
ILMN_2100000	64
ILMN_1738272	51
ILMN_2253017	30
ILMN_2332964	161
ILMN_1756937	65
ILMN_1769961	49
ILMN_1670998	23
ILMN_1775467	51
ILMN_2246410	32
ILMN_2320888	85
ILMN_1657295	45
ILMN_2362681	60
ILMN_1692824	95
ILMN_1773623	40
ILMN_1786016	48
ILMN_1751453	26
ILMN_2339825	136
ILMN_1734897	21
ILMN_1762810	12
ILMN_1808795	37
ILMN_2087528	86
ILMN_1679501	81
ILMN_1673478	141
ILMN_1678653	23
ILMN_2116127	70
ILMN_1723815	141
ILMN_1680435	42
ILMN_1805344	38
ILMN_1761531	59
ILMN_1734991	77
ILMN_2402341	45
ILMN_1723274	44
ILMN_2322831	25
ILMN_1771642	38
ILMN_1714861	111
ILMN_1801588	30
ILMN_1664909	84
ILMN_1789944	379
ILMN_1788254	79
ILMN_1805561	38
ILMN_1786108	59
ILMN_1778226	74
ILMN_1690595	25
ILMN_2157441	77
ILMN_1689655	87
ILMN_1778803	141
ILMN_2156953	198
ILMN_1739653	21
ILMN_1738468	25
ILMN_1740696	21
ILMN_1693559	22
ILMN_1691164	28
ILMN_1678680	52
ILMN_1738263	88
ILMN_2298860	91
ILMN_1800381	33
ILMN_1811392	58
ILMN_2320164	95
ILMN_1735347	162
ILMN_1714577	36
ILMN_1660837	124
ILMN_1707467	27
ILMN_1785389	35
ILMN_1763347	64
ILMN_2357015	69
ILMN_2073969	39
ILMN_1785285	8
ILMN_1690922	26
ILMN_2364384	123
ILMN_1686867	21
ILMN_1664922	132
ILMN_1748093	149
ILMN_1771308	23
ILMN_1799871	11
ILMN_1681374	31
ILMN_1696099	41
ILMN_1805147	41
ILMN_1723020	145
ILMN_2234412	87
ILMN_2408572	328
ILMN_2294976	177
ILMN_2294978	188
ILMN_1781626	290
ILMN_1770307	26
ILMN_2401933	135
ILMN_1683674	19
ILMN_1791923	17
ILMN_1692535	87
ILMN_1668822	44
ILMN_2143427	18
ILMN_1742620	29
ILMN_1672022	104
ILMN_1758812	39
ILMN_1767717	30
ILMN_1696079	16
ILMN_1703883	22
ILMN_1676924	107
ILMN_2231177	29
ILMN_1669988	34
ILMN_1728426	66
ILMN_1741954	47
ILMN_1666220	24
ILMN_1784523	106
ILMN_1740717	107
ILMN_1747870	73
ILMN_1733603	145
ILMN_1717702	33
ILMN_1786353	38
ILMN_1745172	116
ILMN_1769031	51
ILMN_2359789	60
ILMN_1661998	111
ILMN_1796455	75
ILMN_1687430	30
ILMN_1767992	27
ILMN_1652732	24
ILMN_1771411	66
ILMN_1697024	56
ILMN_1665856	11
ILMN_1677314	119
ILMN_2402106	19
ILMN_1667232	62
ILMN_1659923	64
ILMN_1707123	82
ILMN_2381841	190
ILMN_1653822	129
ILMN_2051373	193
ILMN_1670912	59
ILMN_1666976	67
ILMN_1713013	35
ILMN_1808898	417
ILMN_1675693	39
ILMN_2324776	26
ILMN_1780153	89
ILMN_2360202	20
ILMN_1660732	75
ILMN_1752226	52
ILMN_1709683	174
ILMN_1703081	57
ILMN_2144088	61
ILMN_1794643	36
ILMN_2181593	36
ILMN_1737124	49
ILMN_1660854	29
ILMN_1774447	28
ILMN_1795018	28
ILMN_1673712	15
ILMN_2122076	21
ILMN_1679638	24
ILMN_1759973	68
ILMN_1670117	38
ILMN_1714157	20
ILMN_1667803	53
ILMN_1810687	30
ILMN_1733847	38
ILMN_1732554	34
ILMN_1739274	261
ILMN_1690546	75
ILMN_1756360	88
ILMN_1746494	79
ILMN_1682245	12
ILMN_1767934	237
ILMN_1810283	20
ILMN_1677680	39
ILMN_1804299	36
ILMN_1697802	67
ILMN_2193892	22
ILMN_1739393	76
ILMN_1690343	63
ILMN_1676515	138
ILMN_1713008	56
ILMN_1727840	169
ILMN_1731064	58
ILMN_1699179	61
ILMN_1694305	105
ILMN_2225318	112
ILMN_1680996	68
ILMN_1788942	60
ILMN_1657571	28
ILMN_2089073	55
ILMN_1799232	20
ILMN_1706406	39
ILMN_1658805	32
ILMN_1682989	51
ILMN_1705231	122
ILMN_1665945	76
ILMN_1679655	91
ILMN_1660305	153
ILMN_1814313	30
ILMN_1660362	26
ILMN_1784454	55
ILMN_2390974	65
ILMN_2285213	24
ILMN_2262644	36
ILMN_2350823	20
ILMN_2164978	26
ILMN_1730005	44
ILMN_1723322	22
ILMN_1652237	48
ILMN_1702218	36
ILMN_1677009	18
ILMN_1722056	80
ILMN_1696223	27
ILMN_1801307	90
ILMN_1677432	71
ILMN_1665647	28
ILMN_1794741	18
ILMN_2255310	66
ILMN_2337241	162
ILMN_1664525	58
ILMN_2105253	106
ILMN_2105254	51
ILMN_2146657	44
ILMN_1809193	86
ILMN_1796669	50
ILMN_1780189	133
ILMN_2201347	24
ILMN_1698218	67
ILMN_2171789	26
ILMN_1691731	93
ILMN_2110561	96
ILMN_1704575	25
ILMN_1789957	44
ILMN_2398261	58
ILMN_2331087	174
ILMN_2331082	166
ILMN_2072178	46
ILMN_1666148	22
ILMN_1786718	68
ILMN_1739384	67
ILMN_1763461	49
ILMN_1687508	48
ILMN_1779356	73
ILMN_1721630	39
ILMN_1795495	174
ILMN_2093188	24
ILMN_1684694	19
ILMN_1778977	102
ILMN_2279397	21
ILMN_1731224	85
ILMN_2053527	80
ILMN_1721719	20
ILMN_1720617	33
ILMN_1754929	20
ILMN_1746952	16
ILMN_1764266	159
ILMN_2403664	58
ILMN_1672899	27
ILMN_2124386	65
ILMN_1810651	33
ILMN_1727150	31
ILMN_1713462	28
ILMN_2224619	36
ILMN_1714569	100
ILMN_1670218	105
ILMN_2046730	243
ILMN_1731498	33
ILMN_2270299	81
ILMN_1807206	78
ILMN_1664630	226
ILMN_1713636	89
ILMN_2341467	51
ILMN_2257665	51
ILMN_1685357	106
ILMN_1732985	80
ILMN_1706268	61
ILMN_2062714	104
ILMN_1789027	31
ILMN_1744794	45
ILMN_2415235	110
ILMN_1688825	27
ILMN_1755075	176
ILMN_1739946	42
ILMN_1786139	66
ILMN_1684585	60
ILMN_1652806	44
ILMN_1670302	146
ILMN_1701958	79
ILMN_2315694	82
ILMN_1703667	34
ILMN_1775853	45
ILMN_1677043	184
ILMN_2041190	42
ILMN_1673113	75
ILMN_1718558	96
ILMN_1759175	96
ILMN_2411915	94
ILMN_1722423	28
ILMN_2387303	26
ILMN_1707448	86
ILMN_1664798	16
ILMN_1694007	19
ILMN_1756071	537
ILMN_1693394	156
ILMN_2353110	25
ILMN_2373515	56
ILMN_2411794	55
ILMN_2296776	28
ILMN_1738494	86
ILMN_1688602	25
ILMN_2335198	70
ILMN_1691881	31
ILMN_1685037	17
ILMN_1759501	33
ILMN_2106380	136
ILMN_1769032	17
ILMN_2370825	108
ILMN_1779214	153
ILMN_1713630	24
ILMN_1689734	137
ILMN_1772492	139
ILMN_2184262	25
ILMN_1745397	101
ILMN_1791438	66
ILMN_1785380	88
ILMN_2339655	28
ILMN_1709623	215
ILMN_1806655	25
ILMN_1673358	38
ILMN_2234526	73
ILMN_1867664	30
ILMN_2233454	51
ILMN_1671933	146
ILMN_1776939	66
ILMN_1697830	22
ILMN_1713829	42
ILMN_1780334	170
ILMN_1685022	82
ILMN_1669619	23
ILMN_1674706	175
ILMN_1810942	45
ILMN_1695579	37
ILMN_1747577	105
ILMN_1679898	50
ILMN_1683658	80
ILMN_1791314	26
ILMN_2302983	28
ILMN_1802615	383
ILMN_1753005	101
ILMN_1686659	42
ILMN_1702764	33
ILMN_2047430	79
ILMN_1703041	66
ILMN_2403730	152
ILMN_1683598	277
ILMN_1657891	38
ILMN_1664330	22
ILMN_1665838	28
ILMN_2202894	27
ILMN_1728923	93
ILMN_2410909	64
ILMN_1798104	31
ILMN_1800425	71
ILMN_2338268	110
ILMN_1685974	36
ILMN_1708512	15
ILMN_1728660	71
ILMN_1805693	80
ILMN_2228463	35
ILMN_1698020	333
ILMN_1765773	41
ILMN_1692539	52
ILMN_1714965	44
ILMN_2320349	123
ILMN_1752884	47
ILMN_1903159	203
ILMN_1725862	97
ILMN_2351930	40
ILMN_1781560	87
ILMN_1682270	27
ILMN_1784447	33
ILMN_2305721	84
ILMN_2238506	28
ILMN_1712707	86
ILMN_2082593	20
ILMN_1715374	25
ILMN_1729051	120
ILMN_1688011	55
ILMN_1782688	48
ILMN_1773204	54
ILMN_1813544	44
ILMN_1756573	65
ILMN_2049303	303
ILMN_1699057	94
ILMN_1691570	120
ILMN_1679809	218
ILMN_1766914	286
ILMN_1799327	26
ILMN_1745702	119
ILMN_1806533	196
ILMN_1729487	50
ILMN_1765651	28
ILMN_1729430	73
ILMN_1660635	87
ILMN_2168766	18
ILMN_1661733	124
ILMN_1775708	167
ILMN_1684293	43
ILMN_1712657	42
ILMN_1798855	73
ILMN_1696230	33
ILMN_1781182	77
ILMN_2155480	89
ILMN_2404063	113
ILMN_2404065	90
ILMN_2360784	172
ILMN_2268381	105
ILMN_1803810	125
ILMN_1733311	116
ILMN_1798177	45
ILMN_1744929	62
ILMN_1727809	108
ILMN_1662618	27
ILMN_2058512	101
ILMN_2128484	40
ILMN_1771962	80
ILMN_1652357	72
ILMN_2180171	35
ILMN_1686464	29
ILMN_1706672	21
ILMN_1804955	44
ILMN_1693891	25
ILMN_1811068	23
ILMN_1778321	154
ILMN_1705483	67
ILMN_1673111	138
ILMN_2368292	151
ILMN_1729033	153
ILMN_2408415	137
ILMN_1750507	179
ILMN_2292748	20
ILMN_2404374	17
ILMN_1752145	44
ILMN_1661052	23
ILMN_2383591	24
ILMN_2281225	38
ILMN_1654703	23
ILMN_1691007	40
ILMN_1703843	18
ILMN_1691787	26
ILMN_1656327	36
ILMN_1657977	110
ILMN_1662188	95
ILMN_1711642	27
ILMN_2217270	42
ILMN_2319952	36
ILMN_2166275	24
ILMN_1812570	33
ILMN_1721022	47
ILMN_2401761	41
ILMN_1680239	100
ILMN_2115336	21
ILMN_1750250	29
ILMN_1670881	80
ILMN_2374449	68
ILMN_1764749	30
ILMN_2187058	26
ILMN_2228155	43
ILMN_1812896	32
ILMN_1678186	35
ILMN_1778237	120
ILMN_1682935	157
ILMN_1813701	25
ILMN_1652952	129
ILMN_2258749	40
ILMN_2371001	51
ILMN_2364305	22
ILMN_1725260	216
ILMN_1699859	141
ILMN_1686414	76
ILMN_1714805	133
ILMN_1782069	161
ILMN_1681203	171
ILMN_1682675	167
ILMN_1665806	19
ILMN_2367681	152
ILMN_1746837	25
ILMN_1798256	273
ILMN_1688843	37
ILMN_1804642	226
ILMN_2338809	23
ILMN_1774153	22
ILMN_1753008	75
ILMN_1797031	54
ILMN_1677617	33
ILMN_1729157	95
ILMN_1758661	47
ILMN_1814737	52
ILMN_1811758	16
ILMN_1672389	73
ILMN_1717799	64
ILMN_2388425	50
ILMN_1734690	64
ILMN_1739594	34
ILMN_2079655	114
ILMN_1699925	41
ILMN_2332105	65
ILMN_1768969	85
ILMN_1764571	311
ILMN_1739641	57
ILMN_1676254	22
ILMN_1803925	35
ILMN_1694075	72
ILMN_2052208	102
ILMN_1677603	182
ILMN_1764826	26
ILMN_1800540	54
ILMN_1754249	58
ILMN_1659913	116
ILMN_1687284	24
ILMN_1768357	37
ILMN_1756928	93
ILMN_2123312	88
ILMN_1696394	10
ILMN_1754753	21
ILMN_2146418	96
ILMN_1801357	26
ILMN_2048700	161
ILMN_2150123	19
ILMN_1686513	22
ILMN_1743395	47
ILMN_1681356	124
ILMN_2333146	48
ILMN_1812445	72
ILMN_1776666	32
ILMN_2150095	35
ILMN_1653358	67
ILMN_2395496	19
ILMN_1745570	105
ILMN_1652378	43
ILMN_1738725	28
ILMN_1814661	18
ILMN_2073115	36
ILMN_1658221	73
ILMN_2136576	41
ILMN_1708502	71
ILMN_2280548	29
ILMN_1796537	118
ILMN_2399310	27
ILMN_1751206	25
ILMN_1743538	49
ILMN_2189314	31
ILMN_1666904	39
ILMN_1710219	16
ILMN_2310896	106
ILMN_1668446	67
ILMN_1720501	127
ILMN_1760174	72
ILMN_1651819	73
ILMN_2136615	28
ILMN_1670462	22
ILMN_1730019	40
ILMN_2100689	147
ILMN_2100693	82
ILMN_1741768	38
ILMN_1675677	30
ILMN_1698139	144
ILMN_1709851	153
ILMN_2385918	52
ILMN_1695583	32
ILMN_1794095	30
ILMN_1715068	146
ILMN_2349771	32
ILMN_1677305	108
ILMN_1706344	17
ILMN_1793630	29
ILMN_1805225	65
ILMN_1705397	46
ILMN_2410713	46
ILMN_1730355	44
ILMN_1805104	257
ILMN_2404407	185
ILMN_1674997	25
ILMN_1801366	66
ILMN_2296045	22
ILMN_2410516	128
ILMN_1736045	22
ILMN_1718679	50
ILMN_1741585	61
ILMN_2383774	49
ILMN_1772302	184
ILMN_2200917	86
ILMN_1749001	35
ILMN_1784176	97
ILMN_1803030	28
ILMN_1751576	187
ILMN_1746220	14
ILMN_2150856	17
ILMN_2150851	29
ILMN_1701286	21
ILMN_1680773	20
ILMN_1785439	126
ILMN_1686557	196
ILMN_1682674	16
ILMN_1782043	42
ILMN_1732127	281
ILMN_2360401	19
ILMN_2268156	25
ILMN_1740292	38
ILMN_1704980	63
ILMN_1709634	345
ILMN_1705047	65
ILMN_1682251	21
ILMN_1763638	47
ILMN_1777657	30
ILMN_1662026	65
ILMN_1759732	54
ILMN_1802603	106
ILMN_1796946	22
ILMN_1764314	91
ILMN_1717492	19
ILMN_2056479	134
ILMN_1778104	39
ILMN_2053679	72
ILMN_1686291	43
ILMN_1769547	78
ILMN_1687986	52
ILMN_1698585	25
ILMN_2170095	27
ILMN_2293363	39
ILMN_1678255	24
ILMN_1703474	36
ILMN_1794349	50
ILMN_2277877	22
ILMN_1658257	24
ILMN_1748753	24
ILMN_2085844	92
ILMN_1813455	42
ILMN_1718594	30
ILMN_1668027	38
ILMN_1795845	77
ILMN_1697117	42
ILMN_1679011	21
ILMN_1729112	40
ILMN_2202940	58
ILMN_1698313	16
ILMN_1735415	154
ILMN_1688663	23
ILMN_1676468	32
ILMN_1796708	20
ILMN_1701765	19
ILMN_1790282	36
ILMN_1704795	46
ILMN_1744295	85
ILMN_1709747	79
ILMN_1812105	107
ILMN_2391931	122
ILMN_1792135	113
ILMN_1742731	296
ILMN_1684305	23
ILMN_1661624	29
ILMN_1740493	76
ILMN_2255811	30
ILMN_2338116	89
ILMN_1672403	32
ILMN_1751079	167
ILMN_1726352	147
ILMN_1745318	39
ILMN_1685898	25
ILMN_1729987	139
ILMN_1751258	90
ILMN_1788421	87
ILMN_1801504	107
ILMN_1730797	18
ILMN_1696870	28
ILMN_1730568	81
ILMN_1664823	32
ILMN_1692895	28
ILMN_1754364	34
ILMN_2305116	22
ILMN_2305112	31
ILMN_1787514	56
ILMN_1751572	30
ILMN_1796629	136
ILMN_2379520	336
ILMN_1772731	302
ILMN_1651699	73
ILMN_1714158	65
ILMN_2354381	51
ILMN_1724148	33
ILMN_2357377	39
ILMN_1670193	27
ILMN_1683046	20
ILMN_1814797	35
ILMN_1675873	37
ILMN_1689711	23
ILMN_2367710	41
ILMN_2367707	37
ILMN_1759670	64
ILMN_1815148	106
ILMN_1739925	183
ILMN_1722953	217
ILMN_1751984	115
ILMN_1756612	23
ILMN_1651800	35
ILMN_1786275	34
ILMN_1657349	40
ILMN_1690814	31
ILMN_1720235	29
ILMN_2240009	35
ILMN_1724902	128
ILMN_1670188	44
ILMN_1688864	88
ILMN_2121408	122
ILMN_2184556	13
ILMN_1720476	93
ILMN_1726426	12
ILMN_1746928	28
ILMN_1702168	36
ILMN_1714956	222
ILMN_1685176	39
ILMN_1796431	32
ILMN_1750563	109
ILMN_1790026	26
ILMN_1750008	63
ILMN_1694731	129
ILMN_1736828	173
ILMN_1674579	19
ILMN_2156786	80
ILMN_1804339	110
ILMN_1758750	100
ILMN_2403542	24
ILMN_2378952	65
ILMN_1734353	55
ILMN_2204467	45
ILMN_1712141	28
ILMN_2333219	28
ILMN_1734445	44
ILMN_1667022	46
ILMN_1754858	58
ILMN_1701042	37
ILMN_1752647	39
ILMN_2384140	43
ILMN_2384139	43
ILMN_1715051	29
ILMN_1812915	31
ILMN_1691181	51
ILMN_1815168	47
ILMN_2075507	41
ILMN_1755120	34
ILMN_2264916	36
ILMN_2311779	82
ILMN_1804464	29
ILMN_1753912	57
ILMN_1771185	27
ILMN_1671183	24
ILMN_1662214	98
ILMN_1721415	23
ILMN_1677384	117
ILMN_2124064	52
ILMN_1766085	68
ILMN_1787576	79
ILMN_1772091	23
ILMN_1687440	46
ILMN_1689828	41
ILMN_1756352	147
ILMN_1810233	51
ILMN_2162819	28
ILMN_1676649	29
ILMN_1747683	18
ILMN_2161820	154
ILMN_1719241	54
ILMN_1734964	11
ILMN_1780952	26
ILMN_2164242	199
ILMN_1767168	34
ILMN_1732612	35
ILMN_2396813	66
ILMN_1806937	48
ILMN_2296036	51
ILMN_2362346	17
ILMN_1751963	59
ILMN_1809364	78
ILMN_1703832	37
ILMN_1789283	69
ILMN_2364971	86
ILMN_1671565	42
ILMN_1766270	28
ILMN_1706805	33
ILMN_2354191	33
ILMN_1748601	34
ILMN_1674838	51
ILMN_1738742	176
ILMN_2402674	134
ILMN_1699331	43
ILMN_1661170	29
ILMN_1696403	14
ILMN_2101930	84
ILMN_1750234	46
ILMN_1782385	53
ILMN_1664492	32
ILMN_1798395	298
ILMN_1674759	37
ILMN_2412141	23
ILMN_1683897	32
ILMN_1781996	51
ILMN_1724437	119
ILMN_1737681	108
ILMN_1727156	25
ILMN_1808501	270
ILMN_1810782	253
ILMN_1753805	49
ILMN_1724181	132
ILMN_1673522	40
ILMN_1788362	25
ILMN_1710027	23
ILMN_2312340	75
ILMN_1695744	23
ILMN_1741801	105
ILMN_2330371	102
ILMN_1680925	253
ILMN_1794659	71
ILMN_1663827	47
ILMN_1725666	55
ILMN_1742922	175
ILMN_1763027	32
ILMN_1723418	50
ILMN_1684158	108
ILMN_1722726	90
ILMN_1717264	28
ILMN_1869243	28
ILMN_2357944	22
ILMN_1713219	43
ILMN_1812526	54
ILMN_2057768	31
ILMN_1737918	112
ILMN_1912737	48
ILMN_1653337	53
ILMN_1804743	45
ILMN_1710416	30
ILMN_1708323	23
ILMN_1681657	33
ILMN_1653340	76
ILMN_1703989	27
ILMN_1797302	147
ILMN_1667753	22
ILMN_2386444	86
ILMN_1811362	39
ILMN_1740875	55
ILMN_1722506	19
ILMN_1791726	80
ILMN_1707828	29
ILMN_1707881	17
ILMN_1652412	41
ILMN_1800447	58
ILMN_2145033	33
ILMN_1663751	260
ILMN_1778357	33
ILMN_1751757	24
ILMN_1659488	48
ILMN_1763447	44
ILMN_1787330	28
ILMN_1776240	25
ILMN_2182750	45
ILMN_1800237	16
ILMN_1715476	66
ILMN_1681492	23
ILMN_2394523	64
ILMN_1809583	90
ILMN_1770701	15
ILMN_1709907	21
ILMN_1708778	92
ILMN_1688234	62
ILMN_1715482	72
ILMN_1707901	40
ILMN_1680192	34
ILMN_1778599	73
ILMN_1779010	134
ILMN_1804279	24
ILMN_1735959	29
ILMN_1772677	54
ILMN_1696450	51
ILMN_1799598	55
ILMN_1683059	103
ILMN_1737650	73
ILMN_2332250	93
ILMN_2252621	36
ILMN_1714384	29
ILMN_1724754	28
ILMN_2135898	28
ILMN_1701991	105
ILMN_1773819	25
ILMN_1673457	27
ILMN_1683160	52
ILMN_1690327	24
ILMN_1711919	72
ILMN_2092441	33
ILMN_1710322	33
ILMN_2383150	49
ILMN_2159730	19
ILMN_1681067	21
ILMN_1670748	114
ILMN_1768110	39
ILMN_1771680	22
ILMN_1796405	24
ILMN_1761903	39
ILMN_1732807	12
ILMN_1656977	29
ILMN_1752914	171
ILMN_1727093	25
ILMN_1787908	25
ILMN_1651717	26
ILMN_1774020	17
ILMN_1694514	83
ILMN_1693411	46
ILMN_2348788	36
ILMN_1799860	201
ILMN_1705746	38
ILMN_1813338	90
ILMN_2385866	69
ILMN_1772058	26
ILMN_1676305	59
ILMN_1742578	92
ILMN_2400292	66
ILMN_2400297	147
ILMN_1703910	26
ILMN_1697206	36
ILMN_1741219	111
ILMN_2361643	74
ILMN_1740920	190
ILMN_2282959	57
ILMN_1664682	65
ILMN_1797005	56
ILMN_1716249	25
ILMN_2070896	227
ILMN_1787190	35
ILMN_1689665	189
ILMN_2415439	106
ILMN_1672479	22
ILMN_1671237	60
ILMN_1675617	76
ILMN_1759801	47
ILMN_1802082	203
ILMN_1667100	26
ILMN_1755796	33
ILMN_1778457	71
ILMN_1708588	25
ILMN_1767393	22
ILMN_1718268	24
ILMN_1684901	27
ILMN_1805828	101
ILMN_1657405	36
ILMN_1718093	247
ILMN_1714167	275
ILMN_2312194	264
ILMN_1728677	145
ILMN_1673069	58
ILMN_2323992	54
ILMN_2089329	254
ILMN_1668910	70
ILMN_2319077	112
ILMN_1713521	68
ILMN_1728121	38
ILMN_1720192	31
ILMN_1703100	28
ILMN_1725180	23
ILMN_1733667	27
ILMN_1735301	95
ILMN_1656097	40
ILMN_1680016	50
ILMN_1806979	38
ILMN_1729433	27
ILMN_1663667	179
ILMN_1655403	198
ILMN_1673185	27
ILMN_2144116	61
ILMN_2355423	33
ILMN_1720207	29
ILMN_2349658	81
ILMN_1666372	109
ILMN_1897319	60
ILMN_1763837	138
ILMN_1676955	80
ILMN_1670540	44
ILMN_1725320	112
ILMN_2377536	31
ILMN_2277725	10
ILMN_1680317	30
ILMN_1773245	33
ILMN_2364376	176
ILMN_1714980	29
ILMN_1687046	42
ILMN_1679476	143
ILMN_2111294	55
ILMN_1746025	59
ILMN_1797189	44
ILMN_1675461	20
ILMN_1663015	35
ILMN_1687481	12
ILMN_2167416	175
ILMN_1745513	191
ILMN_1767679	35
ILMN_2175265	31
ILMN_1664439	35
ILMN_2346358	19
ILMN_1769633	130
ILMN_2339028	103
ILMN_1690040	52
ILMN_2379130	147
ILMN_2390197	49
ILMN_1677104	35
ILMN_1798138	27
ILMN_2376205	104
ILMN_2376204	58
ILMN_1781614	30
ILMN_1673023	100
ILMN_2326509	103
ILMN_2326512	106
ILMN_1790988	41
ILMN_1794512	132
ILMN_1765076	170
ILMN_2143250	39
ILMN_2359287	74
ILMN_2267488	65
ILMN_1800642	218
ILMN_1705352	17
ILMN_1878007	28
ILMN_1769358	21
ILMN_1785857	36
ILMN_1808152	23
ILMN_1798064	27
ILMN_1704208	32
ILMN_1702385	58
ILMN_2156267	146
ILMN_2382942	299
ILMN_1694482	40
ILMN_1719178	19
ILMN_1740265	79
ILMN_2361920	12
ILMN_1679233	33
ILMN_1753048	55
ILMN_1721888	35
ILMN_1690920	28
ILMN_1800889	45
ILMN_1674975	19
ILMN_1737514	164
ILMN_2380605	52
ILMN_1788701	116
ILMN_2323801	113
ILMN_2247988	46
ILMN_1692714	78
ILMN_1683328	214
ILMN_2276397	25
ILMN_2375319	87
ILMN_1803745	206
ILMN_1710682	30
ILMN_1745811	44
ILMN_2366463	105
ILMN_1692413	45
ILMN_1739441	48
ILMN_1715088	46
ILMN_1712475	38
ILMN_1787386	63
ILMN_2413732	31
ILMN_1802223	26
ILMN_1734788	29
ILMN_1699121	32
ILMN_1800590	165
ILMN_2388669	24
ILMN_1807283	24
ILMN_1736303	20
ILMN_1743995	37
ILMN_1716583	85
ILMN_1734478	52
ILMN_2258543	85
ILMN_1779825	20
ILMN_1772537	38
ILMN_1656477	26
ILMN_1761851	22
ILMN_2410826	88
ILMN_1675640	85
ILMN_1764512	26
ILMN_2159272	51
ILMN_1725814	26
ILMN_1774685	29
ILMN_1738335	28
ILMN_1696133	72
ILMN_1742442	28
ILMN_1679318	28
ILMN_2131177	118
ILMN_1749415	22
ILMN_1772743	51
ILMN_1717765	123
ILMN_2227011	20
ILMN_2289533	19
ILMN_1744387	62
ILMN_1769546	85
ILMN_2368585	69
ILMN_1673944	86
ILMN_2395926	98
ILMN_1740024	118
ILMN_1703411	53
ILMN_1723486	62
ILMN_2156172	89
ILMN_1790575	107
ILMN_2172174	155
ILMN_1792506	51
ILMN_2367671	94
ILMN_1687960	53
ILMN_1767413	35
ILMN_1700625	199
ILMN_1794132	68
ILMN_1746252	254
ILMN_1669772	196
ILMN_1679401	167
ILMN_2309180	59
ILMN_1721284	25
ILMN_1731073	157
ILMN_1690923	83
ILMN_1763568	54
ILMN_1653120	34
ILMN_1756501	145
ILMN_1808047	91
ILMN_1799535	47
ILMN_1753789	64
ILMN_1668525	69
ILMN_1814229	34
ILMN_1712849	38
ILMN_1674560	32
ILMN_1762883	389
ILMN_1778521	22
ILMN_1807455	61
ILMN_1701557	46
ILMN_1684607	26
ILMN_2053536	59
ILMN_2053538	107
ILMN_1699991	69
ILMN_1765122	50
ILMN_1783156	73
ILMN_1694752	73
ILMN_1800786	34
ILMN_1684054	131
ILMN_1725696	50
ILMN_1655983	69
ILMN_2328029	105
ILMN_1731014	52
ILMN_1767281	12
ILMN_1734317	57
ILMN_1687400	39
ILMN_1666175	24
ILMN_1804929	99
ILMN_1783705	41
ILMN_1697703	78
ILMN_1711736	30
ILMN_1748283	93
ILMN_1667134	16
ILMN_1813341	115
ILMN_1764321	217
ILMN_1675852	85
ILMN_1862018	64
ILMN_1664440	143
ILMN_2223130	180
ILMN_1752575	38
ILMN_1728830	32
ILMN_2096719	75
ILMN_1769449	63
ILMN_2193752	90
ILMN_1670134	53
ILMN_1665736	55
ILMN_2164164	19
ILMN_1766221	37
ILMN_2210729	92
ILMN_1824898	96
ILMN_1660786	32
ILMN_1712522	81
ILMN_1674659	32
ILMN_1755024	35
ILMN_1661264	232
ILMN_1665792	111
ILMN_1807493	284
ILMN_1712751	43
ILMN_1693072	27
ILMN_2349138	33
ILMN_1769027	36
ILMN_1729320	37
ILMN_1790534	59
ILMN_1815238	23
ILMN_1668909	20
ILMN_1801175	25
ILMN_1665167	28
ILMN_1713499	154
ILMN_2156699	29
ILMN_2192683	29
ILMN_1711030	106
ILMN_1705172	18
ILMN_1651719	197
ILMN_1767256	106
ILMN_1795811	19
ILMN_1747831	35
ILMN_1704713	59
ILMN_1723398	17
ILMN_1762561	100
ILMN_1814153	27
ILMN_1692893	30
ILMN_1652549	42
ILMN_2121272	28
ILMN_1782955	30
ILMN_1784709	52
ILMN_1736112	189
ILMN_1720955	27
ILMN_1761456	206
ILMN_1706531	39
ILMN_1752012	31
ILMN_2399190	34
ILMN_1724346	46
ILMN_1773751	122
ILMN_1767111	118
ILMN_1759396	85
ILMN_2398107	105
ILMN_1713751	227
ILMN_1788481	19
ILMN_1770940	89
ILMN_1782098	154
ILMN_1695378	65
ILMN_1663035	216
ILMN_1799024	140
ILMN_1653652	58
ILMN_1730842	37
ILMN_1900186	23
ILMN_1690342	37
ILMN_1753468	34
ILMN_1788764	30
ILMN_1665331	124
ILMN_1768772	286
ILMN_1770442	12
ILMN_1724324	39
ILMN_1700380	40
ILMN_1754555	37
ILMN_1695490	26
ILMN_1737320	30
ILMN_1669833	25
ILMN_1808368	38
ILMN_1690423	38
ILMN_1764034	37
ILMN_1773238	21
ILMN_1734630	22
ILMN_1722227	29
ILMN_2371917	18
ILMN_1677404	172
ILMN_1700770	21
ILMN_1676361	116
ILMN_1734773	56
ILMN_1812278	84
ILMN_1757536	44
ILMN_1731639	51
ILMN_2355953	88
ILMN_1690921	163
ILMN_1799889	24
ILMN_1815425	27
ILMN_1812850	31
ILMN_1687319	21
ILMN_1801923	109
ILMN_2240003	42
ILMN_1679962	38
ILMN_1754529	152
ILMN_1662523	74
ILMN_1751958	51
ILMN_1811696	27
ILMN_2312897	116
ILMN_2242403	63
ILMN_1681720	44
ILMN_1660819	22
ILMN_1774733	167
ILMN_1812940	87
ILMN_1792799	24
ILMN_1740031	40
ILMN_1759087	30
ILMN_2392286	105
ILMN_1698726	98
ILMN_1671004	48
ILMN_1765767	27
ILMN_1764030	66
ILMN_1763080	94
ILMN_1785650	23
ILMN_1661454	26
ILMN_1655577	50
ILMN_1669102	74
ILMN_1691080	54
ILMN_2186369	108
ILMN_1729563	79
ILMN_1699100	47
ILMN_2230162	80
ILMN_1814200	22
ILMN_1811572	28
ILMN_1729915	57
ILMN_1676490	27
ILMN_1764175	80
ILMN_1790354	74
ILMN_2163796	114
ILMN_1699357	237
ILMN_1669015	175
ILMN_1664631	48
ILMN_1664236	68
ILMN_1704985	74
ILMN_1682054	54
ILMN_1733324	28
ILMN_1813350	43
ILMN_1658986	27
ILMN_1657892	86
ILMN_1764166	54
ILMN_1809456	87
ILMN_1736103	43
ILMN_1662144	63
ILMN_1735979	99
ILMN_1727855	45
ILMN_1745806	84
ILMN_2323172	37
ILMN_1699545	70
ILMN_2317658	56
ILMN_1704163	33
ILMN_1671353	32
ILMN_2056087	192
ILMN_1709613	167
ILMN_1726783	71
ILMN_1689953	112
ILMN_1694886	33
ILMN_2370414	45
ILMN_1729713	23
ILMN_1687279	131
ILMN_2338480	66
ILMN_1678504	76
ILMN_2405305	33
ILMN_1754163	18
ILMN_1796673	20
ILMN_2125017	57
ILMN_1728761	31
ILMN_2352131	70
ILMN_1733998	78
ILMN_1815500	96
ILMN_1679979	67
ILMN_2163975	33
ILMN_1709091	42
ILMN_1669505	23
ILMN_2244108	15
ILMN_1756814	68
ILMN_1743619	42
ILMN_1691436	76
ILMN_1745963	120
ILMN_1843157	27
ILMN_1704629	18
ILMN_1683747	105
ILMN_1671051	27
ILMN_1706390	31
ILMN_1758907	36
ILMN_1788811	22
ILMN_2233050	107
ILMN_1677768	175
ILMN_1740076	51
ILMN_2180929	66
ILMN_1769040	44
ILMN_1687848	162
ILMN_1666894	83
ILMN_1766814	139
ILMN_1777998	92
ILMN_1661971	22
ILMN_1800853	20
ILMN_1664186	27
ILMN_1708959	41
ILMN_2223903	104
ILMN_1669032	107
ILMN_1682930	54
ILMN_1911042	129
ILMN_1677815	35
ILMN_1729599	20
ILMN_1686109	104
ILMN_1796511	51
ILMN_2357386	81
ILMN_1734600	31
ILMN_2415776	29
ILMN_1783329	23
ILMN_2387553	112
ILMN_1717853	48
ILMN_1752753	24
ILMN_2086210	43
ILMN_1782944	27
ILMN_1740737	59
ILMN_1768284	74
ILMN_1775441	104
ILMN_1801833	155
ILMN_2400326	49
ILMN_2400322	56
ILMN_2377669	125
ILMN_1663519	47
ILMN_1769566	41
ILMN_2163732	60
ILMN_1785768	60
ILMN_1745537	10
ILMN_1655426	48
ILMN_1663787	37
ILMN_1707169	35
ILMN_1800082	38
ILMN_1751956	29
ILMN_1780940	138
ILMN_1695864	15
ILMN_1693538	128
ILMN_1765355	53
ILMN_2361810	26
ILMN_2268990	32
ILMN_2315044	47
ILMN_1703188	26
ILMN_1752481	25
ILMN_2328874	22
ILMN_2054271	13
ILMN_1757915	40
ILMN_1695316	38
ILMN_2233539	27
ILMN_1721727	60
ILMN_2330243	122
ILMN_1768049	44
ILMN_1656361	79
ILMN_1706021	23
ILMN_1668270	96
ILMN_1810235	48
ILMN_1755714	20
ILMN_2312228	93
ILMN_1761275	54
ILMN_1752967	131
ILMN_2326997	92
ILMN_1704139	32
ILMN_1724718	271
ILMN_2139816	151
ILMN_1700695	53
ILMN_1758673	79
ILMN_1670779	42
ILMN_2324162	33
ILMN_1765326	75
ILMN_1655664	23
ILMN_1669927	79
ILMN_1801943	20
ILMN_2196479	73
ILMN_1728698	78
ILMN_2280480	22
ILMN_1799853	60
ILMN_2249473	136
ILMN_1665094	40
ILMN_1690121	28
ILMN_1695276	183
ILMN_1739756	76
ILMN_1677793	51
ILMN_1711275	17
ILMN_1655509	67
ILMN_1721333	29
ILMN_2350296	34
ILMN_1714197	61
ILMN_1697510	63
ILMN_2124471	68
ILMN_1690981	30
ILMN_1748538	325
ILMN_1806003	45
ILMN_2408566	72
ILMN_1662932	107
ILMN_2404135	57
ILMN_1700547	72
ILMN_2147471	100
ILMN_1815134	151
ILMN_1760335	42
ILMN_2373177	69
ILMN_2260058	22
ILMN_1797307	91
ILMN_1694486	34
ILMN_1724234	56
ILMN_2084059	126
ILMN_1689846	38
ILMN_2394161	54
ILMN_1805652	123
ILMN_1766904	33
ILMN_1672503	194
ILMN_1704973	20
ILMN_1675009	27
ILMN_1763269	91
ILMN_1741056	26
ILMN_2054019	113
ILMN_1699354	112
ILMN_1724783	32
ILMN_1699814	115
ILMN_1738869	48
ILMN_1774281	32
ILMN_1671615	25
ILMN_1786847	36
ILMN_1661000	56
ILMN_2123431	115
ILMN_1767113	86
ILMN_1744191	36
ILMN_1808241	14
ILMN_2352077	80
ILMN_1808674	13
ILMN_2357031	26
ILMN_1809959	46
ILMN_1726986	133
ILMN_1741628	24
ILMN_1729369	54
ILMN_1808712	91
ILMN_2135258	168
ILMN_1709847	17
ILMN_1720461	41
ILMN_1738342	105
ILMN_1653578	22
ILMN_1715551	29
ILMN_1696004	80
ILMN_1790832	35
ILMN_2078659	181
ILMN_2075189	36
ILMN_1790577	48
ILMN_1678546	200
ILMN_1807613	28
ILMN_1680032	56
ILMN_2129600	27
ILMN_1788530	23
ILMN_1795788	23
ILMN_1728894	21
ILMN_1796663	46
ILMN_1676061	31
ILMN_1717541	25
ILMN_1704195	127
ILMN_1674941	80
ILMN_1686534	36
ILMN_1758613	30
ILMN_1802631	45
ILMN_1660408	32
ILMN_1734559	208
ILMN_2244257	28
ILMN_1679041	91
ILMN_1726456	88
ILMN_1730999	96
ILMN_2261519	101
ILMN_1700798	33
ILMN_1747303	288
ILMN_2059535	209
ILMN_2210581	70
ILMN_1756311	117
ILMN_1659227	88
ILMN_1709360	38
ILMN_1810400	48
ILMN_1721669	88
ILMN_1720093	131
ILMN_1780222	31
ILMN_2213693	20
ILMN_1766261	267
ILMN_1681670	84
ILMN_2211780	59
ILMN_1782419	306
ILMN_1708391	30
ILMN_1793934	57
ILMN_1695968	39
ILMN_1792540	34
ILMN_1767351	125
ILMN_1808597	42
ILMN_2206554	158
ILMN_1708714	27
ILMN_1768076	18
ILMN_1678669	139
ILMN_1780368	68
ILMN_2227790	46
ILMN_1811133	23
ILMN_1666546	25
ILMN_1787408	30
ILMN_2099277	77
ILMN_1675584	15
ILMN_1674153	30
ILMN_1744045	29
ILMN_1759952	208
ILMN_1700180	25
ILMN_1697189	18
ILMN_1715994	108
ILMN_1721316	52
ILMN_1661428	94
ILMN_2389810	178
ILMN_1683792	81
ILMN_1697880	85
ILMN_1680424	130
ILMN_2115073	25
ILMN_1774650	28
ILMN_1701776	31
ILMN_1723139	173
ILMN_1744006	63
ILMN_1690223	29
ILMN_1771523	54
ILMN_2374234	58
ILMN_1706775	41
ILMN_2414848	197
ILMN_1678535	433
ILMN_1667754	18
ILMN_2353642	107
ILMN_1795920	47
ILMN_2384241	329
ILMN_1744316	167
ILMN_1714445	50
ILMN_1754262	45
ILMN_1773763	23
ILMN_1758418	118
ILMN_1654583	122
ILMN_1714438	68
ILMN_1911012	25
ILMN_1722622	68
ILMN_1681103	177
ILMN_1776857	162
ILMN_1652716	69
ILMN_1795178	29
ILMN_1689098	29
ILMN_1657893	74
ILMN_2214117	31
ILMN_1683093	18
ILMN_1792538	70
ILMN_1800595	17
ILMN_1736940	157
ILMN_1689057	49
ILMN_1760303	165
ILMN_1797384	38
ILMN_1718552	59
ILMN_1736142	27
ILMN_1764230	84
ILMN_1744795	47
ILMN_1689652	93
ILMN_1704750	161
ILMN_1703692	294
ILMN_1652207	133
ILMN_2133038	42
ILMN_2301725	19
ILMN_2301722	127
ILMN_1799062	80
ILMN_1755808	54
ILMN_1654945	37
ILMN_2157141	44
ILMN_1800923	36
ILMN_1669201	33
ILMN_1708428	34
ILMN_1773621	35
ILMN_2131828	51
ILMN_1670079	148
ILMN_2094938	105
ILMN_1681269	47
ILMN_2376408	105
ILMN_2379560	213
ILMN_1687074	183
ILMN_1769198	30
ILMN_1785312	30
ILMN_1776334	107
ILMN_2342835	111
ILMN_1764036	24
ILMN_2258409	23
ILMN_2277676	141
ILMN_1797172	50
ILMN_2377496	103
ILMN_1703650	54
ILMN_1656574	77
ILMN_2401701	144
ILMN_1673795	107
ILMN_2131882	117
ILMN_2131880	106
ILMN_2091100	53
ILMN_2165993	47
ILMN_1721578	23
ILMN_2059464	26
ILMN_1656434	84
ILMN_1761804	61
ILMN_1736002	223
ILMN_1673369	59
ILMN_2176768	65
ILMN_1656330	30
ILMN_1702489	53
ILMN_1813840	97
ILMN_2362911	53
ILMN_1675117	236
ILMN_1791576	129
ILMN_1751362	40
ILMN_2182348	160
ILMN_1700044	40
ILMN_1761987	30
ILMN_1722532	132
ILMN_1750876	26
ILMN_1696466	119
ILMN_1751637	34
ILMN_1682008	88
ILMN_1674543	41
ILMN_1662263	269
ILMN_1670096	35
ILMN_1696933	18
ILMN_2165354	102
ILMN_1734676	38
ILMN_2061043	90
ILMN_1762400	29
ILMN_2400183	47
ILMN_1815951	32
ILMN_1720819	52
ILMN_1780382	64
ILMN_2381945	17
ILMN_1656487	65
ILMN_1656818	28
ILMN_2092333	33
ILMN_1705077	34
ILMN_2085933	24
ILMN_2075051	68
ILMN_2098297	42
ILMN_2067852	50
ILMN_1745021	74
ILMN_1764309	147
ILMN_1797776	72
ILMN_1761778	51
ILMN_1769575	447
ILMN_1687765	29
ILMN_1733963	12
ILMN_1715555	55
ILMN_1706498	191
ILMN_2386849	50
ILMN_1804005	31
ILMN_2079488	63
ILMN_1691567	182
ILMN_1678493	160
ILMN_1760087	110
ILMN_2400874	49
ILMN_1681679	219
ILMN_2260991	155
ILMN_2105919	62
ILMN_1803367	216
ILMN_1796165	22
ILMN_2059357	55
ILMN_1689786	89
ILMN_2343624	93
ILMN_2395240	198
ILMN_2395236	115
ILMN_1788078	22
ILMN_1691341	84
ILMN_1791328	81
ILMN_1743663	71
ILMN_1670926	94
ILMN_2221066	49
ILMN_1665250	15
ILMN_1757287	57
ILMN_2078697	47
ILMN_1704464	34
ILMN_1774874	40
ILMN_1806249	28
ILMN_1786544	33
ILMN_2243308	83
ILMN_1715850	20
ILMN_1663916	123
ILMN_1793403	31
ILMN_1790985	103
ILMN_1687896	129
ILMN_2137464	128
ILMN_2391512	18
ILMN_1668605	35
ILMN_2285568	46
ILMN_1767711	17
ILMN_1664718	154
ILMN_1690282	122
ILMN_1681754	158
ILMN_2195914	140
ILMN_1790472	40
ILMN_1812618	200
ILMN_1722206	45
ILMN_1652017	78
ILMN_1679039	22
ILMN_1695998	112
ILMN_2103646	34
ILMN_1690048	36
ILMN_1720996	64
ILMN_1766169	112
ILMN_1681837	102
ILMN_1737699	42
ILMN_1711289	59
ILMN_1774211	37
ILMN_2170643	35
ILMN_2382354	106
ILMN_1691476	256
ILMN_1748591	130
ILMN_1718299	27
ILMN_1799600	157
ILMN_1725746	29
ILMN_1751081	66
ILMN_1783910	36
ILMN_1700353	29
ILMN_1706386	85
ILMN_1686387	124
ILMN_1720756	25
ILMN_1672229	21
ILMN_1729932	31
ILMN_1814120	54
ILMN_1771061	19
ILMN_1676452	27
ILMN_1900929	27
ILMN_1655095	23
ILMN_2296439	26
ILMN_1713807	151
ILMN_1705261	69
ILMN_1674551	199
ILMN_2261416	124
ILMN_1736539	166
ILMN_1789504	33
ILMN_1735365	65
ILMN_1687404	23
ILMN_2203491	19
ILMN_2389501	189
ILMN_2389506	130
ILMN_1783444	92
ILMN_1803033	62
ILMN_1701831	24
ILMN_2113470	37
ILMN_1651364	205
ILMN_1715192	30
ILMN_2062832	30
ILMN_1676318	31
ILMN_2358560	184
ILMN_1669114	42
ILMN_1689342	83
ILMN_1740384	35
ILMN_1671925	18
ILMN_1671972	28
ILMN_2286106	61
ILMN_1773760	204
ILMN_2392546	254
ILMN_2333449	36
ILMN_1661616	39
ILMN_1660847	24
ILMN_2186061	25
ILMN_1700949	29
ILMN_2401253	58
ILMN_2291092	17
ILMN_2401258	106
ILMN_2243697	36
ILMN_1787618	38
ILMN_1689200	62
ILMN_2129545	87
ILMN_1738406	27
ILMN_1796271	27
ILMN_1769918	38
ILMN_2321485	48
ILMN_1744428	29
ILMN_1651636	31
ILMN_1718949	27
ILMN_1676215	60
ILMN_1775999	26
ILMN_2193980	43
ILMN_1692156	60
ILMN_2303010	53
ILMN_1658214	20
ILMN_2393456	22
ILMN_2393461	56
ILMN_1710150	106
ILMN_1796813	35
ILMN_1716200	24
ILMN_1721017	25
ILMN_1883982	26
ILMN_1851760	34
ILMN_1662738	41
ILMN_1761334	90
ILMN_2362982	52
ILMN_2269564	117
ILMN_1777060	35
ILMN_1706154	74
ILMN_1709882	62
ILMN_1733110	145
ILMN_1747197	85
ILMN_1783908	25
ILMN_1705984	258
ILMN_1658033	26
ILMN_1718671	28
ILMN_2226223	17
ILMN_1659077	34
ILMN_1655329	159
ILMN_1767459	44
ILMN_1734692	44
ILMN_2123550	38
ILMN_1782292	81
ILMN_1794306	20
ILMN_1674038	74
ILMN_1709484	214
ILMN_1753600	15
ILMN_1673119	33
ILMN_1672148	76
ILMN_1720440	88
ILMN_1732176	37
ILMN_1681081	45
ILMN_1759520	28
ILMN_1808861	96
ILMN_2216438	25
ILMN_1660976	33
ILMN_1716265	43
ILMN_1702396	66
ILMN_1666934	15
ILMN_1687785	140
ILMN_1726328	32
ILMN_1808781	28
ILMN_1730799	134
ILMN_1672575	46
ILMN_2325168	61
ILMN_1699735	76
ILMN_1753322	13
ILMN_2113126	48
ILMN_2186806	98
ILMN_1804938	33
ILMN_1733869	47
ILMN_1654586	121
ILMN_1663486	60
ILMN_1727671	89
ILMN_2344079	31
ILMN_2232936	127
ILMN_1654370	49
ILMN_1678579	124
ILMN_1755720	50
ILMN_1679949	66
ILMN_1664978	32
ILMN_2384561	45
ILMN_1752728	91
ILMN_1792002	20
ILMN_1815056	50
ILMN_1788166	267
ILMN_1779014	60
ILMN_1778660	24
ILMN_1698491	42
ILMN_1735367	242
ILMN_1686245	51
ILMN_1735816	48
ILMN_1806186	49
ILMN_1654997	24
ILMN_2203299	23
ILMN_1751753	139
ILMN_1733443	23
ILMN_2119535	34
ILMN_1670420	42
ILMN_1763723	51
ILMN_2396571	22
ILMN_1812980	45
ILMN_2342651	17
ILMN_2405391	33
ILMN_1705928	44
ILMN_1730816	40
ILMN_1686095	46
ILMN_1758784	126
ILMN_2292592	49
ILMN_1662865	30
ILMN_2413572	70
ILMN_1772521	283
ILMN_1752321	29
ILMN_1719298	41
ILMN_1728002	29
ILMN_2358914	62
ILMN_1738299	24
ILMN_2369286	176
ILMN_1693421	127
ILMN_2326324	30
ILMN_1806294	119
ILMN_1652736	166
ILMN_2363065	29
ILMN_1698231	125
ILMN_2216157	69
ILMN_1743358	44
ILMN_2064725	23
ILMN_1659257	47
ILMN_1754234	112
ILMN_1788062	57
ILMN_1703826	28
ILMN_2393149	18
ILMN_1802100	41
ILMN_1673352	102
ILMN_2099315	30
ILMN_1712632	20
ILMN_1917341	216
ILMN_1659563	39
ILMN_2182980	79
ILMN_1795826	162
ILMN_2265759	33
ILMN_1809248	22
ILMN_1720243	29
ILMN_1708934	182
ILMN_1815840	21
ILMN_2393765	97
ILMN_2234343	72
ILMN_1665455	20
ILMN_1759075	70
ILMN_1725683	13
ILMN_2163906	22
ILMN_1774901	33
ILMN_1691276	92
ILMN_1700086	28
ILMN_1775359	12
ILMN_1653207	38
ILMN_1748529	42
ILMN_1764628	117
ILMN_1704210	26
ILMN_1742073	74
ILMN_2120555	122
ILMN_1781951	23
ILMN_1700379	25
ILMN_1653174	23
ILMN_1717326	79
ILMN_1690296	32
ILMN_1707368	28
ILMN_1680003	22
ILMN_2175912	119
ILMN_1653395	28
ILMN_1775634	30
ILMN_2270443	33
ILMN_1719905	63
ILMN_1741131	41
ILMN_1771223	51
ILMN_1682399	41
ILMN_1696003	41
ILMN_1692123	16
ILMN_2202915	40
ILMN_1730328	32
ILMN_1688614	40
ILMN_1683969	51
ILMN_1702237	33
ILMN_2333367	58
ILMN_2230862	36
ILMN_1772817	28
ILMN_1777980	33
ILMN_1657603	57
ILMN_1660451	89
ILMN_2362858	59
ILMN_1743226	42
ILMN_2353117	60
ILMN_1755364	52
ILMN_1728521	28
ILMN_2318685	101
ILMN_2245305	171
ILMN_1721765	42
ILMN_1794072	25
ILMN_2125010	124
ILMN_1657129	128
ILMN_2382717	54
ILMN_2049228	33
ILMN_1794976	17
ILMN_1663640	83
ILMN_1860638	105
ILMN_2222065	95
ILMN_1696546	72
ILMN_1684321	171
ILMN_1704164	89
ILMN_1731612	152
ILMN_1776325	48
ILMN_1725692	25
ILMN_1711314	199
ILMN_1718136	136
ILMN_2176467	17
ILMN_1695962	95
ILMN_1779241	31
ILMN_1690179	26
ILMN_1683313	93
ILMN_2267135	55
ILMN_1659522	34
ILMN_1802456	49
ILMN_2415011	24
ILMN_1742520	19
ILMN_1708095	100
ILMN_1712613	29
ILMN_1767274	39
ILMN_1717197	68
ILMN_2410362	71
ILMN_2295980	24
ILMN_1693250	39
ILMN_1808748	26
ILMN_1763036	257
ILMN_2236655	41
ILMN_1766269	26
ILMN_2286800	54
ILMN_1685260	87
ILMN_1730521	99
ILMN_2205405	23
ILMN_1810554	108
ILMN_2387799	141
ILMN_1773758	53
ILMN_1761829	75
ILMN_1654261	33
ILMN_1745801	30
ILMN_1729580	21
ILMN_2203858	33
ILMN_1731518	121
ILMN_1709237	147
ILMN_1738993	151
ILMN_1704859	18
ILMN_1666594	107
ILMN_1742456	64
ILMN_2154671	96
ILMN_1706845	24
ILMN_2198239	34
ILMN_1860232	28
ILMN_2291249	38
ILMN_1745820	50
ILMN_2367384	64
ILMN_1711878	181
ILMN_1675386	29
ILMN_2388746	20
ILMN_1685719	23
ILMN_1664560	45
ILMN_1749591	49
ILMN_2232854	138
ILMN_1669818	196
ILMN_1720285	192
ILMN_1739357	17
ILMN_1806349	108
ILMN_1680420	36
ILMN_1661188	36
ILMN_1726114	64
ILMN_1797184	51
ILMN_1655635	33
ILMN_1780924	14
ILMN_1707945	45
ILMN_1808379	117
ILMN_1775762	93
ILMN_2229379	120
ILMN_2166582	25
ILMN_1796094	66
ILMN_1657884	46
ILMN_1676563	218
ILMN_1676003	78
ILMN_1772409	51
ILMN_2102951	66
ILMN_1782978	18
ILMN_2076463	152
ILMN_1799067	24
ILMN_1655433	52
ILMN_2390453	42
ILMN_1661427	52
ILMN_1668426	26
ILMN_1768751	62
ILMN_1739454	53
ILMN_1680330	19
ILMN_1786239	29
ILMN_2055156	98
ILMN_1810915	194
ILMN_1652959	18
ILMN_1681296	30
ILMN_1795842	21
ILMN_2323933	73
ILMN_1762993	68
ILMN_1704290	72
ILMN_1725992	59
ILMN_1762103	42
ILMN_1746836	67
ILMN_2049184	137
ILMN_2277537	22
ILMN_2338323	231
ILMN_1657686	30
ILMN_1711027	37
ILMN_1737945	55
ILMN_1714592	56
ILMN_1770610	41
ILMN_2316918	38
ILMN_1706374	80
ILMN_2198850	20
ILMN_1675282	29
ILMN_2187899	93
ILMN_1677416	29
ILMN_1782273	39
ILMN_2222101	103
ILMN_1692049	100
ILMN_1732141	30
ILMN_1869160	30
ILMN_1690733	37
ILMN_1768062	56
ILMN_1662419	230
ILMN_1796628	127
ILMN_1654398	256
ILMN_1728844	103
ILMN_1704089	20
ILMN_1714599	179
ILMN_1798885	110
ILMN_1706051	21
ILMN_1692688	29
ILMN_1658706	67
ILMN_1671554	292
ILMN_1783643	53
ILMN_1751432	15
ILMN_1794165	73
ILMN_2061446	58
ILMN_1676336	90
ILMN_1780824	111
ILMN_1657128	34
ILMN_1671568	79
ILMN_1725014	173
ILMN_1724581	32
ILMN_1750062	65
ILMN_1815924	62
ILMN_1698756	21
ILMN_1773643	58
ILMN_1715832	26
ILMN_1714252	26
ILMN_1711078	33
ILMN_1807379	22
ILMN_1711328	24
ILMN_1658176	47
ILMN_1675425	31
ILMN_1741389	22
ILMN_1722753	25
ILMN_1720604	316
ILMN_1803871	39
ILMN_1732023	21
ILMN_1760778	181
ILMN_1765819	23
ILMN_1766658	271
ILMN_1783963	29
ILMN_1889011	50
ILMN_1764361	110
ILMN_2234605	32
ILMN_1770454	70
ILMN_2209417	15
ILMN_1783684	111
ILMN_1660063	27
ILMN_1762464	42
ILMN_1662453	36
ILMN_1794588	92
ILMN_1794890	20
ILMN_1749009	97
ILMN_2345319	73
ILMN_1679901	39
ILMN_1753884	23
ILMN_1791770	139
ILMN_1678246	19
ILMN_2197101	216
ILMN_1727051	176
ILMN_2339284	51
ILMN_1743347	22
ILMN_1805098	120
ILMN_1904786	40
ILMN_2364574	27
ILMN_1800461	66
ILMN_1815859	55
ILMN_1763955	183
ILMN_1748755	52
ILMN_2367172	80
ILMN_1792741	61
ILMN_1765445	20
ILMN_1808599	33
ILMN_2204545	65
ILMN_1740650	31
ILMN_1720694	18
ILMN_1784302	28
ILMN_1671151	135
ILMN_1699723	46
ILMN_1670875	62
ILMN_1712959	94
ILMN_1655347	24
ILMN_1781824	60
ILMN_1697153	131
ILMN_1716596	57
ILMN_1717101	21
ILMN_2306692	44
ILMN_1669177	55
ILMN_1719915	98
ILMN_1789274	23
ILMN_2368535	107
ILMN_1714428	194
ILMN_1760798	39
ILMN_1794707	127
ILMN_1651396	22
ILMN_1660723	29
ILMN_1812700	37
ILMN_2218002	31
ILMN_1694985	27
ILMN_1651457	20
ILMN_1784792	91
ILMN_1745108	44
ILMN_2367070	153
ILMN_1676385	41
ILMN_2297453	59
ILMN_1687857	39
ILMN_2413064	26
ILMN_1705392	25
ILMN_2359742	116
ILMN_1734229	106
ILMN_1702683	148
ILMN_1802257	37
ILMN_1812312	174
ILMN_1705253	24
ILMN_1662686	131
ILMN_1727127	43
ILMN_1690077	71
ILMN_1807756	21
ILMN_1700026	30
ILMN_1669905	93
ILMN_1815666	175
ILMN_1655884	90
ILMN_1662243	69
ILMN_1675124	38
ILMN_1781859	54
ILMN_2086470	272
ILMN_1681949	297
ILMN_1696814	12
ILMN_1715674	80
ILMN_1677452	49
ILMN_1815780	28
ILMN_1790881	222
ILMN_1751789	67
ILMN_2230892	148
ILMN_1767360	92
ILMN_1696360	90
ILMN_1716424	28
ILMN_1770742	31
ILMN_1763198	34
ILMN_2412101	113
ILMN_2096372	226
ILMN_1658940	45
ILMN_2127897	54
ILMN_1815023	226
ILMN_1765523	173
ILMN_1800152	26
ILMN_1653601	34
ILMN_1671154	152
ILMN_1709937	74
ILMN_1656335	53
ILMN_1700703	29
ILMN_2335319	48
ILMN_2382500	76
ILMN_1812226	94
ILMN_1674136	16
ILMN_2254635	103
ILMN_1706440	35
ILMN_2038773	164
ILMN_1678684	29
ILMN_1791771	107
ILMN_1697914	15
ILMN_1688475	19
ILMN_2232066	21
ILMN_1733248	120
ILMN_1676891	81
ILMN_2192394	33
ILMN_1662897	53
ILMN_1718297	253
ILMN_2214734	16
ILMN_2302358	27
ILMN_1651964	91
ILMN_1719205	115
ILMN_1680223	104
ILMN_2180582	87
ILMN_2401844	52
ILMN_2373763	34
ILMN_1776515	41
ILMN_1761921	47
ILMN_2345749	38
ILMN_1683373	34
ILMN_1791501	30
ILMN_2288976	30
ILMN_2070375	42
ILMN_1695773	36
ILMN_1766896	22
ILMN_2055100	33
ILMN_1655780	22
ILMN_1802819	164
ILMN_2222567	23
ILMN_2236440	51
ILMN_1718853	94
ILMN_1660816	25
ILMN_2105983	59
ILMN_1675542	74
ILMN_1716057	122
ILMN_1744830	49
ILMN_1753706	27
ILMN_1732426	31
ILMN_2396444	82
ILMN_1811378	20
ILMN_2171733	17
ILMN_1711208	103
ILMN_1717163	157
ILMN_1695285	47
ILMN_1731299	31
ILMN_1763436	27
ILMN_2359710	66
ILMN_1769779	61
ILMN_1662427	68
ILMN_1659564	225
ILMN_1804618	89
ILMN_1671642	34
ILMN_1674486	26
ILMN_1711766	312
ILMN_1790710	27
ILMN_2211189	38
ILMN_1809890	54
ILMN_1678454	224
ILMN_1774585	55
ILMN_1691930	101
ILMN_1784113	34
ILMN_1737629	33
ILMN_1797531	62
ILMN_2073604	192
ILMN_1792356	25
ILMN_1671911	64
ILMN_1758523	199
ILMN_2259495	42
ILMN_1763386	60
ILMN_1733402	38
ILMN_1805930	44
ILMN_1725169	138
ILMN_1680193	184
ILMN_1788623	23
ILMN_1746277	18
ILMN_1760065	31
ILMN_1787595	51
ILMN_1726840	67
ILMN_1668546	49
ILMN_1737313	35
ILMN_2104877	107
ILMN_1738642	77
ILMN_1776132	15
ILMN_1748338	23
ILMN_1730256	28
ILMN_2277492	16
ILMN_2391891	35
ILMN_1870015	22
ILMN_1807372	51
ILMN_2359945	141
ILMN_1747162	82
ILMN_2216637	132
ILMN_1714987	22
ILMN_1717915	20
ILMN_1662256	28
ILMN_1687358	15
ILMN_2136177	29
ILMN_1710333	32
ILMN_2107184	185
ILMN_1794399	135
ILMN_2193717	38
ILMN_1696999	81
ILMN_1809537	17
ILMN_1785892	35
ILMN_1803686	119
ILMN_1786444	166
ILMN_1653514	55
ILMN_2062524	122
ILMN_1715789	256
ILMN_2140990	84
ILMN_1791916	33
ILMN_1667906	110
ILMN_2380771	52
ILMN_1785762	27
ILMN_1722286	108
ILMN_2207505	125
ILMN_2207504	88
ILMN_2401344	68
ILMN_1680507	56
ILMN_2291152	21
ILMN_1744308	70
ILMN_1788098	28
ILMN_1773156	36
ILMN_1748970	167
ILMN_1660890	34
ILMN_1729191	22
ILMN_1809027	50
ILMN_1684184	39
ILMN_1658773	54
ILMN_1680735	18
ILMN_1724789	135
ILMN_2243036	29
ILMN_1760490	192
ILMN_1737862	89
ILMN_1812362	54
ILMN_1796560	44
ILMN_1715125	21
ILMN_1728724	27
ILMN_2109489	97
ILMN_1795872	22
ILMN_2288232	41
ILMN_1718001	30
ILMN_1794282	48
ILMN_2297765	79
ILMN_1714401	109
ILMN_1757379	44
ILMN_1807563	42
ILMN_1674337	90
ILMN_1767643	13
ILMN_1651430	18
ILMN_1726547	53
ILMN_1720048	181
ILMN_1663132	73
ILMN_1740426	57
ILMN_1804090	251
ILMN_1699728	141
ILMN_1795166	273
ILMN_1722524	33
ILMN_1749070	49
ILMN_1662358	74
ILMN_1675421	174
ILMN_1736327	68
ILMN_1795852	372
ILMN_2384785	296
ILMN_1683694	67
ILMN_1676289	31
ILMN_1657050	31
ILMN_1752813	34
ILMN_1734707	59
ILMN_2065273	29
ILMN_1763763	71
ILMN_1887177	22
ILMN_1666969	31
ILMN_1800008	34
ILMN_1694593	29
ILMN_1701457	156
ILMN_1746517	189
ILMN_2358626	54
ILMN_1801020	40
ILMN_2358628	18
ILMN_1789994	15
ILMN_2295290	20
ILMN_2349600	119
ILMN_1701711	213
ILMN_1769556	39
ILMN_1757956	37
ILMN_1814296	135
ILMN_1701914	39
ILMN_1666096	104
ILMN_1654414	56
ILMN_2147440	31
ILMN_2147435	71
ILMN_2331525	24
ILMN_2264788	31
ILMN_2129886	36
ILMN_1796801	169
ILMN_1801349	27
ILMN_1803162	25
ILMN_1725471	118
ILMN_1709131	61
ILMN_1786319	25
ILMN_1724166	32
ILMN_1683178	116
ILMN_2402168	177
ILMN_1710064	34
ILMN_2062271	38
ILMN_1730928	41
ILMN_1858067	29
ILMN_1763972	44
ILMN_1785795	74
ILMN_2405642	48
ILMN_1657409	54
ILMN_2289844	82
ILMN_2362457	60
ILMN_1863920	19
ILMN_1727756	58
ILMN_1701007	50
ILMN_1679262	375
ILMN_1661488	44
ILMN_1695157	96
ILMN_1764980	67
ILMN_1680887	28
ILMN_1741960	21
ILMN_2415073	24
ILMN_1660741	47
ILMN_1765801	43
ILMN_1775050	40
ILMN_1697267	41
ILMN_1730809	102
ILMN_1788789	26
ILMN_2145670	115
ILMN_1712088	51
ILMN_1663538	44
ILMN_2158705	39
ILMN_1791925	107
ILMN_2086890	122
ILMN_1677723	106
ILMN_1673917	65
ILMN_1800843	51
ILMN_1667180	47
ILMN_1814769	45
ILMN_1859946	200
ILMN_2167922	63
ILMN_1719759	186
ILMN_2074432	48
ILMN_1663562	27
ILMN_1701947	80
ILMN_2406132	63
ILMN_1784884	122
ILMN_1747934	42
ILMN_1812384	52
ILMN_2346997	94
ILMN_1667417	90
ILMN_1751040	41
ILMN_1692924	28
ILMN_1681526	61
ILMN_2082810	146
ILMN_1696420	159
ILMN_1678170	145
ILMN_1696162	11
ILMN_1696187	31
ILMN_1694877	154
ILMN_1659350	52
ILMN_1736806	59
ILMN_1673640	23
ILMN_2231242	171
ILMN_1791466	77
ILMN_1747716	23
ILMN_2159183	18
ILMN_2334243	89
ILMN_2334242	114
ILMN_1808272	32
ILMN_1762319	23
ILMN_1658407	211
ILMN_2412172	57
ILMN_2296950	47
ILMN_1684256	20
ILMN_2391219	21
ILMN_1812644	29
ILMN_1763627	117
ILMN_1837935	100
ILMN_1786347	54
ILMN_2286870	81
ILMN_1690105	96
ILMN_1777325	91
ILMN_1708772	28
ILMN_1655537	51
ILMN_1741780	269
ILMN_1881642	41
ILMN_1693245	29
ILMN_1732467	28
ILMN_2347999	32
ILMN_1765146	143
ILMN_1675697	43
ILMN_1761388	14
ILMN_1744709	49
ILMN_2130218	25
ILMN_2410929	85
ILMN_2229839	19
ILMN_1891857	70
ILMN_1763422	30
ILMN_2359601	49
ILMN_1719154	24
ILMN_1721027	24
ILMN_1686791	64
ILMN_1757351	41
ILMN_1813851	55
ILMN_2399174	113
ILMN_2289924	165
ILMN_2174834	33
ILMN_1736190	26
ILMN_1663080	74
ILMN_1782581	19
ILMN_1811443	91
ILMN_2230117	26
ILMN_2339835	72
ILMN_1682795	24
ILMN_2387385	44
ILMN_1740676	13
ILMN_2093674	35
ILMN_1708006	38
ILMN_1803811	32
ILMN_1730851	33
ILMN_1763491	52
ILMN_1791587	42
ILMN_1747271	37
ILMN_1792186	25
ILMN_1754421	221
ILMN_1671902	69
ILMN_1662587	176
ILMN_1706523	46
ILMN_1666932	77
ILMN_1721067	50
ILMN_1739050	29
ILMN_1679870	17
ILMN_1712423	15
ILMN_1760554	20
ILMN_2387791	21
ILMN_1730986	50
ILMN_1733931	121
ILMN_1810275	92
ILMN_1807662	96
ILMN_1672366	75
ILMN_2063532	21
ILMN_1673637	23
ILMN_1669446	20
ILMN_1755203	74
ILMN_1758529	87
ILMN_2411781	220
ILMN_1682062	29
ILMN_1655974	177
ILMN_1780188	188
ILMN_2373119	53
ILMN_1772612	192
ILMN_1654240	20
ILMN_1766698	27
ILMN_2330310	9
ILMN_1803615	14
ILMN_1656310	104
ILMN_1761684	31
ILMN_1659878	30
ILMN_1819608	139
ILMN_1813434	22
ILMN_2309926	72
ILMN_1854570	69
ILMN_2220845	31
ILMN_1715496	40
ILMN_2408946	20
ILMN_2295213	14
ILMN_2395913	29
ILMN_1673815	86
ILMN_1772177	26
ILMN_2294751	167
ILMN_1745772	112
ILMN_1752510	73
ILMN_1800267	20
ILMN_1812503	123
ILMN_1769388	106
ILMN_1702686	29
ILMN_1880406	120
ILMN_2333687	64
ILMN_1673953	36
ILMN_1731717	24
ILMN_1778144	82
ILMN_1659572	100
ILMN_1710943	19
ILMN_1768449	77
ILMN_2260926	20
ILMN_1706677	20
ILMN_1728298	85
ILMN_1807694	34
ILMN_1708261	19
ILMN_1732809	58
ILMN_2196642	30
ILMN_1679646	30
ILMN_1880256	23
ILMN_1810172	181
ILMN_2185728	136
ILMN_1699253	82
ILMN_1758371	21
ILMN_1686846	37
ILMN_1684836	263
ILMN_1904242	13
ILMN_1663684	18
ILMN_1730652	23
ILMN_1782070	75
ILMN_2149494	83
ILMN_1726659	68
ILMN_1752457	26
ILMN_2397231	74
ILMN_2397230	69
ILMN_1705144	128
ILMN_1735052	139
ILMN_1744560	16
ILMN_1671108	42
ILMN_2410540	128
ILMN_2296057	92
ILMN_1752283	74
ILMN_1744455	24
ILMN_1668924	21
ILMN_1654151	197
ILMN_1702503	25
ILMN_2397521	41
ILMN_1758542	105
ILMN_1798803	36
ILMN_1785177	45
ILMN_1691117	77
ILMN_2301193	46
ILMN_1691432	28
ILMN_2390457	20
ILMN_1740045	20
ILMN_1777976	60
ILMN_1768251	29
ILMN_1795289	28
ILMN_1776213	36
ILMN_2152257	70
ILMN_1790781	51
ILMN_1673535	29
ILMN_1799198	61
ILMN_1792012	30
ILMN_1684983	38
ILMN_2072401	29
ILMN_1690979	38
ILMN_1685567	57
ILMN_2241187	44
ILMN_1691697	45
ILMN_2200853	27
ILMN_1652967	23
ILMN_1721411	48
ILMN_1710844	65
ILMN_2281786	68
ILMN_1678655	29
ILMN_1667087	18
ILMN_1694273	28
ILMN_1803621	32
ILMN_1726752	153
ILMN_1686259	23
ILMN_1685722	90
ILMN_1729660	31
ILMN_1744033	28
ILMN_1687967	29
ILMN_1689197	37
ILMN_1745826	108
ILMN_1765851	70
ILMN_1723686	26
ILMN_1745737	47
ILMN_1722515	29
ILMN_1794965	22
ILMN_2351029	19
ILMN_1661861	29
ILMN_1800731	60
ILMN_1792978	104
ILMN_1700935	52
ILMN_1715131	55
ILMN_1689445	99
ILMN_1804822	100
ILMN_2414399	270
ILMN_1741133	296
ILMN_1761866	25
ILMN_1737805	62
ILMN_2076640	45
ILMN_2415572	59
ILMN_1730658	62
ILMN_1683063	78
ILMN_1775975	43
ILMN_2367141	39
ILMN_1720529	40
ILMN_1790625	59
ILMN_1789666	55
ILMN_1770589	34
ILMN_2081863	31
ILMN_1703074	85
ILMN_1679152	41
ILMN_1768483	21
ILMN_1717707	42
ILMN_1748019	41
ILMN_1762134	80
ILMN_2167011	100
ILMN_1727284	78
ILMN_1676588	66
ILMN_1674405	34
ILMN_1666324	38
ILMN_1797362	71
ILMN_2152768	24
ILMN_1801778	26
ILMN_2334205	100
ILMN_2334204	132
ILMN_2352090	42
ILMN_2076429	30
ILMN_2247703	25
ILMN_2154157	25
ILMN_1794816	24
ILMN_1705116	40
ILMN_1680673	66
ILMN_1801302	63
ILMN_2350240	18
ILMN_1695847	44
ILMN_1695940	30
ILMN_2191949	32
ILMN_1738246	14
ILMN_1786197	163
ILMN_2369571	21
ILMN_2273224	125
ILMN_1667750	34
ILMN_1671547	31
ILMN_1791838	55
ILMN_1785785	60
ILMN_1669033	99
ILMN_1766123	54
ILMN_1797793	150
ILMN_2387919	89
ILMN_2242068	35
ILMN_1714602	101
ILMN_1810826	46
ILMN_1779333	154
ILMN_2061537	14
ILMN_1732475	30
ILMN_2184535	28
ILMN_1779600	48
ILMN_1652424	40
ILMN_1651346	75
ILMN_1811880	8
ILMN_1687970	64
ILMN_1755775	28
ILMN_1784870	37
ILMN_1738233	81
ILMN_1665923	19
ILMN_1658152	22
ILMN_1702824	10
ILMN_1702072	50
ILMN_2101810	59
ILMN_1690352	46
ILMN_1731777	17
ILMN_2333670	58
ILMN_2230530	36
ILMN_1711318	18
ILMN_1752579	58
ILMN_1761789	13
ILMN_1709399	70
ILMN_1723414	79
ILMN_2070570	128
ILMN_1679881	32
ILMN_1814173	140
ILMN_1671621	46
ILMN_1712943	23
ILMN_1684931	23
ILMN_1691290	92
ILMN_1718852	40
ILMN_2090004	27
ILMN_1684574	22
ILMN_1776094	175
ILMN_2197164	23
ILMN_2232712	61
ILMN_1691855	66
ILMN_1703370	73
ILMN_1689318	96
ILMN_2079786	165
ILMN_1657045	47
ILMN_1773525	46
ILMN_1772455	48
ILMN_1656285	175
ILMN_1749827	35
ILMN_1756623	29
ILMN_2139061	37
ILMN_1727084	32
ILMN_1804384	48
ILMN_1694780	46
ILMN_1762529	72
ILMN_1702775	63
ILMN_1780762	31
ILMN_1720496	18
ILMN_1655935	84
ILMN_1731851	70
ILMN_1687609	23
ILMN_1699334	23
ILMN_2068874	40
ILMN_1684401	89
ILMN_1913678	218
ILMN_1693152	48
ILMN_1671725	27
ILMN_1704537	150
ILMN_1791525	30
ILMN_2410612	42
ILMN_1737416	27
ILMN_1695640	63
ILMN_2246328	84
ILMN_1751075	37
ILMN_1784105	73
ILMN_1676763	193
ILMN_1685798	46
ILMN_2138530	27
ILMN_1667670	35
ILMN_1656554	45
ILMN_2206224	24
ILMN_1652397	24
ILMN_2364674	100
ILMN_1744441	38
ILMN_1773963	53
ILMN_1767006	51
ILMN_1747195	70
ILMN_1668090	66
ILMN_1724699	62
ILMN_1892050	20
ILMN_1719876	42
ILMN_2174380	49
ILMN_1801658	182
ILMN_1731314	20
ILMN_2180827	93
ILMN_1692760	73
ILMN_1744244	126
ILMN_1777220	21
ILMN_2176502	78
ILMN_1692665	86
ILMN_1762972	77
ILMN_1781819	51
ILMN_1753164	21
ILMN_1753340	52
ILMN_2219683	37
ILMN_1708451	22
ILMN_1724021	40
ILMN_2346339	118
ILMN_1735115	22
ILMN_1736533	125
ILMN_1753271	45
ILMN_1793743	31
ILMN_2167123	44
ILMN_2123182	25
ILMN_1742272	23
ILMN_1688959	68
ILMN_1774063	47
ILMN_1657639	31
ILMN_2065299	203
ILMN_1798817	26
ILMN_2222651	106
ILMN_1666986	73
ILMN_1714738	35
ILMN_1813043	143
ILMN_1653267	30
ILMN_1794595	426
ILMN_1756469	451
ILMN_2381020	16
ILMN_1657864	108
ILMN_1698427	68
ILMN_2285480	14
ILMN_2197846	61
ILMN_1680850	114
ILMN_1731374	163
ILMN_2093203	23
ILMN_1711883	44
ILMN_1695432	38
ILMN_2329679	35
ILMN_1686623	133
ILMN_1751561	73
ILMN_2280721	28
ILMN_1795561	44
ILMN_1690561	39
ILMN_1747911	344
ILMN_1710428	239
ILMN_1691503	35
ILMN_1751232	45
ILMN_1658806	15
ILMN_1659207	14
ILMN_1712913	56
ILMN_1693218	122
ILMN_2398274	60
ILMN_2148944	151
ILMN_1727753	29
ILMN_1684724	41
ILMN_1822307	67
ILMN_2357155	16
ILMN_2067101	35
ILMN_1794632	51
ILMN_1738867	12
ILMN_1673455	31
ILMN_1759232	56
ILMN_1756579	22
ILMN_2276904	34
ILMN_1751975	27
ILMN_1718808	59
ILMN_1722798	44
ILMN_2151241	112
ILMN_1718488	250
ILMN_1719749	228
ILMN_1768820	100
ILMN_2325998	89
ILMN_1758619	33
ILMN_1733874	36
ILMN_1673820	70
ILMN_1782545	34
ILMN_2122926	23
ILMN_1672382	29
ILMN_2324561	67
ILMN_1812559	84
ILMN_2094587	261
ILMN_1715188	49
ILMN_1668839	24
ILMN_1775856	25
ILMN_1675346	45
ILMN_1733615	199
ILMN_1651259	36
ILMN_2196078	129
ILMN_1732782	66
ILMN_1731240	49
ILMN_1711062	24
ILMN_2202930	64
ILMN_1724700	23
ILMN_1764455	32
ILMN_1715110	20
ILMN_2250853	22
ILMN_1747227	42
ILMN_1702530	21
ILMN_1783815	123
ILMN_1653793	143
ILMN_1802523	40
ILMN_1740996	47
ILMN_2335583	28
ILMN_1719696	131
ILMN_1662451	62
ILMN_1809313	35
ILMN_1794666	24
ILMN_1771987	45
ILMN_2274240	25
ILMN_1718207	97
ILMN_1789123	172
ILMN_1738414	42
ILMN_2171588	15
ILMN_1679051	22
ILMN_1769473	68
ILMN_1738843	24
ILMN_2383344	51
ILMN_1795503	41
ILMN_1764239	115
ILMN_1668880	20
ILMN_1687757	68
ILMN_1758102	12
ILMN_2073157	204
ILMN_1694882	99
ILMN_1713505	178
ILMN_1660368	96
ILMN_1656684	17
ILMN_1720531	123
ILMN_1750160	59
ILMN_2129859	77
ILMN_1762033	48
ILMN_2118229	99
ILMN_1806408	96
ILMN_1736176	196
ILMN_1810176	99
ILMN_1724410	31
ILMN_1801146	25
ILMN_1743203	39
ILMN_1700887	38
ILMN_1677153	17
ILMN_2376771	16
ILMN_2277201	22
ILMN_1681132	41
ILMN_1760950	41
ILMN_2376553	25
ILMN_2363880	52
ILMN_1763666	61
ILMN_1750158	56
ILMN_1813763	42
ILMN_1809520	26
ILMN_1783636	277
ILMN_2166093	28
ILMN_1651501	20
ILMN_1785742	33
ILMN_1814206	43
ILMN_1667825	153
ILMN_1705252	18
ILMN_1806725	55
ILMN_1808115	44
ILMN_2379788	96
ILMN_1783889	54
ILMN_1763487	125
ILMN_2078389	124
ILMN_1794468	61
ILMN_1741392	60
ILMN_1667429	92
ILMN_1900110	47
ILMN_1701621	142
ILMN_2401826	30
ILMN_2401822	65
ILMN_1735062	40
ILMN_1666453	39
ILMN_1754788	26
ILMN_2180606	158
ILMN_1704091	78
ILMN_1756807	17
ILMN_1651715	12
ILMN_1696119	52
ILMN_1699525	99
ILMN_1752550	28
ILMN_1808326	106
ILMN_1665557	30
ILMN_2091412	131
ILMN_1676616	61
ILMN_1815690	69
ILMN_1668460	19
ILMN_1666471	143
ILMN_1702501	224
ILMN_1716218	24
ILMN_1712396	26
ILMN_1895120	22
ILMN_1727490	55
ILMN_1729188	74
ILMN_1654210	138
ILMN_1706963	42
ILMN_2176758	24
ILMN_2395375	79
ILMN_2395373	33
ILMN_1757052	24
ILMN_1811110	26
ILMN_2169490	37
ILMN_2198393	81
ILMN_2319424	56
ILMN_2162799	115
ILMN_1756676	49
ILMN_1745420	42
ILMN_2291644	43
ILMN_1738983	22
ILMN_1768567	40
ILMN_2339410	29
ILMN_1657796	176
ILMN_1750508	40
ILMN_1662507	34
ILMN_1764177	58
ILMN_1731914	63
ILMN_2352921	101
ILMN_2349006	156
ILMN_1780887	154
ILMN_1685774	201
ILMN_1657486	16
ILMN_1721657	345
ILMN_1779234	14
ILMN_2161577	34
ILMN_1748366	22
ILMN_1659952	86
ILMN_1739749	55
ILMN_1750521	22
ILMN_1767362	76
ILMN_1791773	26
ILMN_1766918	96
ILMN_1789176	82
ILMN_1800976	78
ILMN_1755983	47
ILMN_1728255	39
ILMN_2120982	34
ILMN_1660856	34
ILMN_1800020	26
ILMN_1793220	186
ILMN_1660315	34
ILMN_1810423	77
ILMN_1815796	40
ILMN_2082489	94
ILMN_1786195	23
ILMN_2395314	27
ILMN_1720727	35
ILMN_1812622	48
ILMN_1810474	177
ILMN_1662934	23
ILMN_1776092	54
ILMN_1681223	24
ILMN_1671221	41
ILMN_1760109	51
ILMN_1773228	25
ILMN_1668035	25
ILMN_1709611	27
ILMN_1760542	40
ILMN_2373632	49
ILMN_1761163	40
ILMN_1705985	62
ILMN_2367186	41
ILMN_2315569	55
ILMN_1652369	99
ILMN_1685551	139
ILMN_1658411	94
ILMN_1691393	33
ILMN_2054652	31
ILMN_1660199	54
ILMN_1657949	239
ILMN_1740171	65
ILMN_2046024	142
ILMN_1769416	20
ILMN_1667532	51
ILMN_1713686	298
ILMN_2227377	39
ILMN_2320906	99
ILMN_2400448	30
ILMN_2107878	24
ILMN_1786046	28
ILMN_2189815	19
ILMN_1702691	141
ILMN_1736077	56
ILMN_2367113	85
ILMN_2115350	20
ILMN_1691743	47
ILMN_1669310	122
ILMN_1724826	156
ILMN_1807529	36
ILMN_2353129	43
ILMN_1815141	42
ILMN_2364174	99
ILMN_1805773	21
ILMN_1668194	92
ILMN_1790160	125
ILMN_2396648	69
ILMN_1654060	97
ILMN_1673673	206
ILMN_1727023	103
ILMN_2276504	15
ILMN_1653861	47
ILMN_2375557	37
ILMN_1716678	89
ILMN_1774287	130
ILMN_1781816	50
ILMN_2345015	107
ILMN_2345016	121
ILMN_1810901	221
ILMN_1804137	98
ILMN_1779324	77
ILMN_1705522	73
ILMN_1762327	21
ILMN_1662154	25
ILMN_1766083	22
ILMN_1699384	48
ILMN_1700349	82
ILMN_1736238	60
ILMN_1756989	42
ILMN_1669645	52
ILMN_1773295	59
ILMN_1774432	125
ILMN_1656338	29
ILMN_1783728	204
ILMN_1698608	54
ILMN_1766110	25
ILMN_1741159	41
ILMN_2398184	31
ILMN_2228035	60
ILMN_1679577	65
ILMN_1724504	78
ILMN_1796423	51
ILMN_1699852	60
ILMN_1801105	70
ILMN_1682813	29
ILMN_2380163	86
ILMN_1701482	72
ILMN_1781721	56
ILMN_2339377	44
ILMN_1772218	67
ILMN_1702712	28
ILMN_2390017	39
ILMN_1678318	23
ILMN_1706825	121
ILMN_2224171	38
ILMN_2394106	34
ILMN_1698386	27
ILMN_2308806	26
ILMN_1721549	28
ILMN_1691483	20
ILMN_1812073	31
ILMN_1669363	24
ILMN_1792165	38
ILMN_2077550	199
ILMN_1702140	20
ILMN_1733462	23
ILMN_1731231	22
ILMN_2392747	26
ILMN_1796655	38
ILMN_2351906	25
ILMN_1728331	86
ILMN_1781388	282
ILMN_2271149	306
ILMN_1803278	30
ILMN_1709590	254
ILMN_1729409	109
ILMN_1793504	29
ILMN_1674163	61
ILMN_1651817	28
ILMN_2296697	35
ILMN_2148193	18
ILMN_1721967	16
ILMN_1784774	83
ILMN_1815445	32
ILMN_1798448	60
ILMN_1716862	30
ILMN_1733259	59
ILMN_2375739	68
ILMN_1688154	84
ILMN_1767581	16
ILMN_1811048	38
ILMN_2204983	118
ILMN_2119937	148
ILMN_2119945	156
ILMN_1774739	61
ILMN_1707370	12
ILMN_1659103	41
ILMN_1721762	61
ILMN_1797892	31
ILMN_1745034	55
ILMN_2324202	32
ILMN_1784706	35
ILMN_2400648	49
ILMN_2400644	89
ILMN_2228780	19
ILMN_1672954	54
ILMN_2293692	43
ILMN_1660864	131
ILMN_1668507	82
ILMN_2185845	42
ILMN_2352303	154
ILMN_1878023	34
ILMN_1714364	118
ILMN_1667771	30
ILMN_1756878	106
ILMN_1652161	28
ILMN_1752099	21
ILMN_2391333	40
ILMN_1652379	97
ILMN_2045324	35
ILMN_1748981	20
ILMN_1736311	42
ILMN_1718877	72
ILMN_1691466	118
ILMN_1657446	68
ILMN_1756674	58
ILMN_2083243	257
ILMN_1724367	36
ILMN_1711339	19
ILMN_1743396	27
ILMN_1756998	42
ILMN_2365686	108
ILMN_2271014	25
ILMN_2326712	133
ILMN_1712305	240
ILMN_2087692	239
ILMN_2073184	29
ILMN_1673172	76
ILMN_2063500	62
ILMN_1652037	26
ILMN_2240109	14
ILMN_1741003	107
ILMN_1765558	73
ILMN_1716875	30
ILMN_1673872	38
ILMN_1714635	37
ILMN_2067813	48
ILMN_1812250	68
ILMN_1766551	123
ILMN_1739284	27
ILMN_1796138	32
ILMN_1759892	24
ILMN_1729314	61
ILMN_1684982	174
ILMN_1801814	18
ILMN_1722855	121
ILMN_1726981	57
ILMN_1797001	58
ILMN_1733675	52
ILMN_1669273	61
ILMN_1787658	54
ILMN_2268618	26
ILMN_2361186	73
ILMN_2361185	60
ILMN_1666933	70
ILMN_1717639	61
ILMN_1658885	57
ILMN_2221673	41
ILMN_1671356	28
ILMN_2151277	81
ILMN_1687998	54
ILMN_1765109	119
ILMN_1776088	166
ILMN_2247226	20
ILMN_1652865	22
ILMN_1668012	150
ILMN_2365176	20
ILMN_1681938	30
ILMN_1699258	33
ILMN_1768161	44
ILMN_1800396	49
ILMN_1784583	19
ILMN_1681046	17
ILMN_1709571	27
ILMN_1755643	77
ILMN_2371440	50
ILMN_1761093	30
ILMN_1716563	106
ILMN_1678799	27
ILMN_1769412	185
ILMN_1700915	68
ILMN_1704753	160
ILMN_1762106	188
ILMN_1676833	33
ILMN_1769883	125
ILMN_1812641	32
ILMN_1777591	43
ILMN_1690563	21
ILMN_1703412	207
ILMN_1810595	34
ILMN_1689070	178
ILMN_1781841	36
ILMN_1696657	39
ILMN_1691364	112
ILMN_1762634	23
ILMN_1731991	62
ILMN_2322874	48
ILMN_1781025	22
ILMN_1801378	54
ILMN_1671337	96
ILMN_1701749	72
ILMN_2415447	42
ILMN_2298683	31
ILMN_1674488	13
ILMN_1664738	63
ILMN_2213297	78
ILMN_1747506	159
ILMN_1670925	210
ILMN_1736650	29
ILMN_1753165	33
ILMN_1876924	34
ILMN_1693290	64
ILMN_2090351	196
ILMN_1802023	161
ILMN_1801917	32
ILMN_1796005	38
ILMN_1770822	21
ILMN_1772019	23
ILMN_1727992	70
ILMN_1652906	78
ILMN_2412294	51
ILMN_1698395	23
ILMN_2135984	118
ILMN_1682336	138
ILMN_1682165	130
ILMN_1732705	166
ILMN_1748083	17
ILMN_1755834	284
ILMN_2160929	238
ILMN_2303669	23
ILMN_2373670	31
ILMN_1709350	82
ILMN_1786335	21
ILMN_1658071	66
ILMN_1730291	35
ILMN_1739763	20
ILMN_1801383	32
ILMN_1784094	22
ILMN_2343264	17
ILMN_1655387	22
ILMN_1764970	141
ILMN_2410742	134
ILMN_1740052	27
ILMN_2365549	156
ILMN_1724300	48
ILMN_1760320	113
ILMN_1785438	24
ILMN_2360054	41
ILMN_1665603	26
ILMN_1705849	200
ILMN_2358436	23
ILMN_1753135	17
ILMN_1688537	25
ILMN_1695969	28
ILMN_1704751	17
ILMN_1719093	32
ILMN_1711490	18
ILMN_1656822	69
ILMN_2259119	128
ILMN_1791678	62
ILMN_1686136	28
ILMN_1709796	30
ILMN_1681304	102
ILMN_1789171	128
ILMN_1767365	95
ILMN_1698533	23
ILMN_1778053	35
ILMN_1809483	48
ILMN_1698885	261
ILMN_1778924	155
ILMN_1775163	111
ILMN_2376847	178
ILMN_1761464	85
ILMN_1736567	81
ILMN_2120762	21
ILMN_2377109	54
ILMN_2277426	84
ILMN_1706217	87
ILMN_1807554	27
ILMN_1735386	40
ILMN_1669846	40
ILMN_2105797	21
ILMN_1800512	60
ILMN_1724677	17
ILMN_1666761	60
ILMN_1662944	21
ILMN_2126832	119
ILMN_1660971	39
ILMN_1762167	240
ILMN_1673461	25
ILMN_1724341	79
ILMN_1669607	131
ILMN_2331205	87
ILMN_1659054	57
ILMN_1781761	102
ILMN_2258897	28
ILMN_1746027	44
ILMN_1750859	29
ILMN_1681721	76
ILMN_1722923	34
ILMN_2092850	110
ILMN_2405521	199
ILMN_2293322	16
ILMN_1651604	90
ILMN_1730332	29
ILMN_1661572	22
ILMN_1904301	68
ILMN_1713162	136
ILMN_2201580	58
ILMN_2269977	50
ILMN_1779855	98
ILMN_1690625	28
ILMN_2256081	22
ILMN_1736901	55
ILMN_1661839	22
ILMN_1788391	52
ILMN_1672484	15
ILMN_1705813	86
ILMN_1689438	38
ILMN_1815718	197
ILMN_1760855	39
ILMN_1697348	138
ILMN_1663502	67
ILMN_2088560	23
ILMN_2054213	193
ILMN_1715931	47
ILMN_1788281	31
ILMN_1768783	17
ILMN_1680727	190
ILMN_1737912	30
ILMN_1656145	112
ILMN_1682259	49
ILMN_1720136	31
ILMN_1711611	76
ILMN_1662198	295
ILMN_1664646	45
ILMN_1761010	148
ILMN_1707760	35
ILMN_2153547	38
ILMN_1802252	158
ILMN_2038778	207
ILMN_1343295	182
ILMN_2266573	27
ILMN_1744360	64
ILMN_2347314	53
ILMN_1776314	37
ILMN_2307903	157
ILMN_1766955	204
ILMN_1759787	36
ILMN_2210129	278
ILMN_1731294	19
ILMN_1758735	33
ILMN_1716105	30
ILMN_1802761	43
ILMN_1672742	33
ILMN_1708790	17
ILMN_2283473	14
ILMN_2387712	151
ILMN_1813120	46
ILMN_1792138	159
ILMN_1780625	33
ILMN_1743199	165
ILMN_2195319	37
ILMN_1785405	24
ILMN_1761994	22
ILMN_1689086	30
ILMN_1696027	101
ILMN_2195060	18
ILMN_1706920	16
ILMN_1657505	22
ILMN_2334112	26
ILMN_1763793	28
ILMN_1681678	75
ILMN_1728163	135
ILMN_1787843	73
ILMN_1710221	36
ILMN_1670844	47
ILMN_1716988	108
ILMN_1685703	87
ILMN_1722771	30
ILMN_1794781	26
ILMN_1814688	37
ILMN_1782057	64
ILMN_1696924	30
ILMN_1803977	50
ILMN_2082035	23
ILMN_1693060	22
ILMN_2145501	34
ILMN_1667432	107
ILMN_2180064	41
ILMN_1699082	77
ILMN_2322935	112
ILMN_1727087	101
ILMN_2069745	13
ILMN_1741600	29
ILMN_1776428	39
ILMN_1731616	81
ILMN_1797929	39
ILMN_1772929	90
ILMN_1777499	27
ILMN_1791190	52
ILMN_1676384	79
ILMN_1657144	50
ILMN_1690833	12
ILMN_1688853	52
ILMN_1770031	23
ILMN_1779406	21
ILMN_1662362	28
ILMN_1725139	77
ILMN_1722609	21
ILMN_1751897	30
ILMN_1756723	112
ILMN_2252309	76
ILMN_1811328	59
ILMN_1769135	65
ILMN_1848464	18
ILMN_1662166	153
ILMN_1652727	21
ILMN_2347044	172
ILMN_2316974	61
ILMN_1658526	47
ILMN_1758852	36
ILMN_2074773	25
ILMN_2316778	105
ILMN_2244547	29
ILMN_1676393	83
ILMN_1673753	65
ILMN_1812452	25
ILMN_1780060	34
ILMN_1713756	199
ILMN_1654411	38
ILMN_2054233	53
ILMN_2382657	79
ILMN_1653319	54
ILMN_1658040	63
ILMN_2112755	57
ILMN_2292863	23
ILMN_1737041	35
ILMN_1703263	83
ILMN_2246882	93
ILMN_1725234	97
ILMN_1699139	41
ILMN_1734830	75
ILMN_1694801	27
ILMN_1700204	47
ILMN_1652407	101
ILMN_1751625	25
ILMN_1655611	330
ILMN_1738936	38
ILMN_2415786	89
ILMN_1741736	33
ILMN_1815024	49
ILMN_1761112	42
ILMN_1690017	42
ILMN_1672661	122
ILMN_1731418	85
ILMN_2415144	60
ILMN_1668983	30
ILMN_1824337	24
ILMN_1814859	37
ILMN_1659682	89
ILMN_1794386	68
ILMN_2375002	288
ILMN_2375003	254
ILMN_1813741	33
ILMN_1786609	24
ILMN_1798204	145
ILMN_1702487	139
ILMN_1682606	33
ILMN_1668072	18
ILMN_1737950	28
ILMN_2338963	58
ILMN_1723971	59
ILMN_1677080	169
ILMN_1651385	77
ILMN_1775962	34
ILMN_2046611	44
ILMN_1656638	30
ILMN_1757896	26
ILMN_2128358	55
ILMN_1667657	48
ILMN_1710762	21
ILMN_1785731	106
ILMN_1703305	49
ILMN_1661802	92
ILMN_1712283	44
ILMN_1736831	33
ILMN_1778010	120
ILMN_1800989	75
ILMN_1779663	44
ILMN_1654389	42
ILMN_1861270	45
ILMN_1682225	77
ILMN_1693244	30
ILMN_1652434	84
ILMN_2231911	144
ILMN_1679178	104
ILMN_1653599	128
ILMN_1787652	31
ILMN_2390853	53
ILMN_1901382	35
ILMN_2117736	30
ILMN_1704904	21
ILMN_1656016	188
ILMN_1676285	55
ILMN_1652155	77
ILMN_1708398	26
ILMN_1653711	43
ILMN_1661864	18
ILMN_1727692	103
ILMN_1719756	44
ILMN_1804104	17
ILMN_2216008	31
ILMN_1764629	42
ILMN_1805792	46
ILMN_1678464	23
ILMN_1754211	85
ILMN_1726873	26
ILMN_1756873	25
ILMN_2285141	82
ILMN_1777726	46
ILMN_1667362	29
ILMN_2357193	75
ILMN_1759389	57
ILMN_2185665	44
ILMN_1657656	47
ILMN_1732538	91
ILMN_1803818	33
ILMN_2381655	16
ILMN_1690696	30
ILMN_1732006	36
ILMN_1716445	215
ILMN_1778684	71
ILMN_1807710	84
ILMN_2356068	38
ILMN_2350801	42
ILMN_1697544	47
ILMN_1716237	31
ILMN_2340217	58
ILMN_1684614	27
ILMN_1822333	27
ILMN_1679495	46
ILMN_2058782	102
ILMN_1809292	54
ILMN_2094952	47
ILMN_1789793	25
ILMN_2412139	44
ILMN_1678968	138
ILMN_1784871	83
ILMN_1815190	81
ILMN_2119584	43
ILMN_1740742	100
ILMN_1716754	28
ILMN_1741592	27
ILMN_1728810	110
ILMN_1699265	47
ILMN_2390504	25
ILMN_2406634	18
ILMN_2264482	39
ILMN_1751425	28
ILMN_1678293	61
ILMN_1765187	27
ILMN_2348448	15
ILMN_2261379	49
ILMN_1759549	45
ILMN_1688490	111
ILMN_1723436	35
ILMN_2385298	52
ILMN_1679647	26
ILMN_1729482	18
ILMN_1696054	70
ILMN_1718734	33
ILMN_1780598	49
ILMN_1742587	46
ILMN_1727850	19
ILMN_1792382	33
ILMN_2284013	27
ILMN_2388716	19
ILMN_1684850	30
ILMN_2313901	225
ILMN_1669753	51
ILMN_1728106	61
ILMN_1685259	50
ILMN_1786310	42
ILMN_1682849	39
ILMN_2376484	22
ILMN_1697559	60
ILMN_2347949	71
ILMN_2261122	29
ILMN_1708769	35
ILMN_1754708	40
ILMN_1674302	188
ILMN_1712776	30
ILMN_1777411	106
ILMN_1763187	16
ILMN_1711383	81
ILMN_1671766	171
ILMN_1785336	113
ILMN_2151676	34
ILMN_1690289	25
ILMN_1796316	171
ILMN_1768595	98
ILMN_1731736	90
ILMN_1700328	14
ILMN_2412822	171
ILMN_1768828	26
ILMN_1813275	117
ILMN_1694772	48
ILMN_1739214	30
ILMN_1796013	141
ILMN_2395092	31
ILMN_1759250	205
ILMN_1801121	47
ILMN_1789361	41
ILMN_1670708	160
ILMN_1663351	77
ILMN_2120247	84
ILMN_2175712	40
ILMN_1710746	9
ILMN_1775298	31
ILMN_1671509	34
ILMN_1735445	19
ILMN_1682928	81
ILMN_1783497	20
ILMN_2337551	30
ILMN_2110751	144
ILMN_1699646	33
ILMN_1664921	26
ILMN_2385373	34
ILMN_1758398	118
ILMN_1743638	24
ILMN_2328813	40
ILMN_1670638	94
ILMN_1719449	74
ILMN_2407434	118
ILMN_1653429	119
ILMN_1698996	101
ILMN_1743219	123
ILMN_1724907	47
ILMN_1805543	213
ILMN_1706558	55
ILMN_1662799	65
ILMN_1665559	217
ILMN_1653443	138
ILMN_2157510	97
ILMN_1658422	35
ILMN_1719232	32
ILMN_1729075	84
ILMN_1708381	19
ILMN_2122420	236
ILMN_2352953	26
ILMN_2321720	25
ILMN_2325534	22
ILMN_1701413	282
ILMN_2297961	33
ILMN_1699856	39
ILMN_1720540	32
ILMN_2287061	110
ILMN_1669802	38
ILMN_1748765	16
ILMN_1661003	17
ILMN_1785284	152
ILMN_1770938	59
ILMN_2388975	47
ILMN_1682404	79
ILMN_2070013	107
ILMN_1707585	27
ILMN_1791754	33
ILMN_1674068	39
ILMN_1782567	76
ILMN_1771964	38
ILMN_1732452	128
ILMN_1782084	50
ILMN_2131293	83
ILMN_1669365	16
ILMN_1691001	21
ILMN_1696532	107
ILMN_1654287	165
ILMN_1693604	31
ILMN_1795257	98
ILMN_1696132	25
ILMN_1653730	43
ILMN_2356578	16
ILMN_1698419	134
ILMN_1690796	56
ILMN_2083946	62
ILMN_2100357	82
ILMN_1796349	35
ILMN_1806791	16
ILMN_1675186	197
ILMN_2048636	130
ILMN_1738277	51
ILMN_1792168	150
ILMN_1777523	37
ILMN_1729020	20
ILMN_1713290	116
ILMN_2386891	215
ILMN_1677200	66
ILMN_1651799	116
ILMN_2408987	34
ILMN_1707727	78
ILMN_1674376	50
ILMN_1735779	169
ILMN_1808435	45
ILMN_1711994	50
ILMN_1714859	36
ILMN_1803819	61
ILMN_1702171	56
ILMN_1873852	37
ILMN_1809167	28
ILMN_1679083	100
ILMN_1676437	35
ILMN_1694472	22
ILMN_1748730	39
ILMN_1676383	47
ILMN_1788818	19
ILMN_1734694	44
ILMN_1739178	53
ILMN_1744251	45
ILMN_1794840	94
ILMN_1800634	115
ILMN_1747442	34
ILMN_1722127	166
ILMN_1669745	16
ILMN_1760990	27
ILMN_1651811	18
ILMN_1665998	38
ILMN_1677574	82
ILMN_2277077	36
ILMN_1659772	40
ILMN_1714945	29
ILMN_2102069	30
ILMN_1804673	78
ILMN_1656129	45
ILMN_1887403	31
ILMN_1714990	41
ILMN_2252300	31
ILMN_1730796	51
ILMN_1743680	21
ILMN_1786834	218
ILMN_1789999	68
ILMN_1728984	93
ILMN_1798354	66
ILMN_1671494	179
ILMN_1660964	23
ILMN_1809844	109
ILMN_2089902	53
ILMN_1685830	23
ILMN_2243687	42
ILMN_1673282	62
ILMN_2175601	80
ILMN_2321301	77
ILMN_2070792	32
ILMN_1801698	43
ILMN_1766966	70
ILMN_1791523	26
ILMN_2068093	22
ILMN_2119692	90
ILMN_1779515	54
ILMN_1683666	44
ILMN_1754507	74
ILMN_2410145	67
ILMN_1676192	14
ILMN_2383934	108
ILMN_1778078	72
ILMN_1734736	30
ILMN_1687921	170
ILMN_1685699	64
ILMN_2383455	147
ILMN_1681916	40
ILMN_1803676	36
ILMN_1694596	93
ILMN_1758461	63
ILMN_1778964	121
ILMN_2363392	121
ILMN_1655240	13
ILMN_1791653	27
ILMN_2188091	34
ILMN_1801240	30
ILMN_1805807	28
ILMN_2252554	42
ILMN_1742461	180
ILMN_1670658	31
ILMN_1735461	112
ILMN_1758811	84
ILMN_1711603	46
ILMN_1683595	84
ILMN_2103774	54
ILMN_2302692	22
ILMN_1805742	37
ILMN_1689353	26
ILMN_1748616	50
ILMN_1693555	37
ILMN_1808147	37
ILMN_1762606	103
ILMN_1705241	89
ILMN_1791400	22
ILMN_1815759	29
ILMN_2407589	33
ILMN_2294411	41
ILMN_2256907	14
ILMN_2340131	41
ILMN_1699634	29
ILMN_1716446	57
ILMN_1765772	35
ILMN_1861052	31
ILMN_2279796	40
ILMN_1740409	45
ILMN_1727138	36
ILMN_2048591	237
ILMN_2096322	173
ILMN_1688322	187
ILMN_1803870	20
ILMN_1729281	140
ILMN_1656321	27
ILMN_1751036	18
ILMN_1771203	22
ILMN_1731248	25
ILMN_2297997	33
ILMN_1755710	84
ILMN_1692983	49
ILMN_1659725	151
ILMN_1787185	23
ILMN_1810716	86
ILMN_1651567	19
ILMN_1787556	59
ILMN_1810418	37
ILMN_2386179	149
ILMN_1660462	67
ILMN_1758356	37
ILMN_1778561	41
ILMN_2315789	164
ILMN_1669468	41
ILMN_1651792	36
ILMN_2317348	141
ILMN_1769637	88
ILMN_1660599	30
ILMN_1739428	75
ILMN_1750395	63
ILMN_1700831	79
ILMN_1740917	36
ILMN_1667043	74
ILMN_1732079	24
ILMN_1671482	68
ILMN_1747241	30
ILMN_1659688	58
ILMN_2411317	53
ILMN_2296510	25
ILMN_1711352	18
ILMN_2391750	65
ILMN_1682981	23
ILMN_2079285	106
ILMN_1812638	57
ILMN_2061565	49
ILMN_1747883	27
ILMN_1678700	52
ILMN_1781526	28
ILMN_1669966	106
ILMN_1804152	27
ILMN_1727462	54
ILMN_1798546	33
ILMN_1760201	243
ILMN_1670972	32
ILMN_1733249	64
ILMN_1813690	25
ILMN_2349633	46
ILMN_2367239	269
ILMN_1709817	87
ILMN_1795639	106
ILMN_1724422	76
ILMN_1729319	121
ILMN_1701681	94
ILMN_1697967	14
ILMN_1756162	63
ILMN_1733426	28
ILMN_1689329	45
ILMN_1770772	20
ILMN_1693452	70
ILMN_1717327	32
ILMN_1706207	27
ILMN_1757084	46
ILMN_1653504	185
ILMN_1746588	87
ILMN_1735996	134
ILMN_1711247	51
ILMN_1799642	81
ILMN_1715896	171
ILMN_1757060	25
ILMN_1794842	18
ILMN_2054053	85
ILMN_1705049	75
ILMN_1780937	30
ILMN_1701731	147
ILMN_1811370	146
ILMN_2200153	38
ILMN_1716359	121
ILMN_1757569	30
ILMN_1807036	54
ILMN_1784818	38
ILMN_2078430	45
ILMN_1688335	30
ILMN_1732149	23
ILMN_2096970	96
ILMN_1660536	17
ILMN_1813735	34
ILMN_1718132	46
ILMN_1755792	64
ILMN_1671142	76
ILMN_1808810	20
ILMN_1709975	22
ILMN_1716004	52
ILMN_1702255	45
ILMN_1711427	43
ILMN_2357134	281
ILMN_1747052	73
ILMN_1791332	78
ILMN_1781373	122
ILMN_2326197	28
ILMN_2048478	39
ILMN_2048477	37
ILMN_1693269	27
ILMN_1759030	127
ILMN_1672553	23
ILMN_1655382	48
ILMN_2262362	41
ILMN_2407799	29
ILMN_1710652	15
ILMN_2160140	24
ILMN_1744817	23
ILMN_1711909	28
ILMN_1706615	42
ILMN_1789575	52
ILMN_2334531	18
ILMN_1654534	36
ILMN_2328835	262
ILMN_1773576	61
ILMN_1672042	95
ILMN_1751474	36
ILMN_1788774	33
ILMN_1677061	22
ILMN_1712430	60
ILMN_1808395	87
ILMN_1809010	47
ILMN_1773079	181
ILMN_1685045	37
ILMN_1690389	41
ILMN_1811235	28
ILMN_1722330	69
ILMN_2204280	18
ILMN_1773417	51
ILMN_1735584	37
ILMN_1735553	26
ILMN_2043809	38
ILMN_1760431	28
ILMN_1678650	26
ILMN_1697736	70
ILMN_1664348	164
ILMN_1693789	133
ILMN_1749575	21
ILMN_1665180	31
ILMN_1778587	34
ILMN_1683589	27
ILMN_1687375	98
ILMN_1667225	32
ILMN_2384158	33
ILMN_2281486	26
ILMN_1753143	45
ILMN_1769997	21
ILMN_1748779	18
ILMN_2348093	78
ILMN_1711492	155
ILMN_1693853	233
ILMN_2390299	99
ILMN_2284794	84
ILMN_1726048	34
ILMN_1672547	194
ILMN_1690780	26
ILMN_2258268	100
ILMN_1748736	42
ILMN_1797425	74
ILMN_1688480	95
ILMN_1801866	52
ILMN_2167758	161
ILMN_1723847	157
ILMN_2142117	137
ILMN_2133675	57
ILMN_1725271	30
ILMN_1662735	34
ILMN_1747132	25
ILMN_1723227	26
ILMN_1713688	34
ILMN_2312719	139
ILMN_1721713	94
ILMN_1656979	26
ILMN_2415189	32
ILMN_1759488	41
ILMN_1746712	27
ILMN_1703408	54
ILMN_1682828	19
ILMN_1672872	29
ILMN_1683927	73
ILMN_1702911	50
ILMN_2406169	28
ILMN_2114422	83
ILMN_2165867	211
ILMN_1692962	83
ILMN_1732318	24
ILMN_2215194	32
ILMN_1730575	101
ILMN_2300664	37
ILMN_1706957	32
ILMN_2279961	101
ILMN_1659753	49
ILMN_1752351	88
ILMN_1691112	65
ILMN_1712721	43
ILMN_1729835	36
ILMN_1668834	42
ILMN_1763878	29
ILMN_1771710	27
ILMN_1776582	128
ILMN_1703016	70
ILMN_1782032	60
ILMN_1737344	69
ILMN_1764794	215
ILMN_1710297	37
ILMN_1699022	42
ILMN_1737813	101
ILMN_1775997	40
ILMN_1796939	25
ILMN_1677456	54
ILMN_1733288	38
ILMN_1793517	50
ILMN_1732873	45
ILMN_1778625	33
ILMN_1743992	61
ILMN_1669034	34
ILMN_1740609	267
ILMN_1763104	58
ILMN_1745976	77
ILMN_1738757	38
ILMN_1651330	20
ILMN_1719616	38
ILMN_1741096	88
ILMN_1791569	178
ILMN_2060770	128
ILMN_1739810	70
ILMN_1672176	53
ILMN_1725519	17
ILMN_1705477	30
ILMN_2381697	51
ILMN_2280135	34
ILMN_1898404	85
ILMN_1666775	137
ILMN_1861819	26
ILMN_1716264	20
ILMN_1678478	27
ILMN_1707051	111
ILMN_1680279	139
ILMN_1793615	159
ILMN_1762445	83
ILMN_1774207	48
ILMN_1660663	71
ILMN_2374293	52
ILMN_1665583	134
ILMN_2101885	258
ILMN_1740234	232
ILMN_1742450	98
ILMN_1652445	39
ILMN_1760037	26
ILMN_1752476	30
ILMN_1701243	61
ILMN_2102787	27
ILMN_1738921	73
ILMN_1758324	23
ILMN_1773174	35
ILMN_1802246	35
ILMN_1743055	329
ILMN_1668900	16
ILMN_1683774	101
ILMN_2108699	37
ILMN_2397347	33
ILMN_1690907	62
ILMN_1667744	32
ILMN_1807825	80
ILMN_2085362	26
ILMN_1744914	76
ILMN_1755911	31
ILMN_1744937	211
ILMN_1747962	32
ILMN_1690965	36
ILMN_1718977	105
ILMN_1709348	182
ILMN_1773153	71
ILMN_1673518	43
ILMN_1805111	73
ILMN_1694466	66
ILMN_1722426	12
ILMN_1681603	33
ILMN_1656501	25
ILMN_1743017	31
ILMN_2295330	21
ILMN_1800445	117
ILMN_1726247	34
ILMN_2382906	116
ILMN_1740160	106
ILMN_2366790	51
ILMN_2366785	38
ILMN_1749848	20
ILMN_2186482	168
ILMN_1679973	25
ILMN_1732066	83
ILMN_1733270	76
ILMN_1675671	105
ILMN_1660686	57
ILMN_2157806	27
ILMN_1666403	33
ILMN_2090782	98
ILMN_1655771	14
ILMN_1694274	41
ILMN_1668850	23
ILMN_2317457	26
ILMN_1667388	62
ILMN_2044061	20
ILMN_1701454	40
ILMN_2331010	27
ILMN_1721116	103
ILMN_1802654	271
ILMN_2169025	30
ILMN_1698137	32
ILMN_2393544	70
ILMN_1675038	72
ILMN_2175094	91
ILMN_1809750	58
ILMN_1745580	25
ILMN_1698367	84
ILMN_2049293	71
ILMN_1803748	42
ILMN_1811234	25
ILMN_1672807	80
ILMN_1786899	20
ILMN_1798543	149
ILMN_2166534	20
ILMN_2164152	21
ILMN_1734550	29
ILMN_1757036	27
ILMN_1711826	68
ILMN_1802347	20
ILMN_1661251	31
ILMN_1811380	33
ILMN_1688381	96
ILMN_1789130	71
ILMN_1686735	53
ILMN_2363634	40
ILMN_1808938	61
ILMN_1746565	98
ILMN_2138856	29
ILMN_1810992	280
ILMN_1755138	37
ILMN_1750549	35
ILMN_2391169	23
ILMN_1794225	25
ILMN_1695058	55
ILMN_1691692	28
ILMN_1721093	76
ILMN_1798534	27
ILMN_1653098	59
ILMN_2188966	126
ILMN_1762531	75
ILMN_1724145	145
ILMN_1698753	22
ILMN_1739794	67
ILMN_1807925	238
ILMN_1712360	36
ILMN_2285713	106
ILMN_2391789	43
ILMN_1717690	78
ILMN_2335669	163
ILMN_1808391	142
ILMN_1754438	28
ILMN_1770936	115
ILMN_1739667	27
ILMN_1721978	95
ILMN_2156936	236
ILMN_1726549	15
ILMN_1686929	53
ILMN_1811718	27
ILMN_1785095	110
ILMN_2401714	26
ILMN_1754247	22
ILMN_1713321	32
ILMN_1718177	75
ILMN_2404795	70
ILMN_1680091	166
ILMN_1897932	29
ILMN_1804476	56
ILMN_1693878	25
ILMN_1754121	124
ILMN_1790410	95
ILMN_1744775	33
ILMN_1757521	32
ILMN_1707695	58
ILMN_1781516	35
ILMN_1809813	57
ILMN_1732901	20
ILMN_1662438	143
ILMN_2190292	31
ILMN_1758816	72
ILMN_1696444	56
ILMN_1786021	33
ILMN_1806931	31
ILMN_1737857	79
ILMN_1761181	28
ILMN_1755843	35
ILMN_1656849	31
ILMN_2365223	237
ILMN_1727076	38
ILMN_2103768	28
ILMN_1786895	28
ILMN_1714478	31
ILMN_1778401	136
ILMN_1659150	41
ILMN_2182101	27
ILMN_1657746	62
ILMN_1658575	72
ILMN_1795181	75
ILMN_1758963	71
ILMN_2311674	65
ILMN_1685156	56
ILMN_1740655	42
ILMN_2312709	111
ILMN_1688452	124
ILMN_1703092	148
ILMN_1703500	47
ILMN_2394102	25
ILMN_1745954	193
ILMN_2379762	37
ILMN_1790508	90
ILMN_1659063	19
ILMN_1706649	27
ILMN_2206420	12
ILMN_1791795	61
ILMN_1669626	21
ILMN_1811588	47
ILMN_1750861	24
ILMN_1778831	31
ILMN_1694730	27
ILMN_1702335	18
ILMN_1697409	73
ILMN_2278265	84
ILMN_1805466	34
ILMN_1677357	33
ILMN_1709114	66
ILMN_2094351	24
ILMN_1761598	27
ILMN_1731928	91
ILMN_1756275	16
ILMN_1810228	142
ILMN_1686531	46
ILMN_1669393	60
ILMN_1722831	21
ILMN_1739987	59
ILMN_1790154	38
ILMN_1797988	86
ILMN_1732831	148
ILMN_1754864	30
ILMN_1656159	31
ILMN_1746196	31
ILMN_1741556	23
ILMN_1668063	109
ILMN_1655924	49
ILMN_1764098	55
ILMN_1722276	72
ILMN_2341254	93
ILMN_2257607	32
ILMN_1789618	87
ILMN_1652992	28
ILMN_1666409	69
ILMN_1671871	16
ILMN_1803261	25
ILMN_1689129	20
ILMN_2298160	24
ILMN_1785146	23
ILMN_1718060	24
ILMN_1701855	41
ILMN_1654773	63
ILMN_2251047	30
ILMN_1773620	99
ILMN_1745593	89
ILMN_1662824	57
ILMN_1793549	49
ILMN_1717165	221
ILMN_1733564	18
ILMN_1765419	23
ILMN_1666553	178
ILMN_1762835	67
ILMN_1769601	208
ILMN_1711102	80
ILMN_1776522	145
ILMN_1691811	81
ILMN_2214910	100
ILMN_1722479	35
ILMN_1749324	34
ILMN_2217513	30
ILMN_1654915	36
ILMN_1815063	23
ILMN_1770697	23
ILMN_1701753	150
ILMN_1741105	47
ILMN_1732158	232
ILMN_1734138	32
ILMN_1699476	145
ILMN_1655932	21
ILMN_1770850	64
ILMN_1747586	30
ILMN_1665521	17
ILMN_1687626	43
ILMN_1697349	25
ILMN_1669456	269
ILMN_1815203	83
ILMN_1807491	76
ILMN_1770053	94
ILMN_1677483	120
ILMN_1744834	21
ILMN_2340599	45
ILMN_1697654	23
ILMN_1778294	138
ILMN_1700213	42
ILMN_1677240	34
ILMN_1732489	65
ILMN_2178509	49
ILMN_1708081	75
ILMN_1759341	109
ILMN_1706722	19
ILMN_1787750	106
ILMN_1803774	41
ILMN_1693679	23
ILMN_1717180	121
ILMN_1720297	28
ILMN_1652647	48
ILMN_1693709	26
ILMN_2390859	122
ILMN_1678962	61
ILMN_1731223	21
ILMN_1696991	78
ILMN_2224103	187
ILMN_1716061	21
ILMN_1688753	210
ILMN_2358714	57
ILMN_1749521	42
ILMN_2358760	195
ILMN_1687235	220
ILMN_2183409	61
ILMN_1676973	26
ILMN_1741054	238
ILMN_1670147	30
ILMN_1771364	45
ILMN_1795778	41
ILMN_1707571	51
ILMN_2215965	42
ILMN_1674293	35
ILMN_1653372	25
ILMN_1711832	38
ILMN_2265222	28
ILMN_2354855	35
ILMN_1653940	22
ILMN_1705627	29
ILMN_2289433	71
ILMN_2398235	102
ILMN_1797310	125
ILMN_1788118	29
ILMN_1794011	124
ILMN_2225595	38
ILMN_2320280	42
ILMN_1790455	217
ILMN_1675866	38
ILMN_2395711	50
ILMN_1663569	43
ILMN_2402947	39
ILMN_1806804	39
ILMN_1651949	106
ILMN_1743427	217
ILMN_1671451	21
ILMN_1705745	20
ILMN_1814304	28
ILMN_1819750	35
ILMN_1655052	33
ILMN_1718046	65
ILMN_1740216	92
ILMN_2340565	76
ILMN_2157277	81
ILMN_1674811	95
ILMN_1685641	25
ILMN_1762666	121
ILMN_2185884	54
ILMN_1808512	32
ILMN_1658265	38
ILMN_1653283	161
ILMN_1812380	38
ILMN_1759933	24
ILMN_1793962	40
ILMN_1753680	21
ILMN_1773940	81
ILMN_1677814	27
ILMN_1671386	36
ILMN_1777332	39
ILMN_1726189	90
ILMN_2297076	33
ILMN_1695533	36
ILMN_1656670	112
ILMN_1699514	36
ILMN_1780057	67
ILMN_1652488	21
ILMN_2153485	101
ILMN_1665123	53
ILMN_1659976	34
ILMN_1775004	22
ILMN_1805415	27
ILMN_2199389	142
ILMN_1735591	17
ILMN_1755114	85
ILMN_1697176	27
ILMN_1698148	29
ILMN_1699496	83
ILMN_1741148	169
ILMN_2251253	58
ILMN_1787412	34
ILMN_1749662	71
ILMN_2397954	92
ILMN_1763002	17
ILMN_1801864	83
ILMN_1769011	33
ILMN_1741648	60
ILMN_1795448	27
ILMN_2364022	157
ILMN_1660858	29
ILMN_1701173	109
ILMN_1809047	108
ILMN_1750102	41
ILMN_1681899	118
ILMN_1718449	55
ILMN_1813296	30
ILMN_1756992	159
ILMN_1676689	25
ILMN_1750664	46
ILMN_1735719	33
ILMN_1701248	57
ILMN_2078599	62
ILMN_1763260	54
ILMN_1681283	98
ILMN_1719206	41
ILMN_2398378	43
ILMN_2248725	80
ILMN_2325185	97
ILMN_1667692	130
ILMN_1771629	84
ILMN_2364072	62
ILMN_2377093	22
ILMN_2277419	74
ILMN_1661631	47
ILMN_1786303	23
ILMN_1782922	36
ILMN_2340259	63
ILMN_1703787	29
ILMN_2347693	32
ILMN_1658373	99
ILMN_1668588	24
ILMN_1661178	23
ILMN_1691048	56
ILMN_2256868	69
ILMN_2340052	168
ILMN_2113535	81
ILMN_1679725	33
ILMN_2312732	41
ILMN_1745798	61
ILMN_2241750	47
ILMN_1715680	39
ILMN_1730176	26
ILMN_1714449	27
ILMN_1695423	68
ILMN_1767666	39
ILMN_1813277	47
ILMN_2274199	18
ILMN_1779800	49
ILMN_1734234	35
ILMN_1683986	31
ILMN_2376194	52
ILMN_1653896	193
ILMN_2370464	183
ILMN_1798681	41
ILMN_2231906	34
ILMN_1697629	109
ILMN_2344662	25
ILMN_1758129	25
ILMN_1796335	38
ILMN_1791534	79
ILMN_2098126	79
ILMN_1773352	128
ILMN_2264634	22
ILMN_1678899	24
ILMN_1681886	150
ILMN_1804870	20
ILMN_1703205	119
ILMN_1767831	27
ILMN_1811489	29
ILMN_2382127	80
ILMN_1727050	134
ILMN_2382126	58
ILMN_1707551	40
ILMN_1773326	31
ILMN_1760441	143
ILMN_2129877	37
ILMN_1718932	50
ILMN_1702684	35
ILMN_1742046	28
ILMN_1811148	77
ILMN_2299045	50
ILMN_1720311	35
ILMN_1765621	150
ILMN_1651657	30
ILMN_1734288	41
ILMN_1806015	28
ILMN_1741346	53
ILMN_1711965	20
ILMN_2200503	216
ILMN_1739659	33
ILMN_2046003	68
ILMN_1677041	32
ILMN_1682857	83
ILMN_1684647	84
ILMN_1737683	28
ILMN_1661373	57
ILMN_1809148	25
ILMN_1697503	114
ILMN_2090123	209
ILMN_1707308	46
ILMN_2119123	107
ILMN_1684227	116
ILMN_1733037	31
ILMN_2401883	29
ILMN_2401884	30
ILMN_2325837	104
ILMN_1729816	68
ILMN_1796082	20
ILMN_1652022	26
ILMN_1701875	299
ILMN_2371169	315
ILMN_1801584	61
ILMN_1739690	27
ILMN_1751493	20
ILMN_1697790	40
ILMN_1679520	78
ILMN_2373377	58
ILMN_1666597	122
ILMN_1703969	92
ILMN_1667994	239
ILMN_1794324	14
ILMN_1701237	34
ILMN_1760287	36
ILMN_1705183	23
ILMN_1800387	20
ILMN_1694817	36
ILMN_1759585	19
ILMN_2400030	95
ILMN_1709179	44
ILMN_1656577	19
ILMN_1687219	11
ILMN_1660342	31
ILMN_1760757	15
ILMN_1735679	186
ILMN_1708789	26
ILMN_2056032	151
ILMN_1790228	42
ILMN_2103977	44
ILMN_1692261	123
ILMN_1714782	48
ILMN_1739815	27
ILMN_2349982	159
ILMN_2060105	29
ILMN_1765061	33
ILMN_1720703	18
ILMN_2380688	36
ILMN_1661500	21
ILMN_1814074	51
ILMN_1729180	77
ILMN_2342455	122
ILMN_1699854	20
ILMN_1786823	176
ILMN_2392356	75
ILMN_2392352	47
ILMN_2286024	43
ILMN_1653042	71
ILMN_1695983	89
ILMN_1666236	37
ILMN_1675290	51
ILMN_1651664	28
ILMN_1766418	41
ILMN_1734640	29
ILMN_2127379	36
ILMN_1779061	41
ILMN_1715241	42
ILMN_1723481	430
ILMN_1658995	304
ILMN_1738251	22
ILMN_1741059	24
ILMN_2371251	39
ILMN_1787849	24
ILMN_1687495	120
ILMN_1769508	72
ILMN_1659142	36
ILMN_1727495	122
ILMN_1741994	31
ILMN_1751551	31
ILMN_1742789	86
ILMN_1683239	56
ILMN_1742962	24
ILMN_1748915	19
ILMN_1689160	82
ILMN_1695606	61
ILMN_1694344	33
ILMN_1764613	18
ILMN_1659240	32
ILMN_2297864	30
ILMN_1802315	30
ILMN_2408771	36
ILMN_1672461	67
ILMN_1694603	87
ILMN_1724881	60
ILMN_1699695	188
ILMN_1668247	167
ILMN_1739576	73
ILMN_1734316	91
ILMN_1695530	27
ILMN_1733419	24
ILMN_2374425	332
ILMN_1664577	46
ILMN_1675222	65
ILMN_1827736	32
ILMN_1695924	65
ILMN_1775529	21
ILMN_1740505	26
ILMN_1655250	26
ILMN_1689400	164
ILMN_2042595	303
ILMN_1707062	59
ILMN_2270015	41
ILMN_2276996	23
ILMN_2376431	51
ILMN_1774761	77
ILMN_1813846	98
ILMN_1796772	148
ILMN_1791759	136
ILMN_1786810	26
ILMN_1678882	19
ILMN_1696590	55
ILMN_1813491	36
ILMN_2274420	66
ILMN_1719089	35
ILMN_1686235	78
ILMN_1803655	19
ILMN_2126399	22
ILMN_1765304	32
ILMN_2106893	26
ILMN_1671864	33
ILMN_2218935	53
ILMN_1694810	68
ILMN_1803712	26
ILMN_2374778	75
ILMN_2219038	17
ILMN_1749114	19
ILMN_1730620	56
ILMN_2294878	59
ILMN_2408400	140
ILMN_1799246	38
ILMN_2203271	115
ILMN_1730477	46
ILMN_2371590	195
ILMN_1812080	37
ILMN_1803398	144
ILMN_1763842	60
ILMN_2118864	44
ILMN_1724811	120
ILMN_2200714	20
ILMN_2414302	28
ILMN_1742764	32
ILMN_1711353	32
ILMN_1759542	21
ILMN_1800855	34
ILMN_1676408	76
ILMN_1739985	75
ILMN_2114972	25
ILMN_1678049	19
ILMN_2232478	65
ILMN_1802106	50
ILMN_1722769	106
ILMN_1683120	202
ILMN_1737685	47
ILMN_1667578	21
ILMN_1756038	23
ILMN_1746135	90
ILMN_1673380	92
ILMN_2172890	27
ILMN_1786785	34
ILMN_1755234	148
ILMN_1670185	27
ILMN_2354287	30
ILMN_1787085	20
ILMN_2357419	45
ILMN_2266595	110
ILMN_2306540	196
ILMN_2318011	207
ILMN_2353997	34
ILMN_1666257	15
ILMN_1772523	21
ILMN_1836744	99
ILMN_2057566	100
ILMN_1670325	16
ILMN_1778202	115
ILMN_1653115	29
ILMN_2388507	68
ILMN_1727617	58
ILMN_2096985	141
ILMN_1750324	48
ILMN_2132982	28
ILMN_1791436	19
ILMN_1664502	42
ILMN_1789541	65
ILMN_1670606	31
ILMN_1655880	25
ILMN_1671437	24
ILMN_2109708	122
ILMN_1690939	104
ILMN_1801996	40
ILMN_2240866	16
ILMN_1693230	17
ILMN_2395652	145
ILMN_1713731	16
ILMN_1683377	29
ILMN_1719627	45
ILMN_1652662	25
ILMN_1669617	64
ILMN_1652333	26
ILMN_2093720	29
ILMN_1791250	24
ILMN_2044226	81
ILMN_1774715	25
ILMN_2140910	28
ILMN_1690314	29
ILMN_1666972	23
ILMN_1691104	118
ILMN_1706841	62
ILMN_1682953	87
ILMN_2102515	61
ILMN_1788239	37
ILMN_1733428	26
ILMN_1802550	45
ILMN_1664863	63
ILMN_1724138	72
ILMN_1759789	15
ILMN_1673960	39
ILMN_1746053	19
ILMN_1784156	42
ILMN_1815230	37
ILMN_1654875	17
ILMN_2391436	35
ILMN_1744806	24
ILMN_1724066	111
ILMN_1803824	157
ILMN_1766371	25
ILMN_1692517	259
ILMN_1716421	33
ILMN_1713471	52
ILMN_1768278	38
ILMN_1797119	34
ILMN_1772557	31
ILMN_1657515	122
ILMN_1812934	29
ILMN_1754077	18
ILMN_1885628	22
ILMN_1794514	43
ILMN_1668617	23
ILMN_1712887	39
ILMN_2404033	28
ILMN_2393296	93
ILMN_1687546	68
ILMN_2389794	27
ILMN_2284496	42
ILMN_1698804	34
ILMN_1702789	26
ILMN_1716963	29
ILMN_1659462	73
ILMN_1807696	24
ILMN_1761514	30
ILMN_1676631	187
ILMN_1727709	67
ILMN_1695395	31
ILMN_1766090	24
ILMN_1685174	144
ILMN_1763609	67
ILMN_1712587	98
ILMN_1722045	45
ILMN_1755548	35
ILMN_1721963	46
ILMN_1662128	70
ILMN_1738212	23
ILMN_1784602	34
ILMN_1679770	20
ILMN_1806366	22
ILMN_1714082	88
ILMN_2125374	119
ILMN_2248970	74
ILMN_1747251	12
ILMN_2178855	88
ILMN_1657760	238
ILMN_2408024	35
ILMN_2294653	19
ILMN_2270053	24
ILMN_2188722	38
ILMN_1711060	32
ILMN_2144162	28
ILMN_1690160	32
ILMN_2226271	54
ILMN_2268556	45
ILMN_1658965	20
ILMN_1787127	80
ILMN_1685792	60
ILMN_1787360	22
ILMN_1751464	39
ILMN_2322996	69
ILMN_1670715	25
ILMN_1744693	33
ILMN_1674032	137
ILMN_1654165	27
ILMN_2246188	56
ILMN_2320391	74
ILMN_1768505	46
ILMN_2268529	25
ILMN_1723520	26
ILMN_1691237	31
ILMN_1667947	69
ILMN_1786381	105
ILMN_1691097	19
ILMN_2414786	65
ILMN_1752451	44
ILMN_1742547	121
ILMN_2316386	84
ILMN_1783985	172
ILMN_1664367	113
ILMN_1739151	21
ILMN_1692433	14
ILMN_1749131	43
ILMN_1710017	121
ILMN_2415634	23
ILMN_1700590	20
ILMN_1751773	30
ILMN_2233552	62
ILMN_1686804	69
ILMN_1815668	55
ILMN_2410783	27
ILMN_1719468	20
ILMN_2134723	21
ILMN_2344283	65
ILMN_1769755	24
ILMN_1772605	60
ILMN_1655489	22
ILMN_1813489	15
ILMN_2290338	27
ILMN_1777794	75
ILMN_2400512	51
ILMN_2356991	79
ILMN_1758548	69
ILMN_1659947	23
ILMN_2280203	23
ILMN_1779017	23
ILMN_1756701	67
ILMN_2330697	60
ILMN_1812726	26
ILMN_1760676	182
ILMN_1793267	22
ILMN_2365644	24
ILMN_1808939	185
ILMN_1656791	75
ILMN_2116714	34
ILMN_1793017	44
ILMN_1656378	212
ILMN_1804332	81
ILMN_1689814	39
ILMN_1785592	24
ILMN_1765274	144
ILMN_2364521	187
ILMN_1776375	156
ILMN_1710600	30
ILMN_1702296	76
ILMN_2400603	34
ILMN_2290679	34
ILMN_1664748	21
ILMN_2322498	58
ILMN_2322499	73
ILMN_1675941	39
ILMN_1811480	157
ILMN_1739083	244
ILMN_1739263	101
ILMN_1701637	30
ILMN_2144663	27
ILMN_1722438	56
ILMN_1746116	32
ILMN_1812581	21
ILMN_1721325	20
ILMN_1767475	85
ILMN_2352295	28
ILMN_2352293	46
ILMN_1714643	33
ILMN_1727177	35
ILMN_1691430	40
ILMN_1704313	143
ILMN_2414366	38
ILMN_2275502	118
ILMN_1783846	42
ILMN_1802027	160
ILMN_1779984	34
ILMN_1657810	140
ILMN_1736654	28
ILMN_1665437	43
ILMN_1700183	93
ILMN_1761788	137
ILMN_1687501	124
ILMN_1804661	88
ILMN_1725705	153
ILMN_1716578	26
ILMN_2263466	63
ILMN_2352009	100
ILMN_1795104	69
ILMN_1678781	86
ILMN_1675626	50
ILMN_1656274	188
ILMN_1714499	25
ILMN_1708662	25
ILMN_1694548	159
ILMN_1693334	65
ILMN_1809695	42
ILMN_1730817	14
ILMN_1736317	29
ILMN_1744932	20
ILMN_1651303	26
ILMN_1695110	247
ILMN_1655414	97
ILMN_1661343	57
ILMN_1714841	40
ILMN_1745964	59
ILMN_1744034	54
ILMN_1672024	64
ILMN_2341711	27
ILMN_2244653	23
ILMN_1731589	23
ILMN_1747556	51
ILMN_1767474	42
ILMN_1757130	37
ILMN_2367883	157
ILMN_1677092	134
ILMN_1676759	62
ILMN_1782795	35
ILMN_2159694	70
ILMN_1752592	80
ILMN_1738033	30
ILMN_1747159	41
ILMN_1783266	41
ILMN_2090607	63
ILMN_1654322	109
ILMN_1794799	26
ILMN_1692342	23
ILMN_2226314	111
ILMN_2389347	149
ILMN_1713351	32
ILMN_2234229	51
ILMN_1813834	36
ILMN_1809336	23
ILMN_1680591	296
ILMN_2099783	149
ILMN_2128087	47
ILMN_1685142	23
ILMN_2344455	154
ILMN_1799141	21
ILMN_2271875	24
ILMN_2367126	26
ILMN_2221507	138
ILMN_1742866	127
ILMN_1738796	26
ILMN_1897310	134
ILMN_1797895	33
ILMN_1697448	297
ILMN_1806651	53
ILMN_1694012	124
ILMN_1714041	43
ILMN_1728019	202
ILMN_1784272	29
ILMN_1743204	54
ILMN_1808405	89
ILMN_1770853	32
ILMN_1732060	131
ILMN_1750092	35
ILMN_1678065	13
ILMN_1694311	57
ILMN_1746276	80
ILMN_1652650	36
ILMN_1676470	16
ILMN_1677846	22
ILMN_1725366	38
ILMN_1743371	86
ILMN_1723837	19
ILMN_2385416	39
ILMN_1775871	26
ILMN_2326075	55
ILMN_1661770	47
ILMN_1743987	25
ILMN_2352380	56
ILMN_1723230	29
ILMN_1686319	34
ILMN_1652185	174
ILMN_1699987	76
ILMN_2269092	27
ILMN_1734702	38
ILMN_1757026	94
ILMN_1736623	77
ILMN_1708987	13
ILMN_1788664	26
ILMN_2317543	57
ILMN_1808811	62
ILMN_1691151	19
ILMN_1658504	25
ILMN_1668721	60
ILMN_2208413	98
ILMN_1653712	44
ILMN_1677440	41
ILMN_1807439	248
ILMN_1770329	15
ILMN_1732251	52
ILMN_1784783	324
ILMN_1781479	120
ILMN_1736972	94
ILMN_1740508	29
ILMN_1798587	24
ILMN_2235679	18
ILMN_1741014	25
ILMN_1769394	112
ILMN_1770244	26
ILMN_1704941	41
ILMN_1802731	20
ILMN_1671171	32
ILMN_1805564	48
ILMN_2068747	39
ILMN_1654441	52
ILMN_2360705	34
ILMN_1672365	56
ILMN_1680018	91
ILMN_1660217	27
ILMN_1707699	23
ILMN_1810025	36
ILMN_1688242	45
ILMN_2300894	25
ILMN_1771019	71
ILMN_2357577	52
ILMN_1681802	105
ILMN_1716736	80
ILMN_1683352	29
ILMN_1688504	34
ILMN_2110206	20
ILMN_1736757	159
ILMN_1791637	38
ILMN_2088172	107
ILMN_1792283	26
ILMN_1690682	48
ILMN_2110857	22
ILMN_1758100	32
ILMN_1686725	21
ILMN_1783443	21
ILMN_2188959	36
ILMN_1730138	14
ILMN_1773855	53
ILMN_1766182	23
ILMN_2410371	49
ILMN_1734878	108
ILMN_1706852	24
ILMN_1777084	29
ILMN_1740291	321
ILMN_1740776	27
ILMN_1732343	97
ILMN_2395451	84
ILMN_2267535	35
ILMN_2359345	46
ILMN_1682636	132
ILMN_1675239	238
ILMN_2310621	190
ILMN_1710186	41
ILMN_1708496	38
ILMN_1672566	36
ILMN_1764788	147
ILMN_1717710	36
ILMN_2324421	96
ILMN_1692545	178
ILMN_1679358	81
ILMN_1762303	46
ILMN_1778371	124
ILMN_2244484	51
ILMN_2302654	21
ILMN_2112417	95
ILMN_1661366	159
ILMN_1695759	99
ILMN_1805404	33
ILMN_2384496	40
ILMN_1754643	40
ILMN_1744665	62
ILMN_1753006	24
ILMN_1683097	13
ILMN_1672930	36
ILMN_1691926	128
ILMN_1731476	20
ILMN_1779979	46
ILMN_1686535	46
ILMN_1682316	125
ILMN_1716922	87
ILMN_1735058	48
ILMN_2117623	100
ILMN_1753498	138
ILMN_1792323	106
ILMN_1752270	55
ILMN_2054362	87
ILMN_2393497	28
ILMN_1791531	34
ILMN_1761560	78
ILMN_1666615	121
ILMN_1674949	21
ILMN_1669070	39
ILMN_2218248	24
ILMN_1752412	26
ILMN_1731484	50
ILMN_1763916	19
ILMN_1665458	30
ILMN_2131381	91
ILMN_1690984	26
ILMN_1671777	32
ILMN_1672307	39
ILMN_1758731	37
ILMN_1768016	109
ILMN_1752923	44
ILMN_1812062	30
ILMN_2400583	40
ILMN_1803672	39
ILMN_1787155	25
ILMN_1712754	34
ILMN_1662556	30
ILMN_1708672	89
ILMN_2202481	137
ILMN_1690982	39
ILMN_1811599	29
ILMN_2376953	76
ILMN_2277334	24
ILMN_1765990	45
ILMN_1678080	104
ILMN_1795254	51
ILMN_1720998	304
ILMN_1787434	35
ILMN_1758938	54
ILMN_1792726	36
ILMN_1810116	71
ILMN_1654771	37
ILMN_2088847	27
ILMN_1796099	93
ILMN_1675048	152
ILMN_1707002	34
ILMN_1683575	32
ILMN_1774806	59
ILMN_1720373	265
ILMN_1667962	19
ILMN_1718588	25
ILMN_1674696	15
ILMN_1669813	52
ILMN_1760414	20
ILMN_2067890	96
ILMN_2067895	32
ILMN_1693912	28
ILMN_1657451	128
ILMN_1660533	180
ILMN_1694426	44
ILMN_1692651	61
ILMN_2380801	324
ILMN_1742151	40
ILMN_2394027	54
ILMN_2401878	55
ILMN_2401873	70
ILMN_1790706	47
ILMN_1743910	28
ILMN_2101034	32
ILMN_1666378	23
ILMN_1718610	67
ILMN_2398847	93
ILMN_2321975	53
ILMN_1691175	33
ILMN_2098119	23
ILMN_1736834	49
ILMN_2173451	156
ILMN_1651705	72
ILMN_1725312	65
ILMN_1737576	30
ILMN_1751398	24
ILMN_1754491	44
ILMN_1718646	86
ILMN_1802414	38
ILMN_1727098	115
ILMN_1665538	238
ILMN_2205882	43
ILMN_1767960	36
ILMN_1695590	122
ILMN_1797804	45
ILMN_2285603	32
ILMN_1697315	36
ILMN_1691444	37
ILMN_1722445	53
ILMN_1708059	66
ILMN_1736628	142
ILMN_1785393	29
ILMN_1705689	83
ILMN_1666325	80
ILMN_1730304	54
ILMN_1714023	30
ILMN_1781987	142
ILMN_1664449	78
ILMN_1664772	17
ILMN_1680579	126
ILMN_1652825	77
ILMN_1792072	243
ILMN_1753500	80
ILMN_1662524	84
ILMN_1809003	46
ILMN_1754521	35
ILMN_1735737	36
ILMN_1800733	29
ILMN_1672591	21
ILMN_1704619	86
ILMN_1774427	198
ILMN_1727200	81
ILMN_2338733	47
ILMN_1722309	59
ILMN_1671191	120
ILMN_1660727	195
ILMN_1741667	42
ILMN_1730002	23
ILMN_1780546	50
ILMN_1761912	198
ILMN_2050255	45
ILMN_1760088	31
ILMN_1732410	33
ILMN_1780533	53
ILMN_1687353	61
ILMN_1741459	141
ILMN_1676358	61
ILMN_1908488	26
ILMN_1799996	53
ILMN_1804306	80
ILMN_1710756	393
ILMN_2094061	139
ILMN_1764109	163
ILMN_1677198	240
ILMN_1813964	64
ILMN_2223561	24
ILMN_1761312	41
ILMN_2410262	48
ILMN_1810424	24
ILMN_1680892	29
ILMN_1726327	48
ILMN_2094262	25
ILMN_2094261	30
ILMN_2378376	230
ILMN_1756328	31
ILMN_1686052	34
ILMN_1659202	20
ILMN_1665132	67
ILMN_1804841	33
ILMN_1805535	185
ILMN_2195665	74
ILMN_2338997	90
ILMN_1754988	70
ILMN_1770433	57
ILMN_1671250	157
ILMN_2063586	190
ILMN_2063584	117
ILMN_1793859	99
ILMN_1675482	51
ILMN_1731354	64
ILMN_2091310	112
ILMN_1717909	96
ILMN_1785404	77
ILMN_1691959	40
ILMN_1675507	33
ILMN_1737754	34
ILMN_1794374	32
ILMN_1783225	30
ILMN_1776778	32
ILMN_2170595	58
ILMN_1682919	68
ILMN_1704015	19
ILMN_1743635	204
ILMN_2191822	198
ILMN_2069267	31
ILMN_1781285	151
ILMN_1814282	20
ILMN_1658928	77
ILMN_1706813	105
ILMN_1740169	61
ILMN_1693693	37
ILMN_1796113	293
ILMN_1853224	55
ILMN_1697639	123
ILMN_1793151	33
ILMN_1704321	25
ILMN_1717207	32
ILMN_1699607	21
ILMN_1745134	34
ILMN_1684945	32
ILMN_2400219	48
ILMN_1914515	192
ILMN_1716704	100
ILMN_1658917	57
ILMN_2395389	182
ILMN_2287888	195
ILMN_1687887	172
ILMN_1781073	98
ILMN_2363966	91
ILMN_1669189	33
ILMN_1813795	41
ILMN_1671489	24
ILMN_2330552	48
ILMN_1721921	23
ILMN_1770044	126
ILMN_1741939	39
ILMN_1753518	20
ILMN_2266962	42
ILMN_1790801	37
ILMN_1701589	30
ILMN_1687950	24
ILMN_2056606	74
ILMN_1669773	88
ILMN_2094875	149
ILMN_1812070	174
ILMN_1676335	48
ILMN_1804509	21
ILMN_1739872	31
ILMN_1770152	25
ILMN_1731144	18
ILMN_1681086	35
ILMN_1764494	40
ILMN_2341363	37
ILMN_1717056	147
ILMN_2299661	44
ILMN_1694400	116
ILMN_1677954	21
ILMN_2045720	37
ILMN_1771652	36
ILMN_1701854	36
ILMN_2341229	198
ILMN_2257587	33
ILMN_1683479	42
ILMN_1765610	70
ILMN_1723944	29
ILMN_1740627	24
ILMN_1775930	56
ILMN_1772951	36
ILMN_1765858	48
ILMN_2099798	58
ILMN_1666713	145
ILMN_1710923	40
ILMN_1690680	22
ILMN_2293631	21
ILMN_2374340	129
ILMN_1691508	107
ILMN_1716991	29
ILMN_1776826	17
ILMN_1779381	140
ILMN_1786429	241
ILMN_1726245	329
ILMN_1744862	69
ILMN_1658399	85
ILMN_2389995	30
ILMN_1660729	37
ILMN_1745885	150
ILMN_1707627	192
ILMN_2181191	188
ILMN_1723969	33
ILMN_1710726	32
ILMN_1702706	76
ILMN_2117809	115
ILMN_1719785	30
ILMN_1778240	60
ILMN_1747857	68
ILMN_2235354	62
ILMN_2294086	17
ILMN_1697338	30
ILMN_1814853	22
ILMN_1652846	40
ILMN_1738828	39
ILMN_1728845	53
ILMN_1661156	50
ILMN_1738971	38
ILMN_1806692	50
ILMN_2144573	50
ILMN_2144574	40
ILMN_2207291	55
ILMN_1695093	81
ILMN_1779376	132
ILMN_2372413	115
ILMN_1812976	126
ILMN_1754053	29
ILMN_1714817	40
ILMN_1762426	74
ILMN_2307598	96
ILMN_1800331	20
ILMN_1730546	34
ILMN_1694485	40
ILMN_1738554	91
ILMN_1651370	70
ILMN_1677108	157
ILMN_1815165	22
ILMN_1713246	24
ILMN_1775579	95
ILMN_1806561	36
ILMN_2180315	22
ILMN_1801905	66
ILMN_1767657	25
ILMN_2094106	43
ILMN_1737144	17
ILMN_1738987	130
ILMN_2108823	33
ILMN_1804351	217
ILMN_1812233	20
ILMN_1763728	18
ILMN_2055310	128
ILMN_1737475	95
ILMN_1712894	50
ILMN_2310909	32
ILMN_1697827	42
ILMN_1738931	24
ILMN_1679012	30
ILMN_2231003	62
ILMN_1692894	34
ILMN_2407954	20
ILMN_1804758	24
ILMN_1771209	35
ILMN_1718071	126
ILMN_2223922	59
ILMN_2119224	53
ILMN_1773959	35
ILMN_1785637	33
ILMN_1729161	218
ILMN_1793643	54
ILMN_1688158	95
ILMN_1756261	22
ILMN_2364768	187
ILMN_1778726	19
ILMN_1669921	26
ILMN_1726230	56
ILMN_2402463	48
ILMN_1655720	66
ILMN_1693487	28
ILMN_1701025	22
ILMN_1743753	46
ILMN_1655504	54
ILMN_1676624	21
ILMN_1802157	33
ILMN_1757384	135
ILMN_1767320	113
ILMN_2235283	152
ILMN_1758597	40
ILMN_1672080	102
ILMN_1672191	180
ILMN_1721989	115
ILMN_2173294	69
ILMN_1737297	39
ILMN_1666269	96
ILMN_1713603	61
ILMN_1806908	95
ILMN_1679754	36
ILMN_1663512	199
ILMN_1714165	160
ILMN_1755649	69
ILMN_1706660	133
ILMN_1768064	11
ILMN_2107519	34
ILMN_2304659	41
ILMN_1664872	38
ILMN_1735157	102
ILMN_1763408	60
ILMN_2130003	37
ILMN_1721977	107
ILMN_1675597	19
ILMN_1666173	45
ILMN_1710204	41
ILMN_2112256	94
ILMN_1883785	39
ILMN_2184184	337
ILMN_1779078	34
ILMN_2410523	293
ILMN_2387285	154
ILMN_1794594	157
ILMN_1811367	75
ILMN_1680246	87
ILMN_1807745	27
ILMN_1742040	28
ILMN_1664537	79
ILMN_1658277	27
ILMN_1734783	50
ILMN_2136010	34
ILMN_1797912	25
ILMN_2251020	26
ILMN_1712912	26
ILMN_1767690	27
ILMN_1683888	148
ILMN_1709124	42
ILMN_1652431	28
ILMN_2293872	31
ILMN_1749419	40
ILMN_1730201	34
ILMN_1795158	107
ILMN_1660126	27
ILMN_1727878	56
ILMN_1654594	34
ILMN_1762678	56
ILMN_1700760	29
ILMN_1744604	51
ILMN_1665865	78
ILMN_1699727	59
ILMN_1705922	84
ILMN_1682293	16
ILMN_1681975	35
ILMN_1748979	42
ILMN_1740213	28
ILMN_2381296	206
ILMN_1684168	88
ILMN_1669286	113
ILMN_1801928	154
ILMN_2259319	24
ILMN_1796417	189
ILMN_1705892	55
ILMN_1743175	23
ILMN_1724191	22
ILMN_1683700	345
ILMN_2284941	31
ILMN_1781999	106
ILMN_2211739	36
ILMN_1813975	92
ILMN_2129015	32
ILMN_1752502	23
ILMN_1688755	40
ILMN_1734855	51
ILMN_1762255	52
ILMN_1668134	33
ILMN_2391861	66
ILMN_2351241	94
ILMN_2369666	61
ILMN_1751689	30
ILMN_1674063	102
ILMN_1709333	63
ILMN_2307740	169
ILMN_2307744	233
ILMN_2096012	79
ILMN_1798971	46
ILMN_2110110	35
ILMN_1794213	221
ILMN_1691485	41
ILMN_1767139	97
ILMN_2118773	32
ILMN_1658602	21
ILMN_1687958	139
ILMN_2086417	51
ILMN_1656184	52
ILMN_2389218	22
ILMN_2284222	14
ILMN_1727524	74
ILMN_1762766	74
ILMN_1695461	44
ILMN_1742569	120
ILMN_1802894	105
ILMN_1797950	114
ILMN_2190007	24
ILMN_2278819	90
ILMN_2379675	45
ILMN_1743145	42
ILMN_1772233	93
ILMN_1772692	84
ILMN_2349831	214
ILMN_1798224	64
ILMN_1737254	73
ILMN_1720849	26
ILMN_1674497	19
ILMN_1808306	23
ILMN_1675398	55
ILMN_2150894	61
ILMN_1786172	29
ILMN_1750850	13
ILMN_1787923	170
ILMN_1677590	24
ILMN_2083567	87
ILMN_1751147	102
ILMN_1753597	27
ILMN_1781149	285
ILMN_1811551	71
ILMN_1744822	153
ILMN_2193214	29
ILMN_1779965	46
ILMN_2299450	56
ILMN_1742003	117
ILMN_1745787	28
ILMN_1767470	187
ILMN_1702889	88
ILMN_1716909	112
ILMN_2103107	103
ILMN_2335754	129
ILMN_1760129	26
ILMN_2384181	54
ILMN_2281502	40
ILMN_1735704	31
ILMN_1696946	133
ILMN_1657022	31
ILMN_1702972	14
ILMN_2389080	15
ILMN_1709635	36
ILMN_1794117	41
ILMN_1656057	168
ILMN_1769129	122
ILMN_1669135	32
ILMN_1754579	19
ILMN_2391419	29
ILMN_1722218	107
ILMN_1811029	164
ILMN_1744649	116
ILMN_1808747	31
ILMN_1754798	43
ILMN_1673998	25
ILMN_1679837	31
ILMN_1815057	292
ILMN_1761262	69
ILMN_2397721	50
ILMN_2289111	18
ILMN_2161955	33
ILMN_1673591	34
ILMN_1656938	63
ILMN_1724250	76
ILMN_1811702	95
ILMN_1808258	25
ILMN_1785061	65
ILMN_2402874	112
ILMN_2367818	31
ILMN_1799796	24
ILMN_1775285	67
ILMN_1684034	185
ILMN_1676626	55
ILMN_1702822	52
ILMN_1882248	52
ILMN_1705151	46
ILMN_1669523	200
ILMN_1782938	72
ILMN_1723843	151
ILMN_1693009	116
ILMN_1775823	69
ILMN_2376667	97
ILMN_1667430	42
ILMN_1780058	27
ILMN_1746241	140
ILMN_1765500	29
ILMN_1784627	23
ILMN_1781472	57
ILMN_1694483	25
ILMN_1746769	28
ILMN_2349129	210
ILMN_1747412	105
ILMN_1700822	219
ILMN_1811995	36
ILMN_2306077	45
ILMN_1733043	46
ILMN_1779828	27
ILMN_1757769	20
ILMN_1752269	76
ILMN_1672057	159
ILMN_1715613	29
ILMN_2298588	32
ILMN_2400663	42
ILMN_2075892	31
ILMN_1661536	40
ILMN_2385647	18
ILMN_1675646	28
ILMN_1811678	33
ILMN_1744126	30
ILMN_1738604	52
ILMN_1704055	136
ILMN_1743329	56
ILMN_1742358	28
ILMN_1684754	69
ILMN_1666522	31
ILMN_1653648	35
ILMN_2361714	32
ILMN_1798779	34
ILMN_1654778	155
ILMN_1769869	19
ILMN_1774938	25
ILMN_1728047	39
ILMN_2292387	147
ILMN_1715069	166
ILMN_2152095	75
ILMN_1795992	31
ILMN_1750674	216
ILMN_1679232	93
ILMN_1785402	22
ILMN_1671478	26
ILMN_1755657	147
ILMN_1687303	61
ILMN_1662331	77
ILMN_1768363	58
ILMN_1737949	57
ILMN_1775931	41
ILMN_1784626	17
ILMN_1737126	28
ILMN_1722900	53
ILMN_1725166	44
ILMN_2162972	101
ILMN_1815205	73
ILMN_1785732	116
ILMN_1743301	42
ILMN_1713758	25
ILMN_1790029	46
ILMN_1734285	21
ILMN_1770048	53
ILMN_1666097	21
ILMN_1765876	66
ILMN_2325008	66
ILMN_1653047	71
ILMN_2248589	70
ILMN_1677228	51
ILMN_1685490	48
ILMN_1692332	29
ILMN_1777644	254
ILMN_1670668	26
ILMN_1736747	78
ILMN_1679595	19
ILMN_1672405	153
ILMN_1736426	30
ILMN_1731742	20
ILMN_1656011	62
ILMN_1688231	63
ILMN_1764871	157
ILMN_1774949	175
ILMN_1716843	78
ILMN_1693481	23
ILMN_1752199	134
ILMN_1691714	22
ILMN_1706057	58
ILMN_2396410	71
ILMN_2307851	13
ILMN_1808797	27
ILMN_2199926	44
ILMN_2354617	72
ILMN_2396020	109
ILMN_2124155	152
ILMN_1658884	143
ILMN_1686573	117
ILMN_1743100	34
ILMN_1800317	63
ILMN_1803597	30
ILMN_2299862	33
ILMN_1693108	155
ILMN_1656540	199
ILMN_1802404	49
ILMN_2060413	83
ILMN_1809944	69
ILMN_2128741	74
ILMN_1768719	27
ILMN_1745116	36
ILMN_1719498	30
ILMN_1700025	127
ILMN_1689288	23
ILMN_1750821	26
ILMN_1667928	48
ILMN_2382705	50
ILMN_1676372	122
ILMN_1718436	22
ILMN_1738523	62
ILMN_2108029	25
ILMN_1696921	18
ILMN_1802316	56
ILMN_1676278	26
ILMN_1758400	31
ILMN_1779858	29
ILMN_1707464	181
ILMN_2391231	129
ILMN_2285375	231
