arm	driver	hub_count	seed	source_commit	binary_sha256	elapsed_s	user_s	system_s	max_rss_kib	pre_edges	pruned_edges	post_edges	pruned_fraction	sampling_indices	sampling_sha256	source_rows	adjacency_bytes	adjacency_sha256	data_sha256	anchor_data_match
sig_h01335	sig	1335	1	32fe12c168ef80291e487dbf4045f430b9c5d90a	836c8edbfc75b517cefdde6426755f9e3b71021df09b06c6f3b9c262057cd47e	38.5	38.41	0.08	67180	55894	12302	43592	0.22009518016245036	0,1,2,3,4,5,6,7,8,9,10,11,12,13,15,16,17,19,20,21,22,23,24,25,26,28,31,32,33,34,35,36,37,38,39,40,41,43,44,45,46,48,49,50,52,54,55,57,58,59,61,62,63,64,66,69,70,72,73,74,75,76,77,78,79,80,81,82,83,84,85,88,89,90,91,92,95,96,98,99	42c550fd22235048e18957d92ee6961f28d488749e570865072f55b8d56e5063	1335	972889	c6ef42fb477dcd0dc67358a41f3628bdb53c9dd11af51a569271ccf2c42f3607	c1fd4596eb50630d089a5aab3f6886aa06e8646a10b54be89be4241f5de36076	
sig_h01335	sig	1335	2	32fe12c168ef80291e487dbf4045f430b9c5d90a	836c8edbfc75b517cefdde6426755f9e3b71021df09b06c6f3b9c262057cd47e	38.83	38.75	0.08	67080	55599	12631	42968	0.2271803449702333	0,1,2,3,4,6,7,8,9,10,12,13,14,15,16,18,19,20,21,22,25,27,28,29,30,31,33,34,37,38,40,41,42,44,45,47,48,49,50,51,52,53,54,55,56,58,59,60,61,62,63,64,66,67,69,70,71,73,74,75,76,77,78,80,81,82,84,85,86,87,88,90,91,92,94,95,96,97,98,99	6698737f9825eb173ddb1a599a26867cfbc7ea3685295ecffec0274978d0a225	1335	959277	b8f0661c099c0263aee8ab757509de013413fd9ae89b93c2cc515c805020bb21	47214831c90a3055564438724557c8cc61b6a760b6e2c0cf1a209ccbc72aaeee	
sig_h01335	sig	1335	3	32fe12c168ef80291e487dbf4045f430b9c5d90a	836c8edbfc75b517cefdde6426755f9e3b71021df09b06c6f3b9c262057cd47e	40.9	40.85	0.05	67184	52710	11041	41669	0.2094668943274521	0,2,3,4,5,6,7,8,9,10,11,12,13,14,15,18,19,20,22,23,24,25,27,28,29,30,31,32,34,35,36,37,38,39,40,41,42,43,44,46,48,49,50,52,53,54,55,56,57,58,60,61,62,64,65,67,68,69,70,71,72,73,74,75,78,81,83,85,86,87,88,89,90,91,92,93,94,95,96,99	32dc7b6571ea0327dc4f789ee40daaf7f37ee06da37a16a782e4d512a92d2ace	1335	930873	20725452608fc6efdabad8b4099265619e7072ff3200a07489a0730da6881169	e48c8588eb55ef540fe8d2b2f724dccefa21eb35ee65d309342d5bbac7c9e516	
sig_h01335	sig	1335	4	32fe12c168ef80291e487dbf4045f430b9c5d90a	836c8edbfc75b517cefdde6426755f9e3b71021df09b06c6f3b9c262057cd47e	42.31	42.2	0.16	67044	54214	10624	43590	0.1959641421035157	0,2,4,5,7,8,9,10,12,13,14,15,16,17,19,20,21,22,23,24,25,27,28,29,30,31,32,33,34,35,36,37,38,40,42,44,47,48,49,50,51,52,53,54,55,57,58,59,60,61,62,63,64,65,66,67,68,69,70,71,72,73,74,75,77,78,79,80,81,84,85,86,89,90,91,92,95,97,98,99	efb4cdd2693be18d0cc63879f8c428c7b5b5b9f559d878783ac5b34d062673b4	1335	972854	b2ff51c9f8cd1870e83e0ebccdc40dbda7fe1d079d6c1ab1c1ba13096582a0c9	dfb95b088706b65ba281fc0be451b68adf9e0ae3c21f10bacf735010a6b215dc	
sig_h01335	sig	1335	5	32fe12c168ef80291e487dbf4045f430b9c5d90a	836c8edbfc75b517cefdde6426755f9e3b71021df09b06c6f3b9c262057cd47e	42.44	42.26	0.08	67052	54007	11683	42324	0.2163238098764975	0,1,2,3,4,5,6,7,8,11,12,13,14,15,16,17,18,19,20,22,23,25,27,28,29,30,31,34,35,36,37,38,39,40,42,45,46,49,50,51,52,53,54,55,58,59,60,61,62,63,64,66,67,68,69,71,72,73,74,75,76,77,78,79,80,81,82,83,84,85,86,87,89,91,92,94,96,97,98,99	3ba77b10268001a79da9f946e4bcda978faeaf1abc0306d44495d0e49ca97d5d	1335	945050	8a34a39bef61623fed4a5cee8203edf71c5297f5804ed698afbafc79d60010f5	8b89f5f613656ca9f510c8da3e1d84febdc259bca53c2382be68de4b28e2f47c	
sig_h01335	sig	1335	6	32fe12c168ef80291e487dbf4045f430b9c5d90a	836c8edbfc75b517cefdde6426755f9e3b71021df09b06c6f3b9c262057cd47e	39.04	38.99	0.04	67180	55293	12476	42817	0.2256343479283092	0,1,2,3,4,5,9,10,11,12,14,15,16,17,18,19,20,21,22,25,26,28,29,30,31,32,33,34,36,37,38,41,42,44,45,46,47,48,49,50,51,52,53,54,56,58,59,60,61,62,63,64,65,66,70,71,73,74,75,76,77,78,79,80,81,83,84,85,86,87,89,90,91,92,93,95,96,97,98,99	afe6035a333b48945a149fc3c7db2c57aa81c9149c6675551f72afc13586ca2b	1335	956054	936c38ce5657f095c0cdbcbf9212808423c046cd4d057f08b58d7936f682af9a	c1530e8a8ca701e8949b6f1bbbca18a31a1006fcc398add31c7b21a84983f000	
sig_h01335	sig	1335	7	32fe12c168ef80291e487dbf4045f430b9c5d90a	836c8edbfc75b517cefdde6426755f9e3b71021df09b06c6f3b9c262057cd47e	39.08	39.0	0.07	67180	57518	13144	44374	0.22851976772488614	0,1,2,3,4,5,6,8,9,10,12,14,15,16,17,23,24,25,26,27,28,29,31,32,33,34,35,36,37,38,39,40,41,42,43,45,46,48,50,51,52,53,54,56,57,58,59,60,61,62,63,64,65,66,67,68,70,71,73,75,76,78,79,80,81,83,84,85,86,87,89,90,91,92,93,95,96,97,98,99	6d485410d62c77b60e212f512bdda63033395906bd325fd82545aa3ea929bb06	1335	990035	489ec63efae4e9f0302d8ed3c134805c5ac771d8541c03e7629e28abfe3fb74d	e88b3bf0ee9959943417adeea05ecc7d18802947596d164e6341d3802e63a041	
sig_h01335	sig	1335	8	32fe12c168ef80291e487dbf4045f430b9c5d90a	836c8edbfc75b517cefdde6426755f9e3b71021df09b06c6f3b9c262057cd47e	40.98	40.93	0.04	67312	60492	14412	46080	0.23824637968657011	0,1,2,3,4,5,8,10,11,13,14,15,16,18,19,20,22,23,25,26,27,28,29,31,32,33,34,35,37,39,40,41,42,43,44,46,48,49,50,51,52,53,54,55,56,57,58,59,60,61,62,64,68,70,71,72,73,74,76,77,78,79,80,81,82,83,84,85,86,87,88,89,91,93,94,95,96,97,98,99	6ecc84838e1f67a26b0ab3576772e218c47693f15ace26cc2f7936831bd4ef14	1335	1027239	30673a63306eaaeeeed56019a38a7460a1de42aa9cd38622e9aa8297c8f56dce	0ac5a3891485fa6a7d2cb0724745a2cb017d8695bf4ccdacec39fc0bf25b3364	
sig_h01335	sig	1335	9	32fe12c168ef80291e487dbf4045f430b9c5d90a	836c8edbfc75b517cefdde6426755f9e3b71021df09b06c6f3b9c262057cd47e	41.76	41.69	0.06	67440	57874	13753	44121	0.237636935411411	0,1,2,3,4,5,6,7,8,9,10,12,13,14,15,16,17,18,19,20,21,22,24,26,28,29,30,33,34,35,36,37,38,40,42,43,44,45,47,48,50,51,52,53,54,56,58,59,60,61,62,63,65,66,67,70,71,72,73,74,75,76,77,78,79,81,82,83,84,85,86,87,88,89,90,93,96,97,98,99	5daffe8b162c6754c3bebcca5689f38a74f59e8a9524ef10e09d1beff866665d	1335	984479	309737b9ac8810a31bcd520a89d893f82b8a130fa7700692a8024672e0454031	85dd958242de6c47f759286f7c50ee29db35b845ec91a83a2970596b19f4666f	
sig_h01335	sig	1335	10	32fe12c168ef80291e487dbf4045f430b9c5d90a	836c8edbfc75b517cefdde6426755f9e3b71021df09b06c6f3b9c262057cd47e	39.59	39.53	0.05	67308	56939	13079	43860	0.2297019617485379	1,2,3,4,5,6,7,8,9,10,11,12,13,14,15,16,17,18,19,20,23,24,25,26,27,28,29,30,31,32,33,34,35,37,39,40,41,42,43,44,45,47,48,50,51,52,54,55,56,59,60,61,64,66,67,68,71,72,73,74,75,76,77,82,83,84,86,87,88,89,90,91,92,93,94,95,96,97,98,99	e60c7095b65234207b890114977da6fde48a3c1e57cba4cb3d6615246cb7d6d8	1335	978675	ceb2fccde28a3c533d8d98be37150633ce59679ba78fb2fac18d2e4fed7432b5	6eeb7c8e588b3a31d7cc74fbeb44cc3f21909ed02b9bcc09514aac7fa345a00a	
sig_h01335	sig	1335	11	32fe12c168ef80291e487dbf4045f430b9c5d90a	836c8edbfc75b517cefdde6426755f9e3b71021df09b06c6f3b9c262057cd47e	39.63	39.57	0.06	67180	57009	13314	43695	0.233542072304373	0,1,3,4,5,6,7,8,9,10,11,12,13,14,15,16,17,18,19,20,21,23,24,26,27,28,29,30,31,32,33,34,35,37,38,39,40,41,42,43,44,45,47,48,49,50,53,54,55,57,59,60,61,62,65,66,68,70,72,73,74,75,76,77,78,79,80,83,85,86,87,88,89,91,92,93,95,97,98,99	c793646c80aa48a44d4efa442141ca9170a8f695fb68379bb826038c3a0e11f7	1335	975284	da1ef5bb7e68ee7ad5f3d750245fb0d4224f8e1cbdbffa0c6e5ef7dee55dc350	b541db0c3edaa632832c219168dd95976f4da3a2791222af1dc14a8c15c2f18b	
sig_h01335	sig	1335	12	32fe12c168ef80291e487dbf4045f430b9c5d90a	836c8edbfc75b517cefdde6426755f9e3b71021df09b06c6f3b9c262057cd47e	39.73	39.65	0.07	67180	57422	13067	44355	0.22756086517362684	0,2,3,4,5,6,7,8,9,10,11,12,13,14,15,16,17,18,20,23,24,25,26,27,29,30,31,32,34,35,36,37,38,39,41,43,45,47,49,50,51,52,53,54,56,57,58,59,60,61,62,63,64,65,66,68,69,70,71,73,74,76,78,79,80,81,82,83,84,85,86,87,88,89,90,91,92,94,96,98	35cab32502ba7ffc50389b6be48f807559d6771f397584fbb601b36848a7ebdb	1335	989625	a061c2ddaa17fcc256c36e0a7344f9a34629d742b774e252ce29575c33c71cbf	9dace45f93e3ef2add68e06223d8c3b956149254fdb86f2d93d3fd1aa70fa751	
sig_h01335	sig	1335	13	32fe12c168ef80291e487dbf4045f430b9c5d90a	836c8edbfc75b517cefdde6426755f9e3b71021df09b06c6f3b9c262057cd47e	38.86	38.79	0.05	67052	51576	10497	41079	0.2035248953001396	0,1,2,4,6,7,8,9,10,12,15,17,18,20,21,22,23,24,25,26,27,28,29,30,31,32,33,34,35,36,37,38,39,40,42,44,45,47,48,49,50,51,52,53,55,56,57,58,59,60,61,62,63,64,66,67,69,70,71,72,74,76,77,78,79,80,81,82,85,86,87,88,89,90,92,93,94,95,96,97	bb24e777729713b72738cadeab724242ec7be73672afba8a63bf3125a6b36a2f	1335	917885	341991799a7664bc0c92cd514825010720b2027e761278fdc10d099b14f5845a	3e51adb4650befaf70cd18890a596b6641193220b1bb7442bfa49311264fcafe	
sig_h01335	sig	1335	14	32fe12c168ef80291e487dbf4045f430b9c5d90a	836c8edbfc75b517cefdde6426755f9e3b71021df09b06c6f3b9c262057cd47e	38.92	38.86	0.05	67052	51096	10475	40621	0.20500626272115233	0,1,2,3,4,6,9,10,11,12,13,14,17,18,19,20,21,22,24,25,27,29,31,32,35,37,38,39,40,41,43,44,45,46,47,48,50,51,52,53,54,55,57,58,59,60,61,62,63,64,66,67,69,70,71,72,74,75,76,77,78,79,80,81,82,83,85,86,87,88,89,90,91,92,93,94,95,96,97,98	97486352ddb17005ce172ba91843dbb265dffff895ab501f79ff4aeea2084acf	1335	907811	db81f2adaf908b10194d4685c77c93ad6cee964376ac481a808650f789da3f44	1a1a795ea1270f0a751fca710643150a30b7b783c1a33b56fa92e12262594565	
sig_h01335	sig	1335	15	32fe12c168ef80291e487dbf4045f430b9c5d90a	836c8edbfc75b517cefdde6426755f9e3b71021df09b06c6f3b9c262057cd47e	39.1	39.05	0.04	67180	57881	14213	43668	0.24555553635908156	1,2,3,4,5,6,7,8,9,10,12,13,14,15,16,17,18,19,20,21,22,23,24,27,28,30,31,32,33,34,35,38,39,41,42,44,45,46,48,50,51,52,53,54,57,58,59,60,61,62,63,65,66,67,68,70,71,72,73,74,75,76,77,78,79,81,82,83,84,85,86,88,89,90,92,93,94,96,97,98	766a3d4eac15abf4c93997f7584f19a41493df64244cbc01730fc0b613fcdc90	1335	974545	82aabd566c2e8e3010be6f85aea645edc377e20cdb7d1a7872925ce979ea3b09	e8b4f7a8c26b76e853e777ee593c53e7235b1973f572a9215d5a855e703833dc	
sig_h01335	sig	1335	16	32fe12c168ef80291e487dbf4045f430b9c5d90a	836c8edbfc75b517cefdde6426755f9e3b71021df09b06c6f3b9c262057cd47e	39.43	39.36	0.06	67180	57030	12763	44267	0.22379449412589866	0,1,2,3,5,6,7,9,10,11,12,13,14,15,16,17,18,19,20,21,22,23,24,25,26,28,29,32,33,34,35,36,37,38,40,43,44,46,48,50,51,52,53,54,55,56,57,59,60,62,63,65,66,67,69,71,72,73,75,76,77,78,79,80,81,83,84,85,86,87,88,89,90,91,93,94,96,97,98,99	f908595812f6ecb64b3d170a1abee3c290008463b8dc6bd83842310d2e4ff197	1335	987668	04f64b0546e0baf7bc24eb6a2ebc6709167ee3bf2e7ce363fd99e5e127a27ec0	8f68b33da4d2d450f30884569f2ea05a22bc1fcca06201ff81efb2aa7383bf8b	
sig_h01335	sig	1335	17	32fe12c168ef80291e487dbf4045f430b9c5d90a	836c8edbfc75b517cefdde6426755f9e3b71021df09b06c6f3b9c262057cd47e	38.99	38.91	0.06	67312	58013	15150	42863	0.2611483632978815	0,1,2,4,5,6,7,8,9,10,12,13,14,15,16,18,19,20,21,22,23,24,26,27,28,29,30,31,32,33,34,35,36,37,38,39,40,41,42,43,44,45,46,47,48,49,50,51,52,53,54,55,56,57,59,60,63,65,68,70,72,73,74,75,76,77,78,79,80,82,83,85,86,87,88,90,92,94,95,97	81e6e1907e78d3bcf26a8a1801dfa1c4cf02aa8a065ad4c63226b72dfc487175	1335	956910	08349d5d6f877028bb8d646c1c01fdb98adca2ab901182034491552b52c0d8ca	5a9bb3743af9e10dbc29cde1e8b4d6d8481e295b90b60398ae53c497675bff1b	
sig_h01335	sig	1335	18	32fe12c168ef80291e487dbf4045f430b9c5d90a	836c8edbfc75b517cefdde6426755f9e3b71021df09b06c6f3b9c262057cd47e	39.46	39.39	0.05	67052	51352	10050	41302	0.19570805421405205	0,1,2,4,5,6,7,10,11,12,13,14,15,16,17,18,19,20,21,22,24,25,27,28,29,30,31,33,34,35,37,38,41,42,43,44,45,46,47,48,49,50,51,52,53,54,55,58,60,61,62,63,64,65,66,67,68,69,70,71,72,73,75,76,77,79,83,84,85,86,87,88,89,90,91,92,93,94,97,99	a94c76ea34dc24fa4824714a0acdb979bee75e3b85256e44a60cbfa71af2e328	1335	922882	a9ac3b876eea3d4e7c164ca0ac8d9a7b5cf81264a7100756db4ac3d32d64ee16	85c39fe9cb2a27fba59f0206ef24c795a659fd1e54c8a5b6139aa380714b62e6	
sig_h01335	sig	1335	19	32fe12c168ef80291e487dbf4045f430b9c5d90a	836c8edbfc75b517cefdde6426755f9e3b71021df09b06c6f3b9c262057cd47e	39.15	39.09	0.06	67308	54852	11775	43077	0.21466856267775103	1,2,3,5,6,7,8,9,10,11,12,13,15,16,17,18,19,20,21,22,23,24,25,26,28,29,30,31,33,34,35,36,37,39,41,42,45,48,49,50,51,52,53,54,55,57,58,59,60,61,62,63,65,66,67,68,70,72,74,75,76,78,79,80,82,83,84,85,87,88,89,90,91,92,93,94,95,96,98,99	a6e1e411bab722637325f7d6ef0ddbe703cd8d9de5cc1be1ae54038cd6e7be30	1335	961693	64e249869d54f44f1aaa70ac24076b63da73eec5c34734b91ec36093b7b7024a	f8f4a2020fad5580494c39eb72486f7d3c05ffa8abe067ceaf7395baff2abb5b	
sig_h01335	sig	1335	20	32fe12c168ef80291e487dbf4045f430b9c5d90a	836c8edbfc75b517cefdde6426755f9e3b71021df09b06c6f3b9c262057cd47e	40.17	40.09	0.07	67180	56202	12024	44178	0.2139425643215544	0,1,3,5,6,7,8,10,12,13,15,16,17,18,19,20,21,22,24,25,26,27,30,31,33,34,35,36,37,38,39,41,42,43,45,46,47,48,49,50,51,52,53,54,55,57,61,62,63,64,65,66,67,68,69,70,72,73,74,75,77,79,81,82,83,84,85,86,87,88,89,90,91,92,93,94,95,96,97,99	44ff8a2665404a07f6c33d3a215c6a71479b7ad7b27d23f788e0749b82ad73eb	1335	985740	010b50d0cbb2b775db3da59b967aa0971f67d87abfa353b2a0b0460c3e959e4e	6d85ca4566e08d89a01d74cdb89db076bbeb052829f8a345bf81169ab964f2a1	
sig_h01335	sig	1335	21	32fe12c168ef80291e487dbf4045f430b9c5d90a	836c8edbfc75b517cefdde6426755f9e3b71021df09b06c6f3b9c262057cd47e	39.67	39.6	0.06	67184	57390	12775	44615	0.22259975605506185	0,5,6,7,8,9,10,11,12,13,14,15,16,17,18,20,21,23,24,25,26,27,28,30,31,32,36,38,39,41,42,43,44,45,46,47,48,49,50,51,52,53,56,57,58,59,60,61,62,63,64,65,66,67,68,69,71,72,73,74,75,76,77,79,80,81,82,83,84,86,87,88,89,90,91,93,94,96,97,98	cbb6948bc3a83c13e568f186e71d9c540a6f111be8afd4a416201a7d0dd44500	1335	995286	2027affdc7d075c6e7ab6259e13be695acab24805624a660d10bea6d52a5e1cb	7d5041d126caccf4bb8bdc6e9febb5c5e0650c024869d5aaadd50984a10920ed	
sig_h01335	sig	1335	22	32fe12c168ef80291e487dbf4045f430b9c5d90a	836c8edbfc75b517cefdde6426755f9e3b71021df09b06c6f3b9c262057cd47e	39.33	39.25	0.06	67180	54174	11905	42269	0.21975486395687968	0,1,2,3,4,5,6,7,8,9,10,11,12,13,14,15,17,19,20,21,22,23,24,25,26,27,29,30,31,32,35,36,38,39,40,41,42,43,44,46,47,49,50,51,52,53,54,55,56,57,58,59,60,61,62,63,64,65,67,69,71,73,75,79,82,83,84,85,86,87,89,90,91,92,93,94,95,96,97,99	27cd10be51bbfcf77948e614fd4bb73f7995aa65df5b9042cd9c4f33c0968fe2	1335	943938	a21bbf4688782bbd9b13a8fc0015bdcd9acf0befee96a44fcb2c2048ef7cf6fd	1bd5ccdfb4ac82ee64c4ad93fff156741c9b641bb3f7aa6e28f7031bc9b871e7	
sig_h01335	sig	1335	23	32fe12c168ef80291e487dbf4045f430b9c5d90a	836c8edbfc75b517cefdde6426755f9e3b71021df09b06c6f3b9c262057cd47e	39.28	39.23	0.04	67180	56324	14097	42227	0.2502840707336127	0,1,3,4,5,7,8,9,10,11,12,13,14,18,19,20,22,27,28,29,30,31,32,33,34,35,36,37,38,40,41,42,43,45,46,47,48,49,50,51,53,55,56,57,58,59,60,61,63,64,65,66,67,68,70,71,72,73,75,76,77,78,79,80,81,82,84,85,86,87,88,90,91,92,94,95,96,97,98,99	3f6d286579cf518f22e3cf57b82acbb4ffefab46c951c874ae3b19a13f2464a1	1335	943110	564f969b161351499f1e9eb9a82dee9b44fbc6528b69fe63d30356a8f1dae396	91d57c87acc9765b3e3e891323ba7ddccfc03e910a73a4c8dcd7231128d3f294	
sig_h01335	sig	1335	24	32fe12c168ef80291e487dbf4045f430b9c5d90a	836c8edbfc75b517cefdde6426755f9e3b71021df09b06c6f3b9c262057cd47e	39.6	39.52	0.05	67180	55270	11842	43428	0.21425728243169892	0,2,3,4,5,6,7,8,9,10,12,13,14,15,16,17,18,19,20,21,23,25,26,27,28,29,30,31,32,33,34,36,38,39,40,41,42,43,44,45,46,47,49,50,51,52,53,54,55,58,60,61,63,64,67,68,69,70,71,72,74,75,76,77,78,81,82,83,85,86,88,89,90,91,92,94,95,97,98,99	1e70f3b3fd2daa394afe25f56054a58e23b95af23c31b42cd9861c0fdfa7bc25	1335	969276	08cb7671f90730489af0cb51ca54f8937820697da0e6cc50d3ba86c109f44802	87377b77c311d1e9e4c9ffbe19d51603431e2e84bec3780c9e5fd56c1d5d624e	
sig_h01335	sig	1335	25	32fe12c168ef80291e487dbf4045f430b9c5d90a	836c8edbfc75b517cefdde6426755f9e3b71021df09b06c6f3b9c262057cd47e	39.23	39.16	0.06	67136	56567	13174	43393	0.23289196881574062	1,3,4,5,6,7,8,9,11,12,13,14,15,16,17,18,19,20,21,22,24,26,27,31,32,33,34,36,37,39,40,41,42,43,44,46,47,48,49,50,51,52,54,55,56,57,59,60,61,63,64,66,69,70,71,72,73,74,75,76,77,78,79,80,81,82,83,84,86,87,88,90,91,92,93,94,95,96,97,99	ccb9f4f72f8d2a1f70308bd4d927ebad2d9c51959010984e0a39b6d12d77a9d4	1335	968472	eb2fbafdba871ab44b8c14f770e4f77af46252fe1269f0d366d44cad40e5e879	e4ed49adb5181a6fb6a27a4bc67ca7d0bfbdae4a7230891c4cbd4f1eeaf73ca1	
sig_h01335	sig	1335	26	32fe12c168ef80291e487dbf4045f430b9c5d90a	836c8edbfc75b517cefdde6426755f9e3b71021df09b06c6f3b9c262057cd47e	39.39	39.33	0.04	67052	55566	12852	42714	0.23129251700680273	0,2,3,4,5,6,7,8,9,10,11,13,14,17,18,19,21,22,24,25,26,29,30,31,32,33,34,35,36,37,38,39,40,41,43,45,46,47,49,50,51,52,53,54,56,57,58,59,60,61,62,63,64,65,66,67,68,70,71,72,73,75,76,77,78,80,81,82,83,84,86,87,88,89,90,93,94,95,97,99	7062dbd99082c671ad8f426b257016d87e2d18fda8bd7c3b7390865d20a5ec82	1335	953705	06aebc2ad9e4d3e03e67ac6dea5edf6825fd12e0ce166c638449785e583c7102	55a5b50acadd7e235596c6b8384ca248e25f08ba2bb7350388ec87fb943b9bbb	
sig_h01335	sig	1335	27	32fe12c168ef80291e487dbf4045f430b9c5d90a	836c8edbfc75b517cefdde6426755f9e3b71021df09b06c6f3b9c262057cd47e	39.26	39.19	0.05	67180	54125	12208	41917	0.22555196304849884	1,2,3,4,5,6,7,8,9,10,11,12,13,14,16,18,19,20,21,22,23,24,25,27,28,29,31,33,34,36,38,39,41,42,43,44,45,46,47,48,49,50,51,52,53,54,55,56,57,59,60,62,63,64,65,66,67,69,71,72,73,74,75,77,78,79,80,81,82,83,85,89,90,91,92,93,94,97,98,99	bf58d1c34fa6763c01383368981f4c5273e8ed20d856f765b744edd49c6c9823	1335	936216	7c5ef619e50a2aace22c570b033a140a1da6804c79c0b835d6358420958e099f	767eb3d120e45e7748bb2bc1adcfe18ca7947e781a7af095ff9cd8b1a0db3269	
sig_h01335	sig	1335	28	32fe12c168ef80291e487dbf4045f430b9c5d90a	836c8edbfc75b517cefdde6426755f9e3b71021df09b06c6f3b9c262057cd47e	39.36	39.28	0.06	67308	57259	13797	43462	0.24095775336628303	0,1,2,3,4,5,6,7,8,9,11,12,13,15,16,17,19,20,21,22,23,24,27,29,30,31,32,33,34,35,36,37,38,39,40,42,43,45,48,50,51,52,53,54,56,57,58,60,62,64,65,66,67,69,70,71,72,73,74,75,76,77,78,79,80,82,83,84,85,86,87,88,89,92,93,94,95,96,97,98	1321d0a8ff6dcef68513ef4418c3f835feb7ea21792ae8016fe543f8598bcd01	1335	970140	54a0f4732469d5d0869a9e89260e6721d0f9f3f46dd6a7ed7e0535ae7a50358a	08a7664c2f13ff1e2d3406a7e2e73baa25d7ca6b4c43511d9ec0b72332c54357	
sig_h01335	sig	1335	29	32fe12c168ef80291e487dbf4045f430b9c5d90a	836c8edbfc75b517cefdde6426755f9e3b71021df09b06c6f3b9c262057cd47e	38.95	38.86	0.08	67180	53574	11493	42081	0.21452570276626723	1,2,3,5,6,9,10,11,12,13,14,15,16,18,19,24,25,27,28,29,30,31,33,35,36,37,39,40,41,42,43,45,46,47,48,49,50,51,52,53,54,55,56,57,58,59,60,61,62,63,64,65,67,68,69,70,71,72,73,74,76,79,80,81,82,83,84,85,86,88,89,90,91,93,94,95,96,97,98,99	365b7ebb8c8e792e78a2cc0bf9367a4d254d443d7a0dfe52cd994322173717ff	1335	939832	05675e498ba0d6d5ba8b41471bcd944fe4c0afd2d845fd0efcdacf44ed9475e1	03e1b8ec72ef1e088aca107bcb7cf6cabc222bcc5d4a48782ca74ceda45917ab	
sig_h01335	sig	1335	30	32fe12c168ef80291e487dbf4045f430b9c5d90a	836c8edbfc75b517cefdde6426755f9e3b71021df09b06c6f3b9c262057cd47e	39.91	39.85	0.05	67180	58323	12453	45870	0.213517823157245	0,1,2,3,5,6,8,9,10,12,14,16,18,19,20,21,23,24,26,27,28,29,32,33,34,35,37,38,39,40,42,43,44,45,46,47,48,49,51,52,53,54,55,57,58,59,60,62,63,64,65,66,67,68,69,71,72,73,75,76,77,78,80,81,82,83,84,85,86,87,88,89,90,91,92,93,95,96,97,99	7528204281f48ddacfef9c2bffd78bc716c6a78c563832d622c08855fefc0517	1335	1022581	031137d8fa8604666fe4d97c1051b6f28ba5799253d4830851f527ad51f2b46c	34eebc2d16aca58eec3312bcd6ef8368ec47edb3d774d54d568a3278ff60cb41	
sig_h01335	sig	1335	31	32fe12c168ef80291e487dbf4045f430b9c5d90a	836c8edbfc75b517cefdde6426755f9e3b71021df09b06c6f3b9c262057cd47e	39.12	39.06	0.05	67184	56624	12865	43759	0.22720048036168408	0,1,2,5,6,7,8,9,10,11,12,13,14,15,16,17,18,19,20,22,23,24,25,26,28,30,31,32,33,34,35,36,38,42,44,46,47,48,50,51,52,53,54,55,56,57,59,60,61,62,64,65,66,67,69,70,71,72,74,75,76,77,78,79,80,81,82,84,85,86,87,88,89,91,92,93,94,96,97,99	2de3cdb8efa70bd6fba2f56ca0a7c8d699fad9926fa4e080ce833cc8759c82a4	1335	976612	c1801a6b5bf4d62b9cff0a6bd0b0df9f1e3767faed4ae95c422e0b8068998f11	788a1ed34defcc483629b73c4c171b0cd50e3c4869b2cb77eb6def545e2b4b70	
sig_h01335	sig	1335	32	32fe12c168ef80291e487dbf4045f430b9c5d90a	836c8edbfc75b517cefdde6426755f9e3b71021df09b06c6f3b9c262057cd47e	39.08	39.01	0.06	67308	56217	11946	44271	0.21249799882597792	0,1,2,3,6,7,8,9,11,12,13,14,15,16,18,19,21,22,23,24,25,26,27,28,29,30,32,33,34,35,37,39,40,41,45,47,48,49,50,52,53,54,55,56,57,58,60,61,62,63,64,65,66,67,68,69,70,71,72,73,75,76,77,79,80,81,82,83,84,85,86,89,90,91,93,94,95,96,97,99	4626d44ff12b612622e6d9d15496dadbb5a7c592bfde1e0877494c67ee9a856d	1335	987892	3f9a51a70a9d9e32d852bffc66372386370c0b04e8b36f51942cfe9215beac8e	b69c866f02a723907f8ab9a7e9b07c74211441d7ea250cd3f295663af57782ca	
sig_h01335	sig	1335	33	32fe12c168ef80291e487dbf4045f430b9c5d90a	836c8edbfc75b517cefdde6426755f9e3b71021df09b06c6f3b9c262057cd47e	38.94	38.89	0.04	67056	53570	11326	42244	0.21142430464812395	0,1,2,3,4,5,6,8,9,10,11,12,13,14,15,19,20,21,22,23,24,25,27,28,29,30,33,35,36,37,38,39,40,43,44,45,46,47,48,49,50,51,52,53,54,55,56,58,59,60,61,62,63,65,68,69,70,71,73,74,75,76,77,79,80,81,82,83,84,87,89,90,91,93,94,95,96,97,98,99	a84e08eef558faa73254826c18af98fd902c66fc5f3b9e7437eee0de773c366b	1335	943450	f34b670ac9049c5de37ad1fd1b424e293c3bbf4644a14b7e85504f2909d4e8ae	bcbb9d2ab71419587dff3e6578f1e10ca4ccc804095d92c1b4e0c1255e77734c	
sig_h01335	sig	1335	34	32fe12c168ef80291e487dbf4045f430b9c5d90a	836c8edbfc75b517cefdde6426755f9e3b71021df09b06c6f3b9c262057cd47e	39.78	39.71	0.06	67308	58369	13496	44873	0.23121862632561804	0,3,5,6,7,8,9,10,11,12,13,14,16,17,18,19,20,21,22,23,25,26,27,28,29,30,31,32,34,35,36,37,39,40,41,42,44,45,46,47,49,50,51,53,54,55,56,57,58,60,62,63,64,65,66,67,68,69,71,72,73,74,75,77,80,81,82,83,84,85,86,88,90,91,92,93,94,96,97,98	d97d4b03bc9746f92196888f204edb02b7bfe38a4624c7fec5f234b7e46fb6f5	1335	1001013	3a7dc7ea1fda9d10f835b2693541653cbbf5cb56ec6a3756aa45ed055b05737e	e1fa5c558603d9aec210e86eac3b9c5abb878ff192d5e7e983228617209864ef	
sig_h01335	sig	1335	35	32fe12c168ef80291e487dbf4045f430b9c5d90a	836c8edbfc75b517cefdde6426755f9e3b71021df09b06c6f3b9c262057cd47e	38.95	38.89	0.04	67184	52710	12211	40499	0.23166382090684878	0,1,2,3,4,5,6,7,8,9,10,11,12,13,15,17,18,19,20,21,22,24,26,27,28,29,30,31,32,33,34,35,36,38,41,45,46,48,49,50,51,52,53,54,55,56,60,61,62,64,65,66,67,69,70,72,74,75,76,77,78,79,80,81,82,83,84,85,86,87,88,89,90,92,93,94,95,97,98,99	642f15ecdbf2cfcd0782b3be438938ea8335b55dba751be65246cb5e7f5d6122	1335	905226	73f94ccafcb36d36bd1fd890360d8863aab3b379a65d7901031aff3d8df4a95b	04b1722583f35b98b0f50212550444f73152e87d63d5663d9e1b3fabbcf2e489	
sig_h01335	sig	1335	36	32fe12c168ef80291e487dbf4045f430b9c5d90a	836c8edbfc75b517cefdde6426755f9e3b71021df09b06c6f3b9c262057cd47e	41.05	40.97	0.05	67096	56317	12876	43441	0.22863433776657138	0,1,2,3,4,5,6,8,9,11,12,13,14,15,17,19,20,21,23,24,25,27,28,30,31,33,34,35,37,38,39,40,41,42,43,44,45,46,47,48,50,51,52,53,54,55,56,57,59,61,62,63,64,65,66,67,68,69,70,71,73,75,76,77,78,79,80,81,83,84,87,88,90,91,92,93,94,96,97,99	13acca205c24f21db539a271fd9ade97c85ea050de28f9920f1bfbfbe67000dd	1335	969576	66337a8e8f99e52ca5695ff160c5af56251a6fa15a23153bb2f4ba9ebcb0e1d6	bd85b39d900bec9821c27e5e4db30c0970110516a5e8126f8ce8011f249ae3b9	
sig_h01335	sig	1335	37	32fe12c168ef80291e487dbf4045f430b9c5d90a	836c8edbfc75b517cefdde6426755f9e3b71021df09b06c6f3b9c262057cd47e	39.26	39.2	0.05	67180	56604	13162	43442	0.23252773655572045	1,2,3,4,5,7,8,9,10,11,12,14,15,16,17,18,20,21,22,23,24,25,26,28,30,31,32,33,34,36,37,38,39,40,41,42,44,45,46,47,52,53,54,55,57,58,59,60,61,63,64,66,67,68,69,70,72,73,74,75,76,77,78,79,80,81,82,83,84,86,87,89,90,92,93,94,95,96,97,98	4dda003a8bf3b54e8a840755abff1505779629e31a6f0ee428185c95e426761e	1335	969757	ae71de4940cc981a3ad58b9d3f0bbf591730881896f31a6967e7577e2568fc75	145bb99e3f54f6d80bae7149e06eda978ee63a30a0b9b9deba7eb1e01635bc9c	
sig_h01335	sig	1335	38	32fe12c168ef80291e487dbf4045f430b9c5d90a	836c8edbfc75b517cefdde6426755f9e3b71021df09b06c6f3b9c262057cd47e	39.37	39.3	0.05	67308	60727	14100	46627	0.23218667149702768	0,1,2,3,4,6,8,9,10,11,12,14,17,19,20,21,22,23,24,25,26,27,29,30,33,34,35,37,38,39,40,42,43,44,45,46,47,48,49,50,51,52,53,54,55,56,57,58,59,60,62,63,64,65,66,67,68,69,70,72,73,75,76,77,78,79,80,81,82,83,84,85,86,88,89,90,91,93,94,98	fecd2a43a0627359061e47ebfd09a52fe71babb59988685288e457503daac002	1335	1039416	65529044d46766d942a2d3a775092fa6b123233b76bec2af432d75ddbb06ef3d	e23a704d1bdffff3814efce1d6a1a86bf80901aa6493afe101a89b6ece142b71	
sig_h01335	sig	1335	39	32fe12c168ef80291e487dbf4045f430b9c5d90a	836c8edbfc75b517cefdde6426755f9e3b71021df09b06c6f3b9c262057cd47e	39.24	39.18	0.05	67308	55882	11714	44168	0.20962027128592392	0,1,2,3,6,8,10,11,12,13,15,17,18,19,20,21,23,24,26,28,29,30,31,32,33,34,35,37,38,39,40,41,42,43,44,45,47,48,49,50,51,52,53,54,56,57,58,59,60,61,63,64,65,66,67,68,69,70,71,73,75,76,79,80,81,82,83,84,85,86,87,88,89,90,93,94,95,96,98,99	273d9b127fba051d7c8ff23ed3d7e5bd952bee020fe51d1aa8a6f825896578fb	1335	985437	dc35b8d6b23dfbed3f11d2519a4d7bc1cd3970be649bd9d5e6652f5ee21099c2	139586fda004e9b32d5737303fde9e1686e0227173794e62541ff9641af35c29	
sig_h01335	sig	1335	40	32fe12c168ef80291e487dbf4045f430b9c5d90a	836c8edbfc75b517cefdde6426755f9e3b71021df09b06c6f3b9c262057cd47e	39.04	38.97	0.06	67180	56840	12935	43905	0.2275686136523575	1,2,3,4,5,6,7,8,9,10,11,12,13,14,15,16,17,18,19,20,22,23,25,27,28,29,30,31,33,34,35,36,37,38,39,40,41,42,43,45,47,48,49,50,52,53,54,55,57,59,61,62,64,65,67,68,69,70,71,72,74,77,78,79,80,83,85,86,87,88,89,90,91,92,94,95,96,97,98,99	96729f38b4d75f011d349328d3bf78d8df97dfc8d2f633a91f05c360e2945f71	1335	979828	1f773762ae8c2884b3509a1e63f6398f2f4145202e2a5fd1a98fdcbfca68e836	48b65eb78060ec486151555d7b9df6dfeb94b83d29178be1700448850afbe875	
sig_h01335	sig	1335	41	32fe12c168ef80291e487dbf4045f430b9c5d90a	836c8edbfc75b517cefdde6426755f9e3b71021df09b06c6f3b9c262057cd47e	39.01	38.93	0.06	67180	57190	13830	43360	0.24182549396747682	0,1,2,4,5,6,7,8,9,10,11,13,14,16,18,19,20,21,22,24,25,26,27,30,31,32,33,34,35,36,37,38,40,41,43,44,45,46,47,48,49,50,51,52,53,54,56,57,59,60,61,62,63,64,65,66,67,68,69,70,72,73,74,75,76,78,80,81,82,83,84,85,86,88,89,91,93,94,95,98	f14de4e0b7f505d07ba65aaab6cf470babdbfd048d7e952ad5278dd7734160d0	1335	967829	c4626170791c76266c37c1c21d19ca8053172eddf6d15a8d13e8676766828a29	89f3160ea4aedae77fb858ad6adadd4f29e92c96847609206338f500321ab264	
sig_h01335	sig	1335	42	32fe12c168ef80291e487dbf4045f430b9c5d90a	836c8edbfc75b517cefdde6426755f9e3b71021df09b06c6f3b9c262057cd47e	41.4	41.32	0.06	67180	54583	12577	42006	0.2304197277540626	1,3,4,5,6,7,9,10,11,12,13,15,16,17,18,19,20,21,22,24,27,29,31,32,33,34,35,36,37,38,40,41,42,43,44,45,46,47,48,50,51,52,56,57,58,59,60,61,62,63,65,66,67,68,69,70,71,72,73,74,75,78,79,80,81,82,83,84,85,86,87,88,89,93,94,95,96,97,98,99	861b178f9171653402aae1ed2b05a3b4ab50b5fb249ce66a2ed29c786f1a0323	1335	938217	22cfddd97531246b94ed51433a0ce16c85cb9d13db109e113fbfaf9d63978585	79c957a049f4783bc7942b936d43979ed45270d7fbaf0ecdf843a1cd6d318983	
sig_h01335	sig	1335	43	32fe12c168ef80291e487dbf4045f430b9c5d90a	836c8edbfc75b517cefdde6426755f9e3b71021df09b06c6f3b9c262057cd47e	39.59	39.52	0.04	67312	60429	13471	46958	0.22292276886925153	0,2,3,4,5,6,7,8,9,10,11,12,13,14,15,16,19,20,21,22,23,24,25,26,27,28,30,32,33,34,36,37,39,41,42,45,46,47,48,49,50,51,52,53,55,56,58,59,60,61,62,63,65,66,67,68,70,71,74,75,77,78,79,80,82,83,84,85,86,88,89,90,91,92,93,94,95,96,98,99	7617d7f1eef2c675b7f601d3cf0e74e202bd2259495f5c2b74e73e7a00acc989	1335	1046573	ec5cbf87960b88957544d5d93b5f4e7dc4d78a9f7eba353251cbd8f744fef668	8ca912fe9fc4fff0f0615bafbe6e4498766296c0ea33babef06f593ea18a5ca6	
sig_h01335	sig	1335	44	32fe12c168ef80291e487dbf4045f430b9c5d90a	836c8edbfc75b517cefdde6426755f9e3b71021df09b06c6f3b9c262057cd47e	39.14	39.07	0.06	67180	59207	14872	44335	0.2511865151080109	0,1,3,5,6,7,8,9,10,11,12,13,15,16,17,18,20,21,22,23,25,26,27,28,29,31,32,33,34,35,36,37,38,39,40,42,43,44,45,46,47,48,50,51,53,54,55,56,59,60,61,64,65,66,67,69,70,72,73,74,77,78,79,80,81,82,83,84,85,86,87,88,89,90,92,93,94,96,97,99	7cefea72ffa9af5375792283d3e07dfbe74943498fe4f89152412bf7ee591a26	1335	989187	1050086e22f8f062ef1a61680e148ad15526004eb169652a28c0cd463d043921	18f04e7703c65ea243292121fed52b1ff4bfad403d7d4bfe2817e47fdf2eeb51	
sig_h01335	sig	1335	45	32fe12c168ef80291e487dbf4045f430b9c5d90a	836c8edbfc75b517cefdde6426755f9e3b71021df09b06c6f3b9c262057cd47e	39.35	39.27	0.07	67164	55996	12274	43722	0.21919422815915424	0,1,3,4,5,6,7,8,10,11,12,13,14,15,16,17,18,20,21,22,23,24,25,26,27,28,29,30,31,32,33,34,36,37,39,40,41,43,44,48,49,51,52,53,54,55,56,57,58,60,61,63,64,66,68,69,70,71,73,75,76,77,78,79,80,81,82,83,84,85,86,87,88,89,91,92,93,94,96,99	154d4b776ab2bf3c060658f50c6d8e521443c6cb4745ba94f76d9eada1782a4d	1335	975675	f4f723ece7c204c0ed4ada24421a9fea5268fccbe688b5ee2ace7ac0792d3e62	ed3e7d824ae425612e2609cb07f0b4d30fe9efd9bc98ab0ba1bc15e41ec84096	
sig_h01335	sig	1335	46	32fe12c168ef80291e487dbf4045f430b9c5d90a	836c8edbfc75b517cefdde6426755f9e3b71021df09b06c6f3b9c262057cd47e	39.32	39.26	0.05	67184	56838	14252	42586	0.250747739188571	1,2,4,5,6,7,8,9,10,11,12,13,14,15,16,18,19,20,21,22,23,25,26,27,29,30,31,32,33,34,35,36,38,39,40,41,42,43,44,46,47,49,50,51,52,53,54,55,56,57,58,59,60,61,62,63,64,65,66,67,68,69,70,71,72,76,78,80,81,82,83,84,85,86,87,88,90,93,95,98	17d21142e0346fb0b40bd29071c18887926e6d47685c1544a3e42841368509f9	1335	950955	974eeda3ed32eab184ec3f7d0f132f305842ba49fd2c07254b4f2fc531c33f01	1c3e565082f8660887b76025c34b681c3eb3bdd800e1bc8f2eefd0de74ca5b90	
sig_h01335	sig	1335	47	32fe12c168ef80291e487dbf4045f430b9c5d90a	836c8edbfc75b517cefdde6426755f9e3b71021df09b06c6f3b9c262057cd47e	39.65	39.56	0.08	67052	53516	10822	42694	0.20221989685327751	0,1,2,3,4,5,8,9,10,11,15,16,17,18,19,20,21,23,24,25,26,27,28,29,30,32,33,34,35,37,38,40,41,42,44,45,46,47,48,49,51,52,53,55,56,58,60,61,63,64,65,67,69,70,71,72,73,74,75,76,77,78,79,80,81,82,83,84,86,87,88,89,90,91,92,93,94,96,97,99	95192313221795ebd1951e866dbb37b0e67be46eadf6b24b15451c3858f57e9a	1335	953191	4a817c569cc84e7d0a577554402e3a3cf7fbfbd25ab71574a1312d823067e734	3ca8a5384922b3d5ac69815cad1e199ae492b175b994b315408ef6dbe26e2eb4	
sig_h01335	sig	1335	48	32fe12c168ef80291e487dbf4045f430b9c5d90a	836c8edbfc75b517cefdde6426755f9e3b71021df09b06c6f3b9c262057cd47e	38.83	38.77	0.05	67088	52562	10955	41607	0.20842053194322896	1,2,3,4,6,7,8,9,10,11,15,17,18,19,20,24,25,26,27,28,29,30,32,33,35,36,37,38,40,41,42,43,44,45,46,47,49,50,51,52,53,54,55,56,57,58,59,61,62,63,65,66,68,69,70,71,72,73,74,75,76,77,80,81,84,85,86,87,88,89,90,91,92,93,94,95,96,97,98,99	260f55673c126e025e5f990c9ee92f5b995ed06af3387f3caf83f645352688d0	1335	929500	7b3bc606c8faa1a1e17e6f57f74f6cf40c675d336f86e1f45514fd9aa846b9ef	89963de155fc08a79cc805f0afbd0c3f35c9b993b72780e97c0fa9d6c997e611	
sig_h01335	sig	1335	49	32fe12c168ef80291e487dbf4045f430b9c5d90a	836c8edbfc75b517cefdde6426755f9e3b71021df09b06c6f3b9c262057cd47e	39.03	38.96	0.05	67184	55420	13243	42177	0.23895705521472393	1,2,3,4,5,6,7,8,10,11,12,13,14,15,16,17,20,21,22,25,26,27,28,29,30,31,33,34,35,36,37,38,40,41,42,43,44,45,46,48,49,50,51,52,53,54,55,56,57,58,59,60,62,63,65,66,67,68,69,70,72,73,74,76,78,79,80,81,83,84,88,90,91,92,93,94,95,97,98,99	e80181049a20d1e24d1d2f8f473c6303a9d44c18d635964d2bae7c48dc11c8b7	1335	942088	1c93a27cb26cdc2c788fed7c677b6d8fc4c41e53efc4746cb70a299f4626e1ee	4706bce2986396825cc6f0216164fb55d5d5569f34e62d0cf4b013510c77d42f	
sig_h01335	sig	1335	50	32fe12c168ef80291e487dbf4045f430b9c5d90a	836c8edbfc75b517cefdde6426755f9e3b71021df09b06c6f3b9c262057cd47e	41.04	40.97	0.06	66908	53500	10825	42675	0.20233644859813085	0,1,2,3,4,5,6,9,10,11,12,13,14,15,16,17,18,19,20,21,23,25,26,27,28,30,31,33,34,35,36,37,38,39,41,42,43,44,45,48,49,53,54,55,56,57,58,59,60,61,62,63,64,65,67,68,69,71,72,73,74,75,76,78,82,83,84,85,86,87,88,89,90,92,93,94,95,96,97,99	256c593b9417ad0ad51d64a0a9b0a741800da0ed7b4979cb65bbea7af5fc7b5d	1335	952931	8db23a6f68fe015d991f0483054badae8de1aef96d50bae814cf53df73d37927	1e0c00fa9c6120813758032d8074cd8eaa0e66da70b8bd4db33ef4f10d3c6890	
sig_h01335	sig	1335	51	32fe12c168ef80291e487dbf4045f430b9c5d90a	836c8edbfc75b517cefdde6426755f9e3b71021df09b06c6f3b9c262057cd47e	39.34	39.25	0.06	67180	59498	13710	45788	0.23042791354331238	0,2,4,6,7,8,9,10,11,12,13,14,16,17,19,20,21,22,23,24,26,27,28,29,30,31,32,33,34,35,36,37,38,39,41,42,43,44,45,46,47,48,49,50,51,52,54,56,57,58,59,60,61,63,65,68,69,70,71,73,74,75,76,77,78,79,80,83,85,88,89,90,91,92,93,94,95,96,97,99	d49f535640836164460176b474bf1da557f7359b2a902f74c67be70571c68509	1335	1020959	ed9363bfb58b10fac444cd7424d484a8b4123c0978bae6bdd8c480b1a1a2116a	db3b17aae297f32a3aeb8bfad984c1d05589aa5df737a2cb90ff355243a00850	
sig_h01335	sig	1335	52	32fe12c168ef80291e487dbf4045f430b9c5d90a	836c8edbfc75b517cefdde6426755f9e3b71021df09b06c6f3b9c262057cd47e	39.55	39.47	0.08	67184	52191	11239	40952	0.2153436416240348	0,1,2,3,4,5,6,7,8,9,10,11,12,13,16,18,23,24,25,26,27,28,29,30,32,34,35,36,37,38,39,40,41,42,43,45,46,47,48,49,50,51,52,53,54,55,56,57,58,59,60,61,62,65,66,67,68,69,70,72,73,75,76,78,79,80,81,82,83,85,86,87,89,91,92,93,94,95,96,98	d6664fcfc68aad06d7b14e04eeb440d0e75584bb00a167069232832a995c8538	1335	915258	e755204b13b0f40c372b495131e4e338c24e74d8a35ab6af095983b39cde2c7b	dd082ffb032edecd367ba5eb35af743aabcb730162dac4435b2efe38e66621d0	
sig_h01335	sig	1335	53	32fe12c168ef80291e487dbf4045f430b9c5d90a	836c8edbfc75b517cefdde6426755f9e3b71021df09b06c6f3b9c262057cd47e	39.41	39.36	0.04	67180	53708	10663	43045	0.1985365308706338	0,2,3,4,5,6,7,8,9,11,12,14,15,16,18,21,22,23,24,25,27,29,31,33,34,35,36,37,39,40,41,42,43,44,46,47,48,49,50,51,52,53,54,55,56,57,58,59,60,61,62,63,65,66,67,68,69,70,72,75,76,77,78,79,80,81,82,84,86,87,89,90,91,93,94,95,96,97,98,99	e953f66173621e7c5d76b37899ad4dcc05c484c744eadb5cfcbcc6a71c509e58	1335	960848	c64dcbbf85f4fbacaeee5b73207112db336936e31e32736e5f1fc9edaf8d6703	120683bbcfbb6a6f8cbccef786164384d0e1fc91b52f9ad829d7bcbb8103dd51	
sig_h01335	sig	1335	54	32fe12c168ef80291e487dbf4045f430b9c5d90a	836c8edbfc75b517cefdde6426755f9e3b71021df09b06c6f3b9c262057cd47e	39.13	39.07	0.05	67180	54881	11646	43235	0.21220458810881726	1,2,4,5,7,8,9,10,11,12,13,14,15,16,18,19,20,21,22,23,24,25,26,27,28,30,31,34,35,36,38,39,40,41,42,43,45,46,47,48,49,50,51,52,53,54,56,57,58,60,61,63,64,65,66,67,68,69,70,72,73,74,75,77,78,79,80,81,83,84,86,87,88,90,91,93,94,95,96,99	b8d17effa9ddf0a119e29994594210f67cc54f7062491d04d2b979a4c2534d9f	1335	965089	afa62917cfbb72880747fe6f42065d455113c3d793d54eca600ab767781bb472	6e741a88ce09d098042186302f74518bfe3b4044ddd0d11b958f1e903f61fcd7	
sig_h01335	sig	1335	55	32fe12c168ef80291e487dbf4045f430b9c5d90a	836c8edbfc75b517cefdde6426755f9e3b71021df09b06c6f3b9c262057cd47e	39.48	39.4	0.07	67052	54165	11097	43068	0.20487399612295762	0,1,2,3,4,5,6,7,8,9,13,14,15,16,17,18,19,20,22,24,26,27,28,29,30,31,33,35,36,37,39,40,41,42,43,44,47,48,49,50,51,53,54,55,57,58,59,60,61,62,63,65,67,68,69,70,71,72,73,74,75,76,77,78,79,80,82,83,86,87,88,90,91,92,93,95,96,97,98,99	4b691f4374e2fa2ad0797f1f1d450c61c6f9eebb5a0cc6d8918237adeb83aef5	1335	961444	ba7c6248420e83f6213ffda71a37c3bfec2c3519e2275fda72e90a78f71f358a	540140118a1f58a299d1db06604a2ab198130d1cb5270e34adb26a4c630f25db	
sig_h01335	sig	1335	56	32fe12c168ef80291e487dbf4045f430b9c5d90a	836c8edbfc75b517cefdde6426755f9e3b71021df09b06c6f3b9c262057cd47e	39.39	39.33	0.05	67052	52074	10469	41605	0.2010408265161117	0,2,3,4,5,6,10,11,12,13,14,15,17,18,20,21,22,23,24,25,27,28,29,30,31,32,33,35,36,37,38,40,41,42,43,44,45,47,48,49,50,51,52,53,54,55,56,57,58,59,61,63,64,65,66,67,69,70,71,72,73,75,76,77,78,80,81,82,83,84,86,87,88,90,92,93,96,97,98,99	ad5edf99055f5649618b4f6242868ad7ef69bdeae6484f7f336ba504c0c36bab	1335	929426	2686ed1e2dba4adff548aa616cf3b32ec722127bb7efb4a2a1cbdf0866c6c671	fedb3677dfb4546958a972069b6c7cb3fa7e22ddda0805c1737d3ab9a01b8958	
sig_h01335	sig	1335	57	32fe12c168ef80291e487dbf4045f430b9c5d90a	836c8edbfc75b517cefdde6426755f9e3b71021df09b06c6f3b9c262057cd47e	39.23	39.14	0.08	67308	59252	15652	43600	0.2641598595827989	0,1,3,6,8,9,10,11,12,13,14,15,18,19,20,21,22,24,25,27,29,30,31,33,34,35,36,37,38,39,40,41,42,45,46,47,48,49,50,51,53,55,56,58,59,60,61,63,64,65,66,67,68,69,70,71,72,73,74,75,76,77,78,79,80,81,82,83,84,86,88,90,92,93,94,95,96,97,98,99	f6ace67630086ac2bfb8e860806d168f9589f37d53029db62245886e272e0935	1335	973113	795f155d09a4ee64938cc8a7293fabc42326a2c36d09c52caf73e8a3fde0bfb1	12c3e169d1986899aeadcba48b281b252f66f53054c20484b4889ac4189d7e7e	
sig_h01335	sig	1335	58	32fe12c168ef80291e487dbf4045f430b9c5d90a	836c8edbfc75b517cefdde6426755f9e3b71021df09b06c6f3b9c262057cd47e	39.21	39.13	0.07	67180	53712	10628	43084	0.1978701221328567	0,2,4,5,6,7,9,10,12,13,14,15,16,17,18,19,20,21,22,23,24,26,27,29,31,32,33,34,35,36,37,38,39,40,42,44,45,46,47,48,49,50,51,52,53,54,55,56,57,58,59,60,61,62,67,68,69,70,71,73,74,75,76,77,78,79,80,81,82,85,87,88,89,90,91,92,94,95,96,99	cfaebf8e23ab234e6b537a7b1a2fd8c81fd775756ad7e3dd1fba31ee8efa573b	1335	961850	ff99df21b275b8346a958ccaa4c3102b82a0cb87af4fedad86d29b1ff9a65c68	0963de5bb4695386247635efd92eba0ea132546dbf95448667cfb79fcbbbb042	
sig_h01335	sig	1335	59	32fe12c168ef80291e487dbf4045f430b9c5d90a	836c8edbfc75b517cefdde6426755f9e3b71021df09b06c6f3b9c262057cd47e	41.42	41.34	0.04	67312	56621	13275	43346	0.23445364793981033	2,3,4,5,6,7,8,9,10,11,12,13,14,15,16,17,18,19,20,21,22,23,24,25,26,29,30,31,32,33,34,36,37,38,39,40,41,42,43,45,46,48,50,51,52,54,55,59,61,63,64,65,66,67,68,69,70,71,72,73,74,75,76,77,78,79,80,81,84,85,87,88,91,92,93,95,96,97,98,99	d6d2b6c1e22e4205e2b1ecddefc7e0cb1e4d57b185759f5e076c4a75cb02f3cd	1335	967612	d1214c46e943be588fc453b7cddb69e2ab62c8b9fe3950c527319395e368651e	56d4175e8b6600c8635f9e98ea7e1c7171c0fe5d1a5fa9ed0cd44f564ebef17a	
sig_h01335	sig	1335	60	32fe12c168ef80291e487dbf4045f430b9c5d90a	836c8edbfc75b517cefdde6426755f9e3b71021df09b06c6f3b9c262057cd47e	39.01	38.96	0.04	67308	56797	12641	44156	0.2225645720724686	0,1,2,3,4,9,11,12,13,14,15,16,17,18,19,21,23,25,26,27,28,29,31,32,34,36,37,38,40,41,42,43,45,46,47,48,49,50,51,52,53,54,55,56,57,58,59,61,62,63,64,65,66,67,68,69,70,71,72,73,74,75,76,77,78,79,80,81,83,84,85,88,90,91,92,94,96,97,98,99	8ba51d8d93ba626dd0935313bed7d0dd71c1d4370698b08e3dc25050b4b1d5ca	1335	985264	aea0398ee75e88f44d1e69f6668103d351930b1e37ed45f9ed644d29f3c6d5e0	04a04183a51742b3b9181dba0cbdf8087ee16556ebe1d669a2f068b3aa2268ee	
sig_h01335	sig	1335	61	32fe12c168ef80291e487dbf4045f430b9c5d90a	836c8edbfc75b517cefdde6426755f9e3b71021df09b06c6f3b9c262057cd47e	39.0	38.95	0.04	67180	55029	12475	42554	0.22669864980283125	0,1,2,5,7,8,9,10,11,12,13,14,15,16,17,18,19,20,21,22,23,25,26,27,30,33,34,35,36,37,38,39,40,41,43,44,45,46,47,48,49,50,51,52,54,56,58,60,61,62,63,65,66,67,69,70,71,73,74,75,77,78,79,80,81,82,83,84,85,86,87,89,91,92,93,94,95,96,97,99	8a9ee3e9e1cc9267094df1169bbe5cfd3e63fcdd405d48ce8db4c32118d7d3ca	1335	950246	bacb41e4057a68eeb491a71fe3cce79a403a21e6592d8d418d0b785abc2a79ce	2a7f06b7ccbc8da8703e97ac12c5ae8eccc9db579c039d8304c4afe6f91f8b25	
sig_h01335	sig	1335	62	32fe12c168ef80291e487dbf4045f430b9c5d90a	836c8edbfc75b517cefdde6426755f9e3b71021df09b06c6f3b9c262057cd47e	38.92	38.88	0.04	67180	55025	13409	41616	0.24368923216719673	1,2,3,4,5,6,7,8,10,11,12,13,14,15,17,18,19,21,22,24,25,27,29,30,31,33,36,38,40,41,42,43,44,45,46,47,48,49,50,51,52,53,54,55,56,57,58,59,61,62,64,65,66,68,69,70,71,72,73,77,78,79,80,81,83,84,85,86,87,88,89,90,92,93,94,95,96,97,98,99	0b2c295eaf9586f9a668ef15009ce877c8040e8361be47064bf932e528666268	1335	929705	e285fc849c1b7cc293e66d86e995e8bfb8f6f3d23c8b354d285173c456479649	65d53236c3c1a05ab2d1ff45ca3022a3e814f1ce85cb3521f5e5856db22137b6	
sig_h01335	sig	1335	63	32fe12c168ef80291e487dbf4045f430b9c5d90a	836c8edbfc75b517cefdde6426755f9e3b71021df09b06c6f3b9c262057cd47e	39.02	38.95	0.06	67140	55953	13347	42606	0.23853948849927617	1,2,3,4,6,8,9,10,11,12,13,14,16,17,18,19,21,22,23,24,25,26,27,28,29,30,31,32,33,34,36,37,38,40,42,43,44,45,46,47,48,49,50,52,53,54,55,56,57,58,59,61,64,65,66,67,68,69,70,72,73,76,77,78,79,80,81,82,84,85,87,88,89,90,92,94,95,96,98,99	4c74943e5f8853136b77dc5eebec9a5de4462eb18ed3310d1f6afec11ca20d16	1335	951306	590b375c2020cbc173d04780c727a013f5d0a4ba5f48539810944d3c3cbabf04	3ce6c0e8a4b164b14440d0f7b08d59db3d20bce78bb4c6c509eff7068db85d2b	
sig_h01335	sig	1335	64	32fe12c168ef80291e487dbf4045f430b9c5d90a	836c8edbfc75b517cefdde6426755f9e3b71021df09b06c6f3b9c262057cd47e	38.99	38.92	0.06	67180	54231	11574	42657	0.21342036842396414	0,1,2,4,6,7,8,9,12,13,14,15,16,17,18,19,20,21,22,23,24,27,29,31,32,34,36,37,38,39,40,41,42,44,45,46,47,48,49,50,51,52,54,55,56,57,58,60,61,62,64,66,67,69,70,71,72,73,74,75,76,77,78,79,80,81,82,83,84,87,88,90,91,92,93,94,96,97,98,99	ad47c961b77769827af574869986a83a808623c1e64314073cc56698f3440174	1335	952505	ffb6872f0af5d046b027fdc429436ceeda776821fbdb8d06bd6b871df49875d0	9ae6a58550a4f38e952a7d76b3dc89713e12d04c2f175091798e27f2cf888961	
sig_h01335	sig	1335	65	32fe12c168ef80291e487dbf4045f430b9c5d90a	836c8edbfc75b517cefdde6426755f9e3b71021df09b06c6f3b9c262057cd47e	39.59	39.52	0.06	67180	54885	10574	44311	0.1926573745103398	1,2,3,4,5,6,8,9,12,14,15,16,17,19,20,21,22,23,24,25,26,27,28,29,30,31,32,33,34,35,36,37,40,41,42,43,44,45,46,47,48,49,51,52,54,57,58,59,60,61,62,63,66,67,68,69,70,71,72,74,76,77,78,80,81,83,84,87,88,89,90,91,92,93,94,95,96,97,98,99	5165ecf0c99fe0ae652c90f1fc5a21307b388d4b29e49ebee67f0458564382ed	1335	988789	cda5f28fc71a08c29d82b2e68c1e1e2727ef90dc71e9cd5d40bb52c229fdfcb3	5ea0c03b07d169caaf3628f85f9dfe4f9592739e29441b48513caf5a70d115f9	
sig_h01335	sig	1335	66	32fe12c168ef80291e487dbf4045f430b9c5d90a	836c8edbfc75b517cefdde6426755f9e3b71021df09b06c6f3b9c262057cd47e	39.8	39.75	0.04	67104	55571	12429	43142	0.22365982256932573	1,2,3,5,6,7,8,10,11,12,13,14,15,16,17,18,19,20,21,22,23,24,25,26,27,28,30,31,32,33,34,35,36,38,40,41,42,43,44,45,46,47,48,49,50,51,52,54,55,56,57,58,59,60,62,64,65,66,67,68,69,70,72,74,75,77,78,79,80,82,84,85,86,87,88,91,92,96,98,99	0a84de14ce02a447186955a6f8c92b81584d502846e31c159d22fe22262468db	1335	963057	a4532cb7226749c82d84a9582082ef27901a58eef0361e43383b86f2ed907e8f	77d80b1c7ae296aa4cb334fdf9f57f8fc5b1ca1db4baba421268cb060f471e88	
sig_h01335	sig	1335	67	32fe12c168ef80291e487dbf4045f430b9c5d90a	836c8edbfc75b517cefdde6426755f9e3b71021df09b06c6f3b9c262057cd47e	39.07	39.0	0.06	67112	54463	11589	42874	0.21278666250481978	0,1,2,3,4,5,6,8,9,10,12,13,14,15,16,17,18,19,20,21,22,23,24,25,26,28,29,31,32,33,35,36,37,38,39,41,42,43,44,45,46,47,48,50,52,54,55,57,58,59,60,62,63,64,66,68,69,70,71,72,74,75,76,77,78,79,80,82,83,86,88,89,91,92,93,94,95,96,97,99	8195c3037d5ccf5b51425412c209dd9cba967e34e5cbf182bf8e7e2e57bcfaf9	1335	957162	4a88414df81e235fd4c659f5dbde22a91e6cc0cac2a1a4ef2148b4c94fb6acdf	c68bc7b120dd89df58e826bc2f47fbe045105733e9d4cf21ed61b4e339a158f6	
sig_h01335	sig	1335	68	32fe12c168ef80291e487dbf4045f430b9c5d90a	836c8edbfc75b517cefdde6426755f9e3b71021df09b06c6f3b9c262057cd47e	39.27	39.2	0.05	67180	57509	12542	44967	0.2180876036794241	0,1,2,5,6,7,8,9,11,12,16,18,19,20,21,22,23,24,25,26,28,29,30,31,33,34,35,36,39,40,41,42,43,44,45,46,47,48,49,50,51,52,53,55,56,57,58,62,63,64,65,67,68,70,71,72,73,74,75,76,77,78,79,80,81,82,83,84,85,87,88,89,90,91,92,94,95,96,97,99	3cf81bc6e742428b5d7d08d515cddccbeda39d95af1388e40213d0e575dcd3c3	1335	1003072	94ff0d3280a1e77ce5c2e95fd13d0e042478c69e0d4d9b198fa011505729fdd9	633a7bbc1b0fd3428a557e1e7457ae418045299261fc1eabec16b423f727c77e	
sig_h01335	sig	1335	69	32fe12c168ef80291e487dbf4045f430b9c5d90a	836c8edbfc75b517cefdde6426755f9e3b71021df09b06c6f3b9c262057cd47e	39.17	39.1	0.05	67160	55512	13043	42469	0.23495820723447183	0,2,3,4,5,7,8,9,10,11,12,13,14,15,16,17,18,19,20,22,24,25,27,28,29,31,32,33,34,35,37,40,41,42,43,44,45,46,47,48,49,50,51,52,53,55,56,57,58,60,61,62,64,65,66,67,68,69,70,71,72,74,75,76,77,79,82,83,84,85,89,91,92,93,94,95,96,97,98,99	9ef762b13e73e1aff4a5990a057f5aa4dd2f2c4912ea20051616c6275a61df2d	1335	948435	77e2172402b6e6b66749df7c4301532cf8022cfbe3e2d958ae714902edbd3503	3aa26b3d13b8fe79e478f828f837de34e001eb7ac189ab52d2df3550ffac9b2c	
sig_h01335	sig	1335	70	32fe12c168ef80291e487dbf4045f430b9c5d90a	836c8edbfc75b517cefdde6426755f9e3b71021df09b06c6f3b9c262057cd47e	39.22	39.13	0.08	67180	56426	12865	43561	0.22799773154219685	0,1,2,3,4,5,6,7,8,9,10,11,13,14,15,16,19,20,21,22,23,25,26,27,28,29,30,31,33,34,35,36,37,38,40,41,42,44,45,46,47,48,49,50,51,52,54,55,56,58,62,63,64,66,69,70,72,73,74,75,77,78,79,80,81,82,83,84,85,86,87,88,90,91,92,93,94,97,98,99	6c28058625ca4e531fd6b53c9de4f4cdbdd18bcca17827e3ff55ed7ef69ae4b0	1335	972365	9a3dfb4e7a4555f95a3c028f43f033d32271e752e993089672ca62bb71b33f8f	8a321032cf33eff3a9094210696aa0da971e2fc33858ac1ca9bba07da3288d16	
sig_h01335	sig	1335	71	32fe12c168ef80291e487dbf4045f430b9c5d90a	836c8edbfc75b517cefdde6426755f9e3b71021df09b06c6f3b9c262057cd47e	39.73	39.66	0.06	67180	55916	12270	43646	0.2194362973030975	2,3,4,5,6,7,8,9,11,12,13,14,16,18,19,20,21,22,23,24,25,26,27,28,29,31,32,33,34,35,37,38,39,40,42,43,44,45,46,47,48,50,51,52,53,54,55,56,57,59,60,62,63,64,65,66,67,68,69,72,74,75,76,77,78,79,81,83,84,86,89,90,91,92,93,94,95,96,97,98	c373b9966ef7ba80d30c049e3c36cdbc685e974826dad80311057c9eb482a1f1	1335	974045	8e9c01eb16cfa15a269b5e58ed6f84446c4e645302082cdd10a747c51809e642	fed67ffcb98dc177049e09a7acde4eeab2b0ac73c36ffe43ce977258259b785c	
sig_h01335	sig	1335	72	32fe12c168ef80291e487dbf4045f430b9c5d90a	836c8edbfc75b517cefdde6426755f9e3b71021df09b06c6f3b9c262057cd47e	39.09	38.99	0.09	67184	56305	12638	43667	0.22445608738122724	0,1,2,4,6,7,8,9,10,11,12,13,14,15,17,20,21,23,24,26,27,28,29,30,31,33,34,36,37,38,39,40,41,42,43,44,45,48,49,51,53,55,57,58,59,60,61,62,63,64,66,67,68,69,71,72,73,74,75,76,78,79,80,81,82,83,84,85,86,87,88,89,90,91,92,95,96,97,98,99	bb21f8cef596e8d85346f210124814c42773b092389f8bc13dcfa27d4bae5642	1335	974492	fb9b024db46936c0de3419d265e7d183f07052d3ad808132a840fba0e8099c74	76d70e2c7c4419963bfb1728ec398eb2b6dbd8e8954e36fe065c5fad43a43ede	
sig_h01335	sig	1335	73	32fe12c168ef80291e487dbf4045f430b9c5d90a	836c8edbfc75b517cefdde6426755f9e3b71021df09b06c6f3b9c262057cd47e	39.58	39.52	0.05	67124	55463	11681	43782	0.21060887438472495	0,1,2,3,4,5,8,9,11,12,13,14,16,17,18,19,20,21,22,23,24,25,26,28,29,30,31,32,33,35,37,38,39,40,41,42,44,45,47,48,49,50,51,52,53,54,56,57,61,62,63,64,66,67,69,71,73,74,75,76,78,79,81,82,83,84,85,86,87,88,89,90,91,92,93,94,95,96,97,99	ab37aca254fbac18330c695e501128eb8bdebdae12bd91661823f9f63bb78838	1335	977140	426cb4c5862ab7a354f5c481756969b6011f24aaeb2668aaf48192d56670ed5d	4f384179f9718f8ccd602095fad6cd40e79d08f9225f5710e5ec00dbf859e329	
sig_h01335	sig	1335	74	32fe12c168ef80291e487dbf4045f430b9c5d90a	836c8edbfc75b517cefdde6426755f9e3b71021df09b06c6f3b9c262057cd47e	39.41	39.36	0.04	67184	54949	11645	43304	0.21192378387231797	0,1,2,3,4,6,7,8,9,10,12,13,14,15,17,18,19,20,21,22,23,24,25,26,27,28,30,32,33,34,35,36,37,38,39,40,41,42,43,45,48,50,51,52,54,56,57,60,61,62,63,64,65,66,67,68,69,70,71,73,74,75,78,79,81,82,83,85,86,87,88,89,90,91,92,94,95,96,97,99	009c5027e2c0e6a8e5bf21521cafd7735dcce390e2957e085ac4966e0adc6281	1335	966709	8e19bb5c0344c14a18ec126ec81c3f9ac1d75a18c158e3a498536f47b0c8c233	2d32e8fba550c2cb8a3150d02881587529d1431f1be9aa87fd9be2bbd32523b3	
sig_h01335	sig	1335	75	32fe12c168ef80291e487dbf4045f430b9c5d90a	836c8edbfc75b517cefdde6426755f9e3b71021df09b06c6f3b9c262057cd47e	39.79	39.72	0.06	67052	54035	11875	42160	0.2197649671509207	1,2,3,4,5,6,8,9,10,12,13,14,15,16,18,19,20,21,22,24,26,27,28,29,30,32,33,34,35,36,37,38,39,40,41,42,43,44,45,46,47,49,50,52,54,55,56,58,59,60,61,62,64,66,67,68,69,70,71,72,73,74,75,76,77,80,81,84,85,86,87,89,90,91,93,94,95,97,98,99	f464e52d7ff2e843d3fa5abb3d9ea5494da98e274ee4e2fdb4543ab0822d529d	1335	941636	9fcc17fd190b8896adeffd1bd267fe57b925192606a4b9187e6c6ddd496bfbbf	64b849078e92a6e085437f49255c90fddb6126e96ed6c6710a228c41dcdddc6e	
sig_h01335	sig	1335	76	32fe12c168ef80291e487dbf4045f430b9c5d90a	836c8edbfc75b517cefdde6426755f9e3b71021df09b06c6f3b9c262057cd47e	39.36	39.28	0.06	67180	54108	12923	41185	0.23883714053374733	0,1,2,3,4,5,6,8,9,10,11,12,14,15,16,17,18,19,20,23,24,25,26,27,29,30,31,32,33,34,35,37,38,39,40,42,43,44,45,46,48,49,51,52,53,55,56,57,58,59,61,62,63,64,65,69,70,71,72,73,74,75,76,77,78,79,80,82,83,85,87,88,90,92,93,94,95,97,98,99	24ca285cd072230e5c83b67143d822fb769000e9318ca3ea293e27404f4c4f4b	1335	920316	60b6d9103877a4052243fbe460b11c49691a3c6240a108b8c0c12f546c0d5e08	7ddf44b4c08847f551395ad463d8a635552be39c0d41fc850ec07d7d91a0ea42	
sig_h01335	sig	1335	77	32fe12c168ef80291e487dbf4045f430b9c5d90a	836c8edbfc75b517cefdde6426755f9e3b71021df09b06c6f3b9c262057cd47e	39.56	39.5	0.05	67180	57428	13322	44106	0.23197743261126977	1,2,4,5,6,7,8,11,12,13,14,15,16,17,18,20,22,23,24,26,27,28,29,30,31,33,34,35,36,37,38,39,40,41,42,43,44,46,47,48,49,50,51,53,54,55,56,57,58,59,60,62,63,64,65,66,68,69,70,71,72,73,74,76,77,80,82,83,85,88,89,90,91,92,93,94,95,96,97,98	aa8af747e8f0a4244327cf643d41732fd7bd874c8290c19e469e850a2ceaecb4	1335	984124	264bfb47142df7b642a83cc8e4a45fc3c21e58ab33b7ae44760e155f1e520b2c	689bdbcb10ba8e28eb6b44c9d2ae62994d2d8f8804a2b15e4eb7af0799fe49ae	
sig_h01335	sig	1335	78	32fe12c168ef80291e487dbf4045f430b9c5d90a	836c8edbfc75b517cefdde6426755f9e3b71021df09b06c6f3b9c262057cd47e	39.0	38.95	0.04	67184	57902	13590	44312	0.23470691858657733	1,4,6,7,8,9,10,11,12,13,14,15,16,17,18,19,20,21,22,23,24,25,28,29,30,31,32,33,35,36,37,39,40,41,42,43,44,46,47,48,49,50,51,52,53,54,55,57,58,59,60,61,63,64,66,67,68,70,71,73,74,75,76,77,79,80,81,82,84,85,86,88,89,90,91,92,93,94,96,98	839939d759a86de058ae6be5692313837ee1dd6c7e9dcb66740a595674693e94	1335	988735	b71b4b26a7a9bd93a4b50c4d545eefc270baeabadac56022817c2aba594337c9	8f51550280322e9827bccf80d35869176e23cb58f55bb31a8d35eebbf3a1d398	
sig_h01335	sig	1335	79	32fe12c168ef80291e487dbf4045f430b9c5d90a	836c8edbfc75b517cefdde6426755f9e3b71021df09b06c6f3b9c262057cd47e	39.14	39.08	0.05	67308	59153	14177	44976	0.23966662722093554	0,1,2,3,4,5,6,7,8,9,10,11,13,14,15,16,17,18,19,20,21,23,24,25,26,27,28,29,33,34,35,36,37,38,39,41,42,43,44,45,48,49,50,51,53,54,55,56,57,59,60,61,62,66,67,68,69,70,72,74,75,77,78,79,81,83,84,85,86,87,88,90,91,92,93,94,95,96,97,98	8cfacd1968cb78ef89cecdcd7d750aaf3d6222fa75b24d52faca44cf2634b1f4	1335	1003231	4f33b262a9c5d96da76d83de0eeaf7ad1eeb1413a18f729411765e86d9dee9d6	ab95c8baea7dd44d62ba5258b346e48eeb415a27b491d87d28b9d2483ba37653	
sig_h01335	sig	1335	80	32fe12c168ef80291e487dbf4045f430b9c5d90a	836c8edbfc75b517cefdde6426755f9e3b71021df09b06c6f3b9c262057cd47e	39.25	39.17	0.07	67180	57006	13074	43932	0.2293442795495211	1,2,3,4,5,6,7,8,9,10,11,12,14,15,16,17,19,20,21,22,24,25,26,27,28,30,31,33,34,35,36,37,39,40,41,42,43,44,46,47,48,49,51,52,53,54,56,57,58,59,60,62,64,65,66,67,68,69,70,72,74,75,76,78,80,81,82,83,84,85,86,87,88,89,91,92,94,95,96,98	131446be20c2911c1164e7d2af72947a4e6997108361a06a7ee37092930e7207	1335	980433	210ea66ef903723b150a4b54c6cc6fd9789b98f90e8c955fd0c47d305bbedc62	d597909b8a345260e7ce590f9daea20fa2b4ed9c1210c960bd749abac820b976	
sig_h01335	sig	1335	81	32fe12c168ef80291e487dbf4045f430b9c5d90a	836c8edbfc75b517cefdde6426755f9e3b71021df09b06c6f3b9c262057cd47e	40.34	40.28	0.05	67184	54425	11075	43350	0.20349104271933854	0,1,3,5,8,9,12,13,15,16,17,18,19,20,22,23,24,25,26,29,30,31,32,33,35,36,37,38,40,42,43,44,45,46,47,48,49,50,51,52,54,55,56,57,58,59,60,61,62,63,64,65,66,68,69,70,72,73,74,75,76,77,78,79,80,81,82,84,86,87,88,90,91,93,94,95,96,97,98,99	b95ee9674295a959f732ba391f36246f515bd2b5886129241e55fce866fd9956	1335	967611	9ca9a6547952c78094119324a2f128111bdb1c015409cc0017e5918340f0ffd9	bf0af0ccd2492d1aeefe09889ddda641a4ed0c81d710f09070326c9277388fe8	
sig_h01335	sig	1335	82	32fe12c168ef80291e487dbf4045f430b9c5d90a	836c8edbfc75b517cefdde6426755f9e3b71021df09b06c6f3b9c262057cd47e	39.58	39.51	0.06	67180	54217	11405	42812	0.21035837467952856	0,1,2,3,4,5,6,7,8,10,11,12,13,14,15,16,17,18,19,20,21,23,24,25,26,27,28,30,31,32,33,34,36,37,40,42,43,44,46,47,48,49,51,52,53,55,57,58,60,61,62,63,64,65,66,67,68,69,70,71,72,73,75,76,77,80,82,83,84,85,87,88,89,90,91,92,93,94,97,98	6013c801b63a97540bd142dc9ca07e678c5a1e496daa97f2beaf4677ce69bf10	1335	955920	944268ea0ec4f639576b636081437688f367fd3d43b424f32dd206e6ac96284d	ecc81545b92ff2d859d05ffce35abee3a98c5a17036fe68fcc722a7d472d3e37	
sig_h01335	sig	1335	83	32fe12c168ef80291e487dbf4045f430b9c5d90a	836c8edbfc75b517cefdde6426755f9e3b71021df09b06c6f3b9c262057cd47e	39.34	39.29	0.04	67308	56089	12574	43515	0.22417942912157465	1,3,4,5,6,7,8,9,10,13,14,15,16,17,18,19,20,21,22,23,24,25,26,27,28,31,32,33,34,36,39,40,41,42,43,45,46,47,48,50,51,52,54,55,56,57,58,59,60,61,62,63,64,65,68,70,71,72,74,75,76,77,78,79,80,81,82,84,85,87,88,89,90,91,92,93,94,96,97,98	af3d69860f33008a287c4f4d8b23e21b8743ea4965200b8b5bc5c509693b4ab8	1335	971245	10edd0a31dd63f6d24a1354ddaee9804fbbe2d8d248f764bd04fc5743acb972d	2289207a6e62497479aa333c10b707da11937b39ad78924e18cf5f54f5c8c454	
sig_h01335	sig	1335	84	32fe12c168ef80291e487dbf4045f430b9c5d90a	836c8edbfc75b517cefdde6426755f9e3b71021df09b06c6f3b9c262057cd47e	39.57	39.51	0.04	67308	57821	11732	46089	0.20290205980526108	0,1,2,3,4,5,6,7,8,10,12,14,15,16,17,19,20,22,23,26,27,28,29,30,31,32,34,35,36,37,39,41,42,43,44,45,46,47,48,50,51,52,53,54,56,57,58,59,60,61,63,64,65,67,69,70,71,72,74,75,77,78,79,80,81,83,84,85,86,87,88,89,91,92,93,94,95,96,98,99	46e3ce62e8ad77207c82b430b26e5624bb911871d9cb24213c80573ea4e9ec2b	1335	1027523	9191d325e3f641b053dbe55a39270738e98fb598757a373c27473fb6972afbdf	885519f1a11c01c1f5a76f76b08521c9971e2d484731d51ecec00d80311bd199	
sig_h01335	sig	1335	85	32fe12c168ef80291e487dbf4045f430b9c5d90a	836c8edbfc75b517cefdde6426755f9e3b71021df09b06c6f3b9c262057cd47e	39.16	39.1	0.05	67056	51499	9971	41528	0.1936154100079613	0,2,3,4,5,7,8,10,11,12,13,15,17,18,19,21,23,24,25,26,27,28,29,31,32,33,34,36,37,38,39,41,42,43,44,45,46,47,48,49,51,52,53,54,55,57,59,60,61,63,64,65,66,67,68,69,70,71,72,73,74,75,76,77,78,79,80,81,85,87,89,90,91,92,93,94,95,96,98,99	de83cb66473aeea1f97278352e1cf09f9725a31ecd3bc921266488dea1f47ba6	1335	927722	ba39d015af2c049ac49a07447e0f0f4886d876536199cb2c793feb5ec1a398e6	a821079a933099e60eac77221c7d281f87b9335227c821ed6ec265ebe725b178	
sig_h01335	sig	1335	86	32fe12c168ef80291e487dbf4045f430b9c5d90a	836c8edbfc75b517cefdde6426755f9e3b71021df09b06c6f3b9c262057cd47e	39.48	39.43	0.04	67116	55026	13127	41899	0.23855995347653836	0,1,2,3,4,5,6,7,8,9,10,12,13,14,15,16,17,18,21,22,23,24,25,26,28,32,33,35,36,37,38,39,40,42,43,44,45,46,48,49,50,51,52,53,54,55,56,58,59,60,61,62,63,64,65,66,67,69,70,71,72,75,76,77,78,79,82,83,85,86,88,89,90,92,93,94,96,97,98,99	61e09e5a2eaf475cb0aa4560b9658848257812c3d99d2a78475edd66e4c307b0	1335	935848	71c89d1202aefbc9aff9cda2f112765c03ae88c5a628155456da343f3cee5fcd	39393635602971810aa96799ee74a900d11eaff21f421f17f6b21dfa671f8817	
sig_h01335	sig	1335	87	32fe12c168ef80291e487dbf4045f430b9c5d90a	836c8edbfc75b517cefdde6426755f9e3b71021df09b06c6f3b9c262057cd47e	39.02	38.94	0.06	67052	53127	10125	43002	0.1905810604777232	0,1,2,3,4,5,6,10,11,12,13,15,16,17,18,19,20,22,23,24,25,26,27,28,29,30,31,32,34,37,38,39,41,43,44,45,47,48,49,51,53,54,55,56,57,58,59,60,61,62,63,64,65,66,67,68,69,70,73,74,75,76,79,81,82,83,84,85,86,87,90,91,92,93,94,95,96,97,98,99	076827488d579f38ec3f55438308b66696be6201c3ba1c40f1ebbd3abe7f7fd8	1335	960088	713d3959e0c5c82c684b38f47ebce012ee39567a36d8d43faf25845d5cb7dbca	121cca15c3bc92b6d884e62a622bf51e39860d969c9e7a5f8afa98cf36a38039	
sig_h01335	sig	1335	88	32fe12c168ef80291e487dbf4045f430b9c5d90a	836c8edbfc75b517cefdde6426755f9e3b71021df09b06c6f3b9c262057cd47e	39.7	39.62	0.07	67312	58448	14228	44220	0.24343005748699698	0,1,2,3,4,5,7,8,9,10,11,12,13,14,15,16,17,19,21,22,23,24,26,27,29,30,31,32,33,34,35,36,37,38,39,44,46,47,48,49,50,51,52,53,55,56,58,59,61,62,63,64,66,67,69,70,71,72,73,74,75,77,78,79,80,81,82,83,84,85,86,87,88,89,90,92,93,95,96,98	1ff272521bf1a88e3576c48754a7bd9e7146223654fa515e671abfce824b5d07	1335	986634	b30d5d9a97090e328c43d439095d78131fda1722b7bcf9b3c0d1e75d5e6413e2	81921d9ca39d572f0ab0098976dbf65de40beec5c6a9b755624f4e884b437bf5	
sig_h01335	sig	1335	89	32fe12c168ef80291e487dbf4045f430b9c5d90a	836c8edbfc75b517cefdde6426755f9e3b71021df09b06c6f3b9c262057cd47e	39.26	39.22	0.04	67180	56449	12760	43689	0.22604474835692395	1,2,3,5,7,8,9,10,11,12,13,15,16,17,18,19,20,21,22,25,26,27,28,29,30,31,32,33,34,35,36,37,38,39,41,42,44,45,46,47,48,49,50,51,52,53,54,56,57,59,60,61,62,63,65,66,67,68,70,71,72,73,74,75,77,83,85,86,87,88,89,90,91,93,94,95,96,97,98,99	b9a8f115c40173733afe4624dea98695de96c1c5ab5244ce77f5d75a5215a511	1335	975084	4ea62bfa2cf578e5f2fcb5b889aa3487c04b9cf95e5ecfb19550e9cd63887baa	de58524378ec2c1cdf4a36d10b5b937cffd663ae598e344d04fd73ff2267df52	
sig_h01335	sig	1335	90	32fe12c168ef80291e487dbf4045f430b9c5d90a	836c8edbfc75b517cefdde6426755f9e3b71021df09b06c6f3b9c262057cd47e	39.19	39.12	0.07	67056	55345	12472	42873	0.22535007679103802	0,1,2,4,5,7,8,9,10,11,12,13,15,18,19,20,21,22,23,24,25,26,27,28,29,30,31,32,33,34,35,36,38,39,40,41,42,43,44,46,48,50,52,53,54,57,59,61,62,63,64,65,66,67,68,69,71,72,73,74,75,78,79,80,81,83,85,86,87,88,89,90,91,93,94,95,96,97,98,99	1420766758ecd3b0df912bccafde2f7a139a0979a66ca77739711ec7172a9519	1335	957134	725e3e66980e032bfb664afd3495b960c94e52417f31bda255fface145f71980	ee8a01b62bbc517305377683bcbc9fb9fddb371db29bf50f303758220df4b68a	
sig_h01335	sig	1335	91	32fe12c168ef80291e487dbf4045f430b9c5d90a	836c8edbfc75b517cefdde6426755f9e3b71021df09b06c6f3b9c262057cd47e	38.9	38.87	0.03	67136	55662	12724	42938	0.22859401386942618	0,1,2,5,6,7,8,9,10,11,12,13,14,15,17,18,20,21,22,23,24,25,27,28,29,30,33,34,35,37,38,39,40,42,43,44,45,46,48,49,50,52,53,55,57,58,59,60,61,63,64,65,67,69,70,71,72,73,74,78,80,81,82,83,84,85,86,87,88,89,90,91,92,93,94,95,96,97,98,99	e814558bb913daafcbeb124427543dfc06c429ea2854b6b9c1f86302b94ec56d	1335	958639	750e515f609646e08aecd2d939823285a56293efe0650c89d940ee94aeab1bb0	51abc3b446831b22566dd49a7f8610a2ecb7d76c31d3d0d8b9fef36c3de2af21	
sig_h01335	sig	1335	92	32fe12c168ef80291e487dbf4045f430b9c5d90a	836c8edbfc75b517cefdde6426755f9e3b71021df09b06c6f3b9c262057cd47e	40.02	39.96	0.05	67436	57237	13607	43630	0.23773083844366405	0,1,2,3,4,5,6,7,8,9,10,11,14,15,17,18,19,20,21,22,23,24,25,26,27,28,29,31,32,33,34,35,36,38,40,41,44,45,46,47,48,49,50,51,52,53,55,56,58,59,61,63,64,65,66,67,68,69,70,71,74,75,76,77,79,81,82,83,84,85,86,88,89,90,91,92,93,94,95,97	912e5681cae5e7102ba9db481c1e696c4f7c29433b47468e08814654bf8698f9	1335	973799	e518dde332e1f0cb3bf6d242ff1ae5201ab943d1eea2646956efe6ca7789c0db	b99925ff8725d169cc186aaf3628d0c85079f9b7e66ef7de72e898c0250771f0	
sig_h01335	sig	1335	93	32fe12c168ef80291e487dbf4045f430b9c5d90a	836c8edbfc75b517cefdde6426755f9e3b71021df09b06c6f3b9c262057cd47e	38.38	38.3	0.06	67180	55854	12121	43733	0.21701221040570057	1,2,4,5,7,9,10,11,12,13,14,15,16,17,19,21,22,23,24,26,27,28,29,30,31,33,34,35,36,37,38,40,41,42,45,46,47,49,50,53,54,55,56,57,59,60,61,62,63,64,65,66,67,68,69,70,71,72,73,74,75,76,77,78,79,80,82,84,85,86,87,89,90,91,93,94,95,96,97,99	2c27a7f6af10283d07eb323af14478f81903e271db2d54e722f12eab249b934f	1335	976079	a69afc70a541624a4c64f3714fb0a2b8061be74536d28162b0b4e989df23c3a8	510e49a875c0ad42962814afd426d4ffc78e2ffb3566b2cd1658b3e8863d1f47	
sig_h01335	sig	1335	94	32fe12c168ef80291e487dbf4045f430b9c5d90a	836c8edbfc75b517cefdde6426755f9e3b71021df09b06c6f3b9c262057cd47e	38.94	38.86	0.07	67052	53049	11051	41998	0.20831683914871157	0,3,4,5,6,7,8,10,11,12,13,16,17,18,19,20,21,24,26,27,28,29,30,31,32,33,34,35,37,38,39,40,42,43,44,45,46,47,50,51,52,53,54,55,57,58,59,60,61,62,63,64,65,67,68,69,70,71,73,74,75,76,77,79,80,81,83,85,86,87,88,89,90,92,93,94,95,96,97,98	1920b466f720df9dc44b6de42d88103f0e9c0417ef04609b99c9ad28a7a3c2ad	1335	938126	b66458551fff1def873102cbab0dd6c0a765606db9a2bc8678b2c2de75304f62	06b4e44b552aaf0faea5f2b293fff37078ab7dab15ea4f376f37f0901ffd867e	
sig_h01335	sig	1335	95	32fe12c168ef80291e487dbf4045f430b9c5d90a	836c8edbfc75b517cefdde6426755f9e3b71021df09b06c6f3b9c262057cd47e	38.69	38.64	0.04	67308	54762	12426	42336	0.2269091705927468	0,1,3,4,5,6,7,8,9,10,11,12,13,15,16,17,18,19,20,22,23,24,26,27,28,29,30,31,32,33,34,35,36,37,38,39,40,41,42,43,44,45,46,47,48,49,50,51,54,55,56,60,62,63,65,66,68,69,71,72,73,74,75,76,77,78,79,81,83,85,86,87,89,91,92,94,95,96,97,98	094a7131b8d0e86195a6021dc479efe5cdcac7c3a1efc391e247197274a494ec	1335	945462	01118d4ac0b6aba7d0868717903bd7fa3e7875a4c2473409208dba1b22820d0b	19ad08c473e3aa32917f3242bd49f2ded095d89b0e086768b5648d33eadb7995	
sig_h01335	sig	1335	96	32fe12c168ef80291e487dbf4045f430b9c5d90a	836c8edbfc75b517cefdde6426755f9e3b71021df09b06c6f3b9c262057cd47e	38.47	38.41	0.05	67308	58657	13546	45111	0.2309357791908894	0,1,2,3,4,6,8,9,10,11,12,13,14,18,19,21,22,23,25,26,27,29,30,31,32,33,34,35,36,37,38,40,41,42,43,44,45,46,47,48,49,50,51,53,54,56,57,58,59,60,62,64,65,66,67,68,69,70,71,72,73,76,78,80,81,82,83,84,85,86,87,88,89,90,91,93,95,97,98,99	d4e86ec3edce1ab8e5a0af49e012b8a58de3d1d6905c6be172d4a706f6805936	1335	1006097	3169c8bf8900e1b31e38f3c6a9d8b8df88797c5b29af187c588aba46c2af44ff	c5754984ee91c069025fa136b1fe8c83aeccd5d114e21f9b9880cb4e8edb634d	
sig_h01335	sig	1335	97	32fe12c168ef80291e487dbf4045f430b9c5d90a	836c8edbfc75b517cefdde6426755f9e3b71021df09b06c6f3b9c262057cd47e	38.11	38.05	0.05	67172	56563	12627	43936	0.22323780563265738	0,1,2,3,4,5,6,8,9,10,11,12,13,14,15,16,17,18,19,22,23,25,26,27,28,29,30,31,32,34,37,38,39,40,41,42,44,45,48,51,52,53,55,56,57,58,59,60,61,62,64,65,66,68,69,70,71,72,73,74,75,76,77,78,79,80,81,82,83,85,87,88,89,91,93,94,95,96,98,99	c49bfed7f4bb6c9bbfaa261e14c6cba48bfb316c444025476bfea79666c0f094	1335	980413	239fba49260ec138a3a05d7c84c154b3cc12755f1a7a0f9eebb04b86ec60d5b9	ba3244bbd7c3c776fafaf7a6e2ca1409538d3a9cc24d7e62b2da05bb0f3ad22b	
sig_h01335	sig	1335	98	32fe12c168ef80291e487dbf4045f430b9c5d90a	836c8edbfc75b517cefdde6426755f9e3b71021df09b06c6f3b9c262057cd47e	39.57	39.5	0.04	67308	58487	14246	44241	0.24357549540923623	0,2,4,5,6,7,8,9,10,11,13,14,16,17,18,20,21,22,23,25,28,29,30,32,33,35,36,37,38,40,41,42,43,44,45,46,47,49,50,51,52,53,54,55,56,57,58,59,61,63,64,65,66,67,68,69,71,72,73,74,75,76,79,81,82,83,84,85,86,87,88,91,92,93,94,95,96,97,98,99	c0cddf8309246fd05f86b0660dd7cdc50e1d6e8125c6e4b2dd952cc1fb59e5ad	1335	987018	65d654a4374b092669d262b73df72706ffbe4a5dd78310725db56c95cfd1b671	ca45b3856e6bfaa0e3919800e0b209ccb679fdb0dd9a5a4a0f309040fa724875	
sig_h01335	sig	1335	99	32fe12c168ef80291e487dbf4045f430b9c5d90a	836c8edbfc75b517cefdde6426755f9e3b71021df09b06c6f3b9c262057cd47e	39.26	39.21	0.04	67156	56724	13105	43619	0.23103095691418093	0,1,3,4,5,7,8,9,10,11,12,13,14,15,17,18,19,22,23,24,25,26,27,29,30,32,33,34,35,36,38,39,41,42,43,44,45,46,48,49,50,52,54,55,56,57,58,60,61,63,64,65,68,69,70,71,73,74,75,77,78,79,80,81,82,83,84,85,87,88,89,90,92,93,94,95,96,97,98,99	4a657ce072f0a06555dbe3038d331eebd271423e3272199585fd4548ac03b1f4	1335	973659	8409443e8c162d5e3df0f9b8d2edb4f7b2c70521b2b685324c1201df72c4edc9	db4729e17b2ba0fee46914089afe60ce7e74634ddf8827ec50ac1cdefca3a596	
sig_h01335	sig	1335	100	32fe12c168ef80291e487dbf4045f430b9c5d90a	836c8edbfc75b517cefdde6426755f9e3b71021df09b06c6f3b9c262057cd47e	37.9	37.86	0.03	67180	55794	11614	44180	0.20815858336021795	1,3,4,5,6,8,9,11,12,14,15,16,18,19,21,22,23,24,25,26,28,29,30,34,35,36,37,38,39,40,41,42,44,45,46,47,48,49,50,51,52,54,55,56,57,58,59,60,61,62,63,64,65,66,68,69,70,73,74,75,77,78,79,80,81,82,83,85,87,88,89,90,91,93,94,95,96,97,98,99	b180db6c281fbb288779c47b5b9a185f05af8af4d3175083cb0db1c21077333c	1335	985659	5f50d5bb41a014c5c930bea2f59ca147197f983e99045111bed5b7d771039fab	efa3d7a39f529507a5a3271d05335b8d6814e148781164bcf1bd9ee2855dab0f	
sig_h05340	sig	5340	1	32fe12c168ef80291e487dbf4045f430b9c5d90a	836c8edbfc75b517cefdde6426755f9e3b71021df09b06c6f3b9c262057cd47e	155.14	155.01	0.12	70996	226857	76110	150747	0.3354976923788995	0,1,2,3,4,5,6,7,8,9,10,11,12,13,15,16,17,19,20,21,22,23,24,25,26,28,31,32,33,34,35,36,37,38,39,40,41,43,44,45,46,48,49,50,52,54,55,57,58,59,61,62,63,64,66,69,70,72,73,74,75,76,77,78,79,80,81,82,83,84,85,88,89,90,91,92,95,96,98,99	42c550fd22235048e18957d92ee6961f28d488749e570865072f55b8d56e5063	5340	3369978	fee38a6cc46e1cd745ac5c4e93b29e5369801a12b351f8433db35242fd4e4293	23db00a97bd033cbdc3b72e6c7df9cc041f8418f2b83e262cfba6d8ea70a710a	
sig_h05340	sig	5340	2	32fe12c168ef80291e487dbf4045f430b9c5d90a	836c8edbfc75b517cefdde6426755f9e3b71021df09b06c6f3b9c262057cd47e	155.91	155.78	0.12	71332	227037	78426	148611	0.3454326827785779	0,1,2,3,4,6,7,8,9,10,12,13,14,15,16,18,19,20,21,22,25,27,28,29,30,31,33,34,37,38,40,41,42,44,45,47,48,49,50,51,52,53,54,55,56,58,59,60,61,62,63,64,66,67,69,70,71,73,74,75,76,77,78,80,81,82,84,85,86,87,88,90,91,92,94,95,96,97,98,99	6698737f9825eb173ddb1a599a26867cfbc7ea3685295ecffec0274978d0a225	5340	3323357	fe04c5ee690761f83d476a0767483670b033c6abff617d4140d71a4760a1b500	59fdd0c96d7bd9d64c0087cd44435f2a639f1fcdfc8994682bb65f90507284e8	
sig_h05340	sig	5340	3	32fe12c168ef80291e487dbf4045f430b9c5d90a	836c8edbfc75b517cefdde6426755f9e3b71021df09b06c6f3b9c262057cd47e	156.06	155.93	0.12	71104	214228	67207	147021	0.31371716115540454	0,2,3,4,5,6,7,8,9,10,11,12,13,14,15,18,19,20,22,23,24,25,27,28,29,30,31,32,34,35,36,37,38,39,40,41,42,43,44,46,48,49,50,52,53,54,55,56,57,58,60,61,62,64,65,67,68,69,70,71,72,73,74,75,78,81,83,85,86,87,88,89,90,91,92,93,94,95,96,99	32dc7b6571ea0327dc4f789ee40daaf7f37ee06da37a16a782e4d512a92d2ace	5340	3288770	e2a3120d896ce63e19650f2f4bbdc1616725c45851e69437c04aa231f8158f49	e9e9c29738ed9f2a7fde993903100e987c8c80b0139735d521a93ef84559a6d5	
sig_h05340	sig	5340	4	32fe12c168ef80291e487dbf4045f430b9c5d90a	836c8edbfc75b517cefdde6426755f9e3b71021df09b06c6f3b9c262057cd47e	154.99	154.83	0.1	71272	220008	69983	150025	0.31809297843714773	0,2,4,5,7,8,9,10,12,13,14,15,16,17,19,20,21,22,23,24,25,27,28,29,30,31,32,33,34,35,36,37,38,40,42,44,47,48,49,50,51,52,53,54,55,57,58,59,60,61,62,63,64,65,66,67,68,69,70,71,72,73,74,75,77,78,79,80,81,84,85,86,89,90,91,92,95,97,98,99	efb4cdd2693be18d0cc63879f8c428c7b5b5b9f559d878783ac5b34d062673b4	5340	3354220	94d169f0fe5a8c6eeb4b560c53a69c4713224334548a0ec15e86d0f6211cc86b	e4884252f578d6fd321bb844d6eb515f5379d7a183334840ab64e1849de6d83f	
sig_h05340	sig	5340	5	32fe12c168ef80291e487dbf4045f430b9c5d90a	836c8edbfc75b517cefdde6426755f9e3b71021df09b06c6f3b9c262057cd47e	153.58	153.39	0.09	71232	220078	71766	148312	0.3260934759494361	0,1,2,3,4,5,6,7,8,11,12,13,14,15,16,17,18,19,20,22,23,25,27,28,29,30,31,34,35,36,37,38,39,40,42,45,46,49,50,51,52,53,54,55,58,59,60,61,62,63,64,66,67,68,69,71,72,73,74,75,76,77,78,79,80,81,82,83,84,85,86,87,89,91,92,94,96,97,98,99	3ba77b10268001a79da9f946e4bcda978faeaf1abc0306d44495d0e49ca97d5d	5340	3316953	96eab755a00303c22d49c607dfdc82c5738d8066dba5c9b4af5b36c0d262b9c1	2b15d79b3856cf87ddc192cf8dd96e9e60d5ef9ef2eec2a7544e495eef0c1a50	
sig_h05340	sig	5340	6	32fe12c168ef80291e487dbf4045f430b9c5d90a	836c8edbfc75b517cefdde6426755f9e3b71021df09b06c6f3b9c262057cd47e	152.82	152.71	0.1	71360	226982	78865	148117	0.34745045862667523	0,1,2,3,4,5,9,10,11,12,14,15,16,17,18,19,20,21,22,25,26,28,29,30,31,32,33,34,36,37,38,41,42,44,45,46,47,48,49,50,51,52,53,54,56,58,59,60,61,62,63,64,65,66,70,71,73,74,75,76,77,78,79,80,81,83,84,85,86,87,89,90,91,92,93,95,96,97,98,99	afe6035a333b48945a149fc3c7db2c57aa81c9149c6675551f72afc13586ca2b	5340	3312660	1627b8d3220ff170bfa82c42b50d32bd6aa57ea7981f335abd07ff0f3ecf5513	48874d403b99aa09e66c3a35bab8da6272b3b471ac84658a897045390c4dfa0d	
sig_h05340	sig	5340	7	32fe12c168ef80291e487dbf4045f430b9c5d90a	836c8edbfc75b517cefdde6426755f9e3b71021df09b06c6f3b9c262057cd47e	151.07	150.97	0.08	71624	237648	84037	153611	0.35361963913014205	0,1,2,3,4,5,6,8,9,10,12,14,15,16,17,23,24,25,26,27,28,29,31,32,33,34,35,36,37,38,39,40,41,42,43,45,46,48,50,51,52,53,54,56,57,58,59,60,61,62,63,64,65,66,67,68,70,71,73,75,76,78,79,80,81,83,84,85,86,87,89,90,91,92,93,95,96,97,98,99	6d485410d62c77b60e212f512bdda63033395906bd325fd82545aa3ea929bb06	5340	3433146	8cc360a5b245c9cca61017a1fd5abf30b9caca77dae2db2e5acfd6e44fc7613a	d7c724260a7b02f9f7b57dca4cbf40f0e2fb50d5b41a44aeff84aaf4f71dbc82	
sig_h05340	sig	5340	8	32fe12c168ef80291e487dbf4045f430b9c5d90a	836c8edbfc75b517cefdde6426755f9e3b71021df09b06c6f3b9c262057cd47e	152.94	152.85	0.08	71748	248753	93758	154995	0.3769120372417619	0,1,2,3,4,5,8,10,11,13,14,15,16,18,19,20,22,23,25,26,27,28,29,31,32,33,34,35,37,39,40,41,42,43,44,46,48,49,50,51,52,53,54,55,56,57,58,59,60,61,62,64,68,70,71,72,73,74,76,77,78,79,80,81,82,83,84,85,86,87,88,89,91,93,94,95,96,97,98,99	6ecc84838e1f67a26b0ab3576772e218c47693f15ace26cc2f7936831bd4ef14	5340	3462781	989df665474db964efb76beab5d094f3f84412af023c1e4b943fd26af09b2f18	5a3c881cc3ac30c9959f1fde37ccb962660d4583a8f5352d8d6a6c91b9bd2b23	
sig_h05340	sig	5340	9	32fe12c168ef80291e487dbf4045f430b9c5d90a	836c8edbfc75b517cefdde6426755f9e3b71021df09b06c6f3b9c262057cd47e	151.61	151.51	0.08	71488	235154	83934	151220	0.3569320530375839	0,1,2,3,4,5,6,7,8,9,10,12,13,14,15,16,17,18,19,20,21,22,24,26,28,29,30,33,34,35,36,37,38,40,42,43,44,45,47,48,50,51,52,53,54,56,58,59,60,61,62,63,65,66,67,70,71,72,73,74,75,76,77,78,79,81,82,83,84,85,86,87,88,89,90,93,96,97,98,99	5daffe8b162c6754c3bebcca5689f38a74f59e8a9524ef10e09d1beff866665d	5340	3380540	7faa805f1609594934d4cb9fe04439ceb2462fb384e478496836bc27176c77f8	3b871a4cf05253d54ccf1ec31c913f3a4d63b513c579fdc5ec915a7a0760356f	
sig_h05340	sig	5340	10	32fe12c168ef80291e487dbf4045f430b9c5d90a	836c8edbfc75b517cefdde6426755f9e3b71021df09b06c6f3b9c262057cd47e	151.75	151.66	0.08	71396	231221	79612	151609	0.3443112866045904	1,2,3,4,5,6,7,8,9,10,11,12,13,14,15,16,17,18,19,20,23,24,25,26,27,28,29,30,31,32,33,34,35,37,39,40,41,42,43,44,45,47,48,50,51,52,54,55,56,59,60,61,64,66,67,68,71,72,73,74,75,76,77,82,83,84,86,87,88,89,90,91,92,93,94,95,96,97,98,99	e60c7095b65234207b890114977da6fde48a3c1e57cba4cb3d6615246cb7d6d8	5340	3388922	cf45812d3577c0e58eecbfa6fbaa381b46506ddc767451e62b3b109a9692a356	ab83da0a6ff68d4fd206cac5f57d789673497b2a8ba02a0ee69882d256052831	
sig_h05340	sig	5340	11	32fe12c168ef80291e487dbf4045f430b9c5d90a	836c8edbfc75b517cefdde6426755f9e3b71021df09b06c6f3b9c262057cd47e	150.99	150.9	0.07	71360	231212	81920	149292	0.3543068698856461	0,1,3,4,5,6,7,8,9,10,11,12,13,14,15,16,17,18,19,20,21,23,24,26,27,28,29,30,31,32,33,34,35,37,38,39,40,41,42,43,44,45,47,48,49,50,53,54,55,57,59,60,61,62,65,66,68,70,72,73,74,75,76,77,78,79,80,83,85,86,87,88,89,91,92,93,95,97,98,99	c793646c80aa48a44d4efa442141ca9170a8f695fb68379bb826038c3a0e11f7	5340	3338519	0dc77d0453f8d165e3d33aa3629d95a4f81b07e86ff820f7ba39a58902368a97	cd7614396b4b5d1212e5785e133d085b943c55d643f4db3aec3d6b75143545b8	
sig_h05340	sig	5340	12	32fe12c168ef80291e487dbf4045f430b9c5d90a	836c8edbfc75b517cefdde6426755f9e3b71021df09b06c6f3b9c262057cd47e	152.09	152.0	0.08	71320	232012	81129	150883	0.3496758788338534	0,2,3,4,5,6,7,8,9,10,11,12,13,14,15,16,17,18,20,23,24,25,26,27,29,30,31,32,34,35,36,37,38,39,41,43,45,47,49,50,51,52,53,54,56,57,58,59,60,61,62,63,64,65,66,68,69,70,71,73,74,76,78,79,80,81,82,83,84,85,86,87,88,89,90,91,92,94,96,98	35cab32502ba7ffc50389b6be48f807559d6771f397584fbb601b36848a7ebdb	5340	3373165	d1e5242f2c0a0c67684d983e38f35d1eab7536dc5dac5ba1ab2985c21ce2f952	c3ab2e25c2193a55637392b447853e06e0ca8985013792f70d029e550105d535	
sig_h05340	sig	5340	13	32fe12c168ef80291e487dbf4045f430b9c5d90a	836c8edbfc75b517cefdde6426755f9e3b71021df09b06c6f3b9c262057cd47e	153.31	153.21	0.07	70976	209608	66356	143252	0.3165718865692149	0,1,2,4,6,7,8,9,10,12,15,17,18,20,21,22,23,24,25,26,27,28,29,30,31,32,33,34,35,36,37,38,39,40,42,44,45,47,48,49,50,51,52,53,55,56,57,58,59,60,61,62,63,64,66,67,69,70,71,72,74,76,77,78,79,80,81,82,85,86,87,88,89,90,92,93,94,95,96,97	bb24e777729713b72738cadeab724242ec7be73672afba8a63bf3125a6b36a2f	5340	3206247	620fc973ce0f398605fcd37130ef4d402d19284666fd1b6b93d164f401e24dd7	01a4279cdc8024058761264a2674d64a8c116bcb2b24b1f4f76185991321458c	
sig_h05340	sig	5340	14	32fe12c168ef80291e487dbf4045f430b9c5d90a	836c8edbfc75b517cefdde6426755f9e3b71021df09b06c6f3b9c262057cd47e	152.13	152.05	0.07	70848	207279	63513	143766	0.30641309539316575	0,1,2,3,4,6,9,10,11,12,13,14,17,18,19,20,21,22,24,25,27,29,31,32,35,37,38,39,40,41,43,44,45,46,47,48,50,51,52,53,54,55,57,58,59,60,61,62,63,64,66,67,69,70,71,72,74,75,76,77,78,79,80,81,82,83,85,86,87,88,89,90,91,92,93,94,95,96,97,98	97486352ddb17005ce172ba91843dbb265dffff895ab501f79ff4aeea2084acf	5340	3217389	5ba0d9f6dee535da290ff97339ff4fc13a0d0366f1493cbaba6b6acc2fc2a341	cc998c1ae483de7ad8feee44af0124d44891b5bb9bc8b1853c50ceef14da4583	
sig_h05340	sig	5340	15	32fe12c168ef80291e487dbf4045f430b9c5d90a	836c8edbfc75b517cefdde6426755f9e3b71021df09b06c6f3b9c262057cd47e	150.6	150.54	0.05	71488	236261	85199	151062	0.36061389734234595	1,2,3,4,5,6,7,8,9,10,12,13,14,15,16,17,18,19,20,21,22,23,24,27,28,30,31,32,33,34,35,38,39,41,42,44,45,46,48,50,51,52,53,54,57,58,59,60,61,62,63,65,66,67,68,70,71,72,73,74,75,76,77,78,79,81,82,83,84,85,86,88,89,90,92,93,94,96,97,98	766a3d4eac15abf4c93997f7584f19a41493df64244cbc01730fc0b613fcdc90	5340	3377187	55aea97c164e6a5aa61778d75e1aa57094772f69b26940c979263959a78ca588	d0589f918e511b70b9eaeaefaf6b9cccc9507c93ca4cf211bcda6705155c13f7	
sig_h05340	sig	5340	16	32fe12c168ef80291e487dbf4045f430b9c5d90a	836c8edbfc75b517cefdde6426755f9e3b71021df09b06c6f3b9c262057cd47e	152.02	151.93	0.08	71488	231271	80148	151123	0.34655447505307624	0,1,2,3,5,6,7,9,10,11,12,13,14,15,16,17,18,19,20,21,22,23,24,25,26,28,29,32,33,34,35,36,37,38,40,43,44,46,48,50,51,52,53,54,55,56,57,59,60,62,63,65,66,67,69,71,72,73,75,76,77,78,79,80,81,83,84,85,86,87,88,89,90,91,93,94,96,97,98,99	f908595812f6ecb64b3d170a1abee3c290008463b8dc6bd83842310d2e4ff197	5340	3378415	2dba65747aaa8708c689d9eb0d9e2961d98a11a282a1956d7371eb5d1c8d5395	4b7d02f8e0812c17c96a4b94a5ce624bbe40aff7809906007ca2a3a5326cee75	
sig_h05340	sig	5340	17	32fe12c168ef80291e487dbf4045f430b9c5d90a	836c8edbfc75b517cefdde6426755f9e3b71021df09b06c6f3b9c262057cd47e	154.81	154.73	0.06	71616	235822	89297	146525	0.3786627201872599	0,1,2,4,5,6,7,8,9,10,12,13,14,15,16,18,19,20,21,22,23,24,26,27,28,29,30,31,32,33,34,35,36,37,38,39,40,41,42,43,44,45,46,47,48,49,50,51,52,53,54,55,56,57,59,60,63,65,68,70,72,73,74,75,76,77,78,79,80,82,83,85,86,87,88,90,92,94,95,97	81e6e1907e78d3bcf26a8a1801dfa1c4cf02aa8a065ad4c63226b72dfc487175	5340	3277775	071e2005ef851fbbedaba3822ce0a98d0b7722e2c08eb2e4633852e0b2db64ec	5640edeb8aca24f64ab9c937d60243d1de604ff7f77663ea7afc26853dde075a	
sig_h05340	sig	5340	18	32fe12c168ef80291e487dbf4045f430b9c5d90a	836c8edbfc75b517cefdde6426755f9e3b71021df09b06c6f3b9c262057cd47e	152.49	152.41	0.07	70980	209102	64149	144953	0.306783292364492	0,1,2,4,5,6,7,10,11,12,13,14,15,16,17,18,19,20,21,22,24,25,27,28,29,30,31,33,34,35,37,38,41,42,43,44,45,46,47,48,49,50,51,52,53,54,55,58,60,61,62,63,64,65,66,67,68,69,70,71,72,73,75,76,77,79,83,84,85,86,87,88,89,90,91,92,93,94,97,99	a94c76ea34dc24fa4824714a0acdb979bee75e3b85256e44a60cbfa71af2e328	5340	3243581	0317b78a1bb12a6a8de2a259a537b7b3725a2d00c0bcc6fa1c3ea210bf70e03d	c1aa41e1279102c45d1a460ad34b2ecb168cec6616927c4d98d8c48eaa41fb13	
sig_h05340	sig	5340	19	32fe12c168ef80291e487dbf4045f430b9c5d90a	836c8edbfc75b517cefdde6426755f9e3b71021df09b06c6f3b9c262057cd47e	155.2	155.11	0.07	71232	223407	73473	149934	0.3288751023915992	1,2,3,5,6,7,8,9,10,11,12,13,15,16,17,18,19,20,21,22,23,24,25,26,28,29,30,31,33,34,35,36,37,39,41,42,45,48,49,50,51,52,53,54,55,57,58,59,60,61,62,63,65,66,67,68,70,72,74,75,76,78,79,80,82,83,84,85,87,88,89,90,91,92,93,94,95,96,98,99	a6e1e411bab722637325f7d6ef0ddbe703cd8d9de5cc1be1ae54038cd6e7be30	5340	3352659	dd50c316313b002b79a2147ff077f5ba0ddaa1e28270368bbcec7b07a82594af	b024ca76f7afe39c41365e42594923a98dd4810ce01b6a7c0e3128ef952254ea	
sig_h05340	sig	5340	20	32fe12c168ef80291e487dbf4045f430b9c5d90a	836c8edbfc75b517cefdde6426755f9e3b71021df09b06c6f3b9c262057cd47e	153.03	152.92	0.08	71360	225105	73393	151712	0.3260389595966327	0,1,3,5,6,7,8,10,12,13,15,16,17,18,19,20,21,22,24,25,26,27,30,31,33,34,35,36,37,38,39,41,42,43,45,46,47,48,49,50,51,52,53,54,55,57,61,62,63,64,65,66,67,68,69,70,72,73,74,75,77,79,81,82,83,84,85,86,87,88,89,90,91,92,93,94,95,96,97,99	44ff8a2665404a07f6c33d3a215c6a71479b7ad7b27d23f788e0749b82ad73eb	5340	3391318	30e07ea093aa2db64308bd25f32209d7f338d8f81af2f55110612cc2aa625bd5	7298682e608ee9ed234b4ff879e5b112105c0a212e5710160e51dbf5cec63910	
sig_h05340	sig	5340	21	32fe12c168ef80291e487dbf4045f430b9c5d90a	836c8edbfc75b517cefdde6426755f9e3b71021df09b06c6f3b9c262057cd47e	152.49	152.41	0.06	71488	229919	78245	151674	0.3403155024160683	0,5,6,7,8,9,10,11,12,13,14,15,16,17,18,20,21,23,24,25,26,27,28,30,31,32,36,38,39,41,42,43,44,45,46,47,48,49,50,51,52,53,56,57,58,59,60,61,62,63,64,65,66,67,68,69,71,72,73,74,75,76,77,79,80,81,82,83,84,86,87,88,89,90,91,93,94,96,97,98	cbb6948bc3a83c13e568f186e71d9c540a6f111be8afd4a416201a7d0dd44500	5340	3390883	1167ef68d00a372c76db0faa89ea862181ba1bf67defb6bb0d45fe00fceb3281	3d0794d97022a7e40cfe3cb8014515df79155de9bd2a21bccaffadaf9d5ee862	
sig_h05340	sig	5340	22	32fe12c168ef80291e487dbf4045f430b9c5d90a	836c8edbfc75b517cefdde6426755f9e3b71021df09b06c6f3b9c262057cd47e	158.85	158.77	0.07	71232	220365	72267	148098	0.32794227758491595	0,1,2,3,4,5,6,7,8,9,10,11,12,13,14,15,17,19,20,21,22,23,24,25,26,27,29,30,31,32,35,36,38,39,40,41,42,43,44,46,47,49,50,51,52,53,54,55,56,57,58,59,60,61,62,63,64,65,67,69,71,73,75,79,82,83,84,85,86,87,89,90,91,92,93,94,95,96,97,99	27cd10be51bbfcf77948e614fd4bb73f7995aa65df5b9042cd9c4f33c0968fe2	5340	3312149	0681c994713b99485364635cfe2409cafd5dbdba07d1a4bfdd38506bab62cb2a	92f236157dda32a2031118fabd6bd3ed7658f95ab35b639956d38b945961d97c	
sig_h05340	sig	5340	23	32fe12c168ef80291e487dbf4045f430b9c5d90a	836c8edbfc75b517cefdde6426755f9e3b71021df09b06c6f3b9c262057cd47e	151.79	151.7	0.07	71360	227696	81049	146647	0.35595267374042583	0,1,3,4,5,7,8,9,10,11,12,13,14,18,19,20,22,27,28,29,30,31,32,33,34,35,36,37,38,40,41,42,43,45,46,47,48,49,50,51,53,55,56,57,58,59,60,61,63,64,65,66,67,68,70,71,72,73,75,76,77,78,79,80,81,82,84,85,86,87,88,90,91,92,94,95,96,97,98,99	3f6d286579cf518f22e3cf57b82acbb4ffefab46c951c874ae3b19a13f2464a1	5340	3280430	13d12ca01796dcd268316df3a1dfb1f168b7b1398987f5ffc1425e0e09238c70	f8248f498674a91ae72c71e8adb0a8a0210d17d4f2cbb260652cbd4008237dab	
sig_h05340	sig	5340	24	32fe12c168ef80291e487dbf4045f430b9c5d90a	836c8edbfc75b517cefdde6426755f9e3b71021df09b06c6f3b9c262057cd47e	151.56	151.48	0.04	71488	222806	72511	150295	0.3254445571483712	0,2,3,4,5,6,7,8,9,10,12,13,14,15,16,17,18,19,20,21,23,25,26,27,28,29,30,31,32,33,34,36,38,39,40,41,42,43,44,45,46,47,49,50,51,52,53,54,55,58,60,61,63,64,67,68,69,70,71,72,74,75,76,77,78,81,82,83,85,86,88,89,90,91,92,94,95,97,98,99	1e70f3b3fd2daa394afe25f56054a58e23b95af23c31b42cd9861c0fdfa7bc25	5340	3360306	88b027c901101b3315952813d11c2d8a82b697364c6e5722e1564d9038a31824	6ba07761bfed8c91c057861b153684dc05eceec29d42971339fc577d433ae842	
sig_h05340	sig	5340	25	32fe12c168ef80291e487dbf4045f430b9c5d90a	836c8edbfc75b517cefdde6426755f9e3b71021df09b06c6f3b9c262057cd47e	152.71	152.65	0.04	71400	229733	82569	147164	0.35941288365189156	1,3,4,5,6,7,8,9,11,12,13,14,15,16,17,18,19,20,21,22,24,26,27,31,32,33,34,36,37,39,40,41,42,43,44,46,47,48,49,50,51,52,54,55,56,57,59,60,61,63,64,66,69,70,71,72,73,74,75,76,77,78,79,80,81,82,83,84,86,87,88,90,91,92,93,94,95,96,97,99	ccb9f4f72f8d2a1f70308bd4d927ebad2d9c51959010984e0a39b6d12d77a9d4	5340	3291616	18dbf3c5e095364729ac70135330c24690bcdd0c80a34e5049a760b14309bf5d	b98d1c0ce93a6f9be96c03b4cffa1488952a65f2ebef79f0efdc4ddf5d758fbb	
sig_h05340	sig	5340	26	32fe12c168ef80291e487dbf4045f430b9c5d90a	836c8edbfc75b517cefdde6426755f9e3b71021df09b06c6f3b9c262057cd47e	151.73	151.64	0.08	71232	223514	77112	146402	0.3449985235824154	0,2,3,4,5,6,7,8,9,10,11,13,14,17,18,19,21,22,24,25,26,29,30,31,32,33,34,35,36,37,38,39,40,41,43,45,46,47,49,50,51,52,53,54,56,57,58,59,60,61,62,63,64,65,66,67,68,70,71,72,73,75,76,77,78,80,81,82,83,84,86,87,88,89,90,93,94,95,97,99	7062dbd99082c671ad8f426b257016d87e2d18fda8bd7c3b7390865d20a5ec82	5340	3275358	e9f8954cbf4362494ad4802c7c778983f42b3a8521523f086b05a82ce82710d7	c27b95b280dc2ff71820e7d909779d6989a11213b9eb33df852a037130c4d64d	
sig_h05340	sig	5340	27	32fe12c168ef80291e487dbf4045f430b9c5d90a	836c8edbfc75b517cefdde6426755f9e3b71021df09b06c6f3b9c262057cd47e	151.74	151.66	0.06	71104	219230	73416	145814	0.33488117502166675	1,2,3,4,5,6,7,8,9,10,11,12,13,14,16,18,19,20,21,22,23,24,25,27,28,29,31,33,34,36,38,39,41,42,43,44,45,46,47,48,49,50,51,52,53,54,55,56,57,59,60,62,63,64,65,66,67,69,71,72,73,74,75,77,78,79,80,81,82,83,85,89,90,91,92,93,94,97,98,99	bf58d1c34fa6763c01383368981f4c5273e8ed20d856f765b744edd49c6c9823	5340	3262380	68bf5c5893e807839780caf68653302b32bc23ffb3dbf449dcb25c73873d194e	51dc7924263b01937ab65e74c0e1b9b49f6eb204eb92fb714605ab38f6e9b6b4	
sig_h05340	sig	5340	28	32fe12c168ef80291e487dbf4045f430b9c5d90a	836c8edbfc75b517cefdde6426755f9e3b71021df09b06c6f3b9c262057cd47e	151.25	151.17	0.07	71488	230897	82946	147951	0.3592337709021772	0,1,2,3,4,5,6,7,8,9,11,12,13,15,16,17,19,20,21,22,23,24,27,29,30,31,32,33,34,35,36,37,38,39,40,42,43,45,48,50,51,52,53,54,56,57,58,60,62,64,65,66,67,69,70,71,72,73,74,75,76,77,78,79,80,82,83,84,85,86,87,88,89,92,93,94,95,96,97,98	1321d0a8ff6dcef68513ef4418c3f835feb7ea21792ae8016fe543f8598bcd01	5340	3309128	e1ebfa2690e100bd1bfcc4b463023c47f4f93230886c4e492744f440b8a76db0	30f399a0ea6e40b05055380669af64066202095db1c152679f3d0a743bbedd9a	
sig_h05340	sig	5340	29	32fe12c168ef80291e487dbf4045f430b9c5d90a	836c8edbfc75b517cefdde6426755f9e3b71021df09b06c6f3b9c262057cd47e	152.94	152.84	0.09	71196	219639	72429	147210	0.3297638397552347	1,2,3,5,6,9,10,11,12,13,14,15,16,18,19,24,25,27,28,29,30,31,33,35,36,37,39,40,41,42,43,45,46,47,48,49,50,51,52,53,54,55,56,57,58,59,60,61,62,63,64,65,67,68,69,70,71,72,73,74,76,79,80,81,82,83,84,85,86,88,89,90,91,93,94,95,96,97,98,99	365b7ebb8c8e792e78a2cc0bf9367a4d254d443d7a0dfe52cd994322173717ff	5340	3292861	35111f9a06a1c1f6dbee9f04aca13a9973d382031f4dbcf2521dc16fc2d9e855	9d3ad43e2b77c50ed6eaa18ce6cd48dc4325415e3bef406f3893c6d3582bf8c5	
sig_h05340	sig	5340	30	32fe12c168ef80291e487dbf4045f430b9c5d90a	836c8edbfc75b517cefdde6426755f9e3b71021df09b06c6f3b9c262057cd47e	152.43	152.33	0.1	71528	235061	79024	156037	0.3361850753634163	0,1,2,3,5,6,8,9,10,12,14,16,18,19,20,21,23,24,26,27,28,29,32,33,34,35,37,38,39,40,42,43,44,45,46,47,48,49,51,52,53,54,55,57,58,59,60,62,63,64,65,66,67,68,69,71,72,73,75,76,77,78,80,81,82,83,84,85,86,87,88,89,90,91,92,93,95,96,97,99	7528204281f48ddacfef9c2bffd78bc716c6a78c563832d622c08855fefc0517	5340	3485944	080324967c12463295f77f8ffe8172cf350b09b3e0eb6b8ae23ce47f0dd59bcd	0ece19e9e625e29149529f20cc6014072747547fdb672199cf1530fb5bea8494	
sig_h05340	sig	5340	31	32fe12c168ef80291e487dbf4045f430b9c5d90a	836c8edbfc75b517cefdde6426755f9e3b71021df09b06c6f3b9c262057cd47e	152.22	152.11	0.09	71488	230575	81126	149449	0.3518421337959449	0,1,2,5,6,7,8,9,10,11,12,13,14,15,16,17,18,19,20,22,23,24,25,26,28,30,31,32,33,34,35,36,38,42,44,46,47,48,50,51,52,53,54,55,56,57,59,60,61,62,64,65,66,67,69,70,71,72,74,75,76,77,78,79,80,81,82,84,85,86,87,88,89,91,92,93,94,96,97,99	2de3cdb8efa70bd6fba2f56ca0a7c8d699fad9926fa4e080ce833cc8759c82a4	5340	3341641	aca1834a1d3106e38d0ae1dc86200cbcde46393b6f12862196c2e221551a5e45	c438c249c254b4c336a5b01f1503774054b89bdad475063b52e804223ba7bb39	
sig_h05340	sig	5340	32	32fe12c168ef80291e487dbf4045f430b9c5d90a	836c8edbfc75b517cefdde6426755f9e3b71021df09b06c6f3b9c262057cd47e	152.88	152.76	0.11	71456	230444	77479	152965	0.33621617399454967	0,1,2,3,6,7,8,9,11,12,13,14,15,16,18,19,21,22,23,24,25,26,27,28,29,30,32,33,34,35,37,39,40,41,45,47,48,49,50,52,53,54,55,56,57,58,60,61,62,63,64,65,66,67,68,69,70,71,72,73,75,76,77,79,80,81,82,83,84,85,86,89,90,91,93,94,95,96,97,99	4626d44ff12b612622e6d9d15496dadbb5a7c592bfde1e0877494c67ee9a856d	5340	3418845	37ac01ed4725c851b1eb7c3f3377e1a99cf38cccedb45cb82c7cc6f079cc12f2	441548146e301358b71cc66a929ea177532e84ddf037e1581adde67ba485c7f7	
sig_h05340	sig	5340	33	32fe12c168ef80291e487dbf4045f430b9c5d90a	836c8edbfc75b517cefdde6426755f9e3b71021df09b06c6f3b9c262057cd47e	152.61	152.54	0.05	71104	218278	70594	147684	0.32341326198700737	0,1,2,3,4,5,6,8,9,10,11,12,13,14,15,19,20,21,22,23,24,25,27,28,29,30,33,35,36,37,38,39,40,43,44,45,46,47,48,49,50,51,52,53,54,55,56,58,59,60,61,62,63,65,68,69,70,71,73,74,75,76,77,79,80,81,82,83,84,87,89,90,91,93,94,95,96,97,98,99	a84e08eef558faa73254826c18af98fd902c66fc5f3b9e7437eee0de773c366b	5340	3303085	5e072efbd90b0d7c976e5f03617bd5c9931cfd306e53d8bd47220fa1a39d03e8	ebe40789ae9b128d278e57a720214a9a6a50ef482a450c78a5f01bd73a8e6121	
sig_h05340	sig	5340	34	32fe12c168ef80291e487dbf4045f430b9c5d90a	836c8edbfc75b517cefdde6426755f9e3b71021df09b06c6f3b9c262057cd47e	152.32	152.23	0.08	71532	234456	81854	152602	0.3491230763981301	0,3,5,6,7,8,9,10,11,12,13,14,16,17,18,19,20,21,22,23,25,26,27,28,29,30,31,32,34,35,36,37,39,40,41,42,44,45,46,47,49,50,51,53,54,55,56,57,58,60,62,63,64,65,66,67,68,69,71,72,73,74,75,77,80,81,82,83,84,85,86,88,90,91,92,93,94,96,97,98	d97d4b03bc9746f92196888f204edb02b7bfe38a4624c7fec5f234b7e46fb6f5	5340	3410816	1bab77e85774a9b00561f2bc19ea85852df048054a11d177c3ea35f5f56ff869	93629db3d2bfa05a1508af3cea33983b5bc18662260cc1004fe11309f667891e	
sig_h05340	sig	5340	35	32fe12c168ef80291e487dbf4045f430b9c5d90a	836c8edbfc75b517cefdde6426755f9e3b71021df09b06c6f3b9c262057cd47e	151.02	150.92	0.09	71232	213294	72157	141137	0.3382983112511369	0,1,2,3,4,5,6,7,8,9,10,11,12,13,15,17,18,19,20,21,22,24,26,27,28,29,30,31,32,33,34,35,36,38,41,45,46,48,49,50,51,52,53,54,55,56,60,61,62,64,65,66,67,69,70,72,74,75,76,77,78,79,80,81,82,83,84,85,86,87,88,89,90,92,93,94,95,97,98,99	642f15ecdbf2cfcd0782b3be438938ea8335b55dba751be65246cb5e7f5d6122	5340	3159820	7c6753574b4e1033d48177ce2cb5b9982dabab5dd86925317403011e82ea2a6a	b37f4aa3d331c6409e0d8df05ff34880dd506dc44911590ab40cf9b8d803c63a	
sig_h05340	sig	5340	36	32fe12c168ef80291e487dbf4045f430b9c5d90a	836c8edbfc75b517cefdde6426755f9e3b71021df09b06c6f3b9c262057cd47e	151.81	151.75	0.05	71236	227576	76678	150898	0.33693359580975146	0,1,2,3,4,5,6,8,9,11,12,13,14,15,17,19,20,21,23,24,25,27,28,30,31,33,34,35,37,38,39,40,41,42,43,44,45,46,47,48,50,51,52,53,54,55,56,57,59,61,62,63,64,65,66,67,68,69,70,71,73,75,76,77,78,79,80,81,83,84,87,88,90,91,92,93,94,96,97,99	13acca205c24f21db539a271fd9ade97c85ea050de28f9920f1bfbfbe67000dd	5340	3373455	4985f6f648298d05f93e3416ee97fa9538bb873c55e863585217ec8ca8e6e497	76e8cb8c10ec274d88518f6223d16a850529369e5ca7517ffad6fbc421847f93	
sig_h05340	sig	5340	37	32fe12c168ef80291e487dbf4045f430b9c5d90a	836c8edbfc75b517cefdde6426755f9e3b71021df09b06c6f3b9c262057cd47e	151.77	151.67	0.08	71360	229295	80396	148899	0.35062256045705315	1,2,3,4,5,7,8,9,10,11,12,14,15,16,17,18,20,21,22,23,24,25,26,28,30,31,32,33,34,36,37,38,39,40,41,42,44,45,46,47,52,53,54,55,57,58,59,60,61,63,64,66,67,68,69,70,72,73,74,75,76,77,78,79,80,81,82,83,84,86,87,89,90,92,93,94,95,96,97,98	4dda003a8bf3b54e8a840755abff1505779629e31a6f0ee428185c95e426761e	5340	3329658	90a8b9806c39b25c66917091d7a45a560a24c57a61665e9fdd4529e26854c0a7	447776d918b5a0762695f03a0a7dd9479541ec96bbce4b5cd02c3da52342da61	
sig_h05340	sig	5340	38	32fe12c168ef80291e487dbf4045f430b9c5d90a	836c8edbfc75b517cefdde6426755f9e3b71021df09b06c6f3b9c262057cd47e	151.95	151.86	0.08	71748	240584	84079	156505	0.34947876833039604	0,1,2,3,4,6,8,9,10,11,12,14,17,19,20,21,22,23,24,25,26,27,29,30,33,34,35,37,38,39,40,42,43,44,45,46,47,48,49,50,51,52,53,54,55,56,57,58,59,60,62,63,64,65,66,67,68,69,70,72,73,75,76,77,78,79,80,81,82,83,84,85,86,88,89,90,91,93,94,98	fecd2a43a0627359061e47ebfd09a52fe71babb59988685288e457503daac002	5340	3496445	2bffbca7db6c687f1fb222ce28cceb0f649d04d1190d6e197347ac6202270aab	b6997a9d857f6c321598fce0be34b1615566bf879548e40c79be42c33879db98	
sig_h05340	sig	5340	39	32fe12c168ef80291e487dbf4045f430b9c5d90a	836c8edbfc75b517cefdde6426755f9e3b71021df09b06c6f3b9c262057cd47e	151.97	151.88	0.08	71360	225654	73733	151921	0.32675246173345035	0,1,2,3,6,8,10,11,12,13,15,17,18,19,20,21,23,24,26,28,29,30,31,32,33,34,35,37,38,39,40,41,42,43,44,45,47,48,49,50,51,52,53,54,56,57,58,59,60,61,63,64,65,66,67,68,69,70,71,73,75,76,79,80,81,82,83,84,85,86,87,88,89,90,93,94,95,96,98,99	273d9b127fba051d7c8ff23ed3d7e5bd952bee020fe51d1aa8a6f825896578fb	5340	3396073	53c0c36c0c92136f13e82f8bfd8455b24577979a2ed80187b1f2c0c91f949c86	60e062092d28a4eea1cd4418e7d816147810449cc9b5a4afced082a514936339	
sig_h05340	sig	5340	40	32fe12c168ef80291e487dbf4045f430b9c5d90a	836c8edbfc75b517cefdde6426755f9e3b71021df09b06c6f3b9c262057cd47e	150.28	150.16	0.1	71360	229598	79219	150379	0.34503349332311256	1,2,3,4,5,6,7,8,9,10,11,12,13,14,15,16,17,18,19,20,22,23,25,27,28,29,30,31,33,34,35,36,37,38,39,40,41,42,43,45,47,48,49,50,52,53,54,55,57,59,61,62,64,65,67,68,69,70,71,72,74,77,78,79,80,83,85,86,87,88,89,90,91,92,94,95,96,97,98,99	96729f38b4d75f011d349328d3bf78d8df97dfc8d2f633a91f05c360e2945f71	5340	3362331	97adc10ea62d6bb6116a1047965594dee89f8b720c923b134780eb9ed8231b69	fcc299fad9f4b844978e617d5408187ad8ed552bad59e9aca9b9a91ef6f2e81e	
sig_h05340	sig	5340	41	32fe12c168ef80291e487dbf4045f430b9c5d90a	836c8edbfc75b517cefdde6426755f9e3b71021df09b06c6f3b9c262057cd47e	151.75	151.67	0.07	71488	230948	82655	148293	0.3578944177910179	0,1,2,4,5,6,7,8,9,10,11,13,14,16,18,19,20,21,22,24,25,26,27,30,31,32,33,34,35,36,37,38,40,41,43,44,45,46,47,48,49,50,51,52,53,54,56,57,59,60,61,62,63,64,65,66,67,68,69,70,72,73,74,75,76,78,80,81,82,83,84,85,86,88,89,91,93,94,95,98	f14de4e0b7f505d07ba65aaab6cf470babdbfd048d7e952ad5278dd7734160d0	5340	3316394	cc43a050a8fa2bf522fefc02a46eb5602c542460d0ca56b5380a0cdb8c5a11bb	10fd50c3100d7d46b089006bb15c8028ef59a8a04897322f2e2b163196d93878	
sig_h05340	sig	5340	42	32fe12c168ef80291e487dbf4045f430b9c5d90a	836c8edbfc75b517cefdde6426755f9e3b71021df09b06c6f3b9c262057cd47e	152.19	152.1	0.08	71232	220984	77298	143686	0.34979003004742426	1,3,4,5,6,7,9,10,11,12,13,15,16,17,18,19,20,21,22,24,27,29,31,32,33,34,35,36,37,38,40,41,42,43,44,45,46,47,48,50,51,52,56,57,58,59,60,61,62,63,65,66,67,68,69,70,71,72,73,74,75,78,79,80,81,82,83,84,85,86,87,88,89,93,94,95,96,97,98,99	861b178f9171653402aae1ed2b05a3b4ab50b5fb249ce66a2ed29c786f1a0323	5340	3215679	e104d1ec79df65278632a9fbe9b3f85b6e58bae912c7b75d53bb1df4030084f4	effddb539b62b1f788890058acb84407ab94b2d92fe6277421ce36e0967aecb1	
sig_h05340	sig	5340	43	32fe12c168ef80291e487dbf4045f430b9c5d90a	836c8edbfc75b517cefdde6426755f9e3b71021df09b06c6f3b9c262057cd47e	151.76	151.69	0.06	71872	245556	88542	157014	0.3605776279137956	0,2,3,4,5,6,7,8,9,10,11,12,13,14,15,16,19,20,21,22,23,24,25,26,27,28,30,32,33,34,36,37,39,41,42,45,46,47,48,49,50,51,52,53,55,56,58,59,60,61,62,63,65,66,67,68,70,71,74,75,77,78,79,80,82,83,84,85,86,88,89,90,91,92,93,94,95,96,98,99	7617d7f1eef2c675b7f601d3cf0e74e202bd2259495f5c2b74e73e7a00acc989	5340	3507862	560d443134cdb80b0b612db6e614065db8eb3097d407b9f66b2404721f56ba29	02c3aae8d6c17bd27d95c148efb73ad9ea656121a5616c2f67332c701659e2c5	
sig_h05340	sig	5340	44	32fe12c168ef80291e487dbf4045f430b9c5d90a	836c8edbfc75b517cefdde6426755f9e3b71021df09b06c6f3b9c262057cd47e	151.52	151.44	0.06	71508	238568	89103	149465	0.3734909962777908	0,1,3,5,6,7,8,9,10,11,12,13,15,16,17,18,20,21,22,23,25,26,27,28,29,31,32,33,34,35,36,37,38,39,40,42,43,44,45,46,47,48,50,51,53,54,55,56,59,60,61,64,65,66,67,69,70,72,73,74,77,78,79,80,81,82,83,84,85,86,87,88,89,90,92,93,94,96,97,99	7cefea72ffa9af5375792283d3e07dfbe74943498fe4f89152412bf7ee591a26	5340	3342157	f30686dfda11fa4a4fe0de7c013c9303a04ffc65fb4a7a7803020410d0ce20a4	13a940d576ca0bd982c46894ed253aaeefd3c4fe1329933c5d3ceada7b95acb5	
sig_h05340	sig	5340	45	32fe12c168ef80291e487dbf4045f430b9c5d90a	836c8edbfc75b517cefdde6426755f9e3b71021df09b06c6f3b9c262057cd47e	150.44	150.37	0.06	71360	227640	77736	149904	0.3414865577227201	0,1,3,4,5,6,7,8,10,11,12,13,14,15,16,17,18,20,21,22,23,24,25,26,27,28,29,30,31,32,33,34,36,37,39,40,41,43,44,48,49,51,52,53,54,55,56,57,58,60,61,63,64,66,68,69,70,71,73,75,76,77,78,79,80,81,82,83,84,85,86,87,88,89,91,92,93,94,96,99	154d4b776ab2bf3c060658f50c6d8e521443c6cb4745ba94f76d9eada1782a4d	5340	3351898	12b8dee5a6243e2159f2939e8184dc001eeb263c98f4ee33bf455d1c182c905d	ae6678181e7d9a6bf3d0badbd324d399cc58523962a9743e44a4545100562714	
sig_h05340	sig	5340	46	32fe12c168ef80291e487dbf4045f430b9c5d90a	836c8edbfc75b517cefdde6426755f9e3b71021df09b06c6f3b9c262057cd47e	152.06	151.98	0.07	71536	232964	85947	147017	0.36892824642434024	1,2,4,5,6,7,8,9,10,11,12,13,14,15,16,18,19,20,21,22,23,25,26,27,29,30,31,32,33,34,35,36,38,39,40,41,42,43,44,46,47,49,50,51,52,53,54,55,56,57,58,59,60,61,62,63,64,65,66,67,68,69,70,71,72,76,78,80,81,82,83,84,85,86,87,88,90,93,95,98	17d21142e0346fb0b40bd29071c18887926e6d47685c1544a3e42841368509f9	5340	3288695	b01d681517ada345afcc96b3fedcc2c20a1b6ab44b499eb227fd7ce060a15c73	6ef3105054f9abfbc4d1757a6f44a5fb10bfc5b92dde9df8deb9509c02946447	
sig_h05340	sig	5340	47	32fe12c168ef80291e487dbf4045f430b9c5d90a	836c8edbfc75b517cefdde6426755f9e3b71021df09b06c6f3b9c262057cd47e	152.71	152.62	0.08	71004	216481	68376	148105	0.31585219950018706	0,1,2,3,4,5,8,9,10,11,15,16,17,18,19,20,21,23,24,25,26,27,28,29,30,32,33,34,35,37,38,40,41,42,44,45,46,47,48,49,51,52,53,55,56,58,60,61,63,64,65,67,69,70,71,72,73,74,75,76,77,78,79,80,81,82,83,84,86,87,88,89,90,91,92,93,94,96,97,99	95192313221795ebd1951e866dbb37b0e67be46eadf6b24b15451c3858f57e9a	5340	3312368	4c458943ca6afdb13149ec48a239822d86e205f3ae156728d940bbe6e4d40df7	10fdcc15dc263578a4592f1169d61997710b34976f20e9432fcfc226693fa690	
sig_h05340	sig	5340	48	32fe12c168ef80291e487dbf4045f430b9c5d90a	836c8edbfc75b517cefdde6426755f9e3b71021df09b06c6f3b9c262057cd47e	152.35	152.28	0.06	70916	210511	65318	145193	0.31028307309356756	1,2,3,4,6,7,8,9,10,11,15,17,18,19,20,24,25,26,27,28,29,30,32,33,35,36,37,38,40,41,42,43,44,45,46,47,49,50,51,52,53,54,55,56,57,58,59,61,62,63,65,66,68,69,70,71,72,73,74,75,76,77,80,81,84,85,86,87,88,89,90,91,92,93,94,95,96,97,98,99	260f55673c126e025e5f990c9ee92f5b995ed06af3387f3caf83f645352688d0	5340	3248858	139c58f87d20bca4e1ea6518d178f814599c58993ba17873109d9e0a27fb26dc	d2f6465ee495a62b4d87a7b4585cf793ac14121a3ebe74c51243d9c901bd0ca8	
sig_h05340	sig	5340	49	32fe12c168ef80291e487dbf4045f430b9c5d90a	836c8edbfc75b517cefdde6426755f9e3b71021df09b06c6f3b9c262057cd47e	151.27	151.18	0.08	71364	226891	80966	145925	0.35684976486506736	1,2,3,4,5,6,7,8,10,11,12,13,14,15,16,17,20,21,22,25,26,27,28,29,30,31,33,34,35,36,37,38,40,41,42,43,44,45,46,48,49,50,51,52,53,54,55,56,57,58,59,60,62,63,65,66,67,68,69,70,72,73,74,76,78,79,80,81,83,84,88,90,91,92,93,94,95,97,98,99	e80181049a20d1e24d1d2f8f473c6303a9d44c18d635964d2bae7c48dc11c8b7	5340	3264734	a6a38219f71d5e49e8816f000477caf437d0c0f4a8641be664fcad9975511501	c7cef6f7f4f624fa555589ebae6b14fc4d3f9b047edf2f253bba36617d0201d0	
sig_h05340	sig	5340	50	32fe12c168ef80291e487dbf4045f430b9c5d90a	836c8edbfc75b517cefdde6426755f9e3b71021df09b06c6f3b9c262057cd47e	152.37	152.29	0.07	71104	220784	70997	149787	0.32156768606420755	0,1,2,3,4,5,6,9,10,11,12,13,14,15,16,17,18,19,20,21,23,25,26,27,28,30,31,33,34,35,36,37,38,39,41,42,43,44,45,48,49,53,54,55,56,57,58,59,60,61,62,63,64,65,67,68,69,71,72,73,74,75,76,78,82,83,84,85,86,87,88,89,90,92,93,94,95,96,97,99	256c593b9417ad0ad51d64a0a9b0a741800da0ed7b4979cb65bbea7af5fc7b5d	5340	3349030	5ebf3930c36a5aeca5797191b53afd86d162a77b6780230eb6f9637c124be3e9	06ec27c79e1d7daf5357e2122d6ce87d03878ec85b8e69b375df419c43c3ab38	
sig_h05340	sig	5340	51	32fe12c168ef80291e487dbf4045f430b9c5d90a	836c8edbfc75b517cefdde6426755f9e3b71021df09b06c6f3b9c262057cd47e	154.22	154.16	0.05	71744	239564	85653	153911	0.3575370255965003	0,2,4,6,7,8,9,10,11,12,13,14,16,17,19,20,21,22,23,24,26,27,28,29,30,31,32,33,34,35,36,37,38,39,41,42,43,44,45,46,47,48,49,50,51,52,54,56,57,58,59,60,61,63,65,68,69,70,71,73,74,75,76,77,78,79,80,83,85,88,89,90,91,92,93,94,95,96,97,99	d49f535640836164460176b474bf1da557f7359b2a902f74c67be70571c68509	5340	3439724	9f9a4e9ba6634d240dc221fb6703230d3a6f053abf682fe795a21b6355ecf05b	ed5326a567e24720903c827648860f8192332c8e70596d7dd70ec3906dad9f4f	
sig_h05340	sig	5340	52	32fe12c168ef80291e487dbf4045f430b9c5d90a	836c8edbfc75b517cefdde6426755f9e3b71021df09b06c6f3b9c262057cd47e	151.92	151.82	0.08	70976	211915	67072	144843	0.31650425878300265	0,1,2,3,4,5,6,7,8,9,10,11,12,13,16,18,23,24,25,26,27,28,29,30,32,34,35,36,37,38,39,40,41,42,43,45,46,47,48,49,50,51,52,53,54,55,56,57,58,59,60,61,62,65,66,67,68,69,70,72,73,75,76,78,79,80,81,82,83,85,86,87,89,91,92,93,94,95,96,98	d6664fcfc68aad06d7b14e04eeb440d0e75584bb00a167069232832a995c8538	5340	3241301	16022d2e05d1782bfebfbb2b3b6ca216ac0999c4139ad6e141c1cda8e2454710	62a57e9fefb77d93d9e079769839ce064e1664b55080f7c73798aa9c44996d90	
sig_h05340	sig	5340	53	32fe12c168ef80291e487dbf4045f430b9c5d90a	836c8edbfc75b517cefdde6426755f9e3b71021df09b06c6f3b9c262057cd47e	151.89	151.78	0.09	71144	216307	66742	149565	0.3085521966464331	0,2,3,4,5,6,7,8,9,11,12,14,15,16,18,21,22,23,24,25,27,29,31,33,34,35,36,37,39,40,41,42,43,44,46,47,48,49,50,51,52,53,54,55,56,57,58,59,60,61,62,63,65,66,67,68,69,70,72,75,76,77,78,79,80,81,82,84,86,87,89,90,91,93,94,95,96,97,98,99	e953f66173621e7c5d76b37899ad4dcc05c484c744eadb5cfcbcc6a71c509e58	5340	3344354	f6d7cf0661fa84e94d9fbac2392fa2409d23cc6cac765371af9b44236448db96	ecf11d31c8a27544185bae8f9587dec4f73fb84d68e529d7ebcbce1beb35ffc9	
sig_h05340	sig	5340	54	32fe12c168ef80291e487dbf4045f430b9c5d90a	836c8edbfc75b517cefdde6426755f9e3b71021df09b06c6f3b9c262057cd47e	153.1	153.0	0.08	71232	223545	73482	150063	0.32871233979735626	1,2,4,5,7,8,9,10,11,12,13,14,15,16,18,19,20,21,22,23,24,25,26,27,28,30,31,34,35,36,38,39,40,41,42,43,45,46,47,48,49,50,51,52,53,54,56,57,58,60,61,63,64,65,66,67,68,69,70,72,73,74,75,77,78,79,80,81,83,84,86,87,88,90,91,93,94,95,96,99	b8d17effa9ddf0a119e29994594210f67cc54f7062491d04d2b979a4c2534d9f	5340	3355262	dbdda8b65d19dca00bfcedcb26edf47af65ad9aa0057803c6f8d6e65acdf182c	a98f4b294fdfcf0eba074e8f1a2c1fd57211f7e2ec67f1407b4aec505c58ca99	
sig_h05340	sig	5340	55	32fe12c168ef80291e487dbf4045f430b9c5d90a	836c8edbfc75b517cefdde6426755f9e3b71021df09b06c6f3b9c262057cd47e	152.39	152.3	0.08	71232	219286	69245	150041	0.3157748328666673	0,1,2,3,4,5,6,7,8,9,13,14,15,16,17,18,19,20,22,24,26,27,28,29,30,31,33,35,36,37,39,40,41,42,43,44,47,48,49,50,51,53,54,55,57,58,59,60,61,62,63,65,67,68,69,70,71,72,73,74,75,76,77,78,79,80,82,83,86,87,88,90,91,92,93,95,96,97,98,99	4b691f4374e2fa2ad0797f1f1d450c61c6f9eebb5a0cc6d8918237adeb83aef5	5340	3354559	4d814bd5d3e4f03a96bc307b2a3bdd5bae6bd34dae03b6ba63e90435e4205406	610221251fb2f520f72756c356849ba30ac7d8814eeb912ab51be4b41f1fca02	
sig_h05340	sig	5340	56	32fe12c168ef80291e487dbf4045f430b9c5d90a	836c8edbfc75b517cefdde6426755f9e3b71021df09b06c6f3b9c262057cd47e	152.3	152.21	0.08	70980	210703	65261	145442	0.3097298092575806	0,2,3,4,5,6,10,11,12,13,14,15,17,18,20,21,22,23,24,25,27,28,29,30,31,32,33,35,36,37,38,40,41,42,43,44,45,47,48,49,50,51,52,53,54,55,56,57,58,59,61,63,64,65,66,67,69,70,71,72,73,75,76,77,78,80,81,82,83,84,86,87,88,90,92,93,96,97,98,99	ad5edf99055f5649618b4f6242868ad7ef69bdeae6484f7f336ba504c0c36bab	5340	3254082	2f32fd63155cc5d75e2aef9222643a0f30a1d2c0175b80582fc7b36e2d6faefb	f2043f2a37febc325c70bc8423a80e716956662cb557ddf6171743dc721f1247	
sig_h05340	sig	5340	57	32fe12c168ef80291e487dbf4045f430b9c5d90a	836c8edbfc75b517cefdde6426755f9e3b71021df09b06c6f3b9c262057cd47e	151.89	151.83	0.05	71616	239867	92105	147762	0.38398362425844323	0,1,3,6,8,9,10,11,12,13,14,15,18,19,20,21,22,24,25,27,29,30,31,33,34,35,36,37,38,39,40,41,42,45,46,47,48,49,50,51,53,55,56,58,59,60,61,63,64,65,66,67,68,69,70,71,72,73,74,75,76,77,78,79,80,81,82,83,84,86,88,90,92,93,94,95,96,97,98,99	f6ace67630086ac2bfb8e860806d168f9589f37d53029db62245886e272e0935	5340	3304617	b3e883c50d496ae9ca1d7e3d800fa6b4f27abf3fcca962caa496d3ef8273b574	07b77b560dcc56f15fe04b27349db735f85913ebb335e9db208ad8e0e86b934d	
sig_h05340	sig	5340	58	32fe12c168ef80291e487dbf4045f430b9c5d90a	836c8edbfc75b517cefdde6426755f9e3b71021df09b06c6f3b9c262057cd47e	151.84	151.74	0.09	71020	216435	66508	149927	0.3072885623859357	0,2,4,5,6,7,9,10,12,13,14,15,16,17,18,19,20,21,22,23,24,26,27,29,31,32,33,34,35,36,37,38,39,40,42,44,45,46,47,48,49,50,51,52,53,54,55,56,57,58,59,60,61,62,67,68,69,70,71,73,74,75,76,77,78,79,80,81,82,85,87,88,89,90,91,92,94,95,96,99	cfaebf8e23ab234e6b537a7b1a2fd8c81fd775756ad7e3dd1fba31ee8efa573b	5340	3352273	8ed329a8f93863cb1fdbf2cb87bd4753b367b760565ab656d0f902a94a183127	501d7baea9209cd6ab76d10fff8c01bdb50ae6bed3bb6314215b8e17f27369ae	
sig_h05340	sig	5340	59	32fe12c168ef80291e487dbf4045f430b9c5d90a	836c8edbfc75b517cefdde6426755f9e3b71021df09b06c6f3b9c262057cd47e	151.63	151.52	0.1	71368	229989	82597	147392	0.3591345673053929	2,3,4,5,6,7,8,9,10,11,12,13,14,15,16,17,18,19,20,21,22,23,24,25,26,29,30,31,32,33,34,36,37,38,39,40,41,42,43,45,46,48,50,51,52,54,55,59,61,63,64,65,66,67,68,69,70,71,72,73,74,75,76,77,78,79,80,81,84,85,87,88,91,92,93,95,96,97,98,99	d6d2b6c1e22e4205e2b1ecddefc7e0cb1e4d57b185759f5e076c4a75cb02f3cd	5340	3296777	9ae352e4b75a172ab433469f88936be4b8a75e9d2226115394d30dab8eebce24	4d72c065e1ec7733c316b439a14151d48953a37f63305595ad0e1abb2d3835f3	
sig_h05340	sig	5340	60	32fe12c168ef80291e487dbf4045f430b9c5d90a	836c8edbfc75b517cefdde6426755f9e3b71021df09b06c6f3b9c262057cd47e	152.1	152.01	0.07	71472	234128	81320	152808	0.34733137429098615	0,1,2,3,4,9,11,12,13,14,15,16,17,18,19,21,23,25,26,27,28,29,31,32,34,36,37,38,40,41,42,43,45,46,47,48,49,50,51,52,53,54,55,56,57,58,59,61,62,63,64,65,66,67,68,69,70,71,72,73,74,75,76,77,78,79,80,81,83,84,85,88,90,91,92,94,96,97,98,99	8ba51d8d93ba626dd0935313bed7d0dd71c1d4370698b08e3dc25050b4b1d5ca	5340	3415361	3589917680e8fa4cdd158a7dff2bd9da669a02d1e78280e897312bf3eba7e04b	eca4ab112592492fd4a9ce94995f267b85f73e55d8445ce692a2de69b2e3f209	
sig_h05340	sig	5340	61	32fe12c168ef80291e487dbf4045f430b9c5d90a	836c8edbfc75b517cefdde6426755f9e3b71021df09b06c6f3b9c262057cd47e	150.95	150.85	0.09	71232	226018	78954	147064	0.34932615986337373	0,1,2,5,7,8,9,10,11,12,13,14,15,16,17,18,19,20,21,22,23,25,26,27,30,33,34,35,36,37,38,39,40,41,43,44,45,46,47,48,49,50,51,52,54,56,58,60,61,62,63,65,66,67,69,70,71,73,74,75,77,78,79,80,81,82,83,84,85,86,87,89,91,92,93,94,95,96,97,99	8a9ee3e9e1cc9267094df1169bbe5cfd3e63fcdd405d48ce8db4c32118d7d3ca	5340	3289567	fab18f34b5322c839a8334480cd84997e9232c324dddcf8d34671b8ff7ca43e8	02736dd070ae5f894a5623020fbfa4558a05917c0acedffae64cb59874639dde	
sig_h05340	sig	5340	62	32fe12c168ef80291e487dbf4045f430b9c5d90a	836c8edbfc75b517cefdde6426755f9e3b71021df09b06c6f3b9c262057cd47e	153.27	153.17	0.08	71232	221946	78511	143435	0.35373919782289387	1,2,3,4,5,6,7,8,10,11,12,13,14,15,17,18,19,21,22,24,25,27,29,30,31,33,36,38,40,41,42,43,44,45,46,47,48,49,50,51,52,53,54,55,56,57,58,59,61,62,64,65,66,68,69,70,71,72,73,77,78,79,80,81,83,84,85,86,87,88,89,90,92,93,94,95,96,97,98,99	0b2c295eaf9586f9a668ef15009ce877c8040e8361be47064bf932e528666268	5340	3210178	0cddbf432ba22fe2f8917172b1aabbd4e8482286856c25e0d6bed587e15d3cd4	6f317b7ea8ee50aa626ef4f024c6a99b046ce85a64069b8bf578ec0380080a83	
sig_h05340	sig	5340	63	32fe12c168ef80291e487dbf4045f430b9c5d90a	836c8edbfc75b517cefdde6426755f9e3b71021df09b06c6f3b9c262057cd47e	152.24	152.17	0.06	71232	227185	80508	146677	0.35437198758720867	1,2,3,4,6,8,9,10,11,12,13,14,16,17,18,19,21,22,23,24,25,26,27,28,29,30,31,32,33,34,36,37,38,40,42,43,44,45,46,47,48,49,50,52,53,54,55,56,57,58,59,61,64,65,66,67,68,69,70,72,73,76,77,78,79,80,81,82,84,85,87,88,89,90,92,94,95,96,98,99	4c74943e5f8853136b77dc5eebec9a5de4462eb18ed3310d1f6afec11ca20d16	5340	3280986	619ac340f7c7bc7f4e84222380e99489c9e38422ceded8ae02967e2020662962	4b29298c6045a22ece0dbda06e2dd729bb23a7989c06083e713a97f4a4ccc3cd	
sig_h05340	sig	5340	64	32fe12c168ef80291e487dbf4045f430b9c5d90a	836c8edbfc75b517cefdde6426755f9e3b71021df09b06c6f3b9c262057cd47e	152.55	152.45	0.08	71232	222088	74200	147888	0.33410179748568136	0,1,2,4,6,7,8,9,12,13,14,15,16,17,18,19,20,21,22,23,24,27,29,31,32,34,36,37,38,39,40,41,42,44,45,46,47,48,49,50,51,52,54,55,56,57,58,60,61,62,64,66,67,69,70,71,72,73,74,75,76,77,78,79,80,81,82,83,84,87,88,90,91,92,93,94,96,97,98,99	ad47c961b77769827af574869986a83a808623c1e64314073cc56698f3440174	5340	3307836	a8f38e515ad885b33100f31c487ab0cb4ac3c061160b23a66c97676f999030d4	9a94965f786b798b958c058b27be2f1a27a9ebb00132cd52697c5b7425ce9fa3	
sig_h05340	sig	5340	65	32fe12c168ef80291e487dbf4045f430b9c5d90a	836c8edbfc75b517cefdde6426755f9e3b71021df09b06c6f3b9c262057cd47e	150.74	150.62	0.06	71104	224093	71561	152532	0.3193361684657709	1,2,3,4,5,6,8,9,12,14,15,16,17,19,20,21,22,23,24,25,26,27,28,29,30,31,32,33,34,35,36,37,40,41,42,43,44,45,46,47,48,49,51,52,54,57,58,59,60,61,62,63,66,67,68,69,70,71,72,74,76,77,78,80,81,83,84,87,88,89,90,91,92,93,94,95,96,97,98,99	5165ecf0c99fe0ae652c90f1fc5a21307b388d4b29e49ebee67f0458564382ed	5340	3409366	f4d0fd535dc1329f220ccdc790be11eefc3621f43fd1d12afddb3c38e430bf86	c25137b690fff0157b670f469a1eec4169ce022eb275d7a8fa2ba92babc5d367	
sig_h05340	sig	5340	66	32fe12c168ef80291e487dbf4045f430b9c5d90a	836c8edbfc75b517cefdde6426755f9e3b71021df09b06c6f3b9c262057cd47e	151.93	151.85	0.07	71232	223919	76244	147675	0.34049812655469164	1,2,3,5,6,7,8,10,11,12,13,14,15,16,17,18,19,20,21,22,23,24,25,26,27,28,30,31,32,33,34,35,36,38,40,41,42,43,44,45,46,47,48,49,50,51,52,54,55,56,57,58,59,60,62,64,65,66,67,68,69,70,72,74,75,77,78,79,80,82,84,85,86,87,88,91,92,96,98,99	0a84de14ce02a447186955a6f8c92b81584d502846e31c159d22fe22262468db	5340	3302986	d2d40fe167b748b075684b2a44b85bcb6c877f82fe41d080a57d6192cdd17a60	f0036a07c31dfba9f308c66c95d174a72506717042097c63afa16c8c205bf7aa	
sig_h05340	sig	5340	67	32fe12c168ef80291e487dbf4045f430b9c5d90a	836c8edbfc75b517cefdde6426755f9e3b71021df09b06c6f3b9c262057cd47e	152.9	152.83	0.06	71232	220725	72763	147962	0.32965454751387474	0,1,2,3,4,5,6,8,9,10,12,13,14,15,16,17,18,19,20,21,22,23,24,25,26,28,29,31,32,33,35,36,37,38,39,41,42,43,44,45,46,47,48,50,52,54,55,57,58,59,60,62,63,64,66,68,69,70,71,72,74,75,76,77,78,79,80,82,83,86,88,89,91,92,93,94,95,96,97,99	8195c3037d5ccf5b51425412c209dd9cba967e34e5cbf182bf8e7e2e57bcfaf9	5340	3309366	0c79b7d7a8281607feab17f45ed6e0c32862b4a274c27df9fe056869ca1e3f58	7849709419e8860ebf0854445b4da9cc367f095e58fd4632b9352dd75fb97933	
sig_h05340	sig	5340	68	32fe12c168ef80291e487dbf4045f430b9c5d90a	836c8edbfc75b517cefdde6426755f9e3b71021df09b06c6f3b9c262057cd47e	150.59	150.53	0.05	71360	231900	79609	152291	0.34329021129797327	0,1,2,5,6,7,8,9,11,12,16,18,19,20,21,22,23,24,25,26,28,29,30,31,33,34,35,36,39,40,41,42,43,44,45,46,47,48,49,50,51,52,53,55,56,57,58,62,63,64,65,67,68,70,71,72,73,74,75,76,77,78,79,80,81,82,83,84,85,87,88,89,90,91,92,94,95,96,97,99	3cf81bc6e742428b5d7d08d515cddccbeda39d95af1388e40213d0e575dcd3c3	5340	3404122	010f97c42c1088286a9e1e9c37c524ce69a2fa86af10ed9fbb85e4db3c46dd98	f9b918a2a740bd7c1fe3c124425bc3b7b40e087d638126a1cc36d65265603f69	
sig_h05340	sig	5340	69	32fe12c168ef80291e487dbf4045f430b9c5d90a	836c8edbfc75b517cefdde6426755f9e3b71021df09b06c6f3b9c262057cd47e	151.91	151.83	0.07	71492	228224	82137	146087	0.3598964175546831	0,2,3,4,5,7,8,9,10,11,12,13,14,15,16,17,18,19,20,22,24,25,27,28,29,31,32,33,34,35,37,40,41,42,43,44,45,46,47,48,49,50,51,52,53,55,56,57,58,60,61,62,64,65,66,67,68,69,70,71,72,74,75,76,77,79,82,83,84,85,89,91,92,93,94,95,96,97,98,99	9ef762b13e73e1aff4a5990a057f5aa4dd2f2c4912ea20051616c6275a61df2d	5340	3268216	06e9e8cb416a6f12126ce339331d0a8e25cb29ddeb6cf54b902336799553548d	a6a6ecb1d50d2410f0324efd418b8ed2fa59083be6bcc25fc68b906ab476f8aa	
sig_h05340	sig	5340	70	32fe12c168ef80291e487dbf4045f430b9c5d90a	836c8edbfc75b517cefdde6426755f9e3b71021df09b06c6f3b9c262057cd47e	152.56	152.43	0.1	71348	229320	80784	148536	0.352276295133438	0,1,2,3,4,5,6,7,8,9,10,11,13,14,15,16,19,20,21,22,23,25,26,27,28,29,30,31,33,34,35,36,37,38,40,41,42,44,45,46,47,48,49,50,51,52,54,55,56,58,62,63,64,66,69,70,72,73,74,75,77,78,79,80,81,82,83,84,85,86,87,88,90,91,92,93,94,97,98,99	6c28058625ca4e531fd6b53c9de4f4cdbdd18bcca17827e3ff55ed7ef69ae4b0	5340	3322054	4c9feec2c8a243277b6fd8a55bfcce4055fd602289ffc7daa044a2227467e596	154746e7774bdc2a04de3c1335d37af58bb0626f82c61e8c6d509e844a9632a6	
sig_h05340	sig	5340	71	32fe12c168ef80291e487dbf4045f430b9c5d90a	836c8edbfc75b517cefdde6426755f9e3b71021df09b06c6f3b9c262057cd47e	152.68	152.61	0.06	71488	227386	75936	151450	0.33395195834396135	2,3,4,5,6,7,8,9,11,12,13,14,16,18,19,20,21,22,23,24,25,26,27,28,29,31,32,33,34,35,37,38,39,40,42,43,44,45,46,47,48,50,51,52,53,54,55,56,57,59,60,62,63,64,65,66,67,68,69,72,74,75,76,77,78,79,81,83,84,86,89,90,91,92,93,94,95,96,97,98	c373b9966ef7ba80d30c049e3c36cdbc685e974826dad80311057c9eb482a1f1	5340	3385616	36c5134d1b1475781c05ed9c78ede79e7fdcec1788ea024d6c53f2d2140b1c54	b48c4da160685d987df5dbcc8592372c613d68228c8fa1668a39283becaac183	
sig_h05340	sig	5340	72	32fe12c168ef80291e487dbf4045f430b9c5d90a	836c8edbfc75b517cefdde6426755f9e3b71021df09b06c6f3b9c262057cd47e	152.11	152.01	0.08	71360	228465	77484	150981	0.33915041691287506	0,1,2,4,6,7,8,9,10,11,12,13,14,15,17,20,21,23,24,26,27,28,29,30,31,33,34,36,37,38,39,40,41,42,43,44,45,48,49,51,53,55,57,58,59,60,61,62,63,64,66,67,68,69,71,72,73,74,75,76,78,79,80,81,82,83,84,85,86,87,88,89,90,91,92,95,96,97,98,99	bb21f8cef596e8d85346f210124814c42773b092389f8bc13dcfa27d4bae5642	5340	3375190	7f214b71aa75b05c5b88c5115494f92432201e0c54099a882b069e9397446f28	1cb608abb38287de1cd43ab28add4564eaa700b0e38800c3928473346aee5cef	
sig_h05340	sig	5340	73	32fe12c168ef80291e487dbf4045f430b9c5d90a	836c8edbfc75b517cefdde6426755f9e3b71021df09b06c6f3b9c262057cd47e	151.48	151.39	0.07	71360	226053	74216	151837	0.3283123869181121	0,1,2,3,4,5,8,9,11,12,13,14,16,17,18,19,20,21,22,23,24,25,26,28,29,30,31,32,33,35,37,38,39,40,41,42,44,45,47,48,49,50,51,52,53,54,56,57,61,62,63,64,66,67,69,71,73,74,75,76,78,79,81,82,83,84,85,86,87,88,89,90,91,92,93,94,95,96,97,99	ab37aca254fbac18330c695e501128eb8bdebdae12bd91661823f9f63bb78838	5340	3394315	572f459f33f32d6b8e1e0c788afc21407cf4c782a7f386ffdc19c8b41ac0ab7e	e73bc12c157d7a52e65f2b5a91c9f4cc8d939486ddcfa10356c9dd4c49039993	
sig_h05340	sig	5340	74	32fe12c168ef80291e487dbf4045f430b9c5d90a	836c8edbfc75b517cefdde6426755f9e3b71021df09b06c6f3b9c262057cd47e	161.15	161.06	0.08	71104	223493	75112	148381	0.33608211442863983	0,1,2,3,4,6,7,8,9,10,12,13,14,15,17,18,19,20,21,22,23,24,25,26,27,28,30,32,33,34,35,36,37,38,39,40,41,42,43,45,48,50,51,52,54,56,57,60,61,62,63,64,65,66,67,68,69,70,71,73,74,75,78,79,81,82,83,85,86,87,88,89,90,91,92,94,95,96,97,99	009c5027e2c0e6a8e5bf21521cafd7735dcce390e2957e085ac4966e0adc6281	5340	3318523	65afa8028800e1e9e65a7dd4b0cce2f10b7a3667803e611040daf7b680e65252	903afc29d38212f121f8a1670d6da00c06913a12963144221969ef872243fc42	
sig_h05340	sig	5340	75	32fe12c168ef80291e487dbf4045f430b9c5d90a	836c8edbfc75b517cefdde6426755f9e3b71021df09b06c6f3b9c262057cd47e	152.07	152.0	0.06	71232	220603	74232	146371	0.3364958772092855	1,2,3,4,5,6,8,9,10,12,13,14,15,16,18,19,20,21,22,24,26,27,28,29,30,32,33,34,35,36,37,38,39,40,41,42,43,44,45,46,47,49,50,52,54,55,56,58,59,60,61,62,64,66,67,68,69,70,71,72,73,74,75,76,77,80,81,84,85,86,87,89,90,91,93,94,95,97,98,99	f464e52d7ff2e843d3fa5abb3d9ea5494da98e274ee4e2fdb4543ab0822d529d	5340	3274735	dafd85ae4a16b3b483ccc7870cdebf749df4bfcab327f258a2850ad70c986e51	57a8d5584ef27c351e985e1ccff53068217ba25b7da06a10ee13454fcaf7f4e8	
sig_h05340	sig	5340	76	32fe12c168ef80291e487dbf4045f430b9c5d90a	836c8edbfc75b517cefdde6426755f9e3b71021df09b06c6f3b9c262057cd47e	153.59	153.52	0.05	71232	220472	78590	141882	0.356462498639283	0,1,2,3,4,5,6,8,9,10,11,12,14,15,16,17,18,19,20,23,24,25,26,27,29,30,31,32,33,34,35,37,38,39,40,42,43,44,45,46,48,49,51,52,53,55,56,57,58,59,61,62,63,64,65,69,70,71,72,73,74,75,76,77,78,79,80,82,83,85,87,88,90,92,93,94,95,97,98,99	24ca285cd072230e5c83b67143d822fb769000e9318ca3ea293e27404f4c4f4b	5340	3176382	8392b8ea291c067557eb8f70d170a2387042dbd70bcf21e5fa60cdfd2ca85e9f	af3833161df93351b1678f363ec849c3d0a9517f798abe15c5e70b446740a186	
sig_h05340	sig	5340	77	32fe12c168ef80291e487dbf4045f430b9c5d90a	836c8edbfc75b517cefdde6426755f9e3b71021df09b06c6f3b9c262057cd47e	152.39	152.3	0.08	71492	233874	82462	151412	0.3525915663990012	1,2,4,5,6,7,8,11,12,13,14,15,16,17,18,20,22,23,24,26,27,28,29,30,31,33,34,35,36,37,38,39,40,41,42,43,44,46,47,48,49,50,51,53,54,55,56,57,58,59,60,62,63,64,65,66,68,69,70,71,72,73,74,76,77,80,82,83,85,88,89,90,91,92,93,94,95,96,97,98	aa8af747e8f0a4244327cf643d41732fd7bd874c8290c19e469e850a2ceaecb4	5340	3384910	091d88dc90e97dc964407a8a0ebd00f3f819c9040e75ace0427b43074eb07e54	c9869434294d0a16919257e8d8defd6cc1cf1045714e1898f4ddef675898a146	
sig_h05340	sig	5340	78	32fe12c168ef80291e487dbf4045f430b9c5d90a	836c8edbfc75b517cefdde6426755f9e3b71021df09b06c6f3b9c262057cd47e	153.06	152.96	0.06	71488	232255	80940	151315	0.3484962648812727	1,4,6,7,8,9,10,11,12,13,14,15,16,17,18,19,20,21,22,23,24,25,28,29,30,31,32,33,35,36,37,39,40,41,42,43,44,46,47,48,49,50,51,52,53,54,55,57,58,59,60,61,63,64,66,67,68,70,71,73,74,75,76,77,79,80,81,82,84,85,86,88,89,90,91,92,93,94,96,98	839939d759a86de058ae6be5692313837ee1dd6c7e9dcb66740a595674693e94	5340	3382770	f6b1779bf6134dbe738452e17dfec788ef50d17fed30d34a4d2d044121d44577	d5101f1c79f563b6126d2f78185a3cef36ce553a67ec4b07bfe41c23540d9990	
sig_h05340	sig	5340	79	32fe12c168ef80291e487dbf4045f430b9c5d90a	836c8edbfc75b517cefdde6426755f9e3b71021df09b06c6f3b9c262057cd47e	153.84	153.76	0.06	71616	238658	85085	153573	0.35651434269959525	0,1,2,3,4,5,6,7,8,9,10,11,13,14,15,16,17,18,19,20,21,23,24,25,26,27,28,29,33,34,35,36,37,38,39,41,42,43,44,45,48,49,50,51,53,54,55,56,57,59,60,61,62,66,67,68,69,70,72,74,75,77,78,79,81,83,84,85,86,87,88,90,91,92,93,94,95,96,97,98	8cfacd1968cb78ef89cecdcd7d750aaf3d6222fa75b24d52faca44cf2634b1f4	5340	3432127	43ff6f45e0fd7ddf1a753d9c7cc6cf244b930c6149dc67e986ee455ab375974a	1049c1af79a93d688f255718aca007f7412a5bab948521ce34ea6e4a12a88da7	
sig_h05340	sig	5340	80	32fe12c168ef80291e487dbf4045f430b9c5d90a	836c8edbfc75b517cefdde6426755f9e3b71021df09b06c6f3b9c262057cd47e	152.66	152.58	0.07	71620	234217	82917	151300	0.3540178552368103	1,2,3,4,5,6,7,8,9,10,11,12,14,15,16,17,19,20,21,22,24,25,26,27,28,30,31,33,34,35,36,37,39,40,41,42,43,44,46,47,48,49,51,52,53,54,56,57,58,59,60,62,64,65,66,67,68,69,70,72,74,75,76,78,80,81,82,83,84,85,86,87,88,89,91,92,94,95,96,98	131446be20c2911c1164e7d2af72947a4e6997108361a06a7ee37092930e7207	5340	3382330	de81ca2e2fb99586109ecaf8ab617794d4d1cc56019c58a73a4a2099bb35059f	1e074b97a467b9ae0ba80f0b86c97b4d500aebe33df87d03f92aec35a78a3316	
sig_h05340	sig	5340	81	32fe12c168ef80291e487dbf4045f430b9c5d90a	836c8edbfc75b517cefdde6426755f9e3b71021df09b06c6f3b9c262057cd47e	153.67	153.58	0.08	71024	215119	66817	148302	0.3106048280254185	0,1,3,5,8,9,12,13,15,16,17,18,19,20,22,23,24,25,26,29,30,31,32,33,35,36,37,38,40,42,43,44,45,46,47,48,49,50,51,52,54,55,56,57,58,59,60,61,62,63,64,65,66,68,69,70,72,73,74,75,76,77,78,79,80,81,82,84,86,87,88,90,91,93,94,95,96,97,98,99	b95ee9674295a959f732ba391f36246f515bd2b5886129241e55fce866fd9956	5340	3316566	66c669bcf5b1947bcbf5ba38a8a3d801b35958f052037e47a451714b36e23f01	bad0854902c406fdd0badc64d99d8ab1652cce1fe0bb71bed98a01e49900575b	
sig_h05340	sig	5340	82	32fe12c168ef80291e487dbf4045f430b9c5d90a	836c8edbfc75b517cefdde6426755f9e3b71021df09b06c6f3b9c262057cd47e	152.24	152.15	0.07	71236	219159	71048	148111	0.3241847243325622	0,1,2,3,4,5,6,7,8,10,11,12,13,14,15,16,17,18,19,20,21,23,24,25,26,27,28,30,31,32,33,34,36,37,40,42,43,44,46,47,48,49,51,52,53,55,57,58,60,61,62,63,64,65,66,67,68,69,70,71,72,73,75,76,77,80,82,83,84,85,87,88,89,90,91,92,93,94,97,98	6013c801b63a97540bd142dc9ca07e678c5a1e496daa97f2beaf4677ce69bf10	5340	3312506	0aeed289afa08cb894e0efc8f3a45ce6082eb9e24489aee8b971577b142898fc	37bbde6f256b92f53da6386f04270b3f67b099a9ca7a39430e7888bff7e7b868	
sig_h05340	sig	5340	83	32fe12c168ef80291e487dbf4045f430b9c5d90a	836c8edbfc75b517cefdde6426755f9e3b71021df09b06c6f3b9c262057cd47e	152.16	152.07	0.08	71400	226941	77843	149098	0.34300985718755095	1,3,4,5,6,7,8,9,10,13,14,15,16,17,18,19,20,21,22,23,24,25,26,27,28,31,32,33,34,36,39,40,41,42,43,45,46,47,48,50,51,52,54,55,56,57,58,59,60,61,62,63,64,65,68,70,71,72,74,75,76,77,78,79,80,81,82,84,85,87,88,89,90,91,92,93,94,96,97,98	af3d69860f33008a287c4f4d8b23e21b8743ea4965200b8b5bc5c509693b4ab8	5340	3333934	492bacdbcd4dc31221f44646a06578e2fa170b4f1f76e9a69a455457daeff011	1eb66a0910a4b400937d76280dd9a65d9500a066c5720fb9d0891a527399dc13	
sig_h05340	sig	5340	84	32fe12c168ef80291e487dbf4045f430b9c5d90a	836c8edbfc75b517cefdde6426755f9e3b71021df09b06c6f3b9c262057cd47e	151.68	151.58	0.09	71492	235247	77537	157710	0.329598252049973	0,1,2,3,4,5,6,7,8,10,12,14,15,16,17,19,20,22,23,26,27,28,29,30,31,32,34,35,36,37,39,41,42,43,44,45,46,47,48,50,51,52,53,54,56,57,58,59,60,61,63,64,65,67,69,70,71,72,74,75,77,78,79,80,81,83,84,85,86,87,88,89,91,92,93,94,95,96,98,99	46e3ce62e8ad77207c82b430b26e5624bb911871d9cb24213c80573ea4e9ec2b	5340	3522659	a69952eb0ae53645de91e3eea7e7b31ecef299d8d971cbb96c2ecd84f6695de3	99a07604322bcee2cebd530ab1569a1ba31184cb508d391536c2b0753237e612	
sig_h05340	sig	5340	85	32fe12c168ef80291e487dbf4045f430b9c5d90a	836c8edbfc75b517cefdde6426755f9e3b71021df09b06c6f3b9c262057cd47e	151.37	151.28	0.08	70928	205672	59306	146366	0.28835232797852894	0,2,3,4,5,7,8,10,11,12,13,15,17,18,19,21,23,24,25,26,27,28,29,31,32,33,34,36,37,38,39,41,42,43,44,45,46,47,48,49,51,52,53,54,55,57,59,60,61,63,64,65,66,67,68,69,70,71,72,73,74,75,76,77,78,79,80,81,85,87,89,90,91,92,93,94,95,96,98,99	de83cb66473aeea1f97278352e1cf09f9725a31ecd3bc921266488dea1f47ba6	5340	3274476	d657609a1b7fab207ce67f0a87912e52998c0b1b49164a6a5b7b3575c2f589f3	87ae19ee33d283cd37ce30ddb973e7e33f4337697c82daf4804d4ca51d71dad9	
sig_h05340	sig	5340	86	32fe12c168ef80291e487dbf4045f430b9c5d90a	836c8edbfc75b517cefdde6426755f9e3b71021df09b06c6f3b9c262057cd47e	151.97	151.89	0.07	71232	221427	76975	144452	0.3476314993203178	0,1,2,3,4,5,6,7,8,9,10,12,13,14,15,16,17,18,21,22,23,24,25,26,28,32,33,35,36,37,38,39,40,42,43,44,45,46,48,49,50,51,52,53,54,55,56,58,59,60,61,62,63,64,65,66,67,69,70,71,72,75,76,77,78,79,82,83,85,86,88,89,90,92,93,94,96,97,98,99	61e09e5a2eaf475cb0aa4560b9658848257812c3d99d2a78475edd66e4c307b0	5340	3232565	837e25c3191bdc596982860caeba5f426db6bbe12742d66fefca780d7100553b	553805ca5d181b40ab8fa9c272d09857739d7f4519b8d06092d90cf7ca43f9f4	
sig_h05340	sig	5340	87	32fe12c168ef80291e487dbf4045f430b9c5d90a	836c8edbfc75b517cefdde6426755f9e3b71021df09b06c6f3b9c262057cd47e	151.42	151.32	0.09	71104	214172	65932	148240	0.307846030293409	0,1,2,3,4,5,6,10,11,12,13,15,16,17,18,19,20,22,23,24,25,26,27,28,29,30,31,32,34,37,38,39,41,43,44,45,47,48,49,51,53,54,55,56,57,58,59,60,61,62,63,64,65,66,67,68,69,70,73,74,75,76,79,81,82,83,84,85,86,87,90,91,92,93,94,95,96,97,98,99	076827488d579f38ec3f55438308b66696be6201c3ba1c40f1ebbd3abe7f7fd8	5340	3315486	3fb0d1e27397702019879821a3b55b1fcce1935356d024898df7b70e42c60b89	50db6c24e41ff235c49cb40ad7a13ba03649da380a3d89bf0daf0887c84394e9	
sig_h05340	sig	5340	88	32fe12c168ef80291e487dbf4045f430b9c5d90a	836c8edbfc75b517cefdde6426755f9e3b71021df09b06c6f3b9c262057cd47e	154.18	154.1	0.07	71572	238076	87862	150214	0.36905021925771603	0,1,2,3,4,5,7,8,9,10,11,12,13,14,15,16,17,19,21,22,23,24,26,27,29,30,31,32,33,34,35,36,37,38,39,44,46,47,48,49,50,51,52,53,55,56,58,59,61,62,63,64,66,67,69,70,71,72,73,74,75,77,78,79,80,81,82,83,84,85,86,87,88,89,90,92,93,95,96,98	1ff272521bf1a88e3576c48754a7bd9e7146223654fa515e671abfce824b5d07	5340	3358651	03cb13f4abf5210e2c242101a0a28e26740dfb76ddd516ebf22bc130e5b95a62	06edef226920355a89bea36a18a99fda511a88bfae11d0c4f7158d86bd17bff3	
sig_h05340	sig	5340	89	32fe12c168ef80291e487dbf4045f430b9c5d90a	836c8edbfc75b517cefdde6426755f9e3b71021df09b06c6f3b9c262057cd47e	150.87	150.77	0.08	71360	228406	77898	150508	0.3410505853611551	1,2,3,5,7,8,9,10,11,12,13,15,16,17,18,19,20,21,22,25,26,27,28,29,30,31,32,33,34,35,36,37,38,39,41,42,44,45,46,47,48,49,50,51,52,53,54,56,57,59,60,61,62,63,65,66,67,68,70,71,72,73,74,75,77,83,85,86,87,88,89,90,91,93,94,95,96,97,98,99	b9a8f115c40173733afe4624dea98695de96c1c5ab5244ce77f5d75a5215a511	5340	3364946	a6c487c8c0548245a49f82eef71befa967bddd6ed61484802b0b4a8d4cd81954	a6b200655ca86627e2a9339cb6d633704993d1226dfe32d6dc1c020e15a8e495	
sig_h05340	sig	5340	90	32fe12c168ef80291e487dbf4045f430b9c5d90a	836c8edbfc75b517cefdde6426755f9e3b71021df09b06c6f3b9c262057cd47e	153.2	153.1	0.09	71216	223212	74178	149034	0.33232084296543196	0,1,2,4,5,7,8,9,10,11,12,13,15,18,19,20,21,22,23,24,25,26,27,28,29,30,31,32,33,34,35,36,38,39,40,41,42,43,44,46,48,50,52,53,54,57,59,61,62,63,64,65,66,67,68,69,71,72,73,74,75,78,79,80,81,83,85,86,87,88,89,90,91,93,94,95,96,97,98,99	1420766758ecd3b0df912bccafde2f7a139a0979a66ca77739711ec7172a9519	5340	3332514	7d00d6f40e7e8f1235046eec6e3a711d160286bab3945a406bae8a828a92d89b	4b74e1d1df2c24c34f362d505caea7d36cfec92aa2e12e326b06aec3c1741be2	
sig_h05340	sig	5340	91	32fe12c168ef80291e487dbf4045f430b9c5d90a	836c8edbfc75b517cefdde6426755f9e3b71021df09b06c6f3b9c262057cd47e	153.15	153.06	0.07	71360	226940	77089	149851	0.3396889045562704	0,1,2,5,6,7,8,9,10,11,12,13,14,15,17,18,20,21,22,23,24,25,27,28,29,30,33,34,35,37,38,39,40,42,43,44,45,46,48,49,50,52,53,55,57,58,59,60,61,63,64,65,67,69,70,71,72,73,74,78,80,81,82,83,84,85,86,87,88,89,90,91,92,93,94,95,96,97,98,99	e814558bb913daafcbeb124427543dfc06c429ea2854b6b9c1f86302b94ec56d	5340	3350825	46ce733c2463e76d087671be0873d6d4effbe6ded2a698afeb66f224a40b57ab	572f3c0961e85eaeb4061c5df895f756de1449ba63832478f6feb40360be1d13	
sig_h05340	sig	5340	92	32fe12c168ef80291e487dbf4045f430b9c5d90a	836c8edbfc75b517cefdde6426755f9e3b71021df09b06c6f3b9c262057cd47e	151.39	151.3	0.08	71488	234153	84593	149560	0.36127233048476853	0,1,2,3,4,5,6,7,8,9,10,11,14,15,17,18,19,20,21,22,23,24,25,26,27,28,29,31,32,33,34,35,36,38,40,41,44,45,46,47,48,49,50,51,52,53,55,56,58,59,61,63,64,65,66,67,68,69,70,71,74,75,76,77,79,81,82,83,84,85,86,88,89,90,91,92,93,94,95,97	912e5681cae5e7102ba9db481c1e696c4f7c29433b47468e08814654bf8698f9	5340	3344276	53942d635272cbe710ed262c08c45403ccd6c3fc5a0ebfbc32c4476c6eadca51	69f690cef12b7dd2f767ec7670ac837594cbea07b74db543286f7a16e4a81260	
sig_h05340	sig	5340	93	32fe12c168ef80291e487dbf4045f430b9c5d90a	836c8edbfc75b517cefdde6426755f9e3b71021df09b06c6f3b9c262057cd47e	149.93	149.85	0.07	71360	227495	78654	148841	0.34573946680146816	1,2,4,5,7,9,10,11,12,13,14,15,16,17,19,21,22,23,24,26,27,28,29,30,31,33,34,35,36,37,38,40,41,42,45,46,47,49,50,53,54,55,56,57,59,60,61,62,63,64,65,66,67,68,69,70,71,72,73,74,75,76,77,78,79,80,82,84,85,86,87,89,90,91,93,94,95,96,97,99	2c27a7f6af10283d07eb323af14478f81903e271db2d54e722f12eab249b934f	5340	3328699	0b11014cc262432b5dddf8187f4c91e163fdcad1fd9f38bde0ae44968b3d0965	38354bdecf0f40c13c27508736ccc970b4da80b1885b246b13544bf7bf0740f0	
sig_h05340	sig	5340	94	32fe12c168ef80291e487dbf4045f430b9c5d90a	836c8edbfc75b517cefdde6426755f9e3b71021df09b06c6f3b9c262057cd47e	150.51	150.44	0.06	71104	213015	67776	145239	0.3181747764241955	0,3,4,5,6,7,8,10,11,12,13,16,17,18,19,20,21,24,26,27,28,29,30,31,32,33,34,35,37,38,39,40,42,43,44,45,46,47,50,51,52,53,54,55,57,58,59,60,61,62,63,64,65,67,68,69,70,71,73,74,75,76,77,79,80,81,83,85,86,87,88,89,90,92,93,94,95,96,97,98	1920b466f720df9dc44b6de42d88103f0e9c0417ef04609b99c9ad28a7a3c2ad	5340	3249943	2a7c54fc5415ae0c2c30a7a80f03ece5f93a824c842ab66cc445154c0f25d433	7e99c3b934dae6521862f18340fb3b0562811dc5267d197fdb7dd997cb1010b2	
sig_h05340	sig	5340	95	32fe12c168ef80291e487dbf4045f430b9c5d90a	836c8edbfc75b517cefdde6426755f9e3b71021df09b06c6f3b9c262057cd47e	149.56	149.49	0.06	71232	221414	76112	145302	0.3437542341496021	0,1,3,4,5,6,7,8,9,10,11,12,13,15,16,17,18,19,20,22,23,24,26,27,28,29,30,31,32,33,34,35,36,37,38,39,40,41,42,43,44,45,46,47,48,49,50,51,54,55,56,60,62,63,65,66,68,69,71,72,73,74,75,76,77,78,79,81,83,85,86,87,89,91,92,94,95,96,97,98	094a7131b8d0e86195a6021dc479efe5cdcac7c3a1efc391e247197274a494ec	5340	3251088	d0e74c4a6ee29e49645136dbeaedc94bafdf0dfc0ef9b5461bcac88dc81e27e0	8f8a98b46d726632a1bf35b362f1f9393f4a38a65beef971455c9767adf581d1	
sig_h05340	sig	5340	96	32fe12c168ef80291e487dbf4045f430b9c5d90a	836c8edbfc75b517cefdde6426755f9e3b71021df09b06c6f3b9c262057cd47e	151.41	151.32	0.08	71488	235211	83994	151217	0.35710064580312995	0,1,2,3,4,6,8,9,10,11,12,13,14,18,19,21,22,23,25,26,27,29,30,31,32,33,34,35,36,37,38,40,41,42,43,44,45,46,47,48,49,50,51,53,54,56,57,58,59,60,62,64,65,66,67,68,69,70,71,72,73,76,78,80,81,82,83,84,85,86,87,88,89,90,91,93,95,97,98,99	d4e86ec3edce1ab8e5a0af49e012b8a58de3d1d6905c6be172d4a706f6805936	5340	3380537	f7561fb1e0fd8a4716864a57eb43589c85464707cb8e1fdee809810b16e65d4c	480795f0a58d9610ad4721ce0afb96e689b816e2a26f69aa4e9968308fdf6238	
sig_h05340	sig	5340	97	32fe12c168ef80291e487dbf4045f430b9c5d90a	836c8edbfc75b517cefdde6426755f9e3b71021df09b06c6f3b9c262057cd47e	151.0	150.94	0.06	71488	228681	78814	149867	0.3446460353068248	0,1,2,3,4,5,6,8,9,10,11,12,13,14,15,16,17,18,19,22,23,25,26,27,28,29,30,31,32,34,37,38,39,40,41,42,44,45,48,51,52,53,55,56,57,58,59,60,61,62,64,65,66,68,69,70,71,72,73,74,75,76,77,78,79,80,81,82,83,85,87,88,89,91,93,94,95,96,98,99	c49bfed7f4bb6c9bbfaa261e14c6cba48bfb316c444025476bfea79666c0f094	5340	3350967	3dc2468045756f0e00986557c4ce557aa59eefe1f3f312b3c89506d12164401d	28b56ba907b0c7d3fd815f131f3afb5e12ea4e6b2486b0d1c75a24ec93d07368	
sig_h05340	sig	5340	98	32fe12c168ef80291e487dbf4045f430b9c5d90a	836c8edbfc75b517cefdde6426755f9e3b71021df09b06c6f3b9c262057cd47e	149.55	149.45	0.08	71492	236100	85628	150472	0.36267683185091065	0,2,4,5,6,7,8,9,10,11,13,14,16,17,18,20,21,22,23,25,28,29,30,32,33,35,36,37,38,40,41,42,43,44,45,46,47,49,50,51,52,53,54,55,56,57,58,59,61,63,64,65,66,67,68,69,71,72,73,74,75,76,79,81,82,83,84,85,86,87,88,91,92,93,94,95,96,97,98,99	c0cddf8309246fd05f86b0660dd7cdc50e1d6e8125c6e4b2dd952cc1fb59e5ad	5340	3364503	20becb0c8b6d2459261def580665b308c4984f3451b34ab86fd96fb293c11374	058ffc33238970f7bd49246a8aa20bb3f2e0648ca8ed48e03425de3227add145	
sig_h05340	sig	5340	99	32fe12c168ef80291e487dbf4045f430b9c5d90a	836c8edbfc75b517cefdde6426755f9e3b71021df09b06c6f3b9c262057cd47e	138.82	138.72	0.08	71488	229798	80893	148905	0.3520178591632651	0,1,3,4,5,7,8,9,10,11,12,13,14,15,17,18,19,22,23,24,25,26,27,29,30,32,33,34,35,36,38,39,41,42,43,44,45,46,48,49,50,52,54,55,56,57,58,60,61,63,64,65,68,69,70,71,73,74,75,77,78,79,80,81,82,83,84,85,87,88,89,90,92,93,94,95,96,97,98,99	4a657ce072f0a06555dbe3038d331eebd271423e3272199585fd4548ac03b1f4	5340	3330013	32de6f5a901a2c0bcb9f4cbdc15b81d28df5a123faa258c99706d840393ff2ad	a407293b47d8f960ae40e8ad4ce5652c970460246285c0cfba8dc5b1e429b2ae	
sig_h05340	sig	5340	100	32fe12c168ef80291e487dbf4045f430b9c5d90a	836c8edbfc75b517cefdde6426755f9e3b71021df09b06c6f3b9c262057cd47e	120.11	120.0	0.09	71284	226098	75614	150484	0.3344302028324001	1,3,4,5,6,8,9,11,12,14,15,16,18,19,21,22,23,24,25,26,28,29,30,34,35,36,37,38,39,40,41,42,44,45,46,47,48,49,50,51,52,54,55,56,57,58,59,60,61,62,63,64,65,66,68,69,70,73,74,75,77,78,79,80,81,82,83,85,87,88,89,90,91,93,94,95,96,97,98,99	b180db6c281fbb288779c47b5b9a185f05af8af4d3175083cb0db1c21077333c	5340	3364311	fef864c9bfbcb006fdac16844c419f3f17210099fd627dab231ef6a818c270a7	61644ec526e211704461ff7ce6ecf0db4958944834362ab58217cca6234bc918	
sig_h10680	sig	10680	1	32fe12c168ef80291e487dbf4045f430b9c5d90a	836c8edbfc75b517cefdde6426755f9e3b71021df09b06c6f3b9c262057cd47e	159.01	158.91	0.09	77640	469306	193201	276105	0.4116738332772221	0,1,2,3,4,5,6,7,8,9,10,11,12,13,15,16,17,19,20,21,22,23,24,25,26,28,31,32,33,34,35,36,37,38,39,40,41,43,44,45,46,48,49,50,52,54,55,57,58,59,61,62,63,64,66,69,70,72,73,74,75,76,77,78,79,80,81,82,83,84,85,88,89,90,91,92,95,96,98,99	42c550fd22235048e18957d92ee6961f28d488749e570865072f55b8d56e5063	10680	6183032	23204fc16b65f0b778e5ef8ba9bead821337cdbd2473d34b70d06ede83535320	8d1d7d802620684473e175532fb9eb6acd996cca99cb34c0fe5e80318ab99f2e	True
sig_h10680	sig	10680	2	32fe12c168ef80291e487dbf4045f430b9c5d90a	836c8edbfc75b517cefdde6426755f9e3b71021df09b06c6f3b9c262057cd47e	303.24	303.08	0.14	77768	470447	199395	271052	0.42384158045433384	0,1,2,3,4,6,7,8,9,10,12,13,14,15,16,18,19,20,21,22,25,27,28,29,30,31,33,34,37,38,40,41,42,44,45,47,48,49,50,51,52,53,54,55,56,58,59,60,61,62,63,64,66,67,69,70,71,73,74,75,76,77,78,80,81,82,84,85,86,87,88,90,91,92,94,95,96,97,98,99	6698737f9825eb173ddb1a599a26867cfbc7ea3685295ecffec0274978d0a225	10680	6072812	a4f3286acd95e47d00d70d066c88552b2dcd8104d1a5f130339dbc99bf98fd18	a3ce290940b0884f414a9bad2dd3cde2671642c55fbdd9ba46e6a539df1275c4	True
sig_h10680	sig	10680	3	32fe12c168ef80291e487dbf4045f430b9c5d90a	836c8edbfc75b517cefdde6426755f9e3b71021df09b06c6f3b9c262057cd47e	305.56	305.45	0.08	77120	439676	168938	270738	0.3842329351613461	0,2,3,4,5,6,7,8,9,10,11,12,13,14,15,18,19,20,22,23,24,25,27,28,29,30,31,32,34,35,36,37,38,39,40,41,42,43,44,46,48,49,50,52,53,54,55,56,57,58,60,61,62,64,65,67,68,69,70,71,72,73,74,75,78,81,83,85,86,87,88,89,90,91,92,93,94,95,96,99	32dc7b6571ea0327dc4f789ee40daaf7f37ee06da37a16a782e4d512a92d2ace	10680	6065978	5c3035d4a37561c3f890bdddb143fb5cbda138a6d73bbab3ec88f51b31a6a33a	9c134dd2ba1742ed7e7fc14c25d251e0e04fe8bbc6898d56936c0e56a53cb125	True
sig_h10680	sig	10680	4	32fe12c168ef80291e487dbf4045f430b9c5d90a	836c8edbfc75b517cefdde6426755f9e3b71021df09b06c6f3b9c262057cd47e	303.45	303.33	0.1	77512	456903	182510	274393	0.39945021153286364	0,2,4,5,7,8,9,10,12,13,14,15,16,17,19,20,21,22,23,24,25,27,28,29,30,31,32,33,34,35,36,37,38,40,42,44,47,48,49,50,51,52,53,54,55,57,58,59,60,61,62,63,64,65,66,67,68,69,70,71,72,73,74,75,77,78,79,80,81,84,85,86,89,90,91,92,95,97,98,99	efb4cdd2693be18d0cc63879f8c428c7b5b5b9f559d878783ac5b34d062673b4	10680	6145742	2ab869ac6f2b9dd4f97f0f5c110f2f4e445c5c45f3cbbc26442e66a69632b798	9ef26dc0f9a39ecda6336684525626f1596818b02c36a45e1b04ddbcd783cdba	True
sig_h10680	sig	10680	5	32fe12c168ef80291e487dbf4045f430b9c5d90a	836c8edbfc75b517cefdde6426755f9e3b71021df09b06c6f3b9c262057cd47e	299.66	299.54	0.11	77256	454871	183204	271667	0.4027603430423131	0,1,2,3,4,5,6,7,8,11,12,13,14,15,16,17,18,19,20,22,23,25,27,28,29,30,31,34,35,36,37,38,39,40,42,45,46,49,50,51,52,53,54,55,58,59,60,61,62,63,64,66,67,68,69,71,72,73,74,75,76,77,78,79,80,81,82,83,84,85,86,87,89,91,92,94,96,97,98,99	3ba77b10268001a79da9f946e4bcda978faeaf1abc0306d44495d0e49ca97d5d	10680	6086015	0810746d5e3f0e20d9c912e896ccf0283d21b3053db24c49836be82736cbebd8	5ce542492b62a8cbb7c5027604d0f5efd1c7b7e9ed3509fc5681bc78e4c3e0f1	True
sig_h10680	sig	10680	6	32fe12c168ef80291e487dbf4045f430b9c5d90a	836c8edbfc75b517cefdde6426755f9e3b71021df09b06c6f3b9c262057cd47e	300.47	300.36	0.1	77640	469237	198020	271217	0.42200423240281565	0,1,2,3,4,5,9,10,11,12,14,15,16,17,18,19,20,21,22,25,26,28,29,30,31,32,33,34,36,37,38,41,42,44,45,46,47,48,49,50,51,52,53,54,56,58,59,60,61,62,63,64,65,66,70,71,73,74,75,76,77,78,79,80,81,83,84,85,86,87,89,90,91,92,93,95,96,97,98,99	afe6035a333b48945a149fc3c7db2c57aa81c9149c6675551f72afc13586ca2b	10680	6076487	0a652429b781da32d608f819b25402b0896bb4b1c8bc89689bee288dbb2ab539	e5f51789154e9155eb6bf992779c120259139ea2b81ccb33ad172ee09b459012	True
sig_h10680	sig	10680	7	32fe12c168ef80291e487dbf4045f430b9c5d90a	836c8edbfc75b517cefdde6426755f9e3b71021df09b06c6f3b9c262057cd47e	301.14	301.01	0.11	78040	492366	212760	279606	0.4321175710751758	0,1,2,3,4,5,6,8,9,10,12,14,15,16,17,23,24,25,26,27,28,29,31,32,33,34,35,36,37,38,39,40,41,42,43,45,46,48,50,51,52,53,54,56,57,58,59,60,61,62,63,64,65,66,67,68,70,71,73,75,76,78,79,80,81,83,84,85,86,87,89,90,91,92,93,95,96,97,98,99	6d485410d62c77b60e212f512bdda63033395906bd325fd82545aa3ea929bb06	10680	6260187	714e60d1d9d6180cb7cce16277442882013b1d58fbe62360576729281b1c1294	cfb884297a4c4135f698b1b6e127af1a1dd177b8a811e637758cc070a7d55c48	True
sig_h10680	sig	10680	8	32fe12c168ef80291e487dbf4045f430b9c5d90a	836c8edbfc75b517cefdde6426755f9e3b71021df09b06c6f3b9c262057cd47e	302.4	302.26	0.13	78664	514675	233947	280728	0.45455287317239035	0,1,2,3,4,5,8,10,11,13,14,15,16,18,19,20,22,23,25,26,27,28,29,31,32,33,34,35,37,39,40,41,42,43,44,46,48,49,50,51,52,53,54,55,56,57,58,59,60,61,62,64,68,70,71,72,73,74,76,77,78,79,80,81,82,83,84,85,86,87,88,89,91,93,94,95,96,97,98,99	6ecc84838e1f67a26b0ab3576772e218c47693f15ace26cc2f7936831bd4ef14	10680	6284414	460506fb96baec9f3afc7b0b103ebbaa0fa1a1cdba0f6282b7ef8314762ad217	73559b1e6742e2961ac1ff5adf5b03cf8d2db9edefd6aa2215105802c7da85d9	True
sig_h10680	sig	10680	9	32fe12c168ef80291e487dbf4045f430b9c5d90a	836c8edbfc75b517cefdde6426755f9e3b71021df09b06c6f3b9c262057cd47e	304.67	304.58	0.08	77896	485893	210168	275725	0.43253967437275287	0,1,2,3,4,5,6,7,8,9,10,12,13,14,15,16,17,18,19,20,21,22,24,26,28,29,30,33,34,35,36,37,38,40,42,43,44,45,47,48,50,51,52,53,54,56,58,59,60,61,62,63,65,66,67,70,71,72,73,74,75,76,77,78,79,81,82,83,84,85,86,87,88,89,90,93,96,97,98,99	5daffe8b162c6754c3bebcca5689f38a74f59e8a9524ef10e09d1beff866665d	10680	6175267	8d7b4c9c62dfcc8e7a3455411ec7c192eb8fffbe5c666284316a1008d75b2a25	c9135c143dc9f3068c5beac6e48b9f73bcf5887a83167d5b52eb98e5150227bf	True
sig_h10680	sig	10680	10	32fe12c168ef80291e487dbf4045f430b9c5d90a	836c8edbfc75b517cefdde6426755f9e3b71021df09b06c6f3b9c262057cd47e	299.43	299.27	0.14	77724	478754	201336	277418	0.42054165604882676	1,2,3,4,5,6,7,8,9,10,11,12,13,14,15,16,17,18,19,20,23,24,25,26,27,28,29,30,31,32,33,34,35,37,39,40,41,42,43,44,45,47,48,50,51,52,54,55,56,59,60,61,64,66,67,68,71,72,73,74,75,76,77,82,83,84,86,87,88,89,90,91,92,93,94,95,96,97,98,99	e60c7095b65234207b890114977da6fde48a3c1e57cba4cb3d6615246cb7d6d8	10680	6212100	c5eda4738564244e61fbd8f14d307dc61c8fa9702842c7f7c1c07437aa76d564	92848afd19301125ed0668b43b945c9f371156e331065e489252a01e93684e16	True
sig_h10680	sig	10680	11	32fe12c168ef80291e487dbf4045f430b9c5d90a	836c8edbfc75b517cefdde6426755f9e3b71021df09b06c6f3b9c262057cd47e	302.44	302.33	0.09	77596	478344	204473	273871	0.427460154198652	0,1,3,4,5,6,7,8,9,10,11,12,13,14,15,16,17,18,19,20,21,23,24,26,27,28,29,30,31,32,33,34,35,37,38,39,40,41,42,43,44,45,47,48,49,50,53,54,55,57,59,60,61,62,65,66,68,70,72,73,74,75,76,77,78,79,80,83,85,86,87,88,89,91,92,93,95,97,98,99	c793646c80aa48a44d4efa442141ca9170a8f695fb68379bb826038c3a0e11f7	10680	6134505	f136b8f84a1d0ef0421471dc3a0fd102de684ffc0a168a3583d8323809df639a	73050c4b1010a949fa2ccaf7b2653a33853426712a39fff7ba921a2e3bf9cb17	True
sig_h10680	sig	10680	12	32fe12c168ef80291e487dbf4045f430b9c5d90a	836c8edbfc75b517cefdde6426755f9e3b71021df09b06c6f3b9c262057cd47e	300.87	300.68	0.15	77640	477722	202172	275550	0.4232001038260746	0,2,3,4,5,6,7,8,9,10,11,12,13,14,15,16,17,18,20,23,24,25,26,27,29,30,31,32,34,35,36,37,38,39,41,43,45,47,49,50,51,52,53,54,56,57,58,59,60,61,62,63,64,65,66,68,69,70,71,73,74,76,78,79,80,81,82,83,84,85,86,87,88,89,90,91,92,94,96,98	35cab32502ba7ffc50389b6be48f807559d6771f397584fbb601b36848a7ebdb	10680	6171430	3a7e29927912d3bac4bbd278c24db1bfeaa3913ce6a219e5cdedeb1160f6d8c3	4ceb35210ede7e48ec52d44e39d648ea2e8085b3e11c1b6b68b1275848a4270b	True
sig_h10680	sig	10680	13	32fe12c168ef80291e487dbf4045f430b9c5d90a	836c8edbfc75b517cefdde6426755f9e3b71021df09b06c6f3b9c262057cd47e	306.08	305.96	0.11	76616	433054	168351	264703	0.3887529037949078	0,1,2,4,6,7,8,9,10,12,15,17,18,20,21,22,23,24,25,26,27,28,29,30,31,32,33,34,35,36,37,38,39,40,42,44,45,47,48,49,50,51,52,53,55,56,57,58,59,60,61,62,63,64,66,67,69,70,71,72,74,76,77,78,79,80,81,82,85,86,87,88,89,90,92,93,94,95,96,97	bb24e777729713b72738cadeab724242ec7be73672afba8a63bf3125a6b36a2f	10680	5933698	eb760c8dbaea92d56fbf3139cfd09c818caae7d968882edd338a5ced5b09b32c	f3da6c9cc869bbbb08fd20a6dc9c169038e8e718f79fef81b78460321e95acc7	True
sig_h10680	sig	10680	14	32fe12c168ef80291e487dbf4045f430b9c5d90a	836c8edbfc75b517cefdde6426755f9e3b71021df09b06c6f3b9c262057cd47e	299.95	299.86	0.08	76744	428548	162816	265732	0.3799247692207174	0,1,2,3,4,6,9,10,11,12,13,14,17,18,19,20,21,22,24,25,27,29,31,32,35,37,38,39,40,41,43,44,45,46,47,48,50,51,52,53,54,55,57,58,59,60,61,62,63,64,66,67,69,70,71,72,74,75,76,77,78,79,80,81,82,83,85,86,87,88,89,90,91,92,93,94,95,96,97,98	97486352ddb17005ce172ba91843dbb265dffff895ab501f79ff4aeea2084acf	10680	5956437	a2879f83116594235df9253b8abd6148c0e19a4003706a270eaa2959e8236870	0ce1c0139eb13aaac8551117d433e936fe033d2b486d84650f808262c5be30be	True
sig_h10680	sig	10680	15	32fe12c168ef80291e487dbf4045f430b9c5d90a	836c8edbfc75b517cefdde6426755f9e3b71021df09b06c6f3b9c262057cd47e	301.41	301.31	0.09	78152	490937	213324	277613	0.4345241853842754	1,2,3,4,5,6,7,8,9,10,12,13,14,15,16,17,18,19,20,21,22,23,24,27,28,30,31,32,33,34,35,38,39,41,42,44,45,46,48,50,51,52,53,54,57,58,59,60,61,62,63,65,66,67,68,70,71,72,73,74,75,76,77,78,79,81,82,83,84,85,86,88,89,90,92,93,94,96,97,98	766a3d4eac15abf4c93997f7584f19a41493df64244cbc01730fc0b613fcdc90	10680	6216541	714e32d13c8f15a0d11e376f3370ac0d51e2fd5f9a4eecbc82a96ff16d9e04d4	82ee3507ffbe2ff75f4d51b5e964a8eb8d47d107e08a6b7ab0bade3002149b74	True
sig_h10680	sig	10680	16	32fe12c168ef80291e487dbf4045f430b9c5d90a	836c8edbfc75b517cefdde6426755f9e3b71021df09b06c6f3b9c262057cd47e	301.49	301.36	0.11	77896	478595	203810	274785	0.4258506670566972	0,1,2,3,5,6,7,9,10,11,12,13,14,15,16,17,18,19,20,21,22,23,24,25,26,28,29,32,33,34,35,36,37,38,40,43,44,46,48,50,51,52,53,54,55,56,57,59,60,62,63,65,66,67,69,71,72,73,75,76,77,78,79,80,81,83,84,85,86,87,88,89,90,91,93,94,96,97,98,99	f908595812f6ecb64b3d170a1abee3c290008463b8dc6bd83842310d2e4ff197	10680	6154554	3d7331c296460671224151f07c27f3cb9bfae595124cd0d94a7884bdd52bb2fb	dea99afc38cf97e0ad7f5e70cdd64b1a679c65a13dbd8cb4bb7d9de4621cbf0f	True
sig_h10680	sig	10680	17	32fe12c168ef80291e487dbf4045f430b9c5d90a	836c8edbfc75b517cefdde6426755f9e3b71021df09b06c6f3b9c262057cd47e	303.8	303.69	0.1	77956	487995	219725	268270	0.4502607608684515	0,1,2,4,5,6,7,8,9,10,12,13,14,15,16,18,19,20,21,22,23,24,26,27,28,29,30,31,32,33,34,35,36,37,38,39,40,41,42,43,44,45,46,47,48,49,50,51,52,53,54,55,56,57,59,60,63,65,68,70,72,73,74,75,76,77,78,79,80,82,83,85,86,87,88,90,92,94,95,97	81e6e1907e78d3bcf26a8a1801dfa1c4cf02aa8a065ad4c63226b72dfc487175	10680	6011619	3ff4f2e5875ebd4c30bc4d2f5e8c7cc14a9a4d52f9d85bee45498a2c2a55267b	f55d4b4f3e20454a57a1e80d1da51fa9dba606882bc085868dbe1a7cb8e8dc17	True
sig_h10680	sig	10680	18	32fe12c168ef80291e487dbf4045f430b9c5d90a	836c8edbfc75b517cefdde6426755f9e3b71021df09b06c6f3b9c262057cd47e	301.22	301.08	0.12	76772	431907	165383	266524	0.3829134512753903	0,1,2,4,5,6,7,10,11,12,13,14,15,16,17,18,19,20,21,22,24,25,27,28,29,30,31,33,34,35,37,38,41,42,43,44,45,46,47,48,49,50,51,52,53,54,55,58,60,61,62,63,64,65,66,67,68,69,70,71,72,73,75,76,77,79,83,84,85,86,87,88,89,90,91,92,93,94,97,99	a94c76ea34dc24fa4824714a0acdb979bee75e3b85256e44a60cbfa71af2e328	10680	5973780	8803e41de28d9d60b893a423223fef6225147934ba2d413e138d54e5119c3402	15475ae01e95acae2f610a40c6e2cb6aae9c867783a76d000b65d916968959be	True
sig_h10680	sig	10680	19	32fe12c168ef80291e487dbf4045f430b9c5d90a	836c8edbfc75b517cefdde6426755f9e3b71021df09b06c6f3b9c262057cd47e	302.75	302.64	0.08	77512	457980	183944	274036	0.4016419931001354	1,2,3,5,6,7,8,9,10,11,12,13,15,16,17,18,19,20,21,22,23,24,25,26,28,29,30,31,33,34,35,36,37,39,41,42,45,48,49,50,51,52,53,54,55,57,58,59,60,61,62,63,65,66,67,68,70,72,74,75,76,78,79,80,82,83,84,85,87,88,89,90,91,92,93,94,95,96,98,99	a6e1e411bab722637325f7d6ef0ddbe703cd8d9de5cc1be1ae54038cd6e7be30	10680	6138369	1f5dccd4baf52292f8614c49ac212624827db1d1a1af51bfadcb70566920e0b6	c0c6f3891b943cdda4f1146c312bfb8ed2b2ca748a4ba17408b15bd627cc0a46	True
sig_h10680	sig	10680	20	32fe12c168ef80291e487dbf4045f430b9c5d90a	836c8edbfc75b517cefdde6426755f9e3b71021df09b06c6f3b9c262057cd47e	302.81	302.73	0.07	77512	463378	185810	277568	0.40099012037688453	0,1,3,5,6,7,8,10,12,13,15,16,17,18,19,20,21,22,24,25,26,27,30,31,33,34,35,36,37,38,39,41,42,43,45,46,47,48,49,50,51,52,53,54,55,57,61,62,63,64,65,66,67,68,69,70,72,73,74,75,77,79,81,82,83,84,85,86,87,88,89,90,91,92,93,94,95,96,97,99	44ff8a2665404a07f6c33d3a215c6a71479b7ad7b27d23f788e0749b82ad73eb	10680	6215265	5f5cf4c0ce85d5eab26128272c5005d31a6fe2cbca198028c7b88950d9112d61	21cbe82de918f51bcd03b328336ca3a717fbc108b15ce080b9a7a158067e4a2d	True
sig_h10680	sig	10680	21	32fe12c168ef80291e487dbf4045f430b9c5d90a	836c8edbfc75b517cefdde6426755f9e3b71021df09b06c6f3b9c262057cd47e	318.48	318.36	0.1	77768	475398	197618	277780	0.4156895906167043	0,5,6,7,8,9,10,11,12,13,14,15,16,17,18,20,21,23,24,25,26,27,28,30,31,32,36,38,39,41,42,43,44,45,46,47,48,49,50,51,52,53,56,57,58,59,60,61,62,63,64,65,66,67,68,69,71,72,73,74,75,76,77,79,80,81,82,83,84,86,87,88,89,90,91,93,94,96,97,98	cbb6948bc3a83c13e568f186e71d9c540a6f111be8afd4a416201a7d0dd44500	10680	6220466	b8bc29bd4e9f2886020c0f58f18ce03ffe020dfd9b696f6669ccf4113af22a3a	af796357aefc37c037d89b6ff8a91e75f7bb6a794d6395cf3d7bbdb3c1a6b7a5	True
sig_h10680	sig	10680	22	32fe12c168ef80291e487dbf4045f430b9c5d90a	836c8edbfc75b517cefdde6426755f9e3b71021df09b06c6f3b9c262057cd47e	301.81	301.71	0.08	77256	452050	182052	269998	0.40272536223869043	0,1,2,3,4,5,6,7,8,9,10,11,12,13,14,15,17,19,20,21,22,23,24,25,26,27,29,30,31,32,35,36,38,39,40,41,42,43,44,46,47,49,50,51,52,53,54,55,56,57,58,59,60,61,62,63,64,65,67,69,71,73,75,79,82,83,84,85,86,87,89,90,91,92,93,94,95,96,97,99	27cd10be51bbfcf77948e614fd4bb73f7995aa65df5b9042cd9c4f33c0968fe2	10680	6049835	26e7dc3f29016da8265204962878884828363962e147001a7141ec40e7f630f7	48b36cacd216a7bb8910d86eebb709d2e1296a399859d92b8995f8f65b954793	True
sig_h10680	sig	10680	23	32fe12c168ef80291e487dbf4045f430b9c5d90a	836c8edbfc75b517cefdde6426755f9e3b71021df09b06c6f3b9c262057cd47e	306.92	306.81	0.1	77768	471703	204573	267130	0.4336902669688342	0,1,3,4,5,7,8,9,10,11,12,13,14,18,19,20,22,27,28,29,30,31,32,33,34,35,36,37,38,40,41,42,43,45,46,47,48,49,50,51,53,55,56,57,58,59,60,61,63,64,65,66,67,68,70,71,72,73,75,76,77,78,79,80,81,82,84,85,86,87,88,90,91,92,94,95,96,97,98,99	3f6d286579cf518f22e3cf57b82acbb4ffefab46c951c874ae3b19a13f2464a1	10680	5986839	425c32130ff49a791181b50d1e7583850d0f78cea4e76e6f487efe75378b143c	545f426f285c894c70981e9093a6775f04de426bfc65d471c5f30947fab71bc9	True
sig_h10680	sig	10680	24	32fe12c168ef80291e487dbf4045f430b9c5d90a	836c8edbfc75b517cefdde6426755f9e3b71021df09b06c6f3b9c262057cd47e	300.05	299.95	0.08	77384	461852	185181	276671	0.4009531191810364	0,2,3,4,5,6,7,8,9,10,12,13,14,15,16,17,18,19,20,21,23,25,26,27,28,29,30,31,32,33,34,36,38,39,40,41,42,43,44,45,46,47,49,50,51,52,53,54,55,58,60,61,63,64,67,68,69,70,71,72,74,75,76,77,78,81,82,83,85,86,88,89,90,91,92,94,95,97,98,99	1e70f3b3fd2daa394afe25f56054a58e23b95af23c31b42cd9861c0fdfa7bc25	10680	6195638	96b874b70e8bc39f3e974b1888c40921863d92c29576457d6dfce9239e0bc526	32400a62b002a35702ee52b937da772b40a658984243ca6e663d54da260c0807	True
sig_h10680	sig	10680	25	32fe12c168ef80291e487dbf4045f430b9c5d90a	836c8edbfc75b517cefdde6426755f9e3b71021df09b06c6f3b9c262057cd47e	300.13	300.02	0.09	77640	478467	207670	270797	0.43403202310713174	1,3,4,5,6,7,8,9,11,12,13,14,15,16,17,18,19,20,21,22,24,26,27,31,32,33,34,36,37,39,40,41,42,43,44,46,47,48,49,50,51,52,54,55,56,57,59,60,61,63,64,66,69,70,71,72,73,74,75,76,77,78,79,80,81,82,83,84,86,87,88,90,91,92,93,94,95,96,97,99	ccb9f4f72f8d2a1f70308bd4d927ebad2d9c51959010984e0a39b6d12d77a9d4	10680	6067130	b5f2dc1b9303e647cc3262490c1a2acb80600e463d3f4d55b01abc5c896d643b	b0d5b13a49616bae112702d87e3c0e1696991bcbca2ebc52eb2c2952fcb95c4f	True
sig_h10680	sig	10680	26	32fe12c168ef80291e487dbf4045f430b9c5d90a	836c8edbfc75b517cefdde6426755f9e3b71021df09b06c6f3b9c262057cd47e	304.42	304.28	0.11	77256	460524	190987	269537	0.4147167140040476	0,2,3,4,5,6,7,8,9,10,11,13,14,17,18,19,21,22,24,25,26,29,30,31,32,33,34,35,36,37,38,39,40,41,43,45,46,47,49,50,51,52,53,54,56,57,58,59,60,61,62,63,64,65,66,67,68,70,71,72,73,75,76,77,78,80,81,82,83,84,86,87,88,89,90,93,94,95,97,99	7062dbd99082c671ad8f426b257016d87e2d18fda8bd7c3b7390865d20a5ec82	10680	6039969	55f6d93633d37836de791b46786d43b6a1085290b54bb88804534bf157ff744d	3dbc0414696a2d9a89852b1a03c408a18e69ac48ba62ec3f985ddb1cb2ea57dc	True
sig_h10680	sig	10680	27	32fe12c168ef80291e487dbf4045f430b9c5d90a	836c8edbfc75b517cefdde6426755f9e3b71021df09b06c6f3b9c262057cd47e	300.98	300.87	0.1	77128	453308	184320	268988	0.40661095767116395	1,2,3,4,5,6,7,8,9,10,11,12,13,14,16,18,19,20,21,22,23,24,25,27,28,29,31,33,34,36,38,39,41,42,43,44,45,46,47,48,49,50,51,52,53,54,55,56,57,59,60,62,63,64,65,66,67,69,71,72,73,74,75,77,78,79,80,81,82,83,85,89,90,91,92,93,94,97,98,99	bf58d1c34fa6763c01383368981f4c5273e8ed20d856f765b744edd49c6c9823	10680	6027996	1dfa916494ef873ddd0ce4dad1c849d7d9dca4d1d1a0773f81993841e38be2f2	1ea0cc10f9e4c303a1bd636fbcf0ed3a7c7429f0e0a9f3f922eada5484b9c55d	True
sig_h10680	sig	10680	28	32fe12c168ef80291e487dbf4045f430b9c5d90a	836c8edbfc75b517cefdde6426755f9e3b71021df09b06c6f3b9c262057cd47e	301.09	300.93	0.14	77812	479333	208065	271268	0.43407192911817044	0,1,2,3,4,5,6,7,8,9,11,12,13,15,16,17,19,20,21,22,23,24,27,29,30,31,32,33,34,35,36,37,38,39,40,42,43,45,48,50,51,52,53,54,56,57,58,60,62,64,65,66,67,69,70,71,72,73,74,75,76,77,78,79,80,82,83,84,85,86,87,88,89,92,93,94,95,96,97,98	1321d0a8ff6dcef68513ef4418c3f835feb7ea21792ae8016fe543f8598bcd01	10680	6077910	6226358fd940ad110dae531b44df410259849bd61db717f4d41a11548f3c8d65	5aa737a821a032a8abff287247cfdc0f25a58d87b4dfc6dd2b50cc026039ebc7	True
sig_h10680	sig	10680	29	32fe12c168ef80291e487dbf4045f430b9c5d90a	836c8edbfc75b517cefdde6426755f9e3b71021df09b06c6f3b9c262057cd47e	303.01	302.89	0.09	77256	454095	184270	269825	0.40579614397868286	1,2,3,5,6,9,10,11,12,13,14,15,16,18,19,24,25,27,28,29,30,31,33,35,36,37,39,40,41,42,43,45,46,47,48,49,50,51,52,53,54,55,56,57,58,59,60,61,62,63,64,65,67,68,69,70,71,72,73,74,76,79,80,81,82,83,84,85,86,88,89,90,91,93,94,95,96,97,98,99	365b7ebb8c8e792e78a2cc0bf9367a4d254d443d7a0dfe52cd994322173717ff	10680	6046180	a6d9440935aef846cf9ab554e72f9c9f8f7eb145e92c54d628f93ef572ab6404	94c0cbe7392a03fb188ba383d501e5c56fc06821d546d16e1af74da4a8d9e6ec	True
sig_h10680	sig	10680	30	32fe12c168ef80291e487dbf4045f430b9c5d90a	836c8edbfc75b517cefdde6426755f9e3b71021df09b06c6f3b9c262057cd47e	302.53	302.42	0.09	78028	484584	201090	283494	0.4149744935862513	0,1,2,3,5,6,8,9,10,12,14,16,18,19,20,21,23,24,26,27,28,29,32,33,34,35,37,38,39,40,42,43,44,45,46,47,48,49,51,52,53,54,55,57,58,59,60,62,63,64,65,66,67,68,69,71,72,73,75,76,77,78,80,81,82,83,84,85,86,87,88,89,90,91,92,93,95,96,97,99	7528204281f48ddacfef9c2bffd78bc716c6a78c563832d622c08855fefc0517	10680	6345227	5891e360f7471217ecee1f97bb787e278899683bca9fb2756c2cc99166410d4b	4e64242ed040ee05205269a99f6292ce1e49670d4faa8086d566ba54b02278d8	True
sig_h10680	sig	10680	31	32fe12c168ef80291e487dbf4045f430b9c5d90a	836c8edbfc75b517cefdde6426755f9e3b71021df09b06c6f3b9c262057cd47e	300.74	300.62	0.1	77772	478284	203891	274393	0.42629692818492776	0,1,2,5,6,7,8,9,10,11,12,13,14,15,16,17,18,19,20,22,23,24,25,26,28,30,31,32,33,34,35,36,38,42,44,46,47,48,50,51,52,53,54,55,56,57,59,60,61,62,64,65,66,67,69,70,71,72,74,75,76,77,78,79,80,81,82,84,85,86,87,88,89,91,92,93,94,96,97,99	2de3cdb8efa70bd6fba2f56ca0a7c8d699fad9926fa4e080ce833cc8759c82a4	10680	6145516	795b0abd8652d0a3d2b90211ca9a0d796ac9353604a1132f8d8d6597e5d495a8	244167e1e53802d7bc24776c3f289d77d090175d4414106adbbc4c1b92febbc3	True
sig_h10680	sig	10680	32	32fe12c168ef80291e487dbf4045f430b9c5d90a	836c8edbfc75b517cefdde6426755f9e3b71021df09b06c6f3b9c262057cd47e	301.73	301.59	0.12	77768	473162	194334	278828	0.41071345543386834	0,1,2,3,6,7,8,9,11,12,13,14,15,16,18,19,21,22,23,24,25,26,27,28,29,30,32,33,34,35,37,39,40,41,45,47,48,49,50,52,53,54,55,56,57,58,60,61,62,63,64,65,66,67,68,69,70,71,72,73,75,76,77,79,80,81,82,83,84,85,86,89,90,91,93,94,95,96,97,99	4626d44ff12b612622e6d9d15496dadbb5a7c592bfde1e0877494c67ee9a856d	10680	6243048	9502c9a5fa2b6dd748eb6f27dc4e6f1da28ac5efa395d1036b291babb0b5878b	34ca3900ff1c72fa0b55528f76cb67a6416ee834d393ddae1296cff9764c4cfa	True
sig_h10680	sig	10680	33	32fe12c168ef80291e487dbf4045f430b9c5d90a	836c8edbfc75b517cefdde6426755f9e3b71021df09b06c6f3b9c262057cd47e	301.86	301.72	0.11	77128	448049	177738	270311	0.3966932188220485	0,1,2,3,4,5,6,8,9,10,11,12,13,14,15,19,20,21,22,23,24,25,27,28,29,30,33,35,36,37,38,39,40,43,44,45,46,47,48,49,50,51,52,53,54,55,56,58,59,60,61,62,63,65,68,69,70,71,73,74,75,76,77,79,80,81,82,83,84,87,89,90,91,93,94,95,96,97,98,99	a84e08eef558faa73254826c18af98fd902c66fc5f3b9e7437eee0de773c366b	10680	6056549	5f18fc5f38434befb9a8b23cac82e89e7ac1abe24a29a273023d1a80a7c683df	10b25816cb19b9f538337a2c7309814c88847971614ba694424046cacd1e1f90	True
sig_h10680	sig	10680	34	32fe12c168ef80291e487dbf4045f430b9c5d90a	836c8edbfc75b517cefdde6426755f9e3b71021df09b06c6f3b9c262057cd47e	302.58	302.53	0.04	77896	484278	206816	277462	0.427060490049104	0,3,5,6,7,8,9,10,11,12,13,14,16,17,18,19,20,21,22,23,25,26,27,28,29,30,31,32,34,35,36,37,39,40,41,42,44,45,46,47,49,50,51,53,54,55,56,57,58,60,62,63,64,65,66,67,68,69,71,72,73,74,75,77,80,81,82,83,84,85,86,88,90,91,92,93,94,96,97,98	d97d4b03bc9746f92196888f204edb02b7bfe38a4624c7fec5f234b7e46fb6f5	10680	6212851	ed952656bc2b1382adc045a0031aaca36eb94099de482e93d2487bc748eb40c4	17041c13fcc6734d6ddac8c14c3f0fb6b8d63b6c6ef752bbdbf8b99792504259	True
sig_h10680	sig	10680	35	32fe12c168ef80291e487dbf4045f430b9c5d90a	836c8edbfc75b517cefdde6426755f9e3b71021df09b06c6f3b9c262057cd47e	301.84	301.74	0.09	77000	441763	180655	261108	0.40894099324751054	0,1,2,3,4,5,6,7,8,9,10,11,12,13,15,17,18,19,20,21,22,24,26,27,28,29,30,31,32,33,34,35,36,38,41,45,46,48,49,50,51,52,53,54,55,56,60,61,62,64,65,66,67,69,70,72,74,75,76,77,78,79,80,81,82,83,84,85,86,87,88,89,90,92,93,94,95,97,98,99	642f15ecdbf2cfcd0782b3be438938ea8335b55dba751be65246cb5e7f5d6122	10680	5855070	412ddf3a2d52c01a31718d5cdfc042fc12b31cc7d10bbb1b95e56ba533b9dead	ba4a1ab5446c293fd6e6669c5aad42c3678e15b35fe8394a27a466931bb574d7	True
sig_h10680	sig	10680	36	32fe12c168ef80291e487dbf4045f430b9c5d90a	836c8edbfc75b517cefdde6426755f9e3b71021df09b06c6f3b9c262057cd47e	300.97	300.87	0.09	77644	471462	195998	275464	0.415723854732725	0,1,2,3,4,5,6,8,9,11,12,13,14,15,17,19,20,21,23,24,25,27,28,30,31,33,34,35,37,38,39,40,41,42,43,44,45,46,47,48,50,51,52,53,54,55,56,57,59,61,62,63,64,65,66,67,68,69,70,71,73,75,76,77,78,79,80,81,83,84,87,88,90,91,92,93,94,96,97,99	13acca205c24f21db539a271fd9ade97c85ea050de28f9920f1bfbfbe67000dd	10680	6169406	fd78a9786936cc91f9ee57e062b88cec2511ae1cd042ae74622b953f6a291582	7838abeca4572fef7d1027cb82d0966008f4fbd8bd05149594afcc516009cc43	True
sig_h10680	sig	10680	37	32fe12c168ef80291e487dbf4045f430b9c5d90a	836c8edbfc75b517cefdde6426755f9e3b71021df09b06c6f3b9c262057cd47e	299.64	299.53	0.09	77640	475045	202186	272859	0.42561441547642853	1,2,3,4,5,7,8,9,10,11,12,14,15,16,17,18,20,21,22,23,24,25,26,28,30,31,32,33,34,36,37,38,39,40,41,42,44,45,46,47,52,53,54,55,57,58,59,60,61,63,64,66,67,68,69,70,72,73,74,75,76,77,78,79,80,81,82,83,84,86,87,89,90,92,93,94,95,96,97,98	4dda003a8bf3b54e8a840755abff1505779629e31a6f0ee428185c95e426761e	10680	6112197	6b947c36a89296edcda656712c4eea0bebde305e9255e5b5a9c1f4f3dde5fa08	20df47a10e2d5e04005c36269e94d7b8c6d664430cb2417bb769717c4186b346	True
sig_h10680	sig	10680	38	32fe12c168ef80291e487dbf4045f430b9c5d90a	836c8edbfc75b517cefdde6426755f9e3b71021df09b06c6f3b9c262057cd47e	303.44	303.32	0.1	78408	495988	214253	281735	0.43197214448736665	0,1,2,3,4,6,8,9,10,11,12,14,17,19,20,21,22,23,24,25,26,27,29,30,33,34,35,37,38,39,40,42,43,44,45,46,47,48,49,50,51,52,53,54,55,56,57,58,59,60,62,63,64,65,66,67,68,69,70,72,73,75,76,77,78,79,80,81,82,83,84,85,86,88,89,90,91,93,94,98	fecd2a43a0627359061e47ebfd09a52fe71babb59988685288e457503daac002	10680	6307046	2426b6bfebe5fc1e82a441f8c6c769fda4afc76c5f634c7a9e9c270555078dc4	5315ae7f1cee7854ba8b14f5d068fdf044110e75d0ee6e036734778308243ff8	True
sig_h10680	sig	10680	39	32fe12c168ef80291e487dbf4045f430b9c5d90a	836c8edbfc75b517cefdde6426755f9e3b71021df09b06c6f3b9c262057cd47e	303.13	303.01	0.1	77640	463734	185859	277875	0.40078795171369797	0,1,2,3,6,8,10,11,12,13,15,17,18,19,20,21,23,24,26,28,29,30,31,32,33,34,35,37,38,39,40,41,42,43,44,45,47,48,49,50,51,52,53,54,56,57,58,59,60,61,63,64,65,66,67,68,69,70,71,73,75,76,79,80,81,82,83,84,85,86,87,88,89,90,93,94,95,96,98,99	273d9b127fba051d7c8ff23ed3d7e5bd952bee020fe51d1aa8a6f825896578fb	10680	6222192	223acd657d70efb70d3f3410d34440ca26a187f0779c752898610dc5d4cd3a5c	d2e9749cca3b39ee0a14405188283fdf1dbc3315b80f0807d1fd14022f8a45fa	True
sig_h10680	sig	10680	40	32fe12c168ef80291e487dbf4045f430b9c5d90a	836c8edbfc75b517cefdde6426755f9e3b71021df09b06c6f3b9c262057cd47e	301.78	301.66	0.1	77716	475721	201870	273851	0.42434536209248697	1,2,3,4,5,6,7,8,9,10,11,12,13,14,15,16,17,18,19,20,22,23,25,27,28,29,30,31,33,34,35,36,37,38,39,40,41,42,43,45,47,48,49,50,52,53,54,55,57,59,61,62,64,65,67,68,69,70,71,72,74,77,78,79,80,83,85,86,87,88,89,90,91,92,94,95,96,97,98,99	96729f38b4d75f011d349328d3bf78d8df97dfc8d2f633a91f05c360e2945f71	10680	6134243	9019c53ff1185a3719b21e03f207e52559826bbcdbaadd3d2361d03baeb8b273	72f6515596785578a1201df86b5bf3093c10926929f0a325d5bc3d3f8eaa3e07	True
sig_h10680	sig	10680	41	32fe12c168ef80291e487dbf4045f430b9c5d90a	836c8edbfc75b517cefdde6426755f9e3b71021df09b06c6f3b9c262057cd47e	302.83	302.7	0.11	77768	476364	206241	270123	0.43294833362722623	0,1,2,4,5,6,7,8,9,10,11,13,14,16,18,19,20,21,22,24,25,26,27,30,31,32,33,34,35,36,37,38,40,41,43,44,45,46,47,48,49,50,51,52,53,54,56,57,59,60,61,62,63,64,65,66,67,68,69,70,72,73,74,75,76,78,80,81,82,83,84,85,86,88,89,91,93,94,95,98	f14de4e0b7f505d07ba65aaab6cf470babdbfd048d7e952ad5278dd7734160d0	10680	6052421	3fb5fb905a1272f8c03bfe87e524eef67ce6fba5ebde4ce98eaac4be201d0983	544b1dd66f34d42b64a066c3e18549de309e08e6d1e3d93cbc050dcff73c93f0	True
sig_h10680	sig	10680	42	32fe12c168ef80291e487dbf4045f430b9c5d90a	836c8edbfc75b517cefdde6426755f9e3b71021df09b06c6f3b9c262057cd47e	300.39	300.18	0.12	77260	455906	191159	264747	0.4192947669037038	1,3,4,5,6,7,9,10,11,12,13,15,16,17,18,19,20,21,22,24,27,29,31,32,33,34,35,36,37,38,40,41,42,43,44,45,46,47,48,50,51,52,56,57,58,59,60,61,62,63,65,66,67,68,69,70,71,72,73,74,75,78,79,80,81,82,83,84,85,86,87,88,89,93,94,95,96,97,98,99	861b178f9171653402aae1ed2b05a3b4ab50b5fb249ce66a2ed29c786f1a0323	10680	5934702	c9de53046ffbe3d29cc3767a27885bc02daa45bd31b6a424808f29d0b9ab0596	e8a2992e9a25781fc121f319b36c44390cda5b9a546d318d6a3196a77d8f1519	True
sig_h10680	sig	10680	43	32fe12c168ef80291e487dbf4045f430b9c5d90a	836c8edbfc75b517cefdde6426755f9e3b71021df09b06c6f3b9c262057cd47e	300.74	300.62	0.11	78536	505552	222274	283278	0.43966594929898406	0,2,3,4,5,6,7,8,9,10,11,12,13,14,15,16,19,20,21,22,23,24,25,26,27,28,30,32,33,34,36,37,39,41,42,45,46,47,48,49,50,51,52,53,55,56,58,59,60,61,62,63,65,66,67,68,70,71,74,75,77,78,79,80,82,83,84,85,86,88,89,90,91,92,93,94,95,96,98,99	7617d7f1eef2c675b7f601d3cf0e74e202bd2259495f5c2b74e73e7a00acc989	10680	6340969	7d6cbe52189b5c92fc9e76878d874a423e1d3978f0b5727ad22edd4f6fcdcf21	57071c89ac3b46719b24bc3531b7c8ab0f9729c663d29bb2caead3e710a0bf2d	True
sig_h10680	sig	10680	44	32fe12c168ef80291e487dbf4045f430b9c5d90a	836c8edbfc75b517cefdde6426755f9e3b71021df09b06c6f3b9c262057cd47e	299.65	299.54	0.1	78156	495558	224490	271068	0.4530044919060937	0,1,3,5,6,7,8,9,10,11,12,13,15,16,17,18,20,21,22,23,25,26,27,28,29,31,32,33,34,35,36,37,38,39,40,42,43,44,45,46,47,48,50,51,53,54,55,56,59,60,61,64,65,66,67,69,70,72,73,74,77,78,79,80,81,82,83,84,85,86,87,88,89,90,92,93,94,96,97,99	7cefea72ffa9af5375792283d3e07dfbe74943498fe4f89152412bf7ee591a26	10680	6073273	1da14c92aa2eaf4cc9e09531ed39a338b2507c3129a78d1342232244e5a87f7b	948949beafd45c0ee29df8766766b85fd99a21dfda80b84eeb134f1cc7cd9292	True
sig_h10680	sig	10680	45	32fe12c168ef80291e487dbf4045f430b9c5d90a	836c8edbfc75b517cefdde6426755f9e3b71021df09b06c6f3b9c262057cd47e	302.53	302.41	0.11	77768	471099	196548	274551	0.4172116688848841	0,1,3,4,5,6,7,8,10,11,12,13,14,15,16,17,18,20,21,22,23,24,25,26,27,28,29,30,31,32,33,34,36,37,39,40,41,43,44,48,49,51,52,53,54,55,56,57,58,60,61,63,64,66,68,69,70,71,73,75,76,77,78,79,80,81,82,83,84,85,86,87,88,89,91,92,93,94,96,99	154d4b776ab2bf3c060658f50c6d8e521443c6cb4745ba94f76d9eada1782a4d	10680	6149588	a1ebd8ac766df27d46c46cbcf046eb5ac7fce60c6464f01ab01b39dc7a092db5	a74a8b1fc3165e122c795aa45ca6dc8cd7f5b30ef9871f4bfd223ebb2427c1f0	True
sig_h10680	sig	10680	46	32fe12c168ef80291e487dbf4045f430b9c5d90a	836c8edbfc75b517cefdde6426755f9e3b71021df09b06c6f3b9c262057cd47e	302.34	302.21	0.12	78152	482643	213947	268696	0.4432820946330932	1,2,4,5,6,7,8,9,10,11,12,13,14,15,16,18,19,20,21,22,23,25,26,27,29,30,31,32,33,34,35,36,38,39,40,41,42,43,44,46,47,49,50,51,52,53,54,55,56,57,58,59,60,61,62,63,64,65,66,67,68,69,70,71,72,76,78,80,81,82,83,84,85,86,87,88,90,93,95,98	17d21142e0346fb0b40bd29071c18887926e6d47685c1544a3e42841368509f9	10680	6021154	943cf9eed9ecfaea1a1fd19a44cea52e4b195cf4347b18681ef79fbf88ea4bfa	85cc1ce3114ecf034c498aa7c90cd57294685d31710ae3abaa8ae3b21739b1e5	True
sig_h10680	sig	10680	47	32fe12c168ef80291e487dbf4045f430b9c5d90a	836c8edbfc75b517cefdde6426755f9e3b71021df09b06c6f3b9c262057cd47e	302.64	302.53	0.1	77128	448030	175354	272676	0.3913889694886503	0,1,2,3,4,5,8,9,10,11,15,16,17,18,19,20,21,23,24,25,26,27,28,29,30,32,33,34,35,37,38,40,41,42,44,45,46,47,48,49,51,52,53,55,56,58,60,61,63,64,65,67,69,70,71,72,73,74,75,76,77,78,79,80,81,82,83,84,86,87,88,89,90,91,92,93,94,96,97,99	95192313221795ebd1951e866dbb37b0e67be46eadf6b24b15451c3858f57e9a	10680	6108539	4ccbd9a0dc084bf0642dc9d8acaa375503efc75b62e4101648200e2e82acc6da	f530b102119b22a04c5ae6dbb7376d1da8e2708a94d089b044e4bac9d81b1438	True
sig_h10680	sig	10680	48	32fe12c168ef80291e487dbf4045f430b9c5d90a	836c8edbfc75b517cefdde6426755f9e3b71021df09b06c6f3b9c262057cd47e	307.15	307.05	0.09	76756	435549	167056	268493	0.3835527116352006	1,2,3,4,6,7,8,9,10,11,15,17,18,19,20,24,25,26,27,28,29,30,32,33,35,36,37,38,40,41,42,43,44,45,46,47,49,50,51,52,53,54,55,56,57,58,59,61,62,63,65,66,68,69,70,71,72,73,74,75,76,77,80,81,84,85,86,87,88,89,90,91,92,93,94,95,96,97,98,99	260f55673c126e025e5f990c9ee92f5b995ed06af3387f3caf83f645352688d0	10680	6017014	065bde972e952ffabf0b12514b48177e1f42dd00ae0050565611a9fdc5508503	a6952d261e58f21b964df25c5af55a0479ed1cfc989c505808f68eb4fcb78901	True
sig_h10680	sig	10680	49	32fe12c168ef80291e487dbf4045f430b9c5d90a	836c8edbfc75b517cefdde6426755f9e3b71021df09b06c6f3b9c262057cd47e	300.78	300.68	0.09	77640	470386	203984	266402	0.4336523621026136	1,2,3,4,5,6,7,8,10,11,12,13,14,15,16,17,20,21,22,25,26,27,28,29,30,31,33,34,35,36,37,38,40,41,42,43,44,45,46,48,49,50,51,52,53,54,55,56,57,58,59,60,62,63,65,66,67,68,69,70,72,73,74,76,78,79,80,81,83,84,88,90,91,92,93,94,95,97,98,99	e80181049a20d1e24d1d2f8f473c6303a9d44c18d635964d2bae7c48dc11c8b7	10680	5970994	6b2f53a392f1f90d9f2f177eadb67f995b6705a4a84bde92b306dc89b8144398	f8eaf05d17991fc9fe5c694360b1e36b81d7cdbff6c332ca15de3d90d5fb76f5	True
sig_h10680	sig	10680	50	32fe12c168ef80291e487dbf4045f430b9c5d90a	836c8edbfc75b517cefdde6426755f9e3b71021df09b06c6f3b9c262057cd47e	303.32	303.21	0.1	77384	454783	180029	274754	0.3958569251709057	0,1,2,3,4,5,6,9,10,11,12,13,14,15,16,17,18,19,20,21,23,25,26,27,28,30,31,33,34,35,36,37,38,39,41,42,43,44,45,48,49,53,54,55,56,57,58,59,60,61,62,63,64,65,67,68,69,71,72,73,74,75,76,78,82,83,84,85,86,87,88,89,90,92,93,94,95,96,97,99	256c593b9417ad0ad51d64a0a9b0a741800da0ed7b4979cb65bbea7af5fc7b5d	10680	6153760	42ebdf0b5a550e2bb78cb0823ca3c84d60e411a045217463fba9c1eda71e60fc	f2010e7a6d89ddc558c8f1f9b98347b41ee322c34f1c1cd2fb75b94be00f92e6	True
sig_h10680	sig	10680	51	32fe12c168ef80291e487dbf4045f430b9c5d90a	836c8edbfc75b517cefdde6426755f9e3b71021df09b06c6f3b9c262057cd47e	303.07	302.96	0.09	78148	495221	214483	280738	0.43310562354988985	0,2,4,6,7,8,9,10,11,12,13,14,16,17,19,20,21,22,23,24,26,27,28,29,30,31,32,33,34,35,36,37,38,39,41,42,43,44,45,46,47,48,49,50,51,52,54,56,57,58,59,60,61,63,65,68,69,70,71,73,74,75,76,77,78,79,80,83,85,88,89,90,91,92,93,94,95,96,97,99	d49f535640836164460176b474bf1da557f7359b2a902f74c67be70571c68509	10680	6284953	18e53022327c696c4d71b5b385acb77debb10cac2deebe228b5c97ccdccad2b0	f998f40575bf153a7ccd9421b5b18f27d59f962f3e0d0a5d4f8bba998cf4e9bc	True
sig_h10680	sig	10680	52	32fe12c168ef80291e487dbf4045f430b9c5d90a	836c8edbfc75b517cefdde6426755f9e3b71021df09b06c6f3b9c262057cd47e	301.84	301.74	0.08	76872	434238	167699	266539	0.38619144340200534	0,1,2,3,4,5,6,7,8,9,10,11,12,13,16,18,23,24,25,26,27,28,29,30,32,34,35,36,37,38,39,40,41,42,43,45,46,47,48,49,50,51,52,53,54,55,56,57,58,59,60,61,62,65,66,67,68,69,70,72,73,75,76,78,79,80,81,82,83,85,86,87,89,91,92,93,94,95,96,98	d6664fcfc68aad06d7b14e04eeb440d0e75584bb00a167069232832a995c8538	10680	5974363	183574602a0270229e23a417c8b77ddae8e4c879f8f55854d19af8b97c5f5f50	3575063e4ef85eea5442d0de61a05b38867c0fcf14f49416ca5ca5a221b6b1db	True
sig_h10680	sig	10680	53	32fe12c168ef80291e487dbf4045f430b9c5d90a	836c8edbfc75b517cefdde6426755f9e3b71021df09b06c6f3b9c262057cd47e	302.38	302.29	0.08	77128	445759	171958	273801	0.385764505035232	0,2,3,4,5,6,7,8,9,11,12,14,15,16,18,21,22,23,24,25,27,29,31,33,34,35,36,37,39,40,41,42,43,44,46,47,48,49,50,51,52,53,54,55,56,57,58,59,60,61,62,63,65,66,67,68,69,70,72,75,76,77,78,79,80,81,82,84,86,87,89,90,91,93,94,95,96,97,98,99	e953f66173621e7c5d76b37899ad4dcc05c484c744eadb5cfcbcc6a71c509e58	10680	6132915	aceed29c58a7bb1e74a3dc02d81933e636d6b7d1902b14317100318a5783b86f	b9c18b0bc6c3d942b88a864a44d137dc5db1957bf58f20478059a89e63e57216	True
sig_h10680	sig	10680	54	32fe12c168ef80291e487dbf4045f430b9c5d90a	836c8edbfc75b517cefdde6426755f9e3b71021df09b06c6f3b9c262057cd47e	303.49	303.4	0.07	77512	462958	187941	275017	0.4059569118580951	1,2,4,5,7,8,9,10,11,12,13,14,15,16,18,19,20,21,22,23,24,25,26,27,28,30,31,34,35,36,38,39,40,41,42,43,45,46,47,48,49,50,51,52,53,54,56,57,58,60,61,63,64,65,66,67,68,69,70,72,73,74,75,77,78,79,80,81,83,84,86,87,88,90,91,93,94,95,96,99	b8d17effa9ddf0a119e29994594210f67cc54f7062491d04d2b979a4c2534d9f	10680	6159800	a397f2fa4d1f7b679dc2ccd2b725b1c5c3590ba4d2966ea45c26ca4c555cec6c	1330c365875c7f31685e3841b16de72a50970c5b32edeb5da0a08cdecbc3e9e6	True
sig_h10680	sig	10680	55	32fe12c168ef80291e487dbf4045f430b9c5d90a	836c8edbfc75b517cefdde6426755f9e3b71021df09b06c6f3b9c262057cd47e	303.19	303.05	0.11	77256	452533	178275	274258	0.39394917055772727	0,1,2,3,4,5,6,7,8,9,13,14,15,16,17,18,19,20,22,24,26,27,28,29,30,31,33,35,36,37,39,40,41,42,43,44,47,48,49,50,51,53,54,55,57,58,59,60,61,62,63,65,67,68,69,70,71,72,73,74,75,76,77,78,79,80,82,83,86,87,88,90,91,92,93,95,96,97,98,99	4b691f4374e2fa2ad0797f1f1d450c61c6f9eebb5a0cc6d8918237adeb83aef5	10680	6142655	719f755e71573f6b394aed53a077c5d47cf9c562d47e577f9fd2a37a488b8457	8ee27b222114f96487b0bede312caf44c6bb8aa6661d1e265e383c779552cfeb	True
sig_h10680	sig	10680	56	32fe12c168ef80291e487dbf4045f430b9c5d90a	836c8edbfc75b517cefdde6426755f9e3b71021df09b06c6f3b9c262057cd47e	306.76	306.65	0.08	76900	435260	166489	268771	0.3825047098286082	0,2,3,4,5,6,10,11,12,13,14,15,17,18,20,21,22,23,24,25,27,28,29,30,31,32,33,35,36,37,38,40,41,42,43,44,45,47,48,49,50,51,52,53,54,55,56,57,58,59,61,63,64,65,66,67,69,70,71,72,73,75,76,77,78,80,81,82,83,84,86,87,88,90,92,93,96,97,98,99	ad5edf99055f5649618b4f6242868ad7ef69bdeae6484f7f336ba504c0c36bab	10680	6022964	4ecfe513dff0bb66e891881c2c9681d3464b32aad99f82b3ada4e1f14d294c71	14ed6a3c1c80ff0f0f050a220256469a4949de60cba5a0e93f99bbba894182ff	True
sig_h10680	sig	10680	57	32fe12c168ef80291e487dbf4045f430b9c5d90a	836c8edbfc75b517cefdde6426755f9e3b71021df09b06c6f3b9c262057cd47e	299.9	299.78	0.1	78156	499517	229572	269945	0.4595879619712642	0,1,3,6,8,9,10,11,12,13,14,15,18,19,20,21,22,24,25,27,29,30,31,33,34,35,36,37,38,39,40,41,42,45,46,47,48,49,50,51,53,55,56,58,59,60,61,63,64,65,66,67,68,69,70,71,72,73,74,75,76,77,78,79,80,81,82,83,84,86,88,90,92,93,94,95,96,97,98,99	f6ace67630086ac2bfb8e860806d168f9589f37d53029db62245886e272e0935	10680	6048364	070995554d89b3a9b035b07a64976453d8ba2f05bc4ecd8ad07caf29c3a5e439	9f3d0fb3d747ba836350d6a671d9c53b855f624d982f978d30cce79a06f499a4	True
sig_h10680	sig	10680	58	32fe12c168ef80291e487dbf4045f430b9c5d90a	836c8edbfc75b517cefdde6426755f9e3b71021df09b06c6f3b9c262057cd47e	302.42	302.32	0.08	77128	448850	173301	275549	0.3861000334187368	0,2,4,5,6,7,9,10,12,13,14,15,16,17,18,19,20,21,22,23,24,26,27,29,31,32,33,34,35,36,37,38,39,40,42,44,45,46,47,48,49,50,51,52,53,54,55,56,57,58,59,60,61,62,67,68,69,70,71,73,74,75,76,77,78,79,80,81,82,85,87,88,89,90,91,92,94,95,96,99	cfaebf8e23ab234e6b537a7b1a2fd8c81fd775756ad7e3dd1fba31ee8efa573b	10680	6171182	8ddd7e79831f213975807288031d95988c97f8b720f7adcd8006658b92b61ebc	2422daec9854db15b60231db79373ce1417a1e19a6cf67a7d968bf9f8c67dc5b	True
sig_h10680	sig	10680	59	32fe12c168ef80291e487dbf4045f430b9c5d90a	836c8edbfc75b517cefdde6426755f9e3b71021df09b06c6f3b9c262057cd47e	301.76	301.65	0.1	77684	479372	207614	271758	0.4330958003387766	2,3,4,5,6,7,8,9,10,11,12,13,14,15,16,17,18,19,20,21,22,23,24,25,26,29,30,31,32,33,34,36,37,38,39,40,41,42,43,45,46,48,50,51,52,54,55,59,61,63,64,65,66,67,68,69,70,71,72,73,74,75,76,77,78,79,80,81,84,85,87,88,91,92,93,95,96,97,98,99	d6d2b6c1e22e4205e2b1ecddefc7e0cb1e4d57b185759f5e076c4a75cb02f3cd	10680	6088041	12f84e9c5c785186886785f12b83aa66be9d764ff2c25fa24b02afc9c1122a0b	95b5b7bb3a321721ae0634c38780ebd39995f9a7fdcae4684e8875fb6e1ecd9a	True
sig_h10680	sig	10680	60	32fe12c168ef80291e487dbf4045f430b9c5d90a	836c8edbfc75b517cefdde6426755f9e3b71021df09b06c6f3b9c262057cd47e	302.11	301.96	0.12	77896	487275	209267	278008	0.4294638551126161	0,1,2,3,4,9,11,12,13,14,15,16,17,18,19,21,23,25,26,27,28,29,31,32,34,36,37,38,40,41,42,43,45,46,47,48,49,50,51,52,53,54,55,56,57,58,59,61,62,63,64,65,66,67,68,69,70,71,72,73,74,75,76,77,78,79,80,81,83,84,85,88,90,91,92,94,96,97,98,99	8ba51d8d93ba626dd0935313bed7d0dd71c1d4370698b08e3dc25050b4b1d5ca	10680	6224990	03ee7ad4c17b15acadc842e2b6c168895189f502a46979398ff6011a69fccd76	0b7d37093086192d12f52d8dc11fb92aeea297d8d62feccd149deb9cd3a7cb56	True
sig_h10680	sig	10680	61	32fe12c168ef80291e487dbf4045f430b9c5d90a	836c8edbfc75b517cefdde6426755f9e3b71021df09b06c6f3b9c262057cd47e	301.11	301.02	0.08	77380	469145	199474	269671	0.4251862430591821	0,1,2,5,7,8,9,10,11,12,13,14,15,16,17,18,19,20,21,22,23,25,26,27,30,33,34,35,36,37,38,39,40,41,43,44,45,46,47,48,49,50,51,52,54,56,58,60,61,62,63,65,66,67,69,70,71,73,74,75,77,78,79,80,81,82,83,84,85,86,87,89,91,92,93,94,95,96,97,99	8a9ee3e9e1cc9267094df1169bbe5cfd3e63fcdd405d48ce8db4c32118d7d3ca	10680	6042609	ccc9daf47de4221e938bd3ec497a7314657f800670bf16311b8546f572380d9f	ef582e80ba9843c754a4d2c42820784d731c873b1eefa14a574e7176cf4a3e17	True
sig_h10680	sig	10680	62	32fe12c168ef80291e487dbf4045f430b9c5d90a	836c8edbfc75b517cefdde6426755f9e3b71021df09b06c6f3b9c262057cd47e	301.78	301.64	0.12	77516	464530	199915	264615	0.4303597184250748	1,2,3,4,5,6,7,8,10,11,12,13,14,15,17,18,19,21,22,24,25,27,29,30,31,33,36,38,40,41,42,43,44,45,46,47,48,49,50,51,52,53,54,55,56,57,58,59,61,62,64,65,66,68,69,70,71,72,73,77,78,79,80,81,83,84,85,86,87,88,89,90,92,93,94,95,96,97,98,99	0b2c295eaf9586f9a668ef15009ce877c8040e8361be47064bf932e528666268	10680	5932163	63548f12001d830417b354bf6982555be3d9f4e9138be88ce4e754d2975b4f66	1428867ad21acca9cde11c85158d9f52ead3816f8a255a6a69f7ffaa5b5561e5	True
sig_h10680	sig	10680	63	32fe12c168ef80291e487dbf4045f430b9c5d90a	836c8edbfc75b517cefdde6426755f9e3b71021df09b06c6f3b9c262057cd47e	300.09	300.03	0.05	77640	471442	201428	270014	0.42725934473381666	1,2,3,4,6,8,9,10,11,12,13,14,16,17,18,19,21,22,23,24,25,26,27,28,29,30,31,32,33,34,36,37,38,40,42,43,44,45,46,47,48,49,50,52,53,54,55,56,57,58,59,61,64,65,66,67,68,69,70,72,73,76,77,78,79,80,81,82,84,85,87,88,89,90,92,94,95,96,98,99	4c74943e5f8853136b77dc5eebec9a5de4462eb18ed3310d1f6afec11ca20d16	10680	6049727	baf44294479b2bda84d4cbb0e3f543380ebff1c8a1ca038d83b625b25460cabc	9a4e358f214c68ba5063d7b8400a31ef3caf2ce06087f0e098fa2a594c828607	True
sig_h10680	sig	10680	64	32fe12c168ef80291e487dbf4045f430b9c5d90a	836c8edbfc75b517cefdde6426755f9e3b71021df09b06c6f3b9c262057cd47e	301.24	301.13	0.1	77388	461594	190798	270796	0.4133459273734061	0,1,2,4,6,7,8,9,12,13,14,15,16,17,18,19,20,21,22,23,24,27,29,31,32,34,36,37,38,39,40,41,42,44,45,46,47,48,49,50,51,52,54,55,56,57,58,60,61,62,64,66,67,69,70,71,72,73,74,75,76,77,78,79,80,81,82,83,84,87,88,90,91,92,93,94,96,97,98,99	ad47c961b77769827af574869986a83a808623c1e64314073cc56698f3440174	10680	6067354	26dbab9317a834b67b5de9e37730be6088021536b28eb4929ba843ad9b82f434	ef41271b16cc77ff3f7aefa3c129b6fda6acf9f5eca08dbc91bd77d437907729	True
sig_h10680	sig	10680	65	32fe12c168ef80291e487dbf4045f430b9c5d90a	836c8edbfc75b517cefdde6426755f9e3b71021df09b06c6f3b9c262057cd47e	302.44	302.36	0.07	77512	463420	183946	279474	0.39693150921410386	1,2,3,4,5,6,8,9,12,14,15,16,17,19,20,21,22,23,24,25,26,27,28,29,30,31,32,33,34,35,36,37,40,41,42,43,44,45,46,47,48,49,51,52,54,57,58,59,60,61,62,63,66,67,68,69,70,71,72,74,76,77,78,80,81,83,84,87,88,89,90,91,92,93,94,95,96,97,98,99	5165ecf0c99fe0ae652c90f1fc5a21307b388d4b29e49ebee67f0458564382ed	10680	6257162	7f794241b158c2949ff704c1d3d4a97c0b050f7680e9d1b62b1df2e69db7b941	8b3572f8f2ad525f4fe63641b5f0c8f4e1112788caeb5fce2a877d2011d6cb94	True
sig_h10680	sig	10680	66	32fe12c168ef80291e487dbf4045f430b9c5d90a	836c8edbfc75b517cefdde6426755f9e3b71021df09b06c6f3b9c262057cd47e	303.24	303.13	0.1	77512	462859	191459	271400	0.413644327970289	1,2,3,5,6,7,8,10,11,12,13,14,15,16,17,18,19,20,21,22,23,24,25,26,27,28,30,31,32,33,34,35,36,38,40,41,42,43,44,45,46,47,48,49,50,51,52,54,55,56,57,58,59,60,62,64,65,66,67,68,69,70,72,74,75,77,78,79,80,82,84,85,86,87,88,91,92,96,98,99	0a84de14ce02a447186955a6f8c92b81584d502846e31c159d22fe22262468db	10680	6080501	06933cc4c691ab46d49ea61ee516e58182c1ae99381986ad469f19bc03d19968	b9d7483c7fdda14b2c05ebe03b5f2867412ab3aee73d34fee59f478598dfbfcc	True
sig_h10680	sig	10680	67	32fe12c168ef80291e487dbf4045f430b9c5d90a	836c8edbfc75b517cefdde6426755f9e3b71021df09b06c6f3b9c262057cd47e	300.63	300.55	0.06	77384	456093	183949	272144	0.4033146748579785	0,1,2,3,4,5,6,8,9,10,12,13,14,15,16,17,18,19,20,21,22,23,24,25,26,28,29,31,32,33,35,36,37,38,39,41,42,43,44,45,46,47,48,50,52,54,55,57,58,59,60,62,63,64,66,68,69,70,71,72,74,75,76,77,78,79,80,82,83,86,88,89,91,92,93,94,95,96,97,99	8195c3037d5ccf5b51425412c209dd9cba967e34e5cbf182bf8e7e2e57bcfaf9	10680	6096657	309a1772dc2c59bcb24bac03e3a30fcc90e945fcfddfcc3d3d8b622017994625	5cf7aefc7b484d8d971347aa2def4c3309bf95674bcd8efb60d4b869b7def462	True
sig_h10680	sig	10680	68	32fe12c168ef80291e487dbf4045f430b9c5d90a	836c8edbfc75b517cefdde6426755f9e3b71021df09b06c6f3b9c262057cd47e	302.51	302.39	0.1	77768	480094	202864	277230	0.42255058384399724	0,1,2,5,6,7,8,9,11,12,16,18,19,20,21,22,23,24,25,26,28,29,30,31,33,34,35,36,39,40,41,42,43,44,45,46,47,48,49,50,51,52,53,55,56,57,58,62,63,64,65,67,68,70,71,72,73,74,75,76,77,78,79,80,81,82,83,84,85,87,88,89,90,91,92,94,95,96,97,99	3cf81bc6e742428b5d7d08d515cddccbeda39d95af1388e40213d0e575dcd3c3	10680	6207962	4a7998d339fb289cb47affa57e74770a99fd3441b8c5f7650d06cceae34b2bb5	afe531f2e9d05da3869c7f3adda82081133a6e3cd1c8f121941ad4349ffa830a	True
sig_h10680	sig	10680	69	32fe12c168ef80291e487dbf4045f430b9c5d90a	836c8edbfc75b517cefdde6426755f9e3b71021df09b06c6f3b9c262057cd47e	302.26	302.15	0.09	77512	471157	202476	268681	0.42974210295082105	0,2,3,4,5,7,8,9,10,11,12,13,14,15,16,17,18,19,20,22,24,25,27,28,29,31,32,33,34,35,37,40,41,42,43,44,45,46,47,48,49,50,51,52,53,55,56,57,58,60,61,62,64,65,66,67,68,69,70,71,72,74,75,76,77,79,82,83,84,85,89,91,92,93,94,95,96,97,98,99	9ef762b13e73e1aff4a5990a057f5aa4dd2f2c4912ea20051616c6275a61df2d	10680	6021040	69ce845acd62a7d41683fe64d8adbd0072d8e2a463f8c6e26c8771698eb14c21	f4abfaa42c9256a2830052d251c96cd4abccee428e8a51fa8c70c7a227858db3	True
sig_h10680	sig	10680	70	32fe12c168ef80291e487dbf4045f430b9c5d90a	836c8edbfc75b517cefdde6426755f9e3b71021df09b06c6f3b9c262057cd47e	301.67	301.54	0.11	77768	476516	205807	270709	0.43189945353356446	0,1,2,3,4,5,6,7,8,9,10,11,13,14,15,16,19,20,21,22,23,25,26,27,28,29,30,31,33,34,35,36,37,38,40,41,42,44,45,46,47,48,49,50,51,52,54,55,56,58,62,63,64,66,69,70,72,73,74,75,77,78,79,80,81,82,83,84,85,86,87,88,90,91,92,93,94,97,98,99	6c28058625ca4e531fd6b53c9de4f4cdbdd18bcca17827e3ff55ed7ef69ae4b0	10680	6065632	624d767490eb53e8c815a6d02cb8650677edda024fff89286b3ccd53c6248c74	8be9ce50a1cd78ee04a82246c53d22331640ffe977febfde327950eb132818ad	True
sig_h10680	sig	10680	71	32fe12c168ef80291e487dbf4045f430b9c5d90a	836c8edbfc75b517cefdde6426755f9e3b71021df09b06c6f3b9c262057cd47e	300.72	300.64	0.07	77768	469094	191082	278012	0.40734266479639475	2,3,4,5,6,7,8,9,11,12,13,14,16,18,19,20,21,22,23,24,25,26,27,28,29,31,32,33,34,35,37,38,39,40,42,43,44,45,46,47,48,50,51,52,53,54,55,56,57,59,60,62,63,64,65,66,67,68,69,72,74,75,76,77,78,79,81,83,84,86,89,90,91,92,93,94,95,96,97,98	c373b9966ef7ba80d30c049e3c36cdbc685e974826dad80311057c9eb482a1f1	10680	6225162	7f14367f6aba84a5495d7d24d13c97b41e6c137bcfebbf5ff69ccec4f4d312cc	5538aca408372cadbf69d5c23be8c3c28938ad0686bf4a6c1bbed6f5ccf1ea7a	True
sig_h10680	sig	10680	72	32fe12c168ef80291e487dbf4045f430b9c5d90a	836c8edbfc75b517cefdde6426755f9e3b71021df09b06c6f3b9c262057cd47e	301.96	301.87	0.08	77768	473993	198940	275053	0.4197108396115554	0,1,2,4,6,7,8,9,10,11,12,13,14,15,17,20,21,23,24,26,27,28,29,30,31,33,34,36,37,38,39,40,41,42,43,44,45,48,49,51,53,55,57,58,59,60,61,62,63,64,66,67,68,69,71,72,73,74,75,76,78,79,80,81,82,83,84,85,86,87,88,89,90,91,92,95,96,97,98,99	bb21f8cef596e8d85346f210124814c42773b092389f8bc13dcfa27d4bae5642	10680	6160311	88d24956697ce1e5bacc191c035fd4fe834f4607a16fa848a0f7c7ece0e67526	b7f315acabb0436a9ffe9139ff3c928289497e6645c0ff1583283facb73815d6	True
sig_h10680	sig	10680	73	32fe12c168ef80291e487dbf4045f430b9c5d90a	836c8edbfc75b517cefdde6426755f9e3b71021df09b06c6f3b9c262057cd47e	302.6	302.48	0.09	77512	465517	187865	277652	0.4035620611062539	0,1,2,3,4,5,8,9,11,12,13,14,16,17,18,19,20,21,22,23,24,25,26,28,29,30,31,32,33,35,37,38,39,40,41,42,44,45,47,48,49,50,51,52,53,54,56,57,61,62,63,64,66,67,69,71,73,74,75,76,78,79,81,82,83,84,85,86,87,88,89,90,91,92,93,94,95,96,97,99	ab37aca254fbac18330c695e501128eb8bdebdae12bd91661823f9f63bb78838	10680	6217749	4cad56e8321b90a099c19c314870523f2ea8085c6e6a32d1e9f24342ad185ac2	11079849ee3d92a883d0e0dec1b239cae42d81f94b78e3ffc74fa47ccc49c451	True
sig_h10680	sig	10680	74	32fe12c168ef80291e487dbf4045f430b9c5d90a	836c8edbfc75b517cefdde6426755f9e3b71021df09b06c6f3b9c262057cd47e	304.01	303.91	0.09	77388	460261	187540	272721	0.40746446038226136	0,1,2,3,4,6,7,8,9,10,12,13,14,15,17,18,19,20,21,22,23,24,25,26,27,28,30,32,33,34,35,36,37,38,39,40,41,42,43,45,48,50,51,52,54,56,57,60,61,62,63,64,65,66,67,68,69,70,71,73,74,75,78,79,81,82,83,85,86,87,88,89,90,91,92,94,95,96,97,99	009c5027e2c0e6a8e5bf21521cafd7735dcce390e2957e085ac4966e0adc6281	10680	6109493	a318b74eeb61f1d85be2adda1338a648d25acb2c44cbf2f04e9e09d61497cf90	72d7937df73e0ea5085f7e10dd484c390cdcb98a277e6630db98afcae7c6bbc5	True
sig_h10680	sig	10680	75	32fe12c168ef80291e487dbf4045f430b9c5d90a	836c8edbfc75b517cefdde6426755f9e3b71021df09b06c6f3b9c262057cd47e	301.11	301.02	0.08	77388	456111	186817	269294	0.4095867014827531	1,2,3,4,5,6,8,9,10,12,13,14,15,16,18,19,20,21,22,24,26,27,28,29,30,32,33,34,35,36,37,38,39,40,41,42,43,44,45,46,47,49,50,52,54,55,56,58,59,60,61,62,64,66,67,68,69,70,71,72,73,74,75,76,77,80,81,84,85,86,87,89,90,91,93,94,95,97,98,99	f464e52d7ff2e843d3fa5abb3d9ea5494da98e274ee4e2fdb4543ab0822d529d	10680	6034753	539d482c571935ebba2ac4ba03fc62346430362d65f0c37e8b833d3311d94447	8786444606538232d5c56305857ea4b4efca03a1f12983f1d3a0f4e66133ce44	True
sig_h10680	sig	10680	76	32fe12c168ef80291e487dbf4045f430b9c5d90a	836c8edbfc75b517cefdde6426755f9e3b71021df09b06c6f3b9c262057cd47e	300.85	300.73	0.11	77448	459637	195486	264151	0.4253051864841168	0,1,2,3,4,5,6,8,9,10,11,12,14,15,16,17,18,19,20,23,24,25,26,27,29,30,31,32,33,34,35,37,38,39,40,42,43,44,45,46,48,49,51,52,53,55,56,57,58,59,61,62,63,64,65,69,70,71,72,73,74,75,76,77,78,79,80,82,83,85,87,88,90,92,93,94,95,97,98,99	24ca285cd072230e5c83b67143d822fb769000e9318ca3ea293e27404f4c4f4b	10680	5922174	2a207b618e5271d20dfe8362430df52644a90086b8d22f283c79d7bca6900cfb	3779b912e675b0cf3421131c8e2ef7ffd821d14425e305e350710218d546f735	True
sig_h10680	sig	10680	77	32fe12c168ef80291e487dbf4045f430b9c5d90a	836c8edbfc75b517cefdde6426755f9e3b71021df09b06c6f3b9c262057cd47e	301.57	301.42	0.14	77896	485581	209854	275727	0.4321709457330497	1,2,4,5,6,7,8,11,12,13,14,15,16,17,18,20,22,23,24,26,27,28,29,30,31,33,34,35,36,37,38,39,40,41,42,43,44,46,47,48,49,50,51,53,54,55,56,57,58,59,60,62,63,64,65,66,68,69,70,71,72,73,74,76,77,80,82,83,85,88,89,90,91,92,93,94,95,96,97,98	aa8af747e8f0a4244327cf643d41732fd7bd874c8290c19e469e850a2ceaecb4	10680	6175146	3bd49d0d5fd0aea13f507e45c3225dc88f243b9f3183e19ff0192e0407acc440	b3aeb950f993bfe7343fea124c5e8f885ba774da2ed94249718d4c69c5464a18	True
sig_h10680	sig	10680	78	32fe12c168ef80291e487dbf4045f430b9c5d90a	836c8edbfc75b517cefdde6426755f9e3b71021df09b06c6f3b9c262057cd47e	301.64	301.53	0.1	77640	481246	206305	274941	0.42868927741737073	1,4,6,7,8,9,10,11,12,13,14,15,16,17,18,19,20,21,22,23,24,25,28,29,30,31,32,33,35,36,37,39,40,41,42,43,44,46,47,48,49,50,51,52,53,54,55,57,58,59,60,61,63,64,66,67,68,70,71,73,74,75,76,77,79,80,81,82,84,85,86,88,89,90,91,92,93,94,96,98	839939d759a86de058ae6be5692313837ee1dd6c7e9dcb66740a595674693e94	10680	6157958	b80dc5f1325a51700ff2c98f00733d8cb6cbd16a98cc5b4b1fae9c1bc936e947	bc4a2167c8da2ee6481409799bf2c762eaf4a071d9f6ec1a31dd6064286b6896	True
sig_h10680	sig	10680	79	32fe12c168ef80291e487dbf4045f430b9c5d90a	836c8edbfc75b517cefdde6426755f9e3b71021df09b06c6f3b9c262057cd47e	302.46	302.35	0.08	78152	496519	216112	280407	0.43525424001901236	0,1,2,3,4,5,6,7,8,9,10,11,13,14,15,16,17,18,19,20,21,23,24,25,26,27,28,29,33,34,35,36,37,38,39,41,42,43,44,45,48,49,50,51,53,54,55,56,57,59,60,61,62,66,67,68,69,70,72,74,75,77,78,79,81,83,84,85,86,87,88,90,91,92,93,94,95,96,97,98	8cfacd1968cb78ef89cecdcd7d750aaf3d6222fa75b24d52faca44cf2634b1f4	10680	6277553	fe914123a0d7441b0032166067ed53c84b93aedce80f1025730cf2db6938b192	34d4b991f9875dfb3a936180a05a9fb622d17826db1b1042e2065057ca1ff80e	True
sig_h10680	sig	10680	80	32fe12c168ef80291e487dbf4045f430b9c5d90a	836c8edbfc75b517cefdde6426755f9e3b71021df09b06c6f3b9c262057cd47e	302.53	302.41	0.11	77896	484671	209154	275517	0.4315380949138694	1,2,3,4,5,6,7,8,9,10,11,12,14,15,16,17,19,20,21,22,24,25,26,27,28,30,31,33,34,35,36,37,39,40,41,42,43,44,46,47,48,49,51,52,53,54,56,57,58,59,60,62,64,65,66,67,68,69,70,72,74,75,76,78,80,81,82,83,84,85,86,87,88,89,91,92,94,95,96,98	131446be20c2911c1164e7d2af72947a4e6997108361a06a7ee37092930e7207	10680	6170410	ab83f1a90ecab427ea1b254823b5bcc7d37950d334148a4eb6b3322dbf14aa18	9ecdbfaf735d3b63efc7c47fefe74a78e953e8d81584cb457f07b60f8a75b159	True
sig_h10680	sig	10680	81	32fe12c168ef80291e487dbf4045f430b9c5d90a	836c8edbfc75b517cefdde6426755f9e3b71021df09b06c6f3b9c262057cd47e	299.96	299.83	0.11	77128	445929	173492	272437	0.389057450849799	0,1,3,5,8,9,12,13,15,16,17,18,19,20,22,23,24,25,26,29,30,31,32,33,35,36,37,38,40,42,43,44,45,46,47,48,49,50,51,52,54,55,56,57,58,59,60,61,62,63,64,65,66,68,69,70,72,73,74,75,76,77,78,79,80,81,82,84,86,87,88,90,91,93,94,95,96,97,98,99	b95ee9674295a959f732ba391f36246f515bd2b5886129241e55fce866fd9956	10680	6103022	7d712ddb9f4f9e0e052c6ca0b6db5f1a1bd48093bad32f0a4de0588c38d1218a	42b7ad620cd1ba039d211c9f2521afd0abcd6d45ca26e320447918d0d4408d9b	True
sig_h10680	sig	10680	82	32fe12c168ef80291e487dbf4045f430b9c5d90a	836c8edbfc75b517cefdde6426755f9e3b71021df09b06c6f3b9c262057cd47e	300.07	299.97	0.09	77260	455381	182604	272777	0.4009916970624598	0,1,2,3,4,5,6,7,8,10,11,12,13,14,15,16,17,18,19,20,21,23,24,25,26,27,28,30,31,32,33,34,36,37,40,42,43,44,46,47,48,49,51,52,53,55,57,58,60,61,62,63,64,65,66,67,68,69,70,71,72,73,75,76,77,80,82,83,84,85,87,88,89,90,91,92,93,94,97,98	6013c801b63a97540bd142dc9ca07e678c5a1e496daa97f2beaf4677ce69bf10	10680	6110546	d837b79c51677e8a943d03e95801e4282d918083b64e1ba314728523556494b0	d42a85eb923cc5b175ec7001fd4be5b6cac26b86babc5300bbef3389ef7bc614	True
sig_h10680	sig	10680	83	32fe12c168ef80291e487dbf4045f430b9c5d90a	836c8edbfc75b517cefdde6426755f9e3b71021df09b06c6f3b9c262057cd47e	300.72	300.62	0.09	77504	467612	194489	273123	0.41591960856436533	1,3,4,5,6,7,8,9,10,13,14,15,16,17,18,19,20,21,22,23,24,25,26,27,28,31,32,33,34,36,39,40,41,42,43,45,46,47,48,50,51,52,54,55,56,57,58,59,60,61,62,63,64,65,68,70,71,72,74,75,76,77,78,79,80,81,82,84,85,87,88,89,90,91,92,93,94,96,97,98	af3d69860f33008a287c4f4d8b23e21b8743ea4965200b8b5bc5c509693b4ab8	10680	6117891	58b83410008c054d61f0d7fb0598cac08e72d19183bfc7cd214e51fb08a16c6f	ba41ed361a0edd3e6b868a03835f7603c5057c33b2d8d3427a661e526b1cb97b	True
sig_h10680	sig	10680	84	32fe12c168ef80291e487dbf4045f430b9c5d90a	836c8edbfc75b517cefdde6426755f9e3b71021df09b06c6f3b9c262057cd47e	302.79	302.68	0.1	77888	482548	196056	286492	0.4062932599451246	0,1,2,3,4,5,6,7,8,10,12,14,15,16,17,19,20,22,23,26,27,28,29,30,31,32,34,35,36,37,39,41,42,43,44,45,46,47,48,50,51,52,53,54,56,57,58,59,60,61,63,64,65,67,69,70,71,72,74,75,77,78,79,80,81,83,84,85,86,87,88,89,91,92,93,94,95,96,98,99	46e3ce62e8ad77207c82b430b26e5624bb911871d9cb24213c80573ea4e9ec2b	10680	6410736	f54205e9b1e65a1cdd8aad58b9b6177532107167e0fb4b02254aa15ee474eeae	53df2ebde0bdda5740ea47c63a99e4a6eca1066eb7ab1f216c0b5a6c3eeeb645	True
sig_h10680	sig	10680	85	32fe12c168ef80291e487dbf4045f430b9c5d90a	836c8edbfc75b517cefdde6426755f9e3b71021df09b06c6f3b9c262057cd47e	301.91	301.79	0.1	76616	421790	151310	270480	0.35873301880082503	0,2,3,4,5,7,8,10,11,12,13,15,17,18,19,21,23,24,25,26,27,28,29,31,32,33,34,36,37,38,39,41,42,43,44,45,46,47,48,49,51,52,53,54,55,57,59,60,61,63,64,65,66,67,68,69,70,71,72,73,74,75,76,77,78,79,80,81,85,87,89,90,91,92,93,94,95,96,98,99	de83cb66473aeea1f97278352e1cf09f9725a31ecd3bc921266488dea1f47ba6	10680	6060504	5702a3208fa1c1a945e4ae6aca9afddcea89f11706a1a6de2f777c2c7257ae59	824b902532d85f20661700d914bfbba0109d09eb34c2d44941e3febe8288d10d	True
sig_h10680	sig	10680	86	32fe12c168ef80291e487dbf4045f430b9c5d90a	836c8edbfc75b517cefdde6426755f9e3b71021df09b06c6f3b9c262057cd47e	302.85	302.73	0.1	77256	459787	193257	266530	0.42031853880166253	0,1,2,3,4,5,6,7,8,9,10,12,13,14,15,16,17,18,21,22,23,24,25,26,28,32,33,35,36,37,38,39,40,42,43,44,45,46,48,49,50,51,52,53,54,55,56,58,59,60,61,62,63,64,65,66,67,69,70,71,72,75,76,77,78,79,82,83,85,86,88,89,90,92,93,94,96,97,98,99	61e09e5a2eaf475cb0aa4560b9658848257812c3d99d2a78475edd66e4c307b0	10680	5974022	ffe41b4dd9ede5975b7f78dcaeae3adcd1c2c5d85da5bc28836400a35fa3f4ee	74f03bcf7ccfc5e41a744ca08006e5a2833e06171073dd6913758d0dfe356039	True
sig_h10680	sig	10680	87	32fe12c168ef80291e487dbf4045f430b9c5d90a	836c8edbfc75b517cefdde6426755f9e3b71021df09b06c6f3b9c262057cd47e	303.95	303.88	0.05	77256	438234	166417	271817	0.379744611326369	0,1,2,3,4,5,6,10,11,12,13,15,16,17,18,19,20,22,23,24,25,26,27,28,29,30,31,32,34,37,38,39,41,43,44,45,47,48,49,51,53,54,55,56,57,58,59,60,61,62,63,64,65,66,67,68,69,70,73,74,75,76,79,81,82,83,84,85,86,87,90,91,92,93,94,95,96,97,98,99	076827488d579f38ec3f55438308b66696be6201c3ba1c40f1ebbd3abe7f7fd8	10680	6089852	22a7888191f7d9541946be40c97a80f6926c20fd38533cbf4b3bb0ed50216ccb	bef6f8b66dad28ee4770336dd7cb99e016764383c88d21689705e25511cccdca	True
sig_h10680	sig	10680	88	32fe12c168ef80291e487dbf4045f430b9c5d90a	836c8edbfc75b517cefdde6426755f9e3b71021df09b06c6f3b9c262057cd47e	302.05	301.92	0.11	78152	495093	220123	274970	0.4446093966184131	0,1,2,3,4,5,7,8,9,10,11,12,13,14,15,16,17,19,21,22,23,24,26,27,29,30,31,32,33,34,35,36,37,38,39,44,46,47,48,49,50,51,52,53,55,56,58,59,61,62,63,64,66,67,69,70,71,72,73,74,75,77,78,79,80,81,82,83,84,85,86,87,88,89,90,92,93,95,96,98	1ff272521bf1a88e3576c48754a7bd9e7146223654fa515e671abfce824b5d07	10680	6158750	cddc37f0c9edac113657d82a29c9e8b814ea668a88f4bb4a940d1c0fc992fc41	52bc60f44acbca802b22abdd499ef138a31829a8308ac02f9c262511e2e9c44b	True
sig_h10680	sig	10680	89	32fe12c168ef80291e487dbf4045f430b9c5d90a	836c8edbfc75b517cefdde6426755f9e3b71021df09b06c6f3b9c262057cd47e	300.61	300.48	0.12	77644	472578	196961	275617	0.4167798754914533	1,2,3,5,7,8,9,10,11,12,13,15,16,17,18,19,20,21,22,25,26,27,28,29,30,31,32,33,34,35,36,37,38,39,41,42,44,45,46,47,48,49,50,51,52,53,54,56,57,59,60,61,62,63,65,66,67,68,70,71,72,73,74,75,77,83,85,86,87,88,89,90,91,93,94,95,96,97,98,99	b9a8f115c40173733afe4624dea98695de96c1c5ab5244ce77f5d75a5215a511	10680	6172907	b0dce668e6b4ee68a34ba2044fbd5b20fa7ace9d892c1ff2f074ac9b12228aeb	5bbb735a35cef5fc1a71375b52cd623b6f09394f9be3df77ad14b683f4004b85	True
sig_h10680	sig	10680	90	32fe12c168ef80291e487dbf4045f430b9c5d90a	836c8edbfc75b517cefdde6426755f9e3b71021df09b06c6f3b9c262057cd47e	299.03	298.92	0.09	77384	463641	190665	272976	0.41123412295288814	0,1,2,4,5,7,8,9,10,11,12,13,15,18,19,20,21,22,23,24,25,26,27,28,29,30,31,32,33,34,35,36,38,39,40,41,42,43,44,46,48,50,52,53,54,57,59,61,62,63,64,65,66,67,68,69,71,72,73,74,75,78,79,80,81,83,85,86,87,88,89,90,91,93,94,95,96,97,98,99	1420766758ecd3b0df912bccafde2f7a139a0979a66ca77739711ec7172a9519	10680	6114720	b6aa4dfdba0774003b57e2d62f9c9297bb3f953b2ccde2a622e8aabe0cf60730	6e20c3c37ebf071b73358977819f209e10ce2ad30088999e7e0c87830008a968	True
sig_h10680	sig	10680	91	32fe12c168ef80291e487dbf4045f430b9c5d90a	836c8edbfc75b517cefdde6426755f9e3b71021df09b06c6f3b9c262057cd47e	298.94	298.83	0.09	77640	467890	194848	273042	0.4164397614823997	0,1,2,5,6,7,8,9,10,11,12,13,14,15,17,18,20,21,22,23,24,25,27,28,29,30,33,34,35,37,38,39,40,42,43,44,45,46,48,49,50,52,53,55,57,58,59,60,61,63,64,65,67,69,70,71,72,73,74,78,80,81,82,83,84,85,86,87,88,89,90,91,92,93,94,95,96,97,98,99	e814558bb913daafcbeb124427543dfc06c429ea2854b6b9c1f86302b94ec56d	10680	6116752	157b01d7873832d5afec400bca20e2bf7be10223644da40bfd4f618798b82f8b	a774a1c7cb779e12344913d01999881167acbb82aa7a5e99de9a8d5e7940ab44	True
sig_h10680	sig	10680	92	32fe12c168ef80291e487dbf4045f430b9c5d90a	836c8edbfc75b517cefdde6426755f9e3b71021df09b06c6f3b9c262057cd47e	303.06	302.89	0.14	77888	485995	213257	272738	0.4388049259766047	0,1,2,3,4,5,6,7,8,9,10,11,14,15,17,18,19,20,21,22,23,24,25,26,27,28,29,31,32,33,34,35,36,38,40,41,44,45,46,47,48,49,50,51,52,53,55,56,58,59,61,63,64,65,66,67,68,69,70,71,74,75,76,77,79,81,82,83,84,85,86,88,89,90,91,92,93,94,95,97	912e5681cae5e7102ba9db481c1e696c4f7c29433b47468e08814654bf8698f9	10680	6109758	b01f7ed1adf9a24f3ba6962abbd35a8e48c98142c53b7350f5d2003de5732bd4	f53080d8ec8b10ad0590d5c852f678a76f613648d31d3e86a1dccc65b79c34a6	True
sig_h10680	sig	10680	93	32fe12c168ef80291e487dbf4045f430b9c5d90a	836c8edbfc75b517cefdde6426755f9e3b71021df09b06c6f3b9c262057cd47e	301.16	301.04	0.09	77712	471346	199299	272047	0.4228295137754431	1,2,4,5,7,9,10,11,12,13,14,15,16,17,19,21,22,23,24,26,27,28,29,30,31,33,34,35,36,37,38,40,41,42,45,46,47,49,50,53,54,55,56,57,59,60,61,62,63,64,65,66,67,68,69,70,71,72,73,74,75,76,77,78,79,80,82,84,85,86,87,89,90,91,93,94,95,96,97,99	2c27a7f6af10283d07eb323af14478f81903e271db2d54e722f12eab249b934f	10680	6094872	766395a91ce437267cab170bbb76b4ea827169dd7a7fc9f66cbd293067c725b4	802befc88e229fa8cf41eee1d9c4e3a0e625ed9cc87926c44f15ec93a496b14f	True
sig_h10680	sig	10680	94	32fe12c168ef80291e487dbf4045f430b9c5d90a	836c8edbfc75b517cefdde6426755f9e3b71021df09b06c6f3b9c262057cd47e	300.83	300.7	0.11	77128	440040	170692	269348	0.3879010999000091	0,3,4,5,6,7,8,10,11,12,13,16,17,18,19,20,21,24,26,27,28,29,30,31,32,33,34,35,37,38,39,40,42,43,44,45,46,47,50,51,52,53,54,55,57,58,59,60,61,62,63,64,65,67,68,69,70,71,73,74,75,76,77,79,80,81,83,85,86,87,88,89,90,92,93,94,95,96,97,98	1920b466f720df9dc44b6de42d88103f0e9c0417ef04609b99c9ad28a7a3c2ad	10680	6035834	d5c492b71418c0f93ed7c5b08542707a321357714cacd6b337c0d098ea31ab82	da35d046acc8cd666511f5916055e77614d7f9051ecf516da8d1395c08a7e416	True
sig_h10680	sig	10680	95	32fe12c168ef80291e487dbf4045f430b9c5d90a	836c8edbfc75b517cefdde6426755f9e3b71021df09b06c6f3b9c262057cd47e	296.81	296.69	0.1	77260	457532	190195	267337	0.41569769983301713	0,1,3,4,5,6,7,8,9,10,11,12,13,15,16,17,18,19,20,22,23,24,26,27,28,29,30,31,32,33,34,35,36,37,38,39,40,41,42,43,44,45,46,47,48,49,50,51,54,55,56,60,62,63,65,66,68,69,71,72,73,74,75,76,77,78,79,81,83,85,86,87,89,91,92,94,95,96,97,98	094a7131b8d0e86195a6021dc479efe5cdcac7c3a1efc391e247197274a494ec	10680	5991536	899dfae5713799f6c0bc532cb3b54ac54647ed0365556fc4c0cdbfdc80efa2fc	b4bdc1b7625c8c840293773e84c144ecdc18c3c83825242f41b38b578ededda6	True
sig_h10680	sig	10680	96	32fe12c168ef80291e487dbf4045f430b9c5d90a	836c8edbfc75b517cefdde6426755f9e3b71021df09b06c6f3b9c262057cd47e	286.69	286.61	0.07	77980	487207	213896	273311	0.4390248908574795	0,1,2,3,4,6,8,9,10,11,12,13,14,18,19,21,22,23,25,26,27,29,30,31,32,33,34,35,36,37,38,40,41,42,43,44,45,46,47,48,49,50,51,53,54,56,57,58,59,60,62,64,65,66,67,68,69,70,71,72,73,76,78,80,81,82,83,84,85,86,87,88,89,90,91,93,95,97,98,99	d4e86ec3edce1ab8e5a0af49e012b8a58de3d1d6905c6be172d4a706f6805936	10680	6122315	e5c06e57834cd8981aa6bf02492c5d270bbfbca49511caa9827543f596095b2e	fcf25a06f620194b863dd0a1bfed771981a38559c0a82c518bc5f8d4d07f142b	True
sig_h10680	sig	10680	97	32fe12c168ef80291e487dbf4045f430b9c5d90a	836c8edbfc75b517cefdde6426755f9e3b71021df09b06c6f3b9c262057cd47e	270.81	270.72	0.08	77768	472713	196873	275840	0.41647468971659335	0,1,2,3,4,5,6,8,9,10,11,12,13,14,15,16,17,18,19,22,23,25,26,27,28,29,30,31,32,34,37,38,39,40,41,42,44,45,48,51,52,53,55,56,57,58,59,60,61,62,64,65,66,68,69,70,71,72,73,74,75,76,77,78,79,80,81,82,83,85,87,88,89,91,93,94,95,96,98,99	c49bfed7f4bb6c9bbfaa261e14c6cba48bfb316c444025476bfea79666c0f094	10680	6177507	8f71d287031616b58431b96f98f4ae38be539d44e5a47f6590715b5530e018b1	23ede749f9d7686b70026dafad1da5c72fa5319b485825727a65866aba831696	True
sig_h10680	sig	10680	98	32fe12c168ef80291e487dbf4045f430b9c5d90a	836c8edbfc75b517cefdde6426755f9e3b71021df09b06c6f3b9c262057cd47e	248.15	248.04	0.08	77768	484480	212036	272444	0.43765686922060765	0,2,4,5,6,7,8,9,10,11,13,14,16,17,18,20,21,22,23,25,28,29,30,32,33,35,36,37,38,40,41,42,43,44,45,46,47,49,50,51,52,53,54,55,56,57,58,59,61,63,64,65,66,67,68,69,71,72,73,74,75,76,79,81,82,83,84,85,86,87,88,91,92,93,94,95,96,97,98,99	c0cddf8309246fd05f86b0660dd7cdc50e1d6e8125c6e4b2dd952cc1fb59e5ad	10680	6103507	969eca775ffcecc004e9d9fb5c2d51f0e86159ccfff1f091bc60037129b3dac6	69abae980f18c54fe796680d985f093899b655d4a8d6312ae325a9b1cc457df8	True
sig_h10680	sig	10680	99	32fe12c168ef80291e487dbf4045f430b9c5d90a	836c8edbfc75b517cefdde6426755f9e3b71021df09b06c6f3b9c262057cd47e	226.24	226.15	0.08	77596	475186	202122	273064	0.42535344054749086	0,1,3,4,5,7,8,9,10,11,12,13,14,15,17,18,19,22,23,24,25,26,27,29,30,32,33,34,35,36,38,39,41,42,43,44,45,46,48,49,50,52,54,55,56,57,58,60,61,63,64,65,68,69,70,71,73,74,75,77,78,79,80,81,82,83,84,85,87,88,89,90,92,93,94,95,96,97,98,99	4a657ce072f0a06555dbe3038d331eebd271423e3272199585fd4548ac03b1f4	10680	6116944	08f1f430609f4c85c998d2fef55fdcadcbffb209f04a586e2cf9325df2cb661e	4410c62cb909fbc2dd61b9d2b0e13707ed1e04c97c1cf1edad353b7ea13ac4bd	True
sig_h10680	sig	10680	100	32fe12c168ef80291e487dbf4045f430b9c5d90a	836c8edbfc75b517cefdde6426755f9e3b71021df09b06c6f3b9c262057cd47e	203.37	203.28	0.08	77640	466876	191508	275368	0.4101902860716764	1,3,4,5,6,8,9,11,12,14,15,16,18,19,21,22,23,24,25,26,28,29,30,34,35,36,37,38,39,40,41,42,44,45,46,47,48,49,50,51,52,54,55,56,57,58,59,60,61,62,63,64,65,66,68,69,70,73,74,75,77,78,79,80,81,82,83,85,87,88,89,90,91,93,94,95,96,97,98,99	b180db6c281fbb288779c47b5b9a185f05af8af4d3175083cb0db1c21077333c	10680	6167152	1f2b33528b48eaebda1f01819c01def3f967b2041d6e2140a4ee706ff79f5df4	69a53079149a978197b56c740a3fc9c457e1bbd39330b85cb63884e0d013f4e3	True
tf_h00326	tf	326	1	32fe12c168ef80291e487dbf4045f430b9c5d90a	836c8edbfc75b517cefdde6426755f9e3b71021df09b06c6f3b9c262057cd47e	8.76	8.7	0.05	66728	22226	2080	20146	0.09358409070458022	0,1,2,3,4,5,6,7,8,9,10,11,12,13,15,16,17,19,20,21,22,23,24,25,26,28,31,32,33,34,35,36,37,38,39,40,41,43,44,45,46,48,49,50,52,54,55,57,58,59,61,62,63,64,66,69,70,72,73,74,75,76,77,78,79,80,81,82,83,84,85,88,89,90,91,92,95,96,98,99	42c550fd22235048e18957d92ee6961f28d488749e570865072f55b8d56e5063	326	446747	cf592f02b076485e54b4eb8337bf545d6b928d557c25c26c3702fae9c158e557	7c336159be0f7c41e3e3366d852514be784956bb86e9f0773a9979575619ce0b	
tf_h00326	tf	326	2	32fe12c168ef80291e487dbf4045f430b9c5d90a	836c8edbfc75b517cefdde6426755f9e3b71021df09b06c6f3b9c262057cd47e	9.09	9.0	0.07	66704	22052	2489	19563	0.11286958099038635	0,1,2,3,4,6,7,8,9,10,12,13,14,15,16,18,19,20,21,22,25,27,28,29,30,31,33,34,37,38,40,41,42,44,45,47,48,49,50,51,52,53,54,55,56,58,59,60,61,62,63,64,66,67,69,70,71,73,74,75,76,77,78,80,81,82,84,85,86,87,88,90,91,92,94,95,96,97,98,99	6698737f9825eb173ddb1a599a26867cfbc7ea3685295ecffec0274978d0a225	326	434096	cd29df3d335e630f1c3168637f020182a6127346e7d72e38e2ab1325069bca88	8b0a7a3f901758bc243824d45ccec6f52967a9eb25f6e14e10f32973d2f26ce5	
tf_h00326	tf	326	3	32fe12c168ef80291e487dbf4045f430b9c5d90a	836c8edbfc75b517cefdde6426755f9e3b71021df09b06c6f3b9c262057cd47e	8.83	8.74	0.08	66876	21679	2074	19605	0.0956686194012639	0,2,3,4,5,6,7,8,9,10,11,12,13,14,15,18,19,20,22,23,24,25,27,28,29,30,31,32,34,35,36,37,38,39,40,41,42,43,44,46,48,49,50,52,53,54,55,56,57,58,60,61,62,64,65,67,68,69,70,71,72,73,74,75,78,81,83,85,86,87,88,89,90,91,92,93,94,95,96,99	32dc7b6571ea0327dc4f789ee40daaf7f37ee06da37a16a782e4d512a92d2ace	326	434981	063b753c4408670aa2863f1221ad6324bdadba66fc0f0afcc4edc862891436a9	7890a17ffd3604236cf09adc21620ad9cdf3a5e5b1f309d11f6155d4d9b1b750	
tf_h00326	tf	326	4	32fe12c168ef80291e487dbf4045f430b9c5d90a	836c8edbfc75b517cefdde6426755f9e3b71021df09b06c6f3b9c262057cd47e	11.34	11.3	0.02	66696	22145	2382	19763	0.10756378414992097	0,2,4,5,7,8,9,10,12,13,14,15,16,17,19,20,21,22,23,24,25,27,28,29,30,31,32,33,34,35,36,37,38,40,42,44,47,48,49,50,51,52,53,54,55,57,58,59,60,61,62,63,64,65,66,67,68,69,70,71,72,73,74,75,77,78,79,80,81,84,85,86,89,90,91,92,95,97,98,99	efb4cdd2693be18d0cc63879f8c428c7b5b5b9f559d878783ac5b34d062673b4	326	438544	07cabbffe4c8189c29e66df1399671372829af70df089919a0c17034c5769754	2f6e8cbeb35a7e69b17230d89f1ab0204956656492a04a3fa58f7fd22aa67d64	
tf_h00326	tf	326	5	32fe12c168ef80291e487dbf4045f430b9c5d90a	836c8edbfc75b517cefdde6426755f9e3b71021df09b06c6f3b9c262057cd47e	11.08	11.02	0.07	66876	21477	2278	19199	0.10606695534758113	0,1,2,3,4,5,6,7,8,11,12,13,14,15,16,17,18,19,20,22,23,25,27,28,29,30,31,34,35,36,37,38,39,40,42,45,46,49,50,51,52,53,54,55,58,59,60,61,62,63,64,66,67,68,69,71,72,73,74,75,76,77,78,79,80,81,82,83,84,85,86,87,89,91,92,94,96,97,98,99	3ba77b10268001a79da9f946e4bcda978faeaf1abc0306d44495d0e49ca97d5d	326	426083	3fb0c8fe36d1b307321faa5f9b857a9e0d94abb89f9df1f26103d9117304a42c	b6dba9e14db607380b928152d66c43d2e9594fe5485a8efb9501d94677a839d1	
tf_h00326	tf	326	6	32fe12c168ef80291e487dbf4045f430b9c5d90a	836c8edbfc75b517cefdde6426755f9e3b71021df09b06c6f3b9c262057cd47e	10.79	10.75	0.03	66748	22163	2442	19721	0.11018363939899833	0,1,2,3,4,5,9,10,11,12,14,15,16,17,18,19,20,21,22,25,26,28,29,30,31,32,33,34,36,37,38,41,42,44,45,46,47,48,49,50,51,52,53,54,56,58,59,60,61,62,63,64,65,66,70,71,73,74,75,76,77,78,79,80,81,83,84,85,86,87,89,90,91,92,93,95,96,97,98,99	afe6035a333b48945a149fc3c7db2c57aa81c9149c6675551f72afc13586ca2b	326	437554	4ee5a547e04aaab6b684fa524dd7096967d4dcacef030647cb2f098200967551	c9a7d67e8e402427a83145f7ca96628b7cdca90b113e4d3be629131a686416c3	
tf_h00326	tf	326	7	32fe12c168ef80291e487dbf4045f430b9c5d90a	836c8edbfc75b517cefdde6426755f9e3b71021df09b06c6f3b9c262057cd47e	10.85	10.79	0.05	66748	23817	2803	21014	0.11768904563966914	0,1,2,3,4,5,6,8,9,10,12,14,15,16,17,23,24,25,26,27,28,29,31,32,33,34,35,36,37,38,39,40,41,42,43,45,46,48,50,51,52,53,54,56,57,58,59,60,61,62,63,64,65,66,67,68,70,71,73,75,76,78,79,80,81,83,84,85,86,87,89,90,91,92,93,95,96,97,98,99	6d485410d62c77b60e212f512bdda63033395906bd325fd82545aa3ea929bb06	326	465793	1f35340a473c46653268835114c14cf995091aec8f8f7a4f0ddfc984c440f6c4	563e040a58d5502a2afa1abdaa05ed4ac76e2e510858db44b2d18c06dcd087b9	
tf_h00326	tf	326	8	32fe12c168ef80291e487dbf4045f430b9c5d90a	836c8edbfc75b517cefdde6426755f9e3b71021df09b06c6f3b9c262057cd47e	10.67	10.61	0.05	66748	24088	2809	21279	0.11661408170043175	0,1,2,3,4,5,8,10,11,13,14,15,16,18,19,20,22,23,25,26,27,28,29,31,32,33,34,35,37,39,40,41,42,43,44,46,48,49,50,51,52,53,54,55,56,57,58,59,60,61,62,64,68,70,71,72,73,74,76,77,78,79,80,81,82,83,84,85,86,87,88,89,91,93,94,95,96,97,98,99	6ecc84838e1f67a26b0ab3576772e218c47693f15ace26cc2f7936831bd4ef14	326	471590	c262e17579498f89345c7300e68cfdee6d3fabb1b60265ff68fd9fe1b8a78616	9521ac56703ec3e3ba84ecbb00c01cdfdb030c18372856011377f107b9004b0c	
tf_h00326	tf	326	9	32fe12c168ef80291e487dbf4045f430b9c5d90a	836c8edbfc75b517cefdde6426755f9e3b71021df09b06c6f3b9c262057cd47e	10.75	10.69	0.05	66748	23840	2683	21157	0.11254194630872483	0,1,2,3,4,5,6,7,8,9,10,12,13,14,15,16,17,18,19,20,21,22,24,26,28,29,30,33,34,35,36,37,38,40,42,43,44,45,47,48,50,51,52,53,54,56,58,59,60,61,62,63,65,66,67,70,71,72,73,74,75,76,77,78,79,81,82,83,84,85,86,87,88,89,90,93,96,97,98,99	5daffe8b162c6754c3bebcca5689f38a74f59e8a9524ef10e09d1beff866665d	326	468943	0ec4de6bba9c1581aa156323186274ae37f3ac559318dc75e548026b8080d659	1882928f7e6c5123f37820655e14fc54e58e6e36c373e149fa971add28b5c4c0	
tf_h00326	tf	326	10	32fe12c168ef80291e487dbf4045f430b9c5d90a	836c8edbfc75b517cefdde6426755f9e3b71021df09b06c6f3b9c262057cd47e	10.61	10.56	0.04	66696	22946	2953	19993	0.12869345419680991	1,2,3,4,5,6,7,8,9,10,11,12,13,14,15,16,17,18,19,20,23,24,25,26,27,28,29,30,31,32,33,34,35,37,39,40,41,42,43,44,45,47,48,50,51,52,54,55,56,59,60,61,64,66,67,68,71,72,73,74,75,76,77,82,83,84,86,87,88,89,90,91,92,93,94,95,96,97,98,99	e60c7095b65234207b890114977da6fde48a3c1e57cba4cb3d6615246cb7d6d8	326	443476	f09f6b1140bcce35857cb93a762f0448f585ce08b0c3310f7453b83345f36b4e	238590417be9753fcf8aafd787201555fdf1c75f551f14fd835ca709ad1b8ec5	
tf_h00326	tf	326	11	32fe12c168ef80291e487dbf4045f430b9c5d90a	836c8edbfc75b517cefdde6426755f9e3b71021df09b06c6f3b9c262057cd47e	10.62	10.54	0.06	66620	22760	2790	19970	0.1225834797891037	0,1,3,4,5,6,7,8,9,10,11,12,13,14,15,16,17,18,19,20,21,23,24,26,27,28,29,30,31,32,33,34,35,37,38,39,40,41,42,43,44,45,47,48,49,50,53,54,55,57,59,60,61,62,65,66,68,70,72,73,74,75,76,77,78,79,80,83,85,86,87,88,89,91,92,93,95,97,98,99	c793646c80aa48a44d4efa442141ca9170a8f695fb68379bb826038c3a0e11f7	326	442878	836ea307249e26d32933bc633f93cb3d382de7f057fba69206524a7474efb83f	9c20dc0c31ece5cb878894e6daff9d31e4c543eef1a0eea06b565c4ea70c4a0f	
tf_h00326	tf	326	12	32fe12c168ef80291e487dbf4045f430b9c5d90a	836c8edbfc75b517cefdde6426755f9e3b71021df09b06c6f3b9c262057cd47e	10.85	10.78	0.06	66752	23488	2612	20876	0.11120572207084468	0,2,3,4,5,6,7,8,9,10,11,12,13,14,15,16,17,18,20,23,24,25,26,27,29,30,31,32,34,35,36,37,38,39,41,43,45,47,49,50,51,52,53,54,56,57,58,59,60,61,62,63,64,65,66,68,69,70,71,73,74,76,78,79,80,81,82,83,84,85,86,87,88,89,90,91,92,94,96,98	35cab32502ba7ffc50389b6be48f807559d6771f397584fbb601b36848a7ebdb	326	462895	fafe13bd05e484e0ecaf88fb923588db21f3d56ab2868c1f5d465f9e480dc69e	4c55506027f91e9cab2b2ec9ff24d39918981f9bd80e6407b5afd7c59162287b	
tf_h00326	tf	326	13	32fe12c168ef80291e487dbf4045f430b9c5d90a	836c8edbfc75b517cefdde6426755f9e3b71021df09b06c6f3b9c262057cd47e	10.8	10.74	0.05	66752	20832	2134	18698	0.10243855606758832	0,1,2,4,6,7,8,9,10,12,15,17,18,20,21,22,23,24,25,26,27,28,29,30,31,32,33,34,35,36,37,38,39,40,42,44,45,47,48,49,50,51,52,53,55,56,57,58,59,60,61,62,63,64,66,67,69,70,71,72,74,76,77,78,79,80,81,82,85,86,87,88,89,90,92,93,94,95,96,97	bb24e777729713b72738cadeab724242ec7be73672afba8a63bf3125a6b36a2f	326	415126	0901e34992132ef670a06f84ba70746c37c687c90f6e626af775e7160439026d	ff6bfd54cdd8a22392250801c472721302bb7b5df6cb4ea48153b0fb086d5801	
tf_h00326	tf	326	14	32fe12c168ef80291e487dbf4045f430b9c5d90a	836c8edbfc75b517cefdde6426755f9e3b71021df09b06c6f3b9c262057cd47e	10.65	10.59	0.05	66748	21311	2194	19117	0.10295152738022617	0,1,2,3,4,6,9,10,11,12,13,14,17,18,19,20,21,22,24,25,27,29,31,32,35,37,38,39,40,41,43,44,45,46,47,48,50,51,52,53,54,55,57,58,59,60,61,62,63,64,66,67,69,70,71,72,74,75,76,77,78,79,80,81,82,83,85,86,87,88,89,90,91,92,93,94,95,96,97,98	97486352ddb17005ce172ba91843dbb265dffff895ab501f79ff4aeea2084acf	326	424195	360143ef2e48760ceb7c8706575aa8539893f3f6e9051eb5d62b748c885fa6f1	9f55a3d48565d6eada3bbe4ec2a2a48a34e749be62570ed7741f1c9bf68c7dbe	
tf_h00326	tf	326	15	32fe12c168ef80291e487dbf4045f430b9c5d90a	836c8edbfc75b517cefdde6426755f9e3b71021df09b06c6f3b9c262057cd47e	10.73	10.66	0.05	66748	23255	2298	20957	0.09881745861105139	1,2,3,4,5,6,7,8,9,10,12,13,14,15,16,17,18,19,20,21,22,23,24,27,28,30,31,32,33,34,35,38,39,41,42,44,45,46,48,50,51,52,53,54,57,58,59,60,61,62,63,65,66,67,68,70,71,72,73,74,75,76,77,78,79,81,82,83,84,85,86,88,89,90,92,93,94,96,97,98	766a3d4eac15abf4c93997f7584f19a41493df64244cbc01730fc0b613fcdc90	326	464551	4f8bff6bcde76dac33f7c95c1637b0ecd17facdffca7a8e910768acfc748043f	81e94b1d6f4498b705dbc1733012d603f88d49f114ef4fdd3b4294153b45941d	
tf_h00326	tf	326	16	32fe12c168ef80291e487dbf4045f430b9c5d90a	836c8edbfc75b517cefdde6426755f9e3b71021df09b06c6f3b9c262057cd47e	10.66	10.59	0.04	66664	22710	2459	20251	0.10827829150154117	0,1,2,3,5,6,7,9,10,11,12,13,14,15,16,17,18,19,20,21,22,23,24,25,26,28,29,32,33,34,35,36,37,38,40,43,44,46,48,50,51,52,53,54,55,56,57,59,60,62,63,65,66,67,69,71,72,73,75,76,77,78,79,80,81,83,84,85,86,87,88,89,90,91,93,94,96,97,98,99	f908595812f6ecb64b3d170a1abee3c290008463b8dc6bd83842310d2e4ff197	326	449132	4c17a05be3f83b1b37af01d40c6c9091ef5433af8f2708a602870d4869e20118	a89667f8bcfc121f0bc1a5720090722d8f5cc0149afd435ec162a0db8c90b467	
tf_h00326	tf	326	17	32fe12c168ef80291e487dbf4045f430b9c5d90a	836c8edbfc75b517cefdde6426755f9e3b71021df09b06c6f3b9c262057cd47e	10.73	10.67	0.05	66748	22584	2863	19721	0.12677116542685088	0,1,2,4,5,6,7,8,9,10,12,13,14,15,16,18,19,20,21,22,23,24,26,27,28,29,30,31,32,33,34,35,36,37,38,39,40,41,42,43,44,45,46,47,48,49,50,51,52,53,54,55,56,57,59,60,63,65,68,70,72,73,74,75,76,77,78,79,80,82,83,85,86,87,88,90,92,94,95,97	81e6e1907e78d3bcf26a8a1801dfa1c4cf02aa8a065ad4c63226b72dfc487175	326	437531	0f22fae7f2d4976737582718dda52dadbdbbca4b612b3deedb577bef792ecacc	780bbd6d720807f732ee04d7e12e116230e317c750756e238f4fae838b7e1ca3	
tf_h00326	tf	326	18	32fe12c168ef80291e487dbf4045f430b9c5d90a	836c8edbfc75b517cefdde6426755f9e3b71021df09b06c6f3b9c262057cd47e	10.58	10.52	0.04	66748	21629	2155	19474	0.09963474964168477	0,1,2,4,5,6,7,10,11,12,13,14,15,16,17,18,19,20,21,22,24,25,27,28,29,30,31,33,34,35,37,38,41,42,43,44,45,46,47,48,49,50,51,52,53,54,55,58,60,61,62,63,64,65,66,67,68,69,70,71,72,73,75,76,77,79,83,84,85,86,87,88,89,90,91,92,93,94,97,99	a94c76ea34dc24fa4824714a0acdb979bee75e3b85256e44a60cbfa71af2e328	326	432044	c316a3198259c8865c4483d01adb187afbc1452b485da84999d1a80aaffb266b	96c912eb1bacc09ed15e9eb30824677c602b7366514a29e65e33b6a514e8b00b	
tf_h00326	tf	326	19	32fe12c168ef80291e487dbf4045f430b9c5d90a	836c8edbfc75b517cefdde6426755f9e3b71021df09b06c6f3b9c262057cd47e	10.96	10.9	0.05	66748	22032	2077	19955	0.09427196804647785	1,2,3,5,6,7,8,9,10,11,12,13,15,16,17,18,19,20,21,22,23,24,25,26,28,29,30,31,33,34,35,36,37,39,41,42,45,48,49,50,51,52,53,54,55,57,58,59,60,61,62,63,65,66,67,68,70,72,74,75,76,78,79,80,82,83,84,85,87,88,89,90,91,92,93,94,95,96,98,99	a6e1e411bab722637325f7d6ef0ddbe703cd8d9de5cc1be1ae54038cd6e7be30	326	442578	cd7c33b3ba79144728676f434a2b902b0ecf0c54bbe872bd35b8701a272e271c	419531f67762b0c0fbca31ad011e0c0c80ef45e50d9d3a1da0bb8b644aa1154c	
tf_h00326	tf	326	20	32fe12c168ef80291e487dbf4045f430b9c5d90a	836c8edbfc75b517cefdde6426755f9e3b71021df09b06c6f3b9c262057cd47e	10.82	10.76	0.06	66748	22773	2140	20633	0.09397093048785843	0,1,3,5,6,7,8,10,12,13,15,16,17,18,19,20,21,22,24,25,26,27,30,31,33,34,35,36,37,38,39,41,42,43,45,46,47,48,49,50,51,52,53,54,55,57,61,62,63,64,65,66,67,68,69,70,72,73,74,75,77,79,81,82,83,84,85,86,87,88,89,90,91,92,93,94,95,96,97,99	44ff8a2665404a07f6c33d3a215c6a71479b7ad7b27d23f788e0749b82ad73eb	326	457429	39e536ea916845fd76dec14810298ae6488c279af4d159eb3fea27df564d980e	e297d6ee7cbe232b66dcdfaee29d5c549d996d40237c0f9ca8d6a23fff8e9541	
tf_h00326	tf	326	21	32fe12c168ef80291e487dbf4045f430b9c5d90a	836c8edbfc75b517cefdde6426755f9e3b71021df09b06c6f3b9c262057cd47e	10.76	10.68	0.07	66748	22794	2337	20457	0.10252698078441695	0,5,6,7,8,9,10,11,12,13,14,15,16,17,18,20,21,23,24,25,26,27,28,30,31,32,36,38,39,41,42,43,44,45,46,47,48,49,50,51,52,53,56,57,58,59,60,61,62,63,64,65,66,67,68,69,71,72,73,74,75,76,77,79,80,81,82,83,84,86,87,88,89,90,91,93,94,96,97,98	cbb6948bc3a83c13e568f186e71d9c540a6f111be8afd4a416201a7d0dd44500	326	453613	60456a9b5d3a877e49d0632263f3c04e6d37d21ab150860e479c6cbaa2d2ebe5	13d2200b7b0da2da9e17a0cf181f7fa5c45bea412dcd2ed94fe70d2891f172a6	
tf_h00326	tf	326	22	32fe12c168ef80291e487dbf4045f430b9c5d90a	836c8edbfc75b517cefdde6426755f9e3b71021df09b06c6f3b9c262057cd47e	10.88	10.78	0.07	66748	22199	2623	19576	0.11815847560700933	0,1,2,3,4,5,6,7,8,9,10,11,12,13,14,15,17,19,20,21,22,23,24,25,26,27,29,30,31,32,35,36,38,39,40,41,42,43,44,46,47,49,50,51,52,53,54,55,56,57,58,59,60,61,62,63,64,65,67,69,71,73,75,79,82,83,84,85,86,87,89,90,91,92,93,94,95,96,97,99	27cd10be51bbfcf77948e614fd4bb73f7995aa65df5b9042cd9c4f33c0968fe2	326	434371	7ae9e811ee3b58d2be8d60d67140493c18df9f1f856939e040621dbc73c728c4	13b445fdd5612127d39d20575f8aa48023abf147e8eb5645b95c039cd604e45c	
tf_h00326	tf	326	23	32fe12c168ef80291e487dbf4045f430b9c5d90a	836c8edbfc75b517cefdde6426755f9e3b71021df09b06c6f3b9c262057cd47e	10.98	10.93	0.04	66748	22066	2580	19486	0.11692196138856159	0,1,3,4,5,7,8,9,10,11,12,13,14,18,19,20,22,27,28,29,30,31,32,33,34,35,36,37,38,40,41,42,43,45,46,47,48,49,50,51,53,55,56,57,58,59,60,61,63,64,65,66,67,68,70,71,72,73,75,76,77,78,79,80,81,82,84,85,86,87,88,90,91,92,94,95,96,97,98,99	3f6d286579cf518f22e3cf57b82acbb4ffefab46c951c874ae3b19a13f2464a1	326	432305	b6e9b5c91f02d95f1203b5201ce0962d0b40c52d4f99a25bcff26c5cbade94fe	612c95dc48d1000294c46012d31173f0d37ddb566c267a7667265cecaf20b40c	
tf_h00326	tf	326	24	32fe12c168ef80291e487dbf4045f430b9c5d90a	836c8edbfc75b517cefdde6426755f9e3b71021df09b06c6f3b9c262057cd47e	10.44	10.37	0.05	66752	21954	2653	19301	0.12084358203516443	0,2,3,4,5,6,7,8,9,10,12,13,14,15,16,17,18,19,20,21,23,25,26,27,28,29,30,31,32,33,34,36,38,39,40,41,42,43,44,45,46,47,49,50,51,52,53,54,55,58,60,61,63,64,67,68,69,70,71,72,74,75,76,77,78,81,82,83,85,86,88,89,90,91,92,94,95,97,98,99	1e70f3b3fd2daa394afe25f56054a58e23b95af23c31b42cd9861c0fdfa7bc25	326	428257	fccbd758a12aa8645fc46482d2f87cd7a3564afb04ac544f1416848390f21e7b	4cedd6a8f288a9a98bb1fd7bfb6a553257f3f39653e295dc6ce2e425c0dcbdfe	
tf_h00326	tf	326	25	32fe12c168ef80291e487dbf4045f430b9c5d90a	836c8edbfc75b517cefdde6426755f9e3b71021df09b06c6f3b9c262057cd47e	10.7	10.59	0.1	66668	22340	2820	19520	0.12623097582811102	1,3,4,5,6,7,8,9,11,12,13,14,15,16,17,18,19,20,21,22,24,26,27,31,32,33,34,36,37,39,40,41,42,43,44,46,47,48,49,50,51,52,54,55,56,57,59,60,61,63,64,66,69,70,71,72,73,74,75,76,77,78,79,80,81,82,83,84,86,87,88,90,91,92,93,94,95,96,97,99	ccb9f4f72f8d2a1f70308bd4d927ebad2d9c51959010984e0a39b6d12d77a9d4	326	433159	e359ea01e63738b7be50327e74760d3517f515bf44a0d91f059dfbae815bcd75	67b77d8c3fae578a943f12b2e8d52c5262525728dcaa2e54df8a059a55c09735	
tf_h00326	tf	326	26	32fe12c168ef80291e487dbf4045f430b9c5d90a	836c8edbfc75b517cefdde6426755f9e3b71021df09b06c6f3b9c262057cd47e	10.76	10.72	0.03	66688	22123	2596	19527	0.11734394069520408	0,2,3,4,5,6,7,8,9,10,11,13,14,17,18,19,21,22,24,25,26,29,30,31,32,33,34,35,36,37,38,39,40,41,43,45,46,47,49,50,51,52,53,54,56,57,58,59,60,61,62,63,64,65,66,67,68,70,71,72,73,75,76,77,78,80,81,82,83,84,86,87,88,89,90,93,94,95,97,99	7062dbd99082c671ad8f426b257016d87e2d18fda8bd7c3b7390865d20a5ec82	326	433299	f381752fd4f08e26d34ffb508e543a0acae817b862e6a42b11533e32fb3c5867	b3086890ba81ce5b998bab0127514c30ccd53bda10442a20e44fe8878dd1c345	
tf_h00326	tf	326	27	32fe12c168ef80291e487dbf4045f430b9c5d90a	836c8edbfc75b517cefdde6426755f9e3b71021df09b06c6f3b9c262057cd47e	10.42	10.35	0.05	66748	21195	2161	19034	0.10195800896437839	1,2,3,4,5,6,7,8,9,10,11,12,13,14,16,18,19,20,21,22,23,24,25,27,28,29,31,33,34,36,38,39,41,42,43,44,45,46,47,48,49,50,51,52,53,54,55,56,57,59,60,62,63,64,65,66,67,69,71,72,73,74,75,77,78,79,80,81,82,83,85,89,90,91,92,93,94,97,98,99	bf58d1c34fa6763c01383368981f4c5273e8ed20d856f765b744edd49c6c9823	326	422454	4f79dc59bea762000b4b95818c4aae62696c51697cc6240af5b3e010cc6e4ac3	ae2a16f13469198deb79f07f935937e74d047e28929bfef23d96aaeaed63d46b	
tf_h00326	tf	326	28	32fe12c168ef80291e487dbf4045f430b9c5d90a	836c8edbfc75b517cefdde6426755f9e3b71021df09b06c6f3b9c262057cd47e	10.6	10.54	0.05	66876	23232	2826	20406	0.12164256198347108	0,1,2,3,4,5,6,7,8,9,11,12,13,15,16,17,19,20,21,22,23,24,27,29,30,31,32,33,34,35,36,37,38,39,40,42,43,45,48,50,51,52,53,54,56,57,58,60,62,64,65,66,67,69,70,71,72,73,74,75,76,77,78,79,80,82,83,84,85,86,87,88,89,92,93,94,95,96,97,98	1321d0a8ff6dcef68513ef4418c3f835feb7ea21792ae8016fe543f8598bcd01	326	452423	8528920649bc481e9282544f2cf7ceb5396385738720c9fef0dfa63a4403e12d	191beeb837647769e3eae7aa8c422d56a92c8324aa24b61b59d9a4042ab4494e	
tf_h00326	tf	326	29	32fe12c168ef80291e487dbf4045f430b9c5d90a	836c8edbfc75b517cefdde6426755f9e3b71021df09b06c6f3b9c262057cd47e	10.58	10.49	0.06	66748	22574	2536	20038	0.11234163196597856	1,2,3,5,6,9,10,11,12,13,14,15,16,18,19,24,25,27,28,29,30,31,33,35,36,37,39,40,41,42,43,45,46,47,48,49,50,51,52,53,54,55,56,57,58,59,60,61,62,63,64,65,67,68,69,70,71,72,73,74,76,79,80,81,82,83,84,85,86,88,89,90,91,93,94,95,96,97,98,99	365b7ebb8c8e792e78a2cc0bf9367a4d254d443d7a0dfe52cd994322173717ff	326	444416	501a4019de898051225ec4c97af18f86b44a8ca2dbb11400256286ffc3ab856b	39cad737535e266280ced4f842016932382b306710e184bfa88d21136fa896d0	
tf_h00326	tf	326	30	32fe12c168ef80291e487dbf4045f430b9c5d90a	836c8edbfc75b517cefdde6426755f9e3b71021df09b06c6f3b9c262057cd47e	10.71	10.63	0.07	66688	23519	2708	20811	0.11514094987031762	0,1,2,3,5,6,8,9,10,12,14,16,18,19,20,21,23,24,26,27,28,29,32,33,34,35,37,38,39,40,42,43,44,45,46,47,48,49,51,52,53,54,55,57,58,59,60,62,63,64,65,66,67,68,69,71,72,73,75,76,77,78,80,81,82,83,84,85,86,87,88,89,90,91,92,93,95,96,97,99	7528204281f48ddacfef9c2bffd78bc716c6a78c563832d622c08855fefc0517	326	461296	4a2ab6a1246c52604f7e4baf10496136f3e62f256fa48cbe16acc8793d7aa92a	72bb0f98f8be74233ae1906a102059622f8d5aa13eb2d6d5107d39dd546b8563	
tf_h00326	tf	326	31	32fe12c168ef80291e487dbf4045f430b9c5d90a	836c8edbfc75b517cefdde6426755f9e3b71021df09b06c6f3b9c262057cd47e	10.7	10.64	0.04	66748	22768	2563	20205	0.11257027406886859	0,1,2,5,6,7,8,9,10,11,12,13,14,15,16,17,18,19,20,22,23,24,25,26,28,30,31,32,33,34,35,36,38,42,44,46,47,48,50,51,52,53,54,55,56,57,59,60,61,62,64,65,66,67,69,70,71,72,74,75,76,77,78,79,80,81,82,84,85,86,87,88,89,91,92,93,94,96,97,99	2de3cdb8efa70bd6fba2f56ca0a7c8d699fad9926fa4e080ce833cc8759c82a4	326	448104	5f5fbdd0106be0ee6cc41e4253458dc34ea6adcfbe4f647f021aeedee827b6b1	fc38999d9c64a2613add93fe8edc35bfba864daae8ab4ead5ce0358795eea428	
tf_h00326	tf	326	32	32fe12c168ef80291e487dbf4045f430b9c5d90a	836c8edbfc75b517cefdde6426755f9e3b71021df09b06c6f3b9c262057cd47e	10.91	10.87	0.04	66748	22183	2550	19633	0.11495289185412252	0,1,2,3,6,7,8,9,11,12,13,14,15,16,18,19,21,22,23,24,25,26,27,28,29,30,32,33,34,35,37,39,40,41,45,47,48,49,50,52,53,54,55,56,57,58,60,61,62,63,64,65,66,67,68,69,70,71,72,73,75,76,77,79,80,81,82,83,84,85,86,89,90,91,93,94,95,96,97,99	4626d44ff12b612622e6d9d15496dadbb5a7c592bfde1e0877494c67ee9a856d	326	435630	04ef073949f7eae3b6fd386dbebd82fc7373371d713820e18caf49b65e354f85	ba2256605f954d866894d1421e6e9a149e0c58693c38c66a2d1db8c0ef2e2050	
tf_h00326	tf	326	33	32fe12c168ef80291e487dbf4045f430b9c5d90a	836c8edbfc75b517cefdde6426755f9e3b71021df09b06c6f3b9c262057cd47e	10.84	10.77	0.06	66620	21597	1973	19624	0.09135528082604065	0,1,2,3,4,5,6,8,9,10,11,12,13,14,15,19,20,21,22,23,24,25,27,28,29,30,33,35,36,37,38,39,40,43,44,45,46,47,48,49,50,51,52,53,54,55,56,58,59,60,61,62,63,65,68,69,70,71,73,74,75,76,77,79,80,81,82,83,84,87,89,90,91,93,94,95,96,97,98,99	a84e08eef558faa73254826c18af98fd902c66fc5f3b9e7437eee0de773c366b	326	435444	08d6506df89387f1d3dd8f6bd4feba191d983a8229b9257b4427f5e802301738	7c09f2c547ae13b4134723aa5b5cd081b230dba83a0ca9de71afc2136e99e906	
tf_h00326	tf	326	34	32fe12c168ef80291e487dbf4045f430b9c5d90a	836c8edbfc75b517cefdde6426755f9e3b71021df09b06c6f3b9c262057cd47e	10.84	10.74	0.08	66748	22638	2346	20292	0.10363106281473629	0,3,5,6,7,8,9,10,11,12,13,14,16,17,18,19,20,21,22,23,25,26,27,28,29,30,31,32,34,35,36,37,39,40,41,42,44,45,46,47,49,50,51,53,54,55,56,57,58,60,62,63,64,65,66,67,68,69,71,72,73,74,75,77,80,81,82,83,84,85,86,88,90,91,92,93,94,96,97,98	d97d4b03bc9746f92196888f204edb02b7bfe38a4624c7fec5f234b7e46fb6f5	326	450016	65cd15376f70dca29b344bc9d34ff5ec0c83eb30663ed716c036bdd0311ea534	8bfef8722c620b75b46a3c3569fd1bf1bfa05834c734c8b1bd1b57482da22b1b	
tf_h00326	tf	326	35	32fe12c168ef80291e487dbf4045f430b9c5d90a	836c8edbfc75b517cefdde6426755f9e3b71021df09b06c6f3b9c262057cd47e	10.74	10.67	0.05	66748	21130	2095	19035	0.0991481306199716	0,1,2,3,4,5,6,7,8,9,10,11,12,13,15,17,18,19,20,21,22,24,26,27,28,29,30,31,32,33,34,35,36,38,41,45,46,48,49,50,51,52,53,54,55,56,60,61,62,64,65,66,67,69,70,72,74,75,76,77,78,79,80,81,82,83,84,85,86,87,88,89,90,92,93,94,95,97,98,99	642f15ecdbf2cfcd0782b3be438938ea8335b55dba751be65246cb5e7f5d6122	326	422510	558975123620e57224a3d693297e417660d447053a0283678238a2ff32eeabe9	b0bdebad34c83e9c0d2043950290c400b0941b191bda6243e6be888bdee0b6a8	
tf_h00326	tf	326	36	32fe12c168ef80291e487dbf4045f430b9c5d90a	836c8edbfc75b517cefdde6426755f9e3b71021df09b06c6f3b9c262057cd47e	10.58	10.51	0.06	66748	23248	2344	20904	0.10082587749483826	0,1,2,3,4,5,6,8,9,11,12,13,14,15,17,19,20,21,23,24,25,27,28,30,31,33,34,35,37,38,39,40,41,42,43,44,45,46,47,48,50,51,52,53,54,55,56,57,59,61,62,63,64,65,66,67,68,69,70,71,73,75,76,77,78,79,80,81,83,84,87,88,90,91,92,93,94,96,97,99	13acca205c24f21db539a271fd9ade97c85ea050de28f9920f1bfbfbe67000dd	326	463368	841683ecd004d65db5b2d6a415e452fe4e374845c6634a3bc43d9de6e8f58729	22c1e3922d1c93182869dcaa19e8ad64f9fd52f6cb0f35e82a92a28b4c488b25	
tf_h00326	tf	326	37	32fe12c168ef80291e487dbf4045f430b9c5d90a	836c8edbfc75b517cefdde6426755f9e3b71021df09b06c6f3b9c262057cd47e	10.68	10.63	0.04	66752	22102	2559	19543	0.11578137725092752	1,2,3,4,5,7,8,9,10,11,12,14,15,16,17,18,20,21,22,23,24,25,26,28,30,31,32,33,34,36,37,38,39,40,41,42,44,45,46,47,52,53,54,55,57,58,59,60,61,63,64,66,67,68,69,70,72,73,74,75,76,77,78,79,80,81,82,83,84,86,87,89,90,92,93,94,95,96,97,98	4dda003a8bf3b54e8a840755abff1505779629e31a6f0ee428185c95e426761e	326	433603	7aabf72036ca3d3a4a658a236bef654476a1ba9da0269be6cc5ea7c88fc3c2df	0696723a865f730c18481dbff3e7a2d99d24fb2e036d8f28879c48ec5e7c6208	
tf_h00326	tf	326	38	32fe12c168ef80291e487dbf4045f430b9c5d90a	836c8edbfc75b517cefdde6426755f9e3b71021df09b06c6f3b9c262057cd47e	10.56	10.5	0.05	66748	24135	2517	21618	0.10428837787445619	0,1,2,3,4,6,8,9,10,11,12,14,17,19,20,21,22,23,24,25,26,27,29,30,33,34,35,37,38,39,40,42,43,44,45,46,47,48,49,50,51,52,53,54,55,56,57,58,59,60,62,63,64,65,66,67,68,69,70,72,73,75,76,77,78,79,80,81,82,83,84,85,86,88,89,90,91,93,94,98	fecd2a43a0627359061e47ebfd09a52fe71babb59988685288e457503daac002	326	479023	228dc1517f260fa1688f596632e809f20c521c693a13ebe2a3fe3534fed148f9	8e1dccaafce6f906b697c22411c9867316c4e83a9566082c98521530eaad840d	
tf_h00326	tf	326	39	32fe12c168ef80291e487dbf4045f430b9c5d90a	836c8edbfc75b517cefdde6426755f9e3b71021df09b06c6f3b9c262057cd47e	10.6	10.51	0.09	66748	23741	2196	21545	0.09249820984794238	0,1,2,3,6,8,10,11,12,13,15,17,18,19,20,21,23,24,26,28,29,30,31,32,33,34,35,37,38,39,40,41,42,43,44,45,47,48,49,50,51,52,53,54,56,57,58,59,60,61,63,64,65,66,67,68,69,70,71,73,75,76,79,80,81,82,83,84,85,86,87,88,89,90,93,94,95,96,98,99	273d9b127fba051d7c8ff23ed3d7e5bd952bee020fe51d1aa8a6f825896578fb	326	477326	b732339c7ff599969f31c0d4db0e39360e7c621c044b735d937ba5e13084f118	9fad86ea63fa27c6e510755b26218467cfa89f27753a50e9550690d9559aa9f3	
tf_h00326	tf	326	40	32fe12c168ef80291e487dbf4045f430b9c5d90a	836c8edbfc75b517cefdde6426755f9e3b71021df09b06c6f3b9c262057cd47e	10.55	10.47	0.07	66748	22878	2620	20258	0.11452050004371012	1,2,3,4,5,6,7,8,9,10,11,12,13,14,15,16,17,18,19,20,22,23,25,27,28,29,30,31,33,34,35,36,37,38,39,40,41,42,43,45,47,48,49,50,52,53,54,55,57,59,61,62,64,65,67,68,69,70,71,72,74,77,78,79,80,83,85,86,87,88,89,90,91,92,94,95,96,97,98,99	96729f38b4d75f011d349328d3bf78d8df97dfc8d2f633a91f05c360e2945f71	326	449232	cbcca0c1d79a8cc118f21d1c14e548273197d4342ae5188b0b965193deda9f6d	48db1adabf66f2584b8f6191de77419a30a3185b11ea7c95d81a89a58f747d14	
tf_h00326	tf	326	41	32fe12c168ef80291e487dbf4045f430b9c5d90a	836c8edbfc75b517cefdde6426755f9e3b71021df09b06c6f3b9c262057cd47e	10.68	10.63	0.05	66748	22466	2322	20144	0.1033561826760438	0,1,2,4,5,6,7,8,9,10,11,13,14,16,18,19,20,21,22,24,25,26,27,30,31,32,33,34,35,36,37,38,40,41,43,44,45,46,47,48,49,50,51,52,53,54,56,57,59,60,61,62,63,64,65,66,67,68,69,70,72,73,74,75,76,78,80,81,82,83,84,85,86,88,89,91,93,94,95,98	f14de4e0b7f505d07ba65aaab6cf470babdbfd048d7e952ad5278dd7734160d0	326	446854	2fa32feec1f968e88fe34bf540a25b7f43228888994acb4ff27e4795a762c592	1d3dd962ee7779f42bda7ef9f6c92e3468a96721b09901b50a12233f15918f40	
tf_h00326	tf	326	42	32fe12c168ef80291e487dbf4045f430b9c5d90a	836c8edbfc75b517cefdde6426755f9e3b71021df09b06c6f3b9c262057cd47e	10.72	10.64	0.08	66748	22472	2278	20194	0.10137059451762193	1,3,4,5,6,7,9,10,11,12,13,15,16,17,18,19,20,21,22,24,27,29,31,32,33,34,35,36,37,38,40,41,42,43,44,45,46,47,48,50,51,52,56,57,58,59,60,61,62,63,65,66,67,68,69,70,71,72,73,74,75,78,79,80,81,82,83,84,85,86,87,88,89,93,94,95,96,97,98,99	861b178f9171653402aae1ed2b05a3b4ab50b5fb249ce66a2ed29c786f1a0323	326	447899	63433c6e9c6b43f1522960ff665afc1f786b0a0b78a5460bc8b6cd685a4f1868	4ec7096e8d2e91341ac5ddca66a72a0989053e40cffeaf48ecd0e418286d14bb	
tf_h00326	tf	326	43	32fe12c168ef80291e487dbf4045f430b9c5d90a	836c8edbfc75b517cefdde6426755f9e3b71021df09b06c6f3b9c262057cd47e	10.58	10.51	0.06	66876	23630	2743	20887	0.11608125264494287	0,2,3,4,5,6,7,8,9,10,11,12,13,14,15,16,19,20,21,22,23,24,25,26,27,28,30,32,33,34,36,37,39,41,42,45,46,47,48,49,50,51,52,53,55,56,58,59,60,61,62,63,65,66,67,68,70,71,74,75,77,78,79,80,82,83,84,85,86,88,89,90,91,92,93,94,95,96,98,99	7617d7f1eef2c675b7f601d3cf0e74e202bd2259495f5c2b74e73e7a00acc989	326	463042	d6e800fe3605f8f3536ed4d66983746b4e7089c5599e30f7dcc287e4899d7a41	c76c85c3b8c55bdbcb48537db9f758df908715d5f26ce9886e4a9b2e4f8fca0a	
tf_h00326	tf	326	44	32fe12c168ef80291e487dbf4045f430b9c5d90a	836c8edbfc75b517cefdde6426755f9e3b71021df09b06c6f3b9c262057cd47e	10.83	10.77	0.05	66876	22966	2747	20219	0.11961159975616129	0,1,3,5,6,7,8,9,10,11,12,13,15,16,17,18,20,21,22,23,25,26,27,28,29,31,32,33,34,35,36,37,38,39,40,42,43,44,45,46,47,48,50,51,53,54,55,56,59,60,61,64,65,66,67,69,70,72,73,74,77,78,79,80,81,82,83,84,85,86,87,88,89,90,92,93,94,96,97,99	7cefea72ffa9af5375792283d3e07dfbe74943498fe4f89152412bf7ee591a26	326	448385	9e05bf9819d7662c068746132ceda4f48874cd099bffeefd9fabab6eace9b135	189b266923fea010606bf039d6cf311ee5f0b0c8358889666e80f629faee6cec	
tf_h00326	tf	326	45	32fe12c168ef80291e487dbf4045f430b9c5d90a	836c8edbfc75b517cefdde6426755f9e3b71021df09b06c6f3b9c262057cd47e	10.65	10.59	0.04	66748	21837	2501	19336	0.1145303842102853	0,1,3,4,5,6,7,8,10,11,12,13,14,15,16,17,18,20,21,22,23,24,25,26,27,28,29,30,31,32,33,34,36,37,39,40,41,43,44,48,49,51,52,53,54,55,56,57,58,60,61,63,64,66,68,69,70,71,73,75,76,77,78,79,80,81,82,83,84,85,86,87,88,89,91,92,93,94,96,99	154d4b776ab2bf3c060658f50c6d8e521443c6cb4745ba94f76d9eada1782a4d	326	429068	af3f7486e9a1dede976c5d6dfbc73a533840ff714ac83daf80efe5a8c985cc07	4533861f8112c0a3d05f809d65362646b7c7d1f273641575c66abf3f90d83fa7	
tf_h00326	tf	326	46	32fe12c168ef80291e487dbf4045f430b9c5d90a	836c8edbfc75b517cefdde6426755f9e3b71021df09b06c6f3b9c262057cd47e	10.69	10.62	0.06	66748	22596	2861	19735	0.12661533014692866	1,2,4,5,6,7,8,9,10,11,12,13,14,15,16,18,19,20,21,22,23,25,26,27,29,30,31,32,33,34,35,36,38,39,40,41,42,43,44,46,47,49,50,51,52,53,54,55,56,57,58,59,60,61,62,63,64,65,66,67,68,69,70,71,72,76,78,80,81,82,83,84,85,86,87,88,90,93,95,98	17d21142e0346fb0b40bd29071c18887926e6d47685c1544a3e42841368509f9	326	437828	e3316e2c600ed20a070a3f216dec80b1585ad674cf8e3df37c5c35dad80ba2a5	43994479a359bb2e1b692072a8b4f0ce33ef20fc0fa392af621dbf8a51c5fed1	
tf_h00326	tf	326	47	32fe12c168ef80291e487dbf4045f430b9c5d90a	836c8edbfc75b517cefdde6426755f9e3b71021df09b06c6f3b9c262057cd47e	10.96	10.91	0.04	66620	21517	1970	19547	0.09155551424455081	0,1,2,3,4,5,8,9,10,11,15,16,17,18,19,20,21,23,24,25,26,27,28,29,30,32,33,34,35,37,38,40,41,42,44,45,46,47,48,49,51,52,53,55,56,58,60,61,63,64,65,67,69,70,71,72,73,74,75,76,77,78,79,80,81,82,83,84,86,87,88,89,90,91,92,93,94,96,97,99	95192313221795ebd1951e866dbb37b0e67be46eadf6b24b15451c3858f57e9a	326	433675	cc6165471d9336457bf322699ecd362356700c4c637b415802f8e5f8cd5d75b8	38a15a0c992834ac9fa6306c5b7262fbf4424fa500a496e19e952669f862aadd	
tf_h00326	tf	326	48	32fe12c168ef80291e487dbf4045f430b9c5d90a	836c8edbfc75b517cefdde6426755f9e3b71021df09b06c6f3b9c262057cd47e	10.73	10.67	0.05	66748	21475	2189	19286	0.1019324796274738	1,2,3,4,6,7,8,9,10,11,15,17,18,19,20,24,25,26,27,28,29,30,32,33,35,36,37,38,40,41,42,43,44,45,46,47,49,50,51,52,53,54,55,56,57,58,59,61,62,63,65,66,68,69,70,71,72,73,74,75,76,77,80,81,84,85,86,87,88,89,90,91,92,93,94,95,96,97,98,99	260f55673c126e025e5f990c9ee92f5b995ed06af3387f3caf83f645352688d0	326	427995	19e2921ef9f8fed1bc6d78e878007938e51b9d8050c64aa335eca1a919950e18	4e5b45f7783d5d12d6b0d94a838606efb0019ee940a5e1eea5848df65e9dc014	
tf_h00326	tf	326	49	32fe12c168ef80291e487dbf4045f430b9c5d90a	836c8edbfc75b517cefdde6426755f9e3b71021df09b06c6f3b9c262057cd47e	10.37	10.33	0.03	66748	22469	2308	20161	0.10271930214962838	1,2,3,4,5,6,7,8,10,11,12,13,14,15,16,17,20,21,22,25,26,27,28,29,30,31,33,34,35,36,37,38,40,41,42,43,44,45,46,48,49,50,51,52,53,54,55,56,57,58,59,60,62,63,65,66,67,68,69,70,72,73,74,76,78,79,80,81,83,84,88,90,91,92,93,94,95,97,98,99	e80181049a20d1e24d1d2f8f473c6303a9d44c18d635964d2bae7c48dc11c8b7	326	447176	fe4ada943de6e32bed7fcfee0ec471b427f0759cae7b6bff4cca9c719360e641	1fa694cd06b16e29b578e56308d9f4e05b798467e12776c281b0984e96602a91	
tf_h00326	tf	326	50	32fe12c168ef80291e487dbf4045f430b9c5d90a	836c8edbfc75b517cefdde6426755f9e3b71021df09b06c6f3b9c262057cd47e	10.65	10.6	0.04	66748	22944	2404	20540	0.1047768479776848	0,1,2,3,4,5,6,9,10,11,12,13,14,15,16,17,18,19,20,21,23,25,26,27,28,30,31,33,34,35,36,37,38,39,41,42,43,44,45,48,49,53,54,55,56,57,58,59,60,61,62,63,64,65,67,68,69,71,72,73,74,75,76,78,82,83,84,85,86,87,88,89,90,92,93,94,95,96,97,99	256c593b9417ad0ad51d64a0a9b0a741800da0ed7b4979cb65bbea7af5fc7b5d	326	455408	19df762cde8d28e33367efeadd14f564a825510e7f43660a63e4696cae4895d4	4cce84c378f69ea020e4d14eb793ab419b1c1405e3ecedb0cf098842a65b71be	
tf_h00326	tf	326	51	32fe12c168ef80291e487dbf4045f430b9c5d90a	836c8edbfc75b517cefdde6426755f9e3b71021df09b06c6f3b9c262057cd47e	10.66	10.6	0.05	66748	23745	2494	21251	0.10503263845020004	0,2,4,6,7,8,9,10,11,12,13,14,16,17,19,20,21,22,23,24,26,27,28,29,30,31,32,33,34,35,36,37,38,39,41,42,43,44,45,46,47,48,49,50,51,52,54,56,57,58,59,60,61,63,65,68,69,70,71,73,74,75,76,77,78,79,80,83,85,88,89,90,91,92,93,94,95,96,97,99	d49f535640836164460176b474bf1da557f7359b2a902f74c67be70571c68509	326	471033	70b4e3211393c7f1bdf818411288a336a05ff56c8481921b92a7afe75cb6742e	18d90d3024b71a6b1ca55bd95fe6902a120ae784b3a1cb23baa0f29c2a69e0cf	
tf_h00326	tf	326	52	32fe12c168ef80291e487dbf4045f430b9c5d90a	836c8edbfc75b517cefdde6426755f9e3b71021df09b06c6f3b9c262057cd47e	10.54	10.47	0.06	66748	20919	2033	18886	0.0971843778383288	0,1,2,3,4,5,6,7,8,9,10,11,12,13,16,18,23,24,25,26,27,28,29,30,32,34,35,36,37,38,39,40,41,42,43,45,46,47,48,49,50,51,52,53,54,55,56,57,58,59,60,61,62,65,66,67,68,69,70,72,73,75,76,78,79,80,81,82,83,85,86,87,89,91,92,93,94,95,96,98	d6664fcfc68aad06d7b14e04eeb440d0e75584bb00a167069232832a995c8538	326	419247	4630d39fc3a49c8037b542f29ef31329c624580b7257128188b4b964484b0b2b	4d556840a224371b560d9d55c18642abf6ae5340e20815d58496cf90f9c3ca25	
tf_h00326	tf	326	53	32fe12c168ef80291e487dbf4045f430b9c5d90a	836c8edbfc75b517cefdde6426755f9e3b71021df09b06c6f3b9c262057cd47e	10.72	10.66	0.05	66576	21264	1994	19270	0.09377351392024079	0,2,3,4,5,6,7,8,9,11,12,14,15,16,18,21,22,23,24,25,27,29,31,33,34,35,36,37,39,40,41,42,43,44,46,47,48,49,50,51,52,53,54,55,56,57,58,59,60,61,62,63,65,66,67,68,69,70,72,75,76,77,78,79,80,81,82,84,86,87,89,90,91,93,94,95,96,97,98,99	e953f66173621e7c5d76b37899ad4dcc05c484c744eadb5cfcbcc6a71c509e58	326	427639	9023cb7fb98450e558ab65db818e8da7e61307cc472b21b5f484497afa372666	67f6eb53ceb8989ad11f64fbd038f107735650bba4e5dbcf83b06bd2b0783e53	
tf_h00326	tf	326	54	32fe12c168ef80291e487dbf4045f430b9c5d90a	836c8edbfc75b517cefdde6426755f9e3b71021df09b06c6f3b9c262057cd47e	10.74	10.67	0.06	66704	22193	2315	19878	0.10431217050421304	1,2,4,5,7,8,9,10,11,12,13,14,15,16,18,19,20,21,22,23,24,25,26,27,28,30,31,34,35,36,38,39,40,41,42,43,45,46,47,48,49,50,51,52,53,54,56,57,58,60,61,63,64,65,66,67,68,69,70,72,73,74,75,77,78,79,80,81,83,84,86,87,88,90,91,93,94,95,96,99	b8d17effa9ddf0a119e29994594210f67cc54f7062491d04d2b979a4c2534d9f	326	440967	b30f5421ebeefff16965ecd23bc3bd0d9a791c53a84a788b9114478a46aa1f12	d5146e31afe7f9ab65f07da4e7e7320e95e1cb8324a4114b8d012f24335ee451	
tf_h00326	tf	326	55	32fe12c168ef80291e487dbf4045f430b9c5d90a	836c8edbfc75b517cefdde6426755f9e3b71021df09b06c6f3b9c262057cd47e	10.71	10.64	0.06	66748	21737	2459	19278	0.11312508625845333	0,1,2,3,4,5,6,7,8,9,13,14,15,16,17,18,19,20,22,24,26,27,28,29,30,31,33,35,36,37,39,40,41,42,43,44,47,48,49,50,51,53,54,55,57,58,59,60,61,62,63,65,67,68,69,70,71,72,73,74,75,76,77,78,79,80,82,83,86,87,88,90,91,92,93,95,96,97,98,99	4b691f4374e2fa2ad0797f1f1d450c61c6f9eebb5a0cc6d8918237adeb83aef5	326	427828	fa49dd0e6909547e0feb7606f26372819bc4afd9c6d0681fb60f12b90bf3fde6	75858004d76d8b7d3a939365e4e6c59571a17836afb51a1c4df89eacafeb7195	
tf_h00326	tf	326	56	32fe12c168ef80291e487dbf4045f430b9c5d90a	836c8edbfc75b517cefdde6426755f9e3b71021df09b06c6f3b9c262057cd47e	10.67	10.63	0.03	66748	22020	2261	19759	0.10267938237965486	0,2,3,4,5,6,10,11,12,13,14,15,17,18,20,21,22,23,24,25,27,28,29,30,31,32,33,35,36,37,38,40,41,42,43,44,45,47,48,49,50,51,52,53,54,55,56,57,58,59,61,63,64,65,66,67,69,70,71,72,73,75,76,77,78,80,81,82,83,84,86,87,88,90,92,93,96,97,98,99	ad5edf99055f5649618b4f6242868ad7ef69bdeae6484f7f336ba504c0c36bab	326	438376	9c9b632071a4faf9b87e47d1c3783b6d67def21cbcb2880e3d8ce9d7a731944b	4297cb902bf936c9251d87ff5a280a5349529973a81d846634bc443fb75b2096	
tf_h00326	tf	326	57	32fe12c168ef80291e487dbf4045f430b9c5d90a	836c8edbfc75b517cefdde6426755f9e3b71021df09b06c6f3b9c262057cd47e	10.58	10.53	0.04	66748	23584	2800	20784	0.11872455902306649	0,1,3,6,8,9,10,11,12,13,14,15,18,19,20,21,22,24,25,27,29,30,31,33,34,35,36,37,38,39,40,41,42,45,46,47,48,49,50,51,53,55,56,58,59,60,61,63,64,65,66,67,68,69,70,71,72,73,74,75,76,77,78,79,80,81,82,83,84,86,88,90,92,93,94,95,96,97,98,99	f6ace67630086ac2bfb8e860806d168f9589f37d53029db62245886e272e0935	326	460781	dee6825fcfc2228560edd6629f435f5f8ec5fe9cc8dc345dddb075d400e8b3c7	75fd5fe6ca224e84409dabb41da16ba616a54384ae2151423594f798c51a5797	
tf_h00326	tf	326	58	32fe12c168ef80291e487dbf4045f430b9c5d90a	836c8edbfc75b517cefdde6426755f9e3b71021df09b06c6f3b9c262057cd47e	10.64	10.56	0.04	66748	21626	2050	19576	0.09479330435586794	0,2,4,5,6,7,9,10,12,13,14,15,16,17,18,19,20,21,22,23,24,26,27,29,31,32,33,34,35,36,37,38,39,40,42,44,45,46,47,48,49,50,51,52,53,54,55,56,57,58,59,60,61,62,67,68,69,70,71,73,74,75,76,77,78,79,80,81,82,85,87,88,89,90,91,92,94,95,96,99	cfaebf8e23ab234e6b537a7b1a2fd8c81fd775756ad7e3dd1fba31ee8efa573b	326	434394	e10a93d62a6b30617a8487f84fc60db5986ea9a995362594b3f3264a74692593	7283331bc19408cbcad1780516655853026183d35d6e98d967a30c485cb1417d	
tf_h00326	tf	326	59	32fe12c168ef80291e487dbf4045f430b9c5d90a	836c8edbfc75b517cefdde6426755f9e3b71021df09b06c6f3b9c262057cd47e	10.51	10.41	0.06	66620	22264	2514	19750	0.11291771469637082	2,3,4,5,6,7,8,9,10,11,12,13,14,15,16,17,18,19,20,21,22,23,24,25,26,29,30,31,32,33,34,36,37,38,39,40,41,42,43,45,46,48,50,51,52,54,55,59,61,63,64,65,66,67,68,69,70,71,72,73,74,75,76,77,78,79,80,81,84,85,87,88,91,92,93,95,96,97,98,99	d6d2b6c1e22e4205e2b1ecddefc7e0cb1e4d57b185759f5e076c4a75cb02f3cd	326	438167	363e410b080ed5ed81c193fe578c9f288c54b443f98e5d86ea69fae144d20fff	31f8adb9c3a54f690a48fa678274b0c062c8db4ad0a7cf61194ea31181218473	
tf_h00326	tf	326	60	32fe12c168ef80291e487dbf4045f430b9c5d90a	836c8edbfc75b517cefdde6426755f9e3b71021df09b06c6f3b9c262057cd47e	10.7	10.65	0.03	66620	23315	2419	20896	0.10375294874544284	0,1,2,3,4,9,11,12,13,14,15,16,17,18,19,21,23,25,26,27,28,29,31,32,34,36,37,38,40,41,42,43,45,46,47,48,49,50,51,52,53,54,55,56,57,58,59,61,62,63,64,65,66,67,68,69,70,71,72,73,74,75,76,77,78,79,80,81,83,84,85,88,90,91,92,94,96,97,98,99	8ba51d8d93ba626dd0935313bed7d0dd71c1d4370698b08e3dc25050b4b1d5ca	326	463233	a504b5cb699f58bf366eb2477515af96701db2fb11a5aeb749a0968ee509f467	25a454469e83ff962cf1f5f650a44c4bee6c0281fba84d9d1917a5a7feed36ab	
tf_h00326	tf	326	61	32fe12c168ef80291e487dbf4045f430b9c5d90a	836c8edbfc75b517cefdde6426755f9e3b71021df09b06c6f3b9c262057cd47e	10.74	10.68	0.05	66748	22156	2496	19660	0.11265571402780285	0,1,2,5,7,8,9,10,11,12,13,14,15,16,17,18,19,20,21,22,23,25,26,27,30,33,34,35,36,37,38,39,40,41,43,44,45,46,47,48,49,50,51,52,54,56,58,60,61,62,63,65,66,67,69,70,71,73,74,75,77,78,79,80,81,82,83,84,85,86,87,89,91,92,93,94,95,96,97,99	8a9ee3e9e1cc9267094df1169bbe5cfd3e63fcdd405d48ce8db4c32118d7d3ca	326	436226	42c88337506d56dc4f0e8c0e684e38572d55033268d70b121fe07ef02c3b9ee1	2b23490ac7ab65423d4d45a6e6ca72d94b0a8665310bf70859e219c458606671	
tf_h00326	tf	326	62	32fe12c168ef80291e487dbf4045f430b9c5d90a	836c8edbfc75b517cefdde6426755f9e3b71021df09b06c6f3b9c262057cd47e	10.48	10.42	0.05	66748	22327	2637	19690	0.11810812021319479	1,2,3,4,5,6,7,8,10,11,12,13,14,15,17,18,19,21,22,24,25,27,29,30,31,33,36,38,40,41,42,43,44,45,46,47,48,49,50,51,52,53,54,55,56,57,58,59,61,62,64,65,66,68,69,70,71,72,73,77,78,79,80,81,83,84,85,86,87,88,89,90,92,93,94,95,96,97,98,99	0b2c295eaf9586f9a668ef15009ce877c8040e8361be47064bf932e528666268	326	436895	b683ecdcfaef93b3f03c9b1066bbb45f18af07b673c6b4dba2d45e4b773e7d5d	633a94fd642e40a0d5bcef0127186b54e6c3b70ec4b4afd3e7fa73419d0d5721	
tf_h00326	tf	326	63	32fe12c168ef80291e487dbf4045f430b9c5d90a	836c8edbfc75b517cefdde6426755f9e3b71021df09b06c6f3b9c262057cd47e	10.77	10.71	0.05	66872	22308	2475	19833	0.11094674556213018	1,2,3,4,6,8,9,10,11,12,13,14,16,17,18,19,21,22,23,24,25,26,27,28,29,30,31,32,33,34,36,37,38,40,42,43,44,45,46,47,48,49,50,52,53,54,55,56,57,58,59,61,64,65,66,67,68,69,70,72,73,76,77,78,79,80,81,82,84,85,87,88,89,90,92,94,95,96,98,99	4c74943e5f8853136b77dc5eebec9a5de4462eb18ed3310d1f6afec11ca20d16	326	439983	de7ff2c4c47a5f608bfbbbb3fd15e600f01b3f7ae429414d44efc6b6ea3ee9d5	eb4cba2cfcea238501f81d245ee0d4cfd0c2db4844fa50d7c7ab8b56a8907fe7	
tf_h00326	tf	326	64	32fe12c168ef80291e487dbf4045f430b9c5d90a	836c8edbfc75b517cefdde6426755f9e3b71021df09b06c6f3b9c262057cd47e	10.68	10.63	0.04	66636	21968	2437	19531	0.1109340859431901	0,1,2,4,6,7,8,9,12,13,14,15,16,17,18,19,20,21,22,23,24,27,29,31,32,34,36,37,38,39,40,41,42,44,45,46,47,48,49,50,51,52,54,55,56,57,58,60,61,62,64,66,67,69,70,71,72,73,74,75,76,77,78,79,80,81,82,83,84,87,88,90,91,92,93,94,96,97,98,99	ad47c961b77769827af574869986a83a808623c1e64314073cc56698f3440174	326	433306	1a04c4f671e0aa55574cdedce6e9c31771c275f94028c20b599468f8964b2a59	611cdda666d224b50a5dd6d377594c6ded2080fa663fcb85d004ea79b6b3fc4a	
tf_h00326	tf	326	65	32fe12c168ef80291e487dbf4045f430b9c5d90a	836c8edbfc75b517cefdde6426755f9e3b71021df09b06c6f3b9c262057cd47e	10.63	10.56	0.05	66752	21864	2039	19825	0.09325832418587633	1,2,3,4,5,6,8,9,12,14,15,16,17,19,20,21,22,23,24,25,26,27,28,29,30,31,32,33,34,35,36,37,40,41,42,43,44,45,46,47,48,49,51,52,54,57,58,59,60,61,62,63,66,67,68,69,70,71,72,74,76,77,78,80,81,83,84,87,88,89,90,91,92,93,94,95,96,97,98,99	5165ecf0c99fe0ae652c90f1fc5a21307b388d4b29e49ebee67f0458564382ed	326	439783	0b62ef26162b516dfd03909f77642e0ac593d029e4697b97056d9152e11ad469	b5ec8b6ca62fbcbc6b06a2af73937a125cc01276acb724e51c5720f2ecebf3f9	
tf_h00326	tf	326	66	32fe12c168ef80291e487dbf4045f430b9c5d90a	836c8edbfc75b517cefdde6426755f9e3b71021df09b06c6f3b9c262057cd47e	10.62	10.56	0.04	66620	21738	2135	19603	0.09821510718557365	1,2,3,5,6,7,8,10,11,12,13,14,15,16,17,18,19,20,21,22,23,24,25,26,27,28,30,31,32,33,34,35,36,38,40,41,42,43,44,45,46,47,48,49,50,51,52,54,55,56,57,58,59,60,62,64,65,66,67,68,69,70,72,74,75,77,78,79,80,82,84,85,86,87,88,91,92,96,98,99	0a84de14ce02a447186955a6f8c92b81584d502846e31c159d22fe22262468db	326	434869	65065852278ac179c608a0a751a237147f533edacf0e7e1ade88605d67ef22cb	d1bb87dca746995a5006fef2ee705d0c5b97db74497fbabdf6524f4f8765ddf9	
tf_h00326	tf	326	67	32fe12c168ef80291e487dbf4045f430b9c5d90a	836c8edbfc75b517cefdde6426755f9e3b71021df09b06c6f3b9c262057cd47e	10.42	10.35	0.06	66748	21513	2031	19482	0.09440803235253102	0,1,2,3,4,5,6,8,9,10,12,13,14,15,16,17,18,19,20,21,22,23,24,25,26,28,29,31,32,33,35,36,37,38,39,41,42,43,44,45,46,47,48,50,52,54,55,57,58,59,60,62,63,64,66,68,69,70,71,72,74,75,76,77,78,79,80,82,83,86,88,89,91,92,93,94,95,96,97,99	8195c3037d5ccf5b51425412c209dd9cba967e34e5cbf182bf8e7e2e57bcfaf9	326	432233	d8f4c9edda2c091f4fda75d5cd2592f1b510fcd1b4e683eeaba512912a232fcd	5cabbc47e69bd4f2da7242ac9e79af753b2497196d53e75d02cec185ec112db6	
tf_h00326	tf	326	68	32fe12c168ef80291e487dbf4045f430b9c5d90a	836c8edbfc75b517cefdde6426755f9e3b71021df09b06c6f3b9c262057cd47e	10.83	10.75	0.07	66740	22787	2209	20578	0.096941238425418	0,1,2,5,6,7,8,9,11,12,16,18,19,20,21,22,23,24,25,26,28,29,30,31,33,34,35,36,39,40,41,42,43,44,45,46,47,48,49,50,51,52,53,55,56,57,58,62,63,64,65,67,68,70,71,72,73,74,75,76,77,78,79,80,81,82,83,84,85,87,88,89,90,91,92,94,95,96,97,99	3cf81bc6e742428b5d7d08d515cddccbeda39d95af1388e40213d0e575dcd3c3	326	456311	d6f423fb48f2ca8e1c99ec684b686ef545b5c3cba9be1ce3391c3c595658bdcd	d4b86bb97b8a625869ea0de055cfacd0af3c6440003fa8bb0dcd13b2f25f5414	
tf_h00326	tf	326	69	32fe12c168ef80291e487dbf4045f430b9c5d90a	836c8edbfc75b517cefdde6426755f9e3b71021df09b06c6f3b9c262057cd47e	10.66	10.6	0.06	66748	22649	2840	19809	0.12539184952978055	0,2,3,4,5,7,8,9,10,11,12,13,14,15,16,17,18,19,20,22,24,25,27,28,29,31,32,33,34,35,37,40,41,42,43,44,45,46,47,48,49,50,51,52,53,55,56,57,58,60,61,62,64,65,66,67,68,69,70,71,72,74,75,76,77,79,82,83,84,85,89,91,92,93,94,95,96,97,98,99	9ef762b13e73e1aff4a5990a057f5aa4dd2f2c4912ea20051616c6275a61df2d	326	439486	f3f0d1c7d53c228e577fbd60037cda252527cb6fc901d05a9ed156f92251d6e2	f588b01162b3f1453848b3ccbdafd1f3f5b5c402c014cb2273c2ca8e49e978d3	
tf_h00326	tf	326	70	32fe12c168ef80291e487dbf4045f430b9c5d90a	836c8edbfc75b517cefdde6426755f9e3b71021df09b06c6f3b9c262057cd47e	10.67	10.61	0.06	66876	22683	2759	19924	0.12163294096900763	0,1,2,3,4,5,6,7,8,9,10,11,13,14,15,16,19,20,21,22,23,25,26,27,28,29,30,31,33,34,35,36,37,38,40,41,42,44,45,46,47,48,49,50,51,52,54,55,56,58,62,63,64,66,69,70,72,73,74,75,77,78,79,80,81,82,83,84,85,86,87,88,90,91,92,93,94,97,98,99	6c28058625ca4e531fd6b53c9de4f4cdbdd18bcca17827e3ff55ed7ef69ae4b0	326	441936	b2256f5d9155b6e635bbfd58e3d7db99863945f15ec85ee76ac691488d59a8e8	0c035502a1df69b216b1ad67256e2676dac3d7cfe2ccb4a1ede6a3fbc7c3a265	
tf_h00326	tf	326	71	32fe12c168ef80291e487dbf4045f430b9c5d90a	836c8edbfc75b517cefdde6426755f9e3b71021df09b06c6f3b9c262057cd47e	10.69	10.62	0.06	66800	22168	2385	19783	0.10758751353302057	2,3,4,5,6,7,8,9,11,12,13,14,16,18,19,20,21,22,23,24,25,26,27,28,29,31,32,33,34,35,37,38,39,40,42,43,44,45,46,47,48,50,51,52,53,54,55,56,57,59,60,62,63,64,65,66,67,68,69,72,74,75,76,77,78,79,81,83,84,86,89,90,91,92,93,94,95,96,97,98	c373b9966ef7ba80d30c049e3c36cdbc685e974826dad80311057c9eb482a1f1	326	438909	266b6c67189c7e6b3f291d50342ba2abf7bb2a4211bebbe464745ebedd739576	435088448e9f639b989f4705d20eca7ccb7025d1862e3a3d213e60521a6009e2	
tf_h00326	tf	326	72	32fe12c168ef80291e487dbf4045f430b9c5d90a	836c8edbfc75b517cefdde6426755f9e3b71021df09b06c6f3b9c262057cd47e	10.6	10.52	0.06	66580	22947	2600	20347	0.11330457140366933	0,1,2,4,6,7,8,9,10,11,12,13,14,15,17,20,21,23,24,26,27,28,29,30,31,33,34,36,37,38,39,40,41,42,43,44,45,48,49,51,53,55,57,58,59,60,61,62,63,64,66,67,68,69,71,72,73,74,75,76,78,79,80,81,82,83,84,85,86,87,88,89,90,91,92,95,96,97,98,99	bb21f8cef596e8d85346f210124814c42773b092389f8bc13dcfa27d4bae5642	326	451105	80e3d805bc60626d918a129bd70e2a9b21cfa04b523126dc5578da5c3bb43964	e732e9d9d3ee8524554b4fc12db6f706d0f78a9820bd6146d6ee79935727f045	
tf_h00326	tf	326	73	32fe12c168ef80291e487dbf4045f430b9c5d90a	836c8edbfc75b517cefdde6426755f9e3b71021df09b06c6f3b9c262057cd47e	10.54	10.49	0.04	66876	22630	2602	20028	0.11498011489173664	0,1,2,3,4,5,8,9,11,12,13,14,16,17,18,19,20,21,22,23,24,25,26,28,29,30,31,32,33,35,37,38,39,40,41,42,44,45,47,48,49,50,51,52,53,54,56,57,61,62,63,64,66,67,69,71,73,74,75,76,78,79,81,82,83,84,85,86,87,88,89,90,91,92,93,94,95,96,97,99	ab37aca254fbac18330c695e501128eb8bdebdae12bd91661823f9f63bb78838	326	444182	e37312a5cc4ba6c51320ac4f41bdceec8a67602ce2dccff76a4aa229899bfed1	875709491d3f10c2510828dd3dd7d09a9bc66a69d751d7261082c40c96c6225d	
tf_h00326	tf	326	74	32fe12c168ef80291e487dbf4045f430b9c5d90a	836c8edbfc75b517cefdde6426755f9e3b71021df09b06c6f3b9c262057cd47e	10.6	10.54	0.05	66704	22341	2157	20184	0.09654894588424869	0,1,2,3,4,6,7,8,9,10,12,13,14,15,17,18,19,20,21,22,23,24,25,26,27,28,30,32,33,34,35,36,37,38,39,40,41,42,43,45,48,50,51,52,54,56,57,60,61,62,63,64,65,66,67,68,69,70,71,73,74,75,78,79,81,82,83,85,86,87,88,89,90,91,92,94,95,96,97,99	009c5027e2c0e6a8e5bf21521cafd7735dcce390e2957e085ac4966e0adc6281	326	447748	1aa01a2f75f1483be7bb2db22bbdc17105b845f1a7ee22ae4e8dfa5896da54fb	4bea4ec14af2379cf238f2a749cb78dc60605d3c8e54b66759f391ea7da3f8ff	
tf_h00326	tf	326	75	32fe12c168ef80291e487dbf4045f430b9c5d90a	836c8edbfc75b517cefdde6426755f9e3b71021df09b06c6f3b9c262057cd47e	11.02	10.95	0.06	66748	21657	2499	19158	0.11538994320543011	1,2,3,4,5,6,8,9,10,12,13,14,15,16,18,19,20,21,22,24,26,27,28,29,30,32,33,34,35,36,37,38,39,40,41,42,43,44,45,46,47,49,50,52,54,55,56,58,59,60,61,62,64,66,67,68,69,70,71,72,73,74,75,76,77,80,81,84,85,86,87,89,90,91,93,94,95,97,98,99	f464e52d7ff2e843d3fa5abb3d9ea5494da98e274ee4e2fdb4543ab0822d529d	326	425191	d940c71b9799fc027703133e813451a3d7c1c9a977c6acb9376e8034fce8e084	182ad636cf180553c67f7bbfaebef75c8185fab997041470a511ed737a5e6888	
tf_h00326	tf	326	76	32fe12c168ef80291e487dbf4045f430b9c5d90a	836c8edbfc75b517cefdde6426755f9e3b71021df09b06c6f3b9c262057cd47e	10.43	10.37	0.06	66624	22087	2907	19180	0.1316158826459003	0,1,2,3,4,5,6,8,9,10,11,12,14,15,16,17,18,19,20,23,24,25,26,27,29,30,31,32,33,34,35,37,38,39,40,42,43,44,45,46,48,49,51,52,53,55,56,57,58,59,61,62,63,64,65,69,70,71,72,73,74,75,76,77,78,79,80,82,83,85,87,88,90,92,93,94,95,97,98,99	24ca285cd072230e5c83b67143d822fb769000e9318ca3ea293e27404f4c4f4b	326	425645	2f5b48f26137a79853aecd2e7b22605ec21a43bca6101c884c73bf242918c85d	283d4861941358d419cef6e645286594e665be2d5fdf442f5e2e86306ff4ef1c	
tf_h00326	tf	326	77	32fe12c168ef80291e487dbf4045f430b9c5d90a	836c8edbfc75b517cefdde6426755f9e3b71021df09b06c6f3b9c262057cd47e	11.03	10.97	0.05	66752	22750	2777	19973	0.12206593406593406	1,2,4,5,6,7,8,11,12,13,14,15,16,17,18,20,22,23,24,26,27,28,29,30,31,33,34,35,36,37,38,39,40,41,42,43,44,46,47,48,49,50,51,53,54,55,56,57,58,59,60,62,63,64,65,66,68,69,70,71,72,73,74,76,77,80,82,83,85,88,89,90,91,92,93,94,95,96,97,98	aa8af747e8f0a4244327cf643d41732fd7bd874c8290c19e469e850a2ceaecb4	326	443030	5bd6651dfa7980102df379085812ff5e8588c4a5a3d09feb60d095b8b0fc4a9e	e8e2f0b4d41c9b367cf28fcef70e671ed5b421da0d60c1ddeb71f211fdfdb011	
tf_h00326	tf	326	78	32fe12c168ef80291e487dbf4045f430b9c5d90a	836c8edbfc75b517cefdde6426755f9e3b71021df09b06c6f3b9c262057cd47e	10.64	10.58	0.05	66740	22663	2268	20395	0.10007501213431584	1,4,6,7,8,9,10,11,12,13,14,15,16,17,18,19,20,21,22,23,24,25,28,29,30,31,32,33,35,36,37,39,40,41,42,43,44,46,47,48,49,50,51,52,53,54,55,57,58,59,60,61,63,64,66,67,68,70,71,73,74,75,76,77,79,80,81,82,84,85,86,88,89,90,91,92,93,94,96,98	839939d759a86de058ae6be5692313837ee1dd6c7e9dcb66740a595674693e94	326	452320	b68472b13c887a7749c03abed9d5c8b7371929a218f9d5f3e65ffd00c5b6e213	ca00e2efefc1aa1c9c08a0eb04ad7460b87d6df68dfd54838f8d4c6dd2d93d9f	
tf_h00326	tf	326	79	32fe12c168ef80291e487dbf4045f430b9c5d90a	836c8edbfc75b517cefdde6426755f9e3b71021df09b06c6f3b9c262057cd47e	10.62	10.58	0.03	66752	23523	2490	21033	0.10585384517280959	0,1,2,3,4,5,6,7,8,9,10,11,13,14,15,16,17,18,19,20,21,23,24,25,26,27,28,29,33,34,35,36,37,38,39,41,42,43,44,45,48,49,50,51,53,54,55,56,57,59,60,61,62,66,67,68,69,70,72,74,75,77,78,79,81,83,84,85,86,87,88,90,91,92,93,94,95,96,97,98	8cfacd1968cb78ef89cecdcd7d750aaf3d6222fa75b24d52faca44cf2634b1f4	326	466240	c1005a4c287b7b868a6037caf378a86911c7d3dcf6cdd0d6e55f01fbfeee7d19	a67cb125817987d234f1de68c4f5a3f028a6709da94c986de1e335918da69257	
tf_h00326	tf	326	80	32fe12c168ef80291e487dbf4045f430b9c5d90a	836c8edbfc75b517cefdde6426755f9e3b71021df09b06c6f3b9c262057cd47e	10.92	10.85	0.05	66752	23364	2607	20757	0.1115819209039548	1,2,3,4,5,6,7,8,9,10,11,12,14,15,16,17,19,20,21,22,24,25,26,27,28,30,31,33,34,35,36,37,39,40,41,42,43,44,46,47,48,49,51,52,53,54,56,57,58,59,60,62,64,65,66,67,68,69,70,72,74,75,76,78,80,81,82,83,84,85,86,87,88,89,91,92,94,95,96,98	131446be20c2911c1164e7d2af72947a4e6997108361a06a7ee37092930e7207	326	460156	ae1984e0c56a4dc7c9f9ebb34e80b0baa3ff73cfe38888cbd579632bfed16ce1	a4532808c8c51e4e65f4a52b64e90263b9475575024a0c905f166060e68f4919	
tf_h00326	tf	326	81	32fe12c168ef80291e487dbf4045f430b9c5d90a	836c8edbfc75b517cefdde6426755f9e3b71021df09b06c6f3b9c262057cd47e	10.77	10.7	0.06	66748	21339	1962	19377	0.0919443272880641	0,1,3,5,8,9,12,13,15,16,17,18,19,20,22,23,24,25,26,29,30,31,32,33,35,36,37,38,40,42,43,44,45,46,47,48,49,50,51,52,54,55,56,57,58,59,60,61,62,63,64,65,66,68,69,70,72,73,74,75,76,77,78,79,80,81,82,84,86,87,88,90,91,93,94,95,96,97,98,99	b95ee9674295a959f732ba391f36246f515bd2b5886129241e55fce866fd9956	326	430000	a39a98e3db9c0732bbd3b3e74f9427735ee8e0346cbfa08e616c6f4218fa0d73	3b4f33f4ee9158a2ef2a2c26192cf7cbda408788de4c010d1363ea2d15a86b3d	
tf_h00326	tf	326	82	32fe12c168ef80291e487dbf4045f430b9c5d90a	836c8edbfc75b517cefdde6426755f9e3b71021df09b06c6f3b9c262057cd47e	10.86	10.78	0.08	66620	22100	2560	19540	0.1158371040723982	0,1,2,3,4,5,6,7,8,10,11,12,13,14,15,16,17,18,19,20,21,23,24,25,26,27,28,30,31,32,33,34,36,37,40,42,43,44,46,47,48,49,51,52,53,55,57,58,60,61,62,63,64,65,66,67,68,69,70,71,72,73,75,76,77,80,82,83,84,85,87,88,89,90,91,92,93,94,97,98	6013c801b63a97540bd142dc9ca07e678c5a1e496daa97f2beaf4677ce69bf10	326	433535	612b050d7cb4d03ed948cc044f95e28cda3c673705e9589a8ea76995e21f9725	fa9694d4c4b76f79caa6eeaacb5706a86faab07faa9dd7b6517c497db6108ab7	
tf_h00326	tf	326	83	32fe12c168ef80291e487dbf4045f430b9c5d90a	836c8edbfc75b517cefdde6426755f9e3b71021df09b06c6f3b9c262057cd47e	10.75	10.7	0.04	66748	22118	2303	19815	0.10412333845736504	1,3,4,5,6,7,8,9,10,13,14,15,16,17,18,19,20,21,22,23,24,25,26,27,28,31,32,33,34,36,39,40,41,42,43,45,46,47,48,50,51,52,54,55,56,57,58,59,60,61,62,63,64,65,68,70,71,72,74,75,76,77,78,79,80,81,82,84,85,87,88,89,90,91,92,93,94,96,97,98	af3d69860f33008a287c4f4d8b23e21b8743ea4965200b8b5bc5c509693b4ab8	326	439514	4be6d016f17a0a02c118876274acc920dc567a457fd207e9eef02347332690e9	f9a7259b15afae63b37412f58145213c56f4e12f737a6bab4f6f6a15e2f833b1	
tf_h00326	tf	326	84	32fe12c168ef80291e487dbf4045f430b9c5d90a	836c8edbfc75b517cefdde6426755f9e3b71021df09b06c6f3b9c262057cd47e	10.9	10.83	0.05	66748	24146	2323	21823	0.09620641099975151	0,1,2,3,4,5,6,7,8,10,12,14,15,16,17,19,20,22,23,26,27,28,29,30,31,32,34,35,36,37,39,41,42,43,44,45,46,47,48,50,51,52,53,54,56,57,58,59,60,61,63,64,65,67,69,70,71,72,74,75,77,78,79,80,81,83,84,85,86,87,88,89,91,92,93,94,95,96,98,99	46e3ce62e8ad77207c82b430b26e5624bb911871d9cb24213c80573ea4e9ec2b	326	483591	ce5b479bc8139c68158e011f1e2efc216cee6ecf34da5c9672500493cc072884	380be5d6db9592b18a80b5672593d8431cb8afe3a04f433b8726cc0cf5400cf6	
tf_h00326	tf	326	85	32fe12c168ef80291e487dbf4045f430b9c5d90a	836c8edbfc75b517cefdde6426755f9e3b71021df09b06c6f3b9c262057cd47e	10.69	10.61	0.07	66636	20934	1874	19060	0.08951944205598548	0,2,3,4,5,7,8,10,11,12,13,15,17,18,19,21,23,24,25,26,27,28,29,31,32,33,34,36,37,38,39,41,42,43,44,45,46,47,48,49,51,52,53,54,55,57,59,60,61,63,64,65,66,67,68,69,70,71,72,73,74,75,76,77,78,79,80,81,85,87,89,90,91,92,93,94,95,96,98,99	de83cb66473aeea1f97278352e1cf09f9725a31ecd3bc921266488dea1f47ba6	326	423107	2240ef4181886ca47894a7f5b273591b29ad71f0df01612a0156c56cdd1907d2	c83b84c9a0667077064c375e84a778b3084d0729b8f46c0402538aeadb35dcec	
tf_h00326	tf	326	86	32fe12c168ef80291e487dbf4045f430b9c5d90a	836c8edbfc75b517cefdde6426755f9e3b71021df09b06c6f3b9c262057cd47e	10.91	10.86	0.04	66748	22201	2687	19514	0.12103058420791857	0,1,2,3,4,5,6,7,8,9,10,12,13,14,15,16,17,18,21,22,23,24,25,26,28,32,33,35,36,37,38,39,40,42,43,44,45,46,48,49,50,51,52,53,54,55,56,58,59,60,61,62,63,64,65,66,67,69,70,71,72,75,76,77,78,79,82,83,85,86,88,89,90,92,93,94,96,97,98,99	61e09e5a2eaf475cb0aa4560b9658848257812c3d99d2a78475edd66e4c307b0	326	432998	1a9ea3874967c8af62f1e4db168f049d08c4f520420291380cae67a6252eae80	58acda493b46d1e5eb0128d8ccf6076a1bd60b38e147f2e79839d0541d3fe5dc	
tf_h00326	tf	326	87	32fe12c168ef80291e487dbf4045f430b9c5d90a	836c8edbfc75b517cefdde6426755f9e3b71021df09b06c6f3b9c262057cd47e	10.46	10.4	0.05	66620	21392	1941	19451	0.09073485415108452	0,1,2,3,4,5,6,10,11,12,13,15,16,17,18,19,20,22,23,24,25,26,27,28,29,30,31,32,34,37,38,39,41,43,44,45,47,48,49,51,53,54,55,56,57,58,59,60,61,62,63,64,65,66,67,68,69,70,73,74,75,76,79,81,82,83,84,85,86,87,90,91,92,93,94,95,96,97,98,99	076827488d579f38ec3f55438308b66696be6201c3ba1c40f1ebbd3abe7f7fd8	326	431596	0d2f4f2708b175ce59141e20a34f6a228db55c81a87da240512238c96b4a5ee5	4d13c19fa9baecdc74132026780fa2a257b0ef3cd10ec6d79cd1991cb4c89fc1	
tf_h00326	tf	326	88	32fe12c168ef80291e487dbf4045f430b9c5d90a	836c8edbfc75b517cefdde6426755f9e3b71021df09b06c6f3b9c262057cd47e	10.9	10.84	0.04	66748	23345	2842	20503	0.12173913043478261	0,1,2,3,4,5,7,8,9,10,11,12,13,14,15,16,17,19,21,22,23,24,26,27,29,30,31,32,33,34,35,36,37,38,39,44,46,47,48,49,50,51,52,53,55,56,58,59,61,62,63,64,66,67,69,70,71,72,73,74,75,77,78,79,80,81,82,83,84,85,86,87,88,89,90,92,93,95,96,98	1ff272521bf1a88e3576c48754a7bd9e7146223654fa515e671abfce824b5d07	326	454636	08517f195ec2a6820a6bd7f8aa3d30a5ef6eb0e704b0b41464209836227f2382	86b40bf44cce4d4095ba1b324c181753b4362998022eea6d8d3c929d34da5f6c	
tf_h00326	tf	326	89	32fe12c168ef80291e487dbf4045f430b9c5d90a	836c8edbfc75b517cefdde6426755f9e3b71021df09b06c6f3b9c262057cd47e	10.76	10.7	0.05	66748	21921	2258	19663	0.10300624971488527	1,2,3,5,7,8,9,10,11,12,13,15,16,17,18,19,20,21,22,25,26,27,28,29,30,31,32,33,34,35,36,37,38,39,41,42,44,45,46,47,48,49,50,51,52,53,54,56,57,59,60,61,62,63,65,66,67,68,70,71,72,73,74,75,77,83,85,86,87,88,89,90,91,93,94,95,96,97,98,99	b9a8f115c40173733afe4624dea98695de96c1c5ab5244ce77f5d75a5215a511	326	436247	3b9221ccef7035c01ca1f0fbd7350de0044b17a185751985401c3e71c3548f2d	87ca1241408d01f657dc2c7f89538f24d16ff033abe4849038e7a48040d2a91a	
tf_h00326	tf	326	90	32fe12c168ef80291e487dbf4045f430b9c5d90a	836c8edbfc75b517cefdde6426755f9e3b71021df09b06c6f3b9c262057cd47e	10.87	10.82	0.05	66620	22334	2395	19939	0.10723560490731619	0,1,2,4,5,7,8,9,10,11,12,13,15,18,19,20,21,22,23,24,25,26,27,28,29,30,31,32,33,34,35,36,38,39,40,41,42,43,44,46,48,50,52,53,54,57,59,61,62,63,64,65,66,67,68,69,71,72,73,74,75,78,79,80,81,83,85,86,87,88,89,90,91,93,94,95,96,97,98,99	1420766758ecd3b0df912bccafde2f7a139a0979a66ca77739711ec7172a9519	326	442287	645b36a37be5816af43de7490e46fee17f935edf0e21121550a18dee440061c9	6d4a209074405a02d555db7e6a787f045a16af0edb616fb88c0f42fe3c041c91	
tf_h00326	tf	326	91	32fe12c168ef80291e487dbf4045f430b9c5d90a	836c8edbfc75b517cefdde6426755f9e3b71021df09b06c6f3b9c262057cd47e	10.64	10.58	0.05	66748	22682	2393	20289	0.10550216030332422	0,1,2,5,6,7,8,9,10,11,12,13,14,15,17,18,20,21,22,23,24,25,27,28,29,30,33,34,35,37,38,39,40,42,43,44,45,46,48,49,50,52,53,55,57,58,59,60,61,63,64,65,67,69,70,71,72,73,74,78,80,81,82,83,84,85,86,87,88,89,90,91,92,93,94,95,96,97,98,99	e814558bb913daafcbeb124427543dfc06c429ea2854b6b9c1f86302b94ec56d	326	449932	7352721983b06f01ceeb0dda5a0b77aa4943ce6cb632d4b53dfee6172f714d71	55216036379a5a8a713e47c26732bf58ceac95720cf4ac3188754478e90a4d47	
tf_h00326	tf	326	92	32fe12c168ef80291e487dbf4045f430b9c5d90a	836c8edbfc75b517cefdde6426755f9e3b71021df09b06c6f3b9c262057cd47e	10.81	10.74	0.06	66824	23192	2813	20379	0.12129182476716109	0,1,2,3,4,5,6,7,8,9,10,11,14,15,17,18,19,20,21,22,23,24,25,26,27,28,29,31,32,33,34,35,36,38,40,41,44,45,46,47,48,49,50,51,52,53,55,56,58,59,61,63,64,65,66,67,68,69,70,71,74,75,76,77,79,81,82,83,84,85,86,88,89,90,91,92,93,94,95,97	912e5681cae5e7102ba9db481c1e696c4f7c29433b47468e08814654bf8698f9	326	451874	8ef566d031cebfd645c2aadaa4430630ba1dbd6ebfcf5470a052d420a54e0590	bb2aa74bac0448e08d437f4ece027d2d86d2bead9488c6315b9a468aa5297cac	
tf_h00326	tf	326	93	32fe12c168ef80291e487dbf4045f430b9c5d90a	836c8edbfc75b517cefdde6426755f9e3b71021df09b06c6f3b9c262057cd47e	11.09	11.06	0.03	66748	22674	2602	20072	0.11475699038546353	1,2,4,5,7,9,10,11,12,13,14,15,16,17,19,21,22,23,24,26,27,28,29,30,31,33,34,35,36,37,38,40,41,42,45,46,47,49,50,53,54,55,56,57,59,60,61,62,63,64,65,66,67,68,69,70,71,72,73,74,75,76,77,78,79,80,82,84,85,86,87,89,90,91,93,94,95,96,97,99	2c27a7f6af10283d07eb323af14478f81903e271db2d54e722f12eab249b934f	326	445205	22b6772b048349c22aac7a880394710e60c0b59af8acd68244c9062305c633ce	30827309c82880b1ba6a97238bf69df052c792c733b6e93a9c1a554bd4d74107	
tf_h00326	tf	326	94	32fe12c168ef80291e487dbf4045f430b9c5d90a	836c8edbfc75b517cefdde6426755f9e3b71021df09b06c6f3b9c262057cd47e	10.7	10.64	0.05	66752	22591	2613	19978	0.11566553052100394	0,3,4,5,6,7,8,10,11,12,13,16,17,18,19,20,21,24,26,27,28,29,30,31,32,33,34,35,37,38,39,40,42,43,44,45,46,47,50,51,52,53,54,55,57,58,59,60,61,62,63,64,65,67,68,69,70,71,73,74,75,76,77,79,80,81,83,85,86,87,88,89,90,92,93,94,95,96,97,98	1920b466f720df9dc44b6de42d88103f0e9c0417ef04609b99c9ad28a7a3c2ad	326	443121	9774a7a44c7e4b5895198b0b11c5ee2da960a63d6be9a84ddf0e3e79abe54dad	acc1457fd12081e2f27fbeb8d92cd81bf5e9f477ff7de29ca8ea088ef1970bff	
tf_h00326	tf	326	95	32fe12c168ef80291e487dbf4045f430b9c5d90a	836c8edbfc75b517cefdde6426755f9e3b71021df09b06c6f3b9c262057cd47e	10.68	10.6	0.07	66748	21587	2416	19171	0.11191921063603094	0,1,3,4,5,6,7,8,9,10,11,12,13,15,16,17,18,19,20,22,23,24,26,27,28,29,30,31,32,33,34,35,36,37,38,39,40,41,42,43,44,45,46,47,48,49,50,51,54,55,56,60,62,63,65,66,68,69,71,72,73,74,75,76,77,78,79,81,83,85,86,87,89,91,92,94,95,96,97,98	094a7131b8d0e86195a6021dc479efe5cdcac7c3a1efc391e247197274a494ec	326	425488	46a7b41b6db19690ec52feb5890ad3e8cd0f1edf4cbe78b61ef6599d2da9f59a	ebf3ba4402c10818ab1a15e03a01d5f46b8aa929216c2222f5a49b20f14ef66a	
tf_h00326	tf	326	96	32fe12c168ef80291e487dbf4045f430b9c5d90a	836c8edbfc75b517cefdde6426755f9e3b71021df09b06c6f3b9c262057cd47e	10.4	10.34	0.05	66752	23188	2586	20602	0.11152320165602898	0,1,2,3,4,6,8,9,10,11,12,13,14,18,19,21,22,23,25,26,27,29,30,31,32,33,34,35,36,37,38,40,41,42,43,44,45,46,47,48,49,50,51,53,54,56,57,58,59,60,62,64,65,66,67,68,69,70,71,72,73,76,78,80,81,82,83,84,85,86,87,88,89,90,91,93,95,97,98,99	d4e86ec3edce1ab8e5a0af49e012b8a58de3d1d6905c6be172d4a706f6805936	326	456748	67e74a61039eb766216681d4bda5ed3736cfc686a01ac5cfcae8c06585feeb8f	0b3ee5644f478c970d43abcbfe47f98b9724f0bd1a4040a2143bb214aae586e0	
tf_h00326	tf	326	97	32fe12c168ef80291e487dbf4045f430b9c5d90a	836c8edbfc75b517cefdde6426755f9e3b71021df09b06c6f3b9c262057cd47e	10.48	10.4	0.06	66748	21553	2299	19254	0.10666728529671043	0,1,2,3,4,5,6,8,9,10,11,12,13,14,15,16,17,18,19,22,23,25,26,27,28,29,30,31,32,34,37,38,39,40,41,42,44,45,48,51,52,53,55,56,57,58,59,60,61,62,64,65,66,68,69,70,71,72,73,74,75,76,77,78,79,80,81,82,83,85,87,88,89,91,93,94,95,96,98,99	c49bfed7f4bb6c9bbfaa261e14c6cba48bfb316c444025476bfea79666c0f094	326	427341	1f15ecbf62d2834a90e2788944249fec5d0d5c08e120976461b5d0b3911726a5	8e7e866b7f2cd3bca3a5739898d00a5d5ac954e879c7df4b181fd1e2ddb2bfe5	
tf_h00326	tf	326	98	32fe12c168ef80291e487dbf4045f430b9c5d90a	836c8edbfc75b517cefdde6426755f9e3b71021df09b06c6f3b9c262057cd47e	10.66	10.6	0.06	66640	23569	2562	21007	0.1087021087021087	0,2,4,5,6,7,8,9,10,11,13,14,16,17,18,20,21,22,23,25,28,29,30,32,33,35,36,37,38,40,41,42,43,44,45,46,47,49,50,51,52,53,54,55,56,57,58,59,61,63,64,65,66,67,68,69,71,72,73,74,75,76,79,81,82,83,84,85,86,87,88,91,92,93,94,95,96,97,98,99	c0cddf8309246fd05f86b0660dd7cdc50e1d6e8125c6e4b2dd952cc1fb59e5ad	326	465676	65b9f3346954b4b4a03aa87c513ad3c0618ba540d5b82927ef6e2ca7ab8f2e46	73b29fa4c02db39ec7ab4853bbbb18ec2fcdb0bec35e264d048c5e6bed963981	
tf_h00326	tf	326	99	32fe12c168ef80291e487dbf4045f430b9c5d90a	836c8edbfc75b517cefdde6426755f9e3b71021df09b06c6f3b9c262057cd47e	10.54	10.48	0.05	66620	22995	2336	20659	0.10158730158730159	0,1,3,4,5,7,8,9,10,11,12,13,14,15,17,18,19,22,23,24,25,26,27,29,30,32,33,34,35,36,38,39,41,42,43,44,45,46,48,49,50,52,54,55,56,57,58,60,61,63,64,65,68,69,70,71,73,74,75,77,78,79,80,81,82,83,84,85,87,88,89,90,92,93,94,95,96,97,98,99	4a657ce072f0a06555dbe3038d331eebd271423e3272199585fd4548ac03b1f4	326	458131	bc2cbb81f9a41db2458eca04e9314af92dac1cdea18c8ad6e753c155985dea0b	437eccbf908370c74a020631f05e8974887a2933335618fc0488b5a2c0487ace	
tf_h00326	tf	326	100	32fe12c168ef80291e487dbf4045f430b9c5d90a	836c8edbfc75b517cefdde6426755f9e3b71021df09b06c6f3b9c262057cd47e	10.56	10.51	0.04	66748	21602	2016	19586	0.09332469215813351	1,3,4,5,6,8,9,11,12,14,15,16,18,19,21,22,23,24,25,26,28,29,30,34,35,36,37,38,39,40,41,42,44,45,46,47,48,49,50,51,52,54,55,56,57,58,59,60,61,62,63,64,65,66,68,69,70,73,74,75,77,78,79,80,81,82,83,85,87,88,89,90,91,93,94,95,96,97,98,99	b180db6c281fbb288779c47b5b9a185f05af8af4d3175083cb0db1c21077333c	326	434591	c270713f91ed31bde6d1b758acc7f1f5fa502472227bab6009dd4d22e6ee0d0b	58b00500834259e829d9a46fff296f00cd21589d8e390841075dd55ad45ab7cb	
tf_h01304	tf	1304	1	32fe12c168ef80291e487dbf4045f430b9c5d90a	836c8edbfc75b517cefdde6426755f9e3b71021df09b06c6f3b9c262057cd47e	37.29	37.22	0.06	68140	88906	15614	73292	0.17562369243920545	0,1,2,3,4,5,6,7,8,9,10,11,12,13,15,16,17,19,20,21,22,23,24,25,26,28,31,32,33,34,35,36,37,38,39,40,41,43,44,45,46,48,49,50,52,54,55,57,58,59,61,62,63,64,66,69,70,72,73,74,75,76,77,78,79,80,81,82,83,84,85,88,89,90,91,92,95,96,98,99	42c550fd22235048e18957d92ee6961f28d488749e570865072f55b8d56e5063	1304	1622984	a360d4275543457e82917a08c8d9d7013b400830db33bf751ec463a7da18504a	10c80e34d35819a72563556b18fd7b24926a3d7c91d8dbbebaf62c6abb92cc65	
tf_h01304	tf	1304	2	32fe12c168ef80291e487dbf4045f430b9c5d90a	836c8edbfc75b517cefdde6426755f9e3b71021df09b06c6f3b9c262057cd47e	36.97	36.91	0.05	68052	89551	17613	71938	0.19668122075688713	0,1,2,3,4,6,7,8,9,10,12,13,14,15,16,18,19,20,21,22,25,27,28,29,30,31,33,34,37,38,40,41,42,44,45,47,48,49,50,51,52,53,54,55,56,58,59,60,61,62,63,64,66,67,69,70,71,73,74,75,76,77,78,80,81,82,84,85,86,87,88,90,91,92,94,95,96,97,98,99	6698737f9825eb173ddb1a599a26867cfbc7ea3685295ecffec0274978d0a225	1304	1593485	c1cbc91707058972d6435fddde0246f1310870af5213c46b381c89d13b8a6b7d	1471bb44a4e1d4782978d1979afc3acab0d10b16eb59adec960b8cfa0eff1501	
tf_h01304	tf	1304	3	32fe12c168ef80291e487dbf4045f430b9c5d90a	836c8edbfc75b517cefdde6426755f9e3b71021df09b06c6f3b9c262057cd47e	37.7	37.63	0.07	68012	86634	16113	70521	0.1859893344414433	0,2,3,4,5,6,7,8,9,10,11,12,13,14,15,18,19,20,22,23,24,25,27,28,29,30,31,32,34,35,36,37,38,39,40,41,42,43,44,46,48,49,50,52,53,54,55,56,57,58,60,61,62,64,65,67,68,69,70,71,72,73,74,75,78,81,83,85,86,87,88,89,90,91,92,93,94,95,96,99	32dc7b6571ea0327dc4f789ee40daaf7f37ee06da37a16a782e4d512a92d2ace	1304	1562548	773a2233ca62eaab8911c685253925132bab85e11cd06a16fa921a58c1ed4088	3606a58d02b84d248cd2a38526300961635177373242a69c14755f6b5fc773ff	
tf_h01304	tf	1304	4	32fe12c168ef80291e487dbf4045f430b9c5d90a	836c8edbfc75b517cefdde6426755f9e3b71021df09b06c6f3b9c262057cd47e	40.93	40.89	0.08	68140	89794	17651	72143	0.1965721540414727	0,2,4,5,7,8,9,10,12,13,14,15,16,17,19,20,21,22,23,24,25,27,28,29,30,31,32,33,34,35,36,37,38,40,42,44,47,48,49,50,51,52,53,54,55,57,58,59,60,61,62,63,64,65,66,67,68,69,70,71,72,73,74,75,77,78,79,80,81,84,85,86,89,90,91,92,95,97,98,99	efb4cdd2693be18d0cc63879f8c428c7b5b5b9f559d878783ac5b34d062673b4	1304	1598054	c57cdb8b88dbd1ae7a1326b1ae714eb93ff557486730a4d28e0607f998a54e7e	0a7d9d9a9e095ce3e7dc1c1ab9b8b8c0ca2947f8808683c8d3b9c33ab2c04550	
tf_h01304	tf	1304	5	32fe12c168ef80291e487dbf4045f430b9c5d90a	836c8edbfc75b517cefdde6426755f9e3b71021df09b06c6f3b9c262057cd47e	39.9	39.73	0.07	68012	87900	15083	72817	0.17159271899886233	0,1,2,3,4,5,6,7,8,11,12,13,14,15,16,17,18,19,20,22,23,25,27,28,29,30,31,34,35,36,37,38,39,40,42,45,46,49,50,51,52,53,54,55,58,59,60,61,62,63,64,66,67,68,69,71,72,73,74,75,76,77,78,79,80,81,82,83,84,85,86,87,89,91,92,94,96,97,98,99	3ba77b10268001a79da9f946e4bcda978faeaf1abc0306d44495d0e49ca97d5d	1304	1612772	7c986556ffe2448c0104d2b5938cdfe2bdcea47daddbccf518cc0007fceae496	36120c0c577b4de1954752c61ae223ee921b8381f6301b0a7fe408cbf0fca3a3	
tf_h01304	tf	1304	6	32fe12c168ef80291e487dbf4045f430b9c5d90a	836c8edbfc75b517cefdde6426755f9e3b71021df09b06c6f3b9c262057cd47e	37.85	37.8	0.04	68012	89803	17540	72263	0.19531641481910403	0,1,2,3,4,5,9,10,11,12,14,15,16,17,18,19,20,21,22,25,26,28,29,30,31,32,33,34,36,37,38,41,42,44,45,46,47,48,49,50,51,52,53,54,56,58,59,60,61,62,63,64,65,66,70,71,73,74,75,76,77,78,79,80,81,83,84,85,86,87,89,90,91,92,93,95,96,97,98,99	afe6035a333b48945a149fc3c7db2c57aa81c9149c6675551f72afc13586ca2b	1304	1600590	87ab94c7659142d55dd33853669dfc6a99a9aa48a976eaeaa2a96f1e46dde149	f0adb9064e13047567740fe69993faacab93984f6b31966bd3c6656cb5721883	
tf_h01304	tf	1304	7	32fe12c168ef80291e487dbf4045f430b9c5d90a	836c8edbfc75b517cefdde6426755f9e3b71021df09b06c6f3b9c262057cd47e	37.83	37.75	0.06	68152	93558	19347	74211	0.2067915090104534	0,1,2,3,4,5,6,8,9,10,12,14,15,16,17,23,24,25,26,27,28,29,31,32,33,34,35,36,37,38,39,40,41,42,43,45,46,48,50,51,52,53,54,56,57,58,59,60,61,62,63,64,65,66,67,68,70,71,73,75,76,78,79,80,81,83,84,85,86,87,89,90,91,92,93,95,96,97,98,99	6d485410d62c77b60e212f512bdda63033395906bd325fd82545aa3ea929bb06	1304	1643246	eb6c51f08a1fda644b96f765605e6e1bdb3558bef25be913c1ba571c1335dc9d	53e5b757de6e0463910916e7ce5d0b2925f35ed21e0e1097b350860ab2c5f3a1	
tf_h01304	tf	1304	8	32fe12c168ef80291e487dbf4045f430b9c5d90a	836c8edbfc75b517cefdde6426755f9e3b71021df09b06c6f3b9c262057cd47e	38.06	38.0	0.05	68272	98301	22539	75762	0.2292855616931669	0,1,2,3,4,5,8,10,11,13,14,15,16,18,19,20,22,23,25,26,27,28,29,31,32,33,34,35,37,39,40,41,42,43,44,46,48,49,50,51,52,53,54,55,56,57,58,59,60,61,62,64,68,70,71,72,73,74,76,77,78,79,80,81,82,83,84,85,86,87,88,89,91,93,94,95,96,97,98,99	6ecc84838e1f67a26b0ab3576772e218c47693f15ace26cc2f7936831bd4ef14	1304	1677113	b94944557a79493df8be40991e2c86677e0c55bc0ddb79cf0463f506a8734e18	2d1aa072ed988eb4481e3370218f338740db90f415f0bca2f9507907f9dad5b1	
tf_h01304	tf	1304	9	32fe12c168ef80291e487dbf4045f430b9c5d90a	836c8edbfc75b517cefdde6426755f9e3b71021df09b06c6f3b9c262057cd47e	38.66	38.62	0.03	68140	93367	18569	74798	0.19888183191063225	0,1,2,3,4,5,6,7,8,9,10,12,13,14,15,16,17,18,19,20,21,22,24,26,28,29,30,33,34,35,36,37,38,40,42,43,44,45,47,48,50,51,52,53,54,56,58,59,60,61,62,63,65,66,67,70,71,72,73,74,75,76,77,78,79,81,82,83,84,85,86,87,88,89,90,93,96,97,98,99	5daffe8b162c6754c3bebcca5689f38a74f59e8a9524ef10e09d1beff866665d	1304	1655937	cc6583f1f1ffeb62d46f4ee3d434c9a6d80b7893ceeb30c02c549e02aa6b939e	374c4661246946c0ba68b9322b76f43a96a1b133df0c5245106810de17b7e450	
tf_h01304	tf	1304	10	32fe12c168ef80291e487dbf4045f430b9c5d90a	836c8edbfc75b517cefdde6426755f9e3b71021df09b06c6f3b9c262057cd47e	38.58	38.5	0.07	68140	91607	17473	74134	0.19073869900771775	1,2,3,4,5,6,7,8,9,10,11,12,13,14,15,16,17,18,19,20,23,24,25,26,27,28,29,30,31,32,33,34,35,37,39,40,41,42,43,44,45,47,48,50,51,52,54,55,56,59,60,61,64,66,67,68,71,72,73,74,75,76,77,82,83,84,86,87,88,89,90,91,92,93,94,95,96,97,98,99	e60c7095b65234207b890114977da6fde48a3c1e57cba4cb3d6615246cb7d6d8	1304	1641481	701b2a2b5e6b00c1760df7695a845d74af2ab708c8a54a08c63d6f4af61cb6e3	edb0867b810c63ccecff79525c3eeb11e6cbb6df7c1e817fe5d4d5f65ccc3a5e	
tf_h01304	tf	1304	11	32fe12c168ef80291e487dbf4045f430b9c5d90a	836c8edbfc75b517cefdde6426755f9e3b71021df09b06c6f3b9c262057cd47e	38.4	38.34	0.05	68012	88144	15206	72938	0.17251316028317298	0,1,3,4,5,6,7,8,9,10,11,12,13,14,15,16,17,18,19,20,21,23,24,26,27,28,29,30,31,32,33,34,35,37,38,39,40,41,42,43,44,45,47,48,49,50,53,54,55,57,59,60,61,62,65,66,68,70,72,73,74,75,76,77,78,79,80,83,85,86,87,88,89,91,92,93,95,97,98,99	c793646c80aa48a44d4efa442141ca9170a8f695fb68379bb826038c3a0e11f7	1304	1615136	15d23e2c5377282f56437892b994819c2b276460423ab9f7de00dd938683ff82	75809f02296c453631da9c685793b73ee3e75daf233be165a39c8d88393f1e0b	
tf_h01304	tf	1304	12	32fe12c168ef80291e487dbf4045f430b9c5d90a	836c8edbfc75b517cefdde6426755f9e3b71021df09b06c6f3b9c262057cd47e	37.78	37.71	0.05	68144	93645	19488	74157	0.20810507768700945	0,2,3,4,5,6,7,8,9,10,11,12,13,14,15,16,17,18,20,23,24,25,26,27,29,30,31,32,34,35,36,37,38,39,41,43,45,47,49,50,51,52,53,54,56,57,58,59,60,61,62,63,64,65,66,68,69,70,71,73,74,76,78,79,80,81,82,83,84,85,86,87,88,89,90,91,92,94,96,98	35cab32502ba7ffc50389b6be48f807559d6771f397584fbb601b36848a7ebdb	1304	1642207	2601bb2dce4a47a71750647387631e20c3a5a84313ceee1a0faba3fb70d3d4c0	ec2767156d6f54f84386ac6ed173f3eb873d44aa06072a7027397a8ea8659bdd	
tf_h01304	tf	1304	13	32fe12c168ef80291e487dbf4045f430b9c5d90a	836c8edbfc75b517cefdde6426755f9e3b71021df09b06c6f3b9c262057cd47e	40.14	40.07	0.06	68140	82662	12906	69756	0.15612978151992452	0,1,2,4,6,7,8,9,10,12,15,17,18,20,21,22,23,24,25,26,27,28,29,30,31,32,33,34,35,36,37,38,39,40,42,44,45,47,48,49,50,51,52,53,55,56,57,58,59,60,61,62,63,64,66,67,69,70,71,72,74,76,77,78,79,80,81,82,85,86,87,88,89,90,92,93,94,95,96,97	bb24e777729713b72738cadeab724242ec7be73672afba8a63bf3125a6b36a2f	1304	1545796	8aaedaa5466a87542128ba9fcbf5808b90656546e5fb244abe50cde442a7fc29	349c2bfc83719b018af7e91149f6ecf1bbbb544faea04de1efb0daf4a0c4dd3f	
tf_h01304	tf	1304	14	32fe12c168ef80291e487dbf4045f430b9c5d90a	836c8edbfc75b517cefdde6426755f9e3b71021df09b06c6f3b9c262057cd47e	37.74	37.67	0.06	67884	84321	13669	70652	0.1621067112581682	0,1,2,3,4,6,9,10,11,12,13,14,17,18,19,20,21,22,24,25,27,29,31,32,35,37,38,39,40,41,43,44,45,46,47,48,50,51,52,53,54,55,57,58,59,60,61,62,63,64,66,67,69,70,71,72,74,75,76,77,78,79,80,81,82,83,85,86,87,88,89,90,91,92,93,94,95,96,97,98	97486352ddb17005ce172ba91843dbb265dffff895ab501f79ff4aeea2084acf	1304	1565292	99c3c34161671c72e453abd8482b8b4dd866960a198780a3c898b616d1a699ee	14da29de836820a146fc0e46ee45cbcb8b7b358dfcb6952cad41e9c7517d2630	
tf_h01304	tf	1304	15	32fe12c168ef80291e487dbf4045f430b9c5d90a	836c8edbfc75b517cefdde6426755f9e3b71021df09b06c6f3b9c262057cd47e	37.86	37.79	0.06	68140	94563	20181	74382	0.21341328003553187	1,2,3,4,5,6,7,8,9,10,12,13,14,15,16,17,18,19,20,21,22,23,24,27,28,30,31,32,33,34,35,38,39,41,42,44,45,46,48,50,51,52,53,54,57,58,59,60,61,62,63,65,66,67,68,70,71,72,73,74,75,76,77,78,79,81,82,83,84,85,86,88,89,90,92,93,94,96,97,98	766a3d4eac15abf4c93997f7584f19a41493df64244cbc01730fc0b613fcdc90	1304	1646927	3f95d2e1d352aecc25ec1e2c1a3132e8f71543bdfd2d22ba41fb604d75207cb4	ab7b54dd68f53b9c2e64a3cb10d6e7a57dd0b0c91f43d226b0fa0d4186c0f567	
tf_h01304	tf	1304	16	32fe12c168ef80291e487dbf4045f430b9c5d90a	836c8edbfc75b517cefdde6426755f9e3b71021df09b06c6f3b9c262057cd47e	38.51	38.46	0.04	67968	92238	18521	73717	0.20079576747110736	0,1,2,3,5,6,7,9,10,11,12,13,14,15,16,17,18,19,20,21,22,23,24,25,26,28,29,32,33,34,35,36,37,38,40,43,44,46,48,50,51,52,53,54,55,56,57,59,60,62,63,65,66,67,69,71,72,73,75,76,77,78,79,80,81,83,84,85,86,87,88,89,90,91,93,94,96,97,98,99	f908595812f6ecb64b3d170a1abee3c290008463b8dc6bd83842310d2e4ff197	1304	1632448	1ba20773b269d55092fee1be45346a0b65e6e559239701deaa0a26902b48a0d0	10f8504002a959dbb997877070d5671b45b065d9a45a5ef94d54ab575a58f343	
tf_h01304	tf	1304	17	32fe12c168ef80291e487dbf4045f430b9c5d90a	836c8edbfc75b517cefdde6426755f9e3b71021df09b06c6f3b9c262057cd47e	38.18	38.12	0.04	68144	90014	18129	71885	0.20140200413269047	0,1,2,4,5,6,7,8,9,10,12,13,14,15,16,18,19,20,21,22,23,24,26,27,28,29,30,31,32,33,34,35,36,37,38,39,40,41,42,43,44,45,46,47,48,49,50,51,52,53,54,55,56,57,59,60,63,65,68,70,72,73,74,75,76,77,78,79,80,82,83,85,86,87,88,90,92,94,95,97	81e6e1907e78d3bcf26a8a1801dfa1c4cf02aa8a065ad4c63226b72dfc487175	1304	1592296	fdc65cf4bacfab0cfd520a03fdebfabf7fd464877a4b1b5b41609a639491ec5f	308d2b6ca8462561b05017f5a98361555039396c58fa366e544e4b9129f5e248	
tf_h01304	tf	1304	18	32fe12c168ef80291e487dbf4045f430b9c5d90a	836c8edbfc75b517cefdde6426755f9e3b71021df09b06c6f3b9c262057cd47e	38.41	38.34	0.06	68012	85939	15233	70706	0.17725363339112626	0,1,2,4,5,6,7,10,11,12,13,14,15,16,17,18,19,20,21,22,24,25,27,28,29,30,31,33,34,35,37,38,41,42,43,44,45,46,47,48,49,50,51,52,53,54,55,58,60,61,62,63,64,65,66,67,68,69,70,71,72,73,75,76,77,79,83,84,85,86,87,88,89,90,91,92,93,94,97,99	a94c76ea34dc24fa4824714a0acdb979bee75e3b85256e44a60cbfa71af2e328	1304	1566383	adf276722e5553108a46fb27bea1139248a107dcd4776d8402655d7b388102bc	c97e3a670b56dc8382b58d157200a8bf987e7761077571570f946f0c8dcf856a	
tf_h01304	tf	1304	19	32fe12c168ef80291e487dbf4045f430b9c5d90a	836c8edbfc75b517cefdde6426755f9e3b71021df09b06c6f3b9c262057cd47e	37.72	37.68	0.04	68016	86842	14388	72454	0.16568020082448584	1,2,3,5,6,7,8,9,10,11,12,13,15,16,17,18,19,20,21,22,23,24,25,26,28,29,30,31,33,34,35,36,37,39,41,42,45,48,49,50,51,52,53,54,55,57,58,59,60,61,62,63,65,66,67,68,70,72,74,75,76,78,79,80,82,83,84,85,87,88,89,90,91,92,93,94,95,96,98,99	a6e1e411bab722637325f7d6ef0ddbe703cd8d9de5cc1be1ae54038cd6e7be30	1304	1604790	cd880dea74ceefebbe276c453866944f5df0a95b3a9f01e1ed98bcdea313ce87	7682099b0872c204b0452be32c06ce3b462195aa62b4136ee45308110aea4c1c	
tf_h01304	tf	1304	20	32fe12c168ef80291e487dbf4045f430b9c5d90a	836c8edbfc75b517cefdde6426755f9e3b71021df09b06c6f3b9c262057cd47e	38.45	38.38	0.06	68140	91204	17784	73420	0.19499144774352	0,1,3,5,6,7,8,10,12,13,15,16,17,18,19,20,21,22,24,25,26,27,30,31,33,34,35,36,37,38,39,41,42,43,45,46,47,48,49,50,51,52,53,54,55,57,61,62,63,64,65,66,67,68,69,70,72,73,74,75,77,79,81,82,83,84,85,86,87,88,89,90,91,92,93,94,95,96,97,99	44ff8a2665404a07f6c33d3a215c6a71479b7ad7b27d23f788e0749b82ad73eb	1304	1625843	db4ad7e9a4ec9f7a74b101f9fb96190e6a0222bfd46fb37721f27b3d7bce30ed	b8c8dfd24ecc58c2f53c37c231d75a891ec7989c4b27037a918e08b37364ca98	
tf_h01304	tf	1304	21	32fe12c168ef80291e487dbf4045f430b9c5d90a	836c8edbfc75b517cefdde6426755f9e3b71021df09b06c6f3b9c262057cd47e	38.66	38.58	0.07	68140	92588	18651	73937	0.20144079146325658	0,5,6,7,8,9,10,11,12,13,14,15,16,17,18,20,21,23,24,25,26,27,28,30,31,32,36,38,39,41,42,43,44,45,46,47,48,49,50,51,52,53,56,57,58,59,60,61,62,63,64,65,66,67,68,69,71,72,73,74,75,76,77,79,80,81,82,83,84,86,87,88,89,90,91,93,94,96,97,98	cbb6948bc3a83c13e568f186e71d9c540a6f111be8afd4a416201a7d0dd44500	1304	1637235	7cd2ed76cdfa8326a7897926a7d261835c2c711d4de59ee33a23c019a796ac2d	37c74d40e48d9924eadd992c53883ea3dd9a2da1210a1da3d872df0544784e29	
tf_h01304	tf	1304	22	32fe12c168ef80291e487dbf4045f430b9c5d90a	836c8edbfc75b517cefdde6426755f9e3b71021df09b06c6f3b9c262057cd47e	38.4	38.33	0.05	68140	88396	16630	71766	0.1881306846463641	0,1,2,3,4,5,6,7,8,9,10,11,12,13,14,15,17,19,20,21,22,23,24,25,26,27,29,30,31,32,35,36,38,39,40,41,42,43,44,46,47,49,50,51,52,53,54,55,56,57,58,59,60,61,62,63,64,65,67,69,71,73,75,79,82,83,84,85,86,87,89,90,91,92,93,94,95,96,97,99	27cd10be51bbfcf77948e614fd4bb73f7995aa65df5b9042cd9c4f33c0968fe2	1304	1589717	c2b5a2255f930941150c0773753a73b6b79b5cafd7e5058d39e44cde77468ae1	61a2d1c891ee355971be8f32de7bf0e1226f0d463523cee9323ec9fea221c439	
tf_h01304	tf	1304	23	32fe12c168ef80291e487dbf4045f430b9c5d90a	836c8edbfc75b517cefdde6426755f9e3b71021df09b06c6f3b9c262057cd47e	38.53	38.46	0.05	68012	89309	17426	71883	0.19512031262246807	0,1,3,4,5,7,8,9,10,11,12,13,14,18,19,20,22,27,28,29,30,31,32,33,34,35,36,37,38,40,41,42,43,45,46,47,48,49,50,51,53,55,56,57,58,59,60,61,63,64,65,66,67,68,70,71,72,73,75,76,77,78,79,80,81,82,84,85,86,87,88,90,91,92,94,95,96,97,98,99	3f6d286579cf518f22e3cf57b82acbb4ffefab46c951c874ae3b19a13f2464a1	1304	1592024	a6419de693ca18f9000fedf20f799f8f2c60ccf94c88519703e4e4114afb7e2e	3aa5c86ff4b94ed11c3b901ab23b5fe2665b589a2ec8ef2d52dee1bcf873ee66	
tf_h01304	tf	1304	24	32fe12c168ef80291e487dbf4045f430b9c5d90a	836c8edbfc75b517cefdde6426755f9e3b71021df09b06c6f3b9c262057cd47e	38.26	38.2	0.04	68012	88278	15558	72720	0.17623870046897303	0,2,3,4,5,6,7,8,9,10,12,13,14,15,16,17,18,19,20,21,23,25,26,27,28,29,30,31,32,33,34,36,38,39,40,41,42,43,44,45,46,47,49,50,51,52,53,54,55,58,60,61,63,64,67,68,69,70,71,72,74,75,76,77,78,81,82,83,85,86,88,89,90,91,92,94,95,97,98,99	1e70f3b3fd2daa394afe25f56054a58e23b95af23c31b42cd9861c0fdfa7bc25	1304	1610451	36effcc487c588533cfff7d6cb25756b0cbffd32476dd5d3a6be1cb8a60b379f	9843c3cdfca21bc14034f08153d599a4e688557a4f1cdc9f4546a87711c67d34	
tf_h01304	tf	1304	25	32fe12c168ef80291e487dbf4045f430b9c5d90a	836c8edbfc75b517cefdde6426755f9e3b71021df09b06c6f3b9c262057cd47e	37.72	37.67	0.03	67940	89122	17501	71621	0.19637126635398666	1,3,4,5,6,7,8,9,11,12,13,14,15,16,17,18,19,20,21,22,24,26,27,31,32,33,34,36,37,39,40,41,42,43,44,46,47,48,49,50,51,52,54,55,56,57,59,60,61,63,64,66,69,70,71,72,73,74,75,76,77,78,79,80,81,82,83,84,86,87,88,90,91,92,93,94,95,96,97,99	ccb9f4f72f8d2a1f70308bd4d927ebad2d9c51959010984e0a39b6d12d77a9d4	1304	1586577	2d195a7dc71a8b4cd37bb99690774617c108b62cd7158d25abb7072dd05b68e2	07d5cfa14ddc1995245154f1bcbac8bcd3e713ecbc7c0b858a8ee205ad905afd	
tf_h01304	tf	1304	26	32fe12c168ef80291e487dbf4045f430b9c5d90a	836c8edbfc75b517cefdde6426755f9e3b71021df09b06c6f3b9c262057cd47e	37.94	37.9	0.02	68012	87106	15462	71644	0.17750786398181526	0,2,3,4,5,6,7,8,9,10,11,13,14,17,18,19,21,22,24,25,26,29,30,31,32,33,34,35,36,37,38,39,40,41,43,45,46,47,49,50,51,52,53,54,56,57,58,59,60,61,62,63,64,65,66,67,68,70,71,72,73,75,76,77,78,80,81,82,83,84,86,87,88,89,90,93,94,95,97,99	7062dbd99082c671ad8f426b257016d87e2d18fda8bd7c3b7390865d20a5ec82	1304	1587005	2c2fe0778f02453a4d6606e4f808632c847aec1fa3ba5e18560a086f369d248d	668b713776b92a8ee6fffa5d0abf3b935a10250e37191215b6126a44007e646c	
tf_h01304	tf	1304	27	32fe12c168ef80291e487dbf4045f430b9c5d90a	836c8edbfc75b517cefdde6426755f9e3b71021df09b06c6f3b9c262057cd47e	38.68	38.61	0.06	67940	85691	14958	70733	0.17455742143282257	1,2,3,4,5,6,7,8,9,10,11,12,13,14,16,18,19,20,21,22,23,24,25,27,28,29,31,33,34,36,38,39,41,42,43,44,45,46,47,48,49,50,51,52,53,54,55,56,57,59,60,62,63,64,65,66,67,69,71,72,73,74,75,77,78,79,80,81,82,83,85,89,90,91,92,93,94,97,98,99	bf58d1c34fa6763c01383368981f4c5273e8ed20d856f765b744edd49c6c9823	1304	1567109	f7c1503ec6ae610ea10664e33aa4e4214c39febc96f6920e08238749c505d1f5	a304d9c3c65d41f1654d80ada599cb6eb1f22986b16c22fda1bccb5272a39592	
tf_h01304	tf	1304	28	32fe12c168ef80291e487dbf4045f430b9c5d90a	836c8edbfc75b517cefdde6426755f9e3b71021df09b06c6f3b9c262057cd47e	38.25	38.19	0.06	68140	91175	18234	72941	0.1999890320811626	0,1,2,3,4,5,6,7,8,9,11,12,13,15,16,17,19,20,21,22,23,24,27,29,30,31,32,33,34,35,36,37,38,39,40,42,43,45,48,50,51,52,53,54,56,57,58,60,62,64,65,66,67,69,70,71,72,73,74,75,76,77,78,79,80,82,83,84,85,86,87,88,89,92,93,94,95,96,97,98	1321d0a8ff6dcef68513ef4418c3f835feb7ea21792ae8016fe543f8598bcd01	1304	1615174	159d642f883613473da3da8b790517ee4e7e1afe8b98671f7a94057215d7fe66	33d01ebae9a98880c41a611973b95b6da7739ebf00e95307cd65c35c8fd60eef	
tf_h01304	tf	1304	29	32fe12c168ef80291e487dbf4045f430b9c5d90a	836c8edbfc75b517cefdde6426755f9e3b71021df09b06c6f3b9c262057cd47e	38.02	37.95	0.05	68012	89021	17578	71443	0.19745902652183192	1,2,3,5,6,9,10,11,12,13,14,15,16,18,19,24,25,27,28,29,30,31,33,35,36,37,39,40,41,42,43,45,46,47,48,49,50,51,52,53,54,55,56,57,58,59,60,61,62,63,64,65,67,68,69,70,71,72,73,74,76,79,80,81,82,83,84,85,86,88,89,90,91,93,94,95,96,97,98,99	365b7ebb8c8e792e78a2cc0bf9367a4d254d443d7a0dfe52cd994322173717ff	1304	1582601	720640bd122843709d4ff34fb71aeb3cc113d680b2eea33554e5d6f5dc0495a5	1b51a1ea27958d03fba041cf62c2274acc2aac400dafd377850415cee2100b7a	
tf_h01304	tf	1304	30	32fe12c168ef80291e487dbf4045f430b9c5d90a	836c8edbfc75b517cefdde6426755f9e3b71021df09b06c6f3b9c262057cd47e	38.74	38.68	0.05	68268	93457	18313	75144	0.19595107910589896	0,1,2,3,5,6,8,9,10,12,14,16,18,19,20,21,23,24,26,27,28,29,32,33,34,35,37,38,39,40,42,43,44,45,46,47,48,49,51,52,53,54,55,57,58,59,60,62,63,64,65,66,67,68,69,71,72,73,75,76,77,78,80,81,82,83,84,85,86,87,88,89,90,91,92,93,95,96,97,99	7528204281f48ddacfef9c2bffd78bc716c6a78c563832d622c08855fefc0517	1304	1663565	6b21d870a7a672c0d9ce6c5602d08da8cc4116d2a3673aa5161f583c5f64071f	22c04c2718366c69f8cf6dab91fac7e79f9dd2445111bd9d7a543e7146344e27	
tf_h01304	tf	1304	31	32fe12c168ef80291e487dbf4045f430b9c5d90a	836c8edbfc75b517cefdde6426755f9e3b71021df09b06c6f3b9c262057cd47e	38.61	38.53	0.06	68140	91817	18077	73740	0.1968807519304704	0,1,2,5,6,7,8,9,10,11,12,13,14,15,16,17,18,19,20,22,23,24,25,26,28,30,31,32,33,34,35,36,38,42,44,46,47,48,50,51,52,53,54,55,56,57,59,60,61,62,64,65,66,67,69,70,71,72,74,75,76,77,78,79,80,81,82,84,85,86,87,88,89,91,92,93,94,96,97,99	2de3cdb8efa70bd6fba2f56ca0a7c8d699fad9926fa4e080ce833cc8759c82a4	1304	1632851	606d91ddcc5e49af30c8916c939baa341c43bd9e57b56439ed3bbbb832b535ea	21d53ab731c81cf9e066c35a6e13c96d9a07789458765e0fda1137d0d0189d6d	
tf_h01304	tf	1304	32	32fe12c168ef80291e487dbf4045f430b9c5d90a	836c8edbfc75b517cefdde6426755f9e3b71021df09b06c6f3b9c262057cd47e	38.6	38.55	0.04	68144	90639	17244	73395	0.19024923046370767	0,1,2,3,6,7,8,9,11,12,13,14,15,16,18,19,21,22,23,24,25,26,27,28,29,30,32,33,34,35,37,39,40,41,45,47,48,49,50,52,53,54,55,56,57,58,60,61,62,63,64,65,66,67,68,69,70,71,72,73,75,76,77,79,80,81,82,83,84,85,86,89,90,91,93,94,95,96,97,99	4626d44ff12b612622e6d9d15496dadbb5a7c592bfde1e0877494c67ee9a856d	1304	1625640	be9a9eedffacf885ef4a64ab43db8b408bb60b6ea1008d11f615ee65f41f8cc7	76c8e5a781782a67c0faa8bcb0bdb6f307292d8f64394154d62be6d6a2e94397	
tf_h01304	tf	1304	33	32fe12c168ef80291e487dbf4045f430b9c5d90a	836c8edbfc75b517cefdde6426755f9e3b71021df09b06c6f3b9c262057cd47e	38.29	38.23	0.05	68012	86638	14977	71661	0.17286871811445323	0,1,2,3,4,5,6,8,9,10,11,12,13,14,15,19,20,21,22,23,24,25,27,28,29,30,33,35,36,37,38,39,40,43,44,45,46,47,48,49,50,51,52,53,54,55,56,58,59,60,61,62,63,65,68,69,70,71,73,74,75,76,77,79,80,81,82,83,84,87,89,90,91,93,94,95,96,97,98,99	a84e08eef558faa73254826c18af98fd902c66fc5f3b9e7437eee0de773c366b	1304	1587506	d059f7b3ada0aec4c532eee7026232f78d5a337e5ae3c75d3f99c84f0ee3d797	f74913ee27bf6685a8b7a0d89114cb52b7fe1a4342c9300c07a3d7769eda1b6d	
tf_h01304	tf	1304	34	32fe12c168ef80291e487dbf4045f430b9c5d90a	836c8edbfc75b517cefdde6426755f9e3b71021df09b06c6f3b9c262057cd47e	38.23	38.17	0.04	68220	94588	19610	74978	0.20732016746310314	0,3,5,6,7,8,9,10,11,12,13,14,16,17,18,19,20,21,22,23,25,26,27,28,29,30,31,32,34,35,36,37,39,40,41,42,44,45,46,47,49,50,51,53,54,55,56,57,58,60,62,63,64,65,66,67,68,69,71,72,73,74,75,77,80,81,82,83,84,85,86,88,90,91,92,93,94,96,97,98	d97d4b03bc9746f92196888f204edb02b7bfe38a4624c7fec5f234b7e46fb6f5	1304	1659949	b4ac746d0c6bf2b57c218a46643548523a99433eed86ce3821799343c9f7a7cb	8bde760a2900adf4609e1984dcd9f60fcf079568df972ba5f0a63e0d5ac04f0d	
tf_h01304	tf	1304	35	32fe12c168ef80291e487dbf4045f430b9c5d90a	836c8edbfc75b517cefdde6426755f9e3b71021df09b06c6f3b9c262057cd47e	38.07	37.93	0.07	67884	83971	14267	69704	0.16990389539245693	0,1,2,3,4,5,6,7,8,9,10,11,12,13,15,17,18,19,20,21,22,24,26,27,28,29,30,31,32,33,34,35,36,38,41,45,46,48,49,50,51,52,53,54,55,56,60,61,62,64,65,66,67,69,70,72,74,75,76,77,78,79,80,81,82,83,84,85,86,87,88,89,90,92,93,94,95,97,98,99	642f15ecdbf2cfcd0782b3be438938ea8335b55dba751be65246cb5e7f5d6122	1304	1544651	480955812ef83d4c9664efe258f7310281872a24980267f0ffa78b111f37589e	7d5405d68b61cd50c522080ee018194c55c3be7ce8be333a6e171dc55d901ba1	
tf_h01304	tf	1304	36	32fe12c168ef80291e487dbf4045f430b9c5d90a	836c8edbfc75b517cefdde6426755f9e3b71021df09b06c6f3b9c262057cd47e	37.94	37.87	0.06	68012	90583	16886	73697	0.1864146694192067	0,1,2,3,4,5,6,8,9,11,12,13,14,15,17,19,20,21,23,24,25,27,28,30,31,33,34,35,37,38,39,40,41,42,43,44,45,46,47,48,50,51,52,53,54,55,56,57,59,61,62,63,64,65,66,67,68,69,70,71,73,75,76,77,78,79,80,81,83,84,87,88,90,91,92,93,94,96,97,99	13acca205c24f21db539a271fd9ade97c85ea050de28f9920f1bfbfbe67000dd	1304	1631910	57b5ca982677889fc95d64a01cbb39d25e9094c186b89f3898fa10a7998af84d	d05f883f8b69eae0f4c24495e53947a409b094b56fd20f522974a655a5344bd4	
tf_h01304	tf	1304	37	32fe12c168ef80291e487dbf4045f430b9c5d90a	836c8edbfc75b517cefdde6426755f9e3b71021df09b06c6f3b9c262057cd47e	37.78	37.72	0.05	68268	89043	16286	72757	0.18290039643767617	1,2,3,4,5,7,8,9,10,11,12,14,15,16,17,18,20,21,22,23,24,25,26,28,30,31,32,33,34,36,37,38,39,40,41,42,44,45,46,47,52,53,54,55,57,58,59,60,61,63,64,66,67,68,69,70,72,73,74,75,76,77,78,79,80,81,82,83,84,86,87,89,90,92,93,94,95,96,97,98	4dda003a8bf3b54e8a840755abff1505779629e31a6f0ee428185c95e426761e	1304	1611404	411e29d5f507718c9792cb0681396048079dc7b3cb8e0b1b226f94285d5bd4d8	7d1cfb6855eeaa1ea72a52b7decee82a6437a74ee955840fc099c8dfb2e88e42	
tf_h01304	tf	1304	38	32fe12c168ef80291e487dbf4045f430b9c5d90a	836c8edbfc75b517cefdde6426755f9e3b71021df09b06c6f3b9c262057cd47e	37.87	37.78	0.08	68268	96021	19944	76077	0.20770456462648795	0,1,2,3,4,6,8,9,10,11,12,14,17,19,20,21,22,23,24,25,26,27,29,30,33,34,35,37,38,39,40,42,43,44,45,46,47,48,49,50,51,52,53,54,55,56,57,58,59,60,62,63,64,65,66,67,68,69,70,72,73,75,76,77,78,79,80,81,82,83,84,85,86,88,89,90,91,93,94,98	fecd2a43a0627359061e47ebfd09a52fe71babb59988685288e457503daac002	1304	1684003	f59629aa9328a24a08a1828569d33d888a6548b4ff9dc7a217d6a5ffc1fc1c1a	bb5d3fdd3d200fb70aef6c9f8a8f1bdeb3d57a8763d54e533fa5d7c7fe6ab844	
tf_h01304	tf	1304	39	32fe12c168ef80291e487dbf4045f430b9c5d90a	836c8edbfc75b517cefdde6426755f9e3b71021df09b06c6f3b9c262057cd47e	37.52	37.48	0.04	68140	92958	17631	75327	0.18966630091008843	0,1,2,3,6,8,10,11,12,13,15,17,18,19,20,21,23,24,26,28,29,30,31,32,33,34,35,37,38,39,40,41,42,43,44,45,47,48,49,50,51,52,53,54,56,57,58,59,60,61,63,64,65,66,67,68,69,70,71,73,75,76,79,80,81,82,83,84,85,86,87,88,89,90,93,94,95,96,98,99	273d9b127fba051d7c8ff23ed3d7e5bd952bee020fe51d1aa8a6f825896578fb	1304	1667477	237e4380e3d3c525f2a2fbf885b0c9fdd709655cbd2025d5e97e152ab238c4e3	2b397537568e193307a91f53a796855478f29128ad1d9ae5db99f2bdebf052e5	
tf_h01304	tf	1304	40	32fe12c168ef80291e487dbf4045f430b9c5d90a	836c8edbfc75b517cefdde6426755f9e3b71021df09b06c6f3b9c262057cd47e	37.8	37.74	0.05	68140	90444	17129	73315	0.1893879085400911	1,2,3,4,5,6,7,8,9,10,11,12,13,14,15,16,17,18,19,20,22,23,25,27,28,29,30,31,33,34,35,36,37,38,39,40,41,42,43,45,47,48,49,50,52,53,54,55,57,59,61,62,64,65,67,68,69,70,71,72,74,77,78,79,80,83,85,86,87,88,89,90,91,92,94,95,96,97,98,99	96729f38b4d75f011d349328d3bf78d8df97dfc8d2f633a91f05c360e2945f71	1304	1623572	87b07cec1b2ca682ebdb94b7e4489abfdd4ca06c76d9b39e9c4ed08dfa6db308	e7bc9769151894152a0fb2124fa8a6b7955aef2116fb96dd197938e74c288458	
tf_h01304	tf	1304	41	32fe12c168ef80291e487dbf4045f430b9c5d90a	836c8edbfc75b517cefdde6426755f9e3b71021df09b06c6f3b9c262057cd47e	38.41	38.32	0.08	68012	89264	17044	72220	0.1909392364222979	0,1,2,4,5,6,7,8,9,10,11,13,14,16,18,19,20,21,22,24,25,26,27,30,31,32,33,34,35,36,37,38,40,41,43,44,45,46,47,48,49,50,51,52,53,54,56,57,59,60,61,62,63,64,65,66,67,68,69,70,72,73,74,75,76,78,80,81,82,83,84,85,86,88,89,91,93,94,95,98	f14de4e0b7f505d07ba65aaab6cf470babdbfd048d7e952ad5278dd7734160d0	1304	1599822	ab249b8995b2cfdcc55a12d89453c74340e638f8a5e28b6a3489183da54de72e	ef38a8c2027bd1cae963fe8e7b04975182191149f5f6ec9db358a1b1f904d2cd	
tf_h01304	tf	1304	42	32fe12c168ef80291e487dbf4045f430b9c5d90a	836c8edbfc75b517cefdde6426755f9e3b71021df09b06c6f3b9c262057cd47e	38.2	38.16	0.03	68140	90656	19065	71591	0.21030047652665018	1,3,4,5,6,7,9,10,11,12,13,15,16,17,18,19,20,21,22,24,27,29,31,32,33,34,35,36,37,38,40,41,42,43,44,45,46,47,48,50,51,52,56,57,58,59,60,61,62,63,65,66,67,68,69,70,71,72,73,74,75,78,79,80,81,82,83,84,85,86,87,88,89,93,94,95,96,97,98,99	861b178f9171653402aae1ed2b05a3b4ab50b5fb249ce66a2ed29c786f1a0323	1304	1585984	197156a7b1cdeff6c9baaa88584971a7ea80886cb2bdf5e1f122ca083ee4272c	c4197e9abf047c187de2f14def60567b49fa20b4253d8fd815fd75addf4182f3	
tf_h01304	tf	1304	43	32fe12c168ef80291e487dbf4045f430b9c5d90a	836c8edbfc75b517cefdde6426755f9e3b71021df09b06c6f3b9c262057cd47e	38.1	38.03	0.05	68268	96319	21000	75319	0.21802551936793363	0,2,3,4,5,6,7,8,9,10,11,12,13,14,15,16,19,20,21,22,23,24,25,26,27,28,30,32,33,34,36,37,39,41,42,45,46,47,48,49,50,51,52,53,55,56,58,59,60,61,62,63,65,66,67,68,70,71,74,75,77,78,79,80,82,83,84,85,86,88,89,90,91,92,93,94,95,96,98,99	7617d7f1eef2c675b7f601d3cf0e74e202bd2259495f5c2b74e73e7a00acc989	1304	1667544	af9b6e90f0daa24676ad9a4981c78e7ad5a10c310fbe0aa13f7413ec11ef4059	840eadb4a62038caccfb73a20e7d958c13b48814f8d7a5e34a33b06f85cc7303	
tf_h01304	tf	1304	44	32fe12c168ef80291e487dbf4045f430b9c5d90a	836c8edbfc75b517cefdde6426755f9e3b71021df09b06c6f3b9c262057cd47e	38.52	38.46	0.04	68268	91528	18634	72894	0.20358797307927629	0,1,3,5,6,7,8,9,10,11,12,13,15,16,17,18,20,21,22,23,25,26,27,28,29,31,32,33,34,35,36,37,38,39,40,42,43,44,45,46,47,48,50,51,53,54,55,56,59,60,61,64,65,66,67,69,70,72,73,74,77,78,79,80,81,82,83,84,85,86,87,88,89,90,92,93,94,96,97,99	7cefea72ffa9af5375792283d3e07dfbe74943498fe4f89152412bf7ee591a26	1304	1614350	25fb85724969631181ca3a21a2e8031592d8d3b92306c5c0d75cf7eac62e4e30	ff7f4a4513b45c0d6d4993091a5f50a260d544ac1bc29401c23ab1d9b1124889	
tf_h01304	tf	1304	45	32fe12c168ef80291e487dbf4045f430b9c5d90a	836c8edbfc75b517cefdde6426755f9e3b71021df09b06c6f3b9c262057cd47e	38.42	38.37	0.04	68012	88493	16690	71803	0.18860248833241047	0,1,3,4,5,6,7,8,10,11,12,13,14,15,16,17,18,20,21,22,23,24,25,26,27,28,29,30,31,32,33,34,36,37,39,40,41,43,44,48,49,51,52,53,54,55,56,57,58,60,61,63,64,66,68,69,70,71,73,75,76,77,78,79,80,81,82,83,84,85,86,87,88,89,91,92,93,94,96,99	154d4b776ab2bf3c060658f50c6d8e521443c6cb4745ba94f76d9eada1782a4d	1304	1590507	ae03493a95b355661fa2d29cae0fa4eab16e799de69ec43254e34814f14d0eb1	ded2726d13d3eead377330d1abbf647e52a2ce643ddf7c65033f07f78861cbab	
tf_h01304	tf	1304	46	32fe12c168ef80291e487dbf4045f430b9c5d90a	836c8edbfc75b517cefdde6426755f9e3b71021df09b06c6f3b9c262057cd47e	38.38	38.3	0.07	68012	90015	18517	71498	0.2057101594178748	1,2,4,5,6,7,8,9,10,11,12,13,14,15,16,18,19,20,21,22,23,25,26,27,29,30,31,32,33,34,35,36,38,39,40,41,42,43,44,46,47,49,50,51,52,53,54,55,56,57,58,59,60,61,62,63,64,65,66,67,68,69,70,71,72,76,78,80,81,82,83,84,85,86,87,88,90,93,95,98	17d21142e0346fb0b40bd29071c18887926e6d47685c1544a3e42841368509f9	1304	1583780	9f0aca0d975380367409018e5976c834de82ae7ece1ee824226d7e81c532d8b7	81cb1070751933be8f974f442969e0e01068a6f9ab584973c951d62bb8aff2eb	
tf_h01304	tf	1304	47	32fe12c168ef80291e487dbf4045f430b9c5d90a	836c8edbfc75b517cefdde6426755f9e3b71021df09b06c6f3b9c262057cd47e	38.31	38.24	0.05	67904	88615	15925	72690	0.17970998138012753	0,1,2,3,4,5,8,9,10,11,15,16,17,18,19,20,21,23,24,25,26,27,28,29,30,32,33,34,35,37,38,40,41,42,44,45,46,47,48,49,51,52,53,55,56,58,60,61,63,64,65,67,69,70,71,72,73,74,75,76,77,78,79,80,81,82,83,84,86,87,88,89,90,91,92,93,94,96,97,99	95192313221795ebd1951e866dbb37b0e67be46eadf6b24b15451c3858f57e9a	1304	1609958	8c8c7b879640563f21038b5d30bde624ed3ddf840bfb743281b5beb2cd748b86	ba3b708556266a2b2be48c6888839deebd77ce3e5e5e096a785fdf47ef67df3e	
tf_h01304	tf	1304	48	32fe12c168ef80291e487dbf4045f430b9c5d90a	836c8edbfc75b517cefdde6426755f9e3b71021df09b06c6f3b9c262057cd47e	38.3	38.24	0.06	68140	85595	14274	71321	0.1667620772241369	1,2,3,4,6,7,8,9,10,11,15,17,18,19,20,24,25,26,27,28,29,30,32,33,35,36,37,38,40,41,42,43,44,45,46,47,49,50,51,52,53,54,55,56,57,58,59,61,62,63,65,66,68,69,70,71,72,73,74,75,76,77,80,81,84,85,86,87,88,89,90,91,92,93,94,95,96,97,98,99	260f55673c126e025e5f990c9ee92f5b995ed06af3387f3caf83f645352688d0	1304	1580159	e766ab0a491dfc09ab238fb999140b1bf68dd41ab09bca6c5e0470545508013d	3419b4d0ca8f1310ec32855272b5f5db9bf2e012e969664c2a6ded8a4115387f	
tf_h01304	tf	1304	49	32fe12c168ef80291e487dbf4045f430b9c5d90a	836c8edbfc75b517cefdde6426755f9e3b71021df09b06c6f3b9c262057cd47e	37.88	37.82	0.05	68140	88966	17497	71469	0.19667063822134298	1,2,3,4,5,6,7,8,10,11,12,13,14,15,16,17,20,21,22,25,26,27,28,29,30,31,33,34,35,36,37,38,40,41,42,43,44,45,46,48,49,50,51,52,53,54,55,56,57,58,59,60,62,63,65,66,67,68,69,70,72,73,74,76,78,79,80,81,83,84,88,90,91,92,93,94,95,97,98,99	e80181049a20d1e24d1d2f8f473c6303a9d44c18d635964d2bae7c48dc11c8b7	1304	1583224	775e3a5ec2fd07781a5f672307c088a38562dea2ba5eb599c7627b8bffbc9f8d	3d75ffd648837a011f9f294b86dbe699fc326fa7509e9412fdbac782f5722cc8	
tf_h01304	tf	1304	50	32fe12c168ef80291e487dbf4045f430b9c5d90a	836c8edbfc75b517cefdde6426755f9e3b71021df09b06c6f3b9c262057cd47e	38.39	38.31	0.07	68012	89479	16244	73235	0.1815398026352552	0,1,2,3,4,5,6,9,10,11,12,13,14,15,16,17,18,19,20,21,23,25,26,27,28,30,31,33,34,35,36,37,38,39,41,42,43,44,45,48,49,53,54,55,56,57,58,59,60,61,62,63,64,65,67,68,69,71,72,73,74,75,76,78,82,83,84,85,86,87,88,89,90,92,93,94,95,96,97,99	256c593b9417ad0ad51d64a0a9b0a741800da0ed7b4979cb65bbea7af5fc7b5d	1304	1622046	5afcee8201a33a6a7e268aa8adf6247a6db629947a38312198824a75bbaa254b	629204382453b4b25ec44fc8224b578ba0786e18ac55e5c9ee5cf733be0d9788	
tf_h01304	tf	1304	51	32fe12c168ef80291e487dbf4045f430b9c5d90a	836c8edbfc75b517cefdde6426755f9e3b71021df09b06c6f3b9c262057cd47e	38.35	38.29	0.05	68140	94484	18761	75723	0.19856271961390287	0,2,4,6,7,8,9,10,11,12,13,14,16,17,19,20,21,22,23,24,26,27,28,29,30,31,32,33,34,35,36,37,38,39,41,42,43,44,45,46,47,48,49,50,51,52,54,56,57,58,59,60,61,63,65,68,69,70,71,73,74,75,76,77,78,79,80,83,85,88,89,90,91,92,93,94,95,96,97,99	d49f535640836164460176b474bf1da557f7359b2a902f74c67be70571c68509	1304	1676291	ec83d48ef2726fc153f3864bc4d4d89bf686dd486b606b64b1a5bdae7e4119b1	93781806bedbdf2cf4d5ebfc6bd25a86d1d781856df07a8657996a0d94e97e1a	
tf_h01304	tf	1304	52	32fe12c168ef80291e487dbf4045f430b9c5d90a	836c8edbfc75b517cefdde6426755f9e3b71021df09b06c6f3b9c262057cd47e	38.93	38.86	0.07	68012	83386	12839	70547	0.15397069052358908	0,1,2,3,4,5,6,7,8,9,10,11,12,13,16,18,23,24,25,26,27,28,29,30,32,34,35,36,37,38,39,40,41,42,43,45,46,47,48,49,50,51,52,53,54,55,56,57,58,59,60,61,62,65,66,67,68,69,70,72,73,75,76,78,79,80,81,82,83,85,86,87,89,91,92,93,94,95,96,98	d6664fcfc68aad06d7b14e04eeb440d0e75584bb00a167069232832a995c8538	1304	1563066	6813a69f2845250cd7b791c48fa552db301f533065376c80a0c8fae03fd156fb	ec0d8b58637bb241661e6790d3e9c9b0ddff2e7b7a450effecc8244800073386	
tf_h01304	tf	1304	53	32fe12c168ef80291e487dbf4045f430b9c5d90a	836c8edbfc75b517cefdde6426755f9e3b71021df09b06c6f3b9c262057cd47e	37.63	37.57	0.05	68012	87078	14362	72716	0.16493258917292541	0,2,3,4,5,6,7,8,9,11,12,14,15,16,18,21,22,23,24,25,27,29,31,33,34,35,36,37,39,40,41,42,43,44,46,47,48,49,50,51,52,53,54,55,56,57,58,59,60,61,62,63,65,66,67,68,69,70,72,75,76,77,78,79,80,81,82,84,86,87,89,90,91,93,94,95,96,97,98,99	e953f66173621e7c5d76b37899ad4dcc05c484c744eadb5cfcbcc6a71c509e58	1304	1610306	b5af2a3e837c3a8509eb6ced286b95c55f13da175e5250bd43f725a03d52b461	87ef568cff1bb60d3f6985071d01ee2a308ef9bb0a8cde2cc8e697c247d534d5	
tf_h01304	tf	1304	54	32fe12c168ef80291e487dbf4045f430b9c5d90a	836c8edbfc75b517cefdde6426755f9e3b71021df09b06c6f3b9c262057cd47e	38.26	38.21	0.04	68140	89901	17690	72211	0.19677200476079243	1,2,4,5,7,8,9,10,11,12,13,14,15,16,18,19,20,21,22,23,24,25,26,27,28,30,31,34,35,36,38,39,40,41,42,43,45,46,47,48,49,50,51,52,53,54,56,57,58,60,61,63,64,65,66,67,68,69,70,72,73,74,75,77,78,79,80,81,83,84,86,87,88,90,91,93,94,95,96,99	b8d17effa9ddf0a119e29994594210f67cc54f7062491d04d2b979a4c2534d9f	1304	1599598	51f2e501050f92b7fae823e5af593362d0eabe5393530edfd5d7a18e45227f27	48bb2192c9ad153a03bb15b44b2fcb017bce40814e68c2408e607214472b9088	
tf_h01304	tf	1304	55	32fe12c168ef80291e487dbf4045f430b9c5d90a	836c8edbfc75b517cefdde6426755f9e3b71021df09b06c6f3b9c262057cd47e	38.49	38.43	0.05	68016	86401	13751	72650	0.1591532505410817	0,1,2,3,4,5,6,7,8,9,13,14,15,16,17,18,19,20,22,24,26,27,28,29,30,31,33,35,36,37,39,40,41,42,43,44,47,48,49,50,51,53,54,55,57,58,59,60,61,62,63,65,67,68,69,70,71,72,73,74,75,76,77,78,79,80,82,83,86,87,88,90,91,92,93,95,96,97,98,99	4b691f4374e2fa2ad0797f1f1d450c61c6f9eebb5a0cc6d8918237adeb83aef5	1304	1609001	7210a3cbaac001193659ca2f628cc78f0b54e29b3c61ca8439942df1cb611b71	e229261a45fa6cf816ae990024d02fbdc1c9167d6f12b3c72887237a63f5878e	
tf_h01304	tf	1304	56	32fe12c168ef80291e487dbf4045f430b9c5d90a	836c8edbfc75b517cefdde6426755f9e3b71021df09b06c6f3b9c262057cd47e	38.74	38.7	0.03	68012	86456	14315	72141	0.16557555288239104	0,2,3,4,5,6,10,11,12,13,14,15,17,18,20,21,22,23,24,25,27,28,29,30,31,32,33,35,36,37,38,40,41,42,43,44,45,47,48,49,50,51,52,53,54,55,56,57,58,59,61,63,64,65,66,67,69,70,71,72,73,75,76,77,78,80,81,82,83,84,86,87,88,90,92,93,96,97,98,99	ad5edf99055f5649618b4f6242868ad7ef69bdeae6484f7f336ba504c0c36bab	1304	1597947	1ac8496808e61a854659224bb6df66f4fd0a5afb4812359083418dee6a39d8f8	51bb4f6f6098d0856d7a3bff5b8bbf14908dfd8c54fb2e8208d989df16fbcb68	
tf_h01304	tf	1304	57	32fe12c168ef80291e487dbf4045f430b9c5d90a	836c8edbfc75b517cefdde6426755f9e3b71021df09b06c6f3b9c262057cd47e	38.6	38.55	0.04	68140	92609	20236	72373	0.21851008001382155	0,1,3,6,8,9,10,11,12,13,14,15,18,19,20,21,22,24,25,27,29,30,31,33,34,35,36,37,38,39,40,41,42,45,46,47,48,49,50,51,53,55,56,58,59,60,61,63,64,65,66,67,68,69,70,71,72,73,74,75,76,77,78,79,80,81,82,83,84,86,88,90,92,93,94,95,96,97,98,99	f6ace67630086ac2bfb8e860806d168f9589f37d53029db62245886e272e0935	1304	1602996	62dc4dac99d1b8bdb622250cf38a89cab742b8dcb9d97414bb9250445d5688f9	a80804151dea03f822a34c3e52712ba20c1dc8fec9bbb12eb2e4453db776c989	
tf_h01304	tf	1304	58	32fe12c168ef80291e487dbf4045f430b9c5d90a	836c8edbfc75b517cefdde6426755f9e3b71021df09b06c6f3b9c262057cd47e	37.87	37.74	0.06	68140	88112	14937	73175	0.16952287997094606	0,2,4,5,6,7,9,10,12,13,14,15,16,17,18,19,20,21,22,23,24,26,27,29,31,32,33,34,35,36,37,38,39,40,42,44,45,46,47,48,49,50,51,52,53,54,55,56,57,58,59,60,61,62,67,68,69,70,71,73,74,75,76,77,78,79,80,81,82,85,87,88,89,90,91,92,94,95,96,99	cfaebf8e23ab234e6b537a7b1a2fd8c81fd775756ad7e3dd1fba31ee8efa573b	1304	1620515	907131e6fff71fe796e2285fdf41b612348e2667b05ed8c6957f40e06d36c4b7	79937f59fe3dcb4da4498d95798fa33b874ea0cd49f1ccc9f87cfc159320c138	
tf_h01304	tf	1304	59	32fe12c168ef80291e487dbf4045f430b9c5d90a	836c8edbfc75b517cefdde6426755f9e3b71021df09b06c6f3b9c262057cd47e	38.49	38.45	0.02	68140	89087	17483	71604	0.1962463659119737	2,3,4,5,6,7,8,9,10,11,12,13,14,15,16,17,18,19,20,21,22,23,24,25,26,29,30,31,32,33,34,36,37,38,39,40,41,42,43,45,46,48,50,51,52,54,55,59,61,63,64,65,66,67,68,69,70,71,72,73,74,75,76,77,78,79,80,81,84,85,87,88,91,92,93,95,96,97,98,99	d6d2b6c1e22e4205e2b1ecddefc7e0cb1e4d57b185759f5e076c4a75cb02f3cd	1304	1586259	0aca49d5cd2178d6c98516de94a6419531a8b02081f61e004cf4bfd6bc1fed92	29f1c2fc8f6d7e91981c74c29b66f5b45fc5726863ee1a141d36e5c9d97e04a2	
tf_h01304	tf	1304	60	32fe12c168ef80291e487dbf4045f430b9c5d90a	836c8edbfc75b517cefdde6426755f9e3b71021df09b06c6f3b9c262057cd47e	38.17	38.1	0.05	68268	94055	19209	74846	0.20423156663654246	0,1,2,3,4,9,11,12,13,14,15,16,17,18,19,21,23,25,26,27,28,29,31,32,34,36,37,38,40,41,42,43,45,46,47,48,49,50,51,52,53,54,55,56,57,58,59,61,62,63,64,65,66,67,68,69,70,71,72,73,74,75,76,77,78,79,80,81,83,84,85,88,90,91,92,94,96,97,98,99	8ba51d8d93ba626dd0935313bed7d0dd71c1d4370698b08e3dc25050b4b1d5ca	1304	1657083	93f24ca6411cdf2361719295bc2ff31320678d47dfb52e207e046dad2d357923	44195c48bb17c5e3c6e76f4166018bf5cf8a213f411622069a34823e7b96eca8	
tf_h01304	tf	1304	61	32fe12c168ef80291e487dbf4045f430b9c5d90a	836c8edbfc75b517cefdde6426755f9e3b71021df09b06c6f3b9c262057cd47e	38.22	38.15	0.05	68016	89371	17238	72133	0.1928813597251905	0,1,2,5,7,8,9,10,11,12,13,14,15,16,17,18,19,20,21,22,23,25,26,27,30,33,34,35,36,37,38,39,40,41,43,44,45,46,47,48,49,50,51,52,54,56,58,60,61,62,63,65,66,67,69,70,71,73,74,75,77,78,79,80,81,82,83,84,85,86,87,89,91,92,93,94,95,96,97,99	8a9ee3e9e1cc9267094df1169bbe5cfd3e63fcdd405d48ce8db4c32118d7d3ca	1304	1597770	c331e7e5f51a975d5195d41a0d1abfea32e8fc53c52cf951e7506d12be8db7e9	dda3d212ce9d11359d4930ddfdfde48de8e1c16593e27ab3a907ebdbd9f13f4b	
tf_h01304	tf	1304	62	32fe12c168ef80291e487dbf4045f430b9c5d90a	836c8edbfc75b517cefdde6426755f9e3b71021df09b06c6f3b9c262057cd47e	37.79	37.73	0.05	68012	88651	18311	70340	0.20655153354164082	1,2,3,4,5,6,7,8,10,11,12,13,14,15,17,18,19,21,22,24,25,27,29,30,31,33,36,38,40,41,42,43,44,45,46,47,48,49,50,51,52,53,54,55,56,57,58,59,61,62,64,65,66,68,69,70,71,72,73,77,78,79,80,81,83,84,85,86,87,88,89,90,92,93,94,95,96,97,98,99	0b2c295eaf9586f9a668ef15009ce877c8040e8361be47064bf932e528666268	1304	1558659	4971aa89e76aaf4e30c7c23c951c38f1ec949306f56c74438741694def42eb02	acf17de2792b84bd57ca41457068628ba88eee2afc55e9d981a8bb77e3a201b1	
tf_h01304	tf	1304	63	32fe12c168ef80291e487dbf4045f430b9c5d90a	836c8edbfc75b517cefdde6426755f9e3b71021df09b06c6f3b9c262057cd47e	37.97	37.91	0.04	68024	89177	17416	71761	0.195296993619431	1,2,3,4,6,8,9,10,11,12,13,14,16,17,18,19,21,22,23,24,25,26,27,28,29,30,31,32,33,34,36,37,38,40,42,43,44,45,46,47,48,49,50,52,53,54,55,56,57,58,59,61,64,65,66,67,68,69,70,72,73,76,77,78,79,80,81,82,84,85,87,88,89,90,92,94,95,96,98,99	4c74943e5f8853136b77dc5eebec9a5de4462eb18ed3310d1f6afec11ca20d16	1304	1589665	0510e75c32e3b25dbf554bd9fab3a6f0e306e1585b4c54bf75a6e23a2f687026	0289ed3140e2f81858e248992194ceb129b07ca9395077a354849eba8fc2e2a7	
tf_h01304	tf	1304	64	32fe12c168ef80291e487dbf4045f430b9c5d90a	836c8edbfc75b517cefdde6426755f9e3b71021df09b06c6f3b9c262057cd47e	38.38	38.3	0.08	68140	88423	16617	71806	0.18792621829162096	0,1,2,4,6,7,8,9,12,13,14,15,16,17,18,19,20,21,22,23,24,27,29,31,32,34,36,37,38,39,40,41,42,44,45,46,47,48,49,50,51,52,54,55,56,57,58,60,61,62,64,66,67,69,70,71,72,73,74,75,76,77,78,79,80,81,82,83,84,87,88,90,91,92,93,94,96,97,98,99	ad47c961b77769827af574869986a83a808623c1e64314073cc56698f3440174	1304	1590375	29c1060ffc775fa3c0f13549fe950e36e65e638301483da7f40549cfe947805c	d5e94377832925ce4a359fb84c0bc5b2ff65d1af0feb3f2441aa759759fea4e5	
tf_h01304	tf	1304	65	32fe12c168ef80291e487dbf4045f430b9c5d90a	836c8edbfc75b517cefdde6426755f9e3b71021df09b06c6f3b9c262057cd47e	38.44	38.36	0.07	68140	89948	16183	73765	0.17991506203584293	1,2,3,4,5,6,8,9,12,14,15,16,17,19,20,21,22,23,24,25,26,27,28,29,30,31,32,33,34,35,36,37,40,41,42,43,44,45,46,47,48,49,51,52,54,57,58,59,60,61,62,63,66,67,68,69,70,71,72,74,76,77,78,80,81,83,84,87,88,89,90,91,92,93,94,95,96,97,98,99	5165ecf0c99fe0ae652c90f1fc5a21307b388d4b29e49ebee67f0458564382ed	1304	1633475	820b2f888de6d891dbec4e214461c67e373044dd4ebb1df0852a5463ae3909e9	9d280927178e5a2d7811ebe15b55dec5e47b01122644414900453dcf36c973c1	
tf_h01304	tf	1304	66	32fe12c168ef80291e487dbf4045f430b9c5d90a	836c8edbfc75b517cefdde6426755f9e3b71021df09b06c6f3b9c262057cd47e	38.32	38.26	0.05	68140	88862	16639	72223	0.18724539173099863	1,2,3,5,6,7,8,10,11,12,13,14,15,16,17,18,19,20,21,22,23,24,25,26,27,28,30,31,32,33,34,35,36,38,40,41,42,43,44,45,46,47,48,49,50,51,52,54,55,56,57,58,59,60,62,64,65,66,67,68,69,70,72,74,75,77,78,79,80,82,84,85,86,87,88,91,92,96,98,99	0a84de14ce02a447186955a6f8c92b81584d502846e31c159d22fe22262468db	1304	1599672	175c37837b76089f2b809b156d035c8157966f17b82e9218815d9b3897905aa0	fa276775bba8e144ee8c1b30be5768eaed3ae529a0a973706afd830991e387bb	
tf_h01304	tf	1304	67	32fe12c168ef80291e487dbf4045f430b9c5d90a	836c8edbfc75b517cefdde6426755f9e3b71021df09b06c6f3b9c262057cd47e	38.03	37.96	0.06	67952	87258	15348	71910	0.1758921818056797	0,1,2,3,4,5,6,8,9,10,12,13,14,15,16,17,18,19,20,21,22,23,24,25,26,28,29,31,32,33,35,36,37,38,39,41,42,43,44,45,46,47,48,50,52,54,55,57,58,59,60,62,63,64,66,68,69,70,71,72,74,75,76,77,78,79,80,82,83,86,88,89,91,92,93,94,95,96,97,99	8195c3037d5ccf5b51425412c209dd9cba967e34e5cbf182bf8e7e2e57bcfaf9	1304	1592906	05324d0cb090d4b11c58d3c0e84f174ddad76f7f25a17250deecf99f90cb3c4e	159f185e5ffd29d102ff5e43d758138281aa05ae6e690540ea04b237fee65f29	
tf_h01304	tf	1304	68	32fe12c168ef80291e487dbf4045f430b9c5d90a	836c8edbfc75b517cefdde6426755f9e3b71021df09b06c6f3b9c262057cd47e	38.56	38.5	0.06	68144	93549	18730	74819	0.20021592961977144	0,1,2,5,6,7,8,9,11,12,16,18,19,20,21,22,23,24,25,26,28,29,30,31,33,34,35,36,39,40,41,42,43,44,45,46,47,48,49,50,51,52,53,55,56,57,58,62,63,64,65,67,68,70,71,72,73,74,75,76,77,78,79,80,81,82,83,84,85,87,88,89,90,91,92,94,95,96,97,99	3cf81bc6e742428b5d7d08d515cddccbeda39d95af1388e40213d0e575dcd3c3	1304	1656434	8c7dcb10ded19da78f14e54bf5dcf77ca788e62aafe31239d122fd402c21f207	c2b605540f020a06daec1d304ca2b6ed4b53cc0cdedc5b0cdfe0790fa5fb7155	
tf_h01304	tf	1304	69	32fe12c168ef80291e487dbf4045f430b9c5d90a	836c8edbfc75b517cefdde6426755f9e3b71021df09b06c6f3b9c262057cd47e	38.29	38.22	0.06	68140	90278	19096	71182	0.21152440240147102	0,2,3,4,5,7,8,9,10,11,12,13,14,15,16,17,18,19,20,22,24,25,27,28,29,31,32,33,34,35,37,40,41,42,43,44,45,46,47,48,49,50,51,52,53,55,56,57,58,60,61,62,64,65,66,67,68,69,70,71,72,74,75,76,77,79,82,83,84,85,89,91,92,93,94,95,96,97,98,99	9ef762b13e73e1aff4a5990a057f5aa4dd2f2c4912ea20051616c6275a61df2d	1304	1576886	8d893d4b2575237a4f512b58144a5f6750d0a072f218dba3adb492a621479bdc	e2c3f4b4b953bcb174a53473d7bffd2bbffe08ac8ce89b992507d35ce8bdc100	
tf_h01304	tf	1304	70	32fe12c168ef80291e487dbf4045f430b9c5d90a	836c8edbfc75b517cefdde6426755f9e3b71021df09b06c6f3b9c262057cd47e	37.95	37.89	0.04	68140	90715	18432	72283	0.2031858016866009	0,1,2,3,4,5,6,7,8,9,10,11,13,14,15,16,19,20,21,22,23,25,26,27,28,29,30,31,33,34,35,36,37,38,40,41,42,44,45,46,47,48,49,50,51,52,54,55,56,58,62,63,64,66,69,70,72,73,74,75,77,78,79,80,81,82,83,84,85,86,87,88,90,91,92,93,94,97,98,99	6c28058625ca4e531fd6b53c9de4f4cdbdd18bcca17827e3ff55ed7ef69ae4b0	1304	1601040	9d15c2288531a8e2b67448715cf99829a5bdcfd5acac8373b00095822d755769	cf383d1e0cd1a22d61ff86eab2ae1c8fd664998c8546b10e676f4d2246e6931c	
tf_h01304	tf	1304	71	32fe12c168ef80291e487dbf4045f430b9c5d90a	836c8edbfc75b517cefdde6426755f9e3b71021df09b06c6f3b9c262057cd47e	38.28	38.21	0.05	68012	89915	17293	72622	0.19232608574765056	2,3,4,5,6,7,8,9,11,12,13,14,16,18,19,20,21,22,23,24,25,26,27,28,29,31,32,33,34,35,37,38,39,40,42,43,44,45,46,47,48,50,51,52,53,54,55,56,57,59,60,62,63,64,65,66,67,68,69,72,74,75,76,77,78,79,81,83,84,86,89,90,91,92,93,94,95,96,97,98	c373b9966ef7ba80d30c049e3c36cdbc685e974826dad80311057c9eb482a1f1	1304	1608540	e3bd02bad5d388f639d802d463bfa244efc782177dce53a869a12e1847107e9c	5b5fd606d445ffb297d0f291136623f7eff4b022656ee7dd98114f4ca63b8dab	
tf_h01304	tf	1304	72	32fe12c168ef80291e487dbf4045f430b9c5d90a	836c8edbfc75b517cefdde6426755f9e3b71021df09b06c6f3b9c262057cd47e	37.87	37.8	0.06	68084	89379	15939	73440	0.17833048031416776	0,1,2,4,6,7,8,9,10,11,12,13,14,15,17,20,21,23,24,26,27,28,29,30,31,33,34,36,37,38,39,40,41,42,43,44,45,48,49,51,53,55,57,58,59,60,61,62,63,64,66,67,68,69,71,72,73,74,75,76,78,79,80,81,82,83,84,85,86,87,88,89,90,91,92,95,96,97,98,99	bb21f8cef596e8d85346f210124814c42773b092389f8bc13dcfa27d4bae5642	1304	1626068	bba7e982c541fd02b9253fd7426801ac1990e14e0312ee698fe256398b257743	05857707831ef2a2753e44003c04a4020470ce76fff74580fd83fa33ad2e1995	
tf_h01304	tf	1304	73	32fe12c168ef80291e487dbf4045f430b9c5d90a	836c8edbfc75b517cefdde6426755f9e3b71021df09b06c6f3b9c262057cd47e	38.22	38.15	0.06	68012	91135	17136	73999	0.18802874855982882	0,1,2,3,4,5,8,9,11,12,13,14,16,17,18,19,20,21,22,23,24,25,26,28,29,30,31,32,33,35,37,38,39,40,41,42,44,45,47,48,49,50,51,52,53,54,56,57,61,62,63,64,66,67,69,71,73,74,75,76,78,79,81,82,83,84,85,86,87,88,89,90,91,92,93,94,95,96,97,99	ab37aca254fbac18330c695e501128eb8bdebdae12bd91661823f9f63bb78838	1304	1638537	5f288d80fa854726f4565db98cdfa5426dabcde3204c10933b0e23b4fe625918	7c6229422dbcccd582df5f18c5711c4c21a0eef9bb80e173303ce24c31586a19	
tf_h01304	tf	1304	74	32fe12c168ef80291e487dbf4045f430b9c5d90a	836c8edbfc75b517cefdde6426755f9e3b71021df09b06c6f3b9c262057cd47e	38.32	38.26	0.05	68140	89602	16398	73204	0.18300930782795027	0,1,2,3,4,6,7,8,9,10,12,13,14,15,17,18,19,20,21,22,23,24,25,26,27,28,30,32,33,34,35,36,37,38,39,40,41,42,43,45,48,50,51,52,54,56,57,60,61,62,63,64,65,66,67,68,69,70,71,73,74,75,78,79,81,82,83,85,86,87,88,89,90,91,92,94,95,96,97,99	009c5027e2c0e6a8e5bf21521cafd7735dcce390e2957e085ac4966e0adc6281	1304	1621301	cfe61132498725bc7d57d604dfffeb64c21db38e5c4ef552c567cfce880824c6	76c802ca8d10d4d15b3b5a7c03f13a67d8a19519bc365ade507e81396f3f7f7b	
tf_h01304	tf	1304	75	32fe12c168ef80291e487dbf4045f430b9c5d90a	836c8edbfc75b517cefdde6426755f9e3b71021df09b06c6f3b9c262057cd47e	38.06	37.97	0.08	68140	87438	16443	70995	0.18805324915940438	1,2,3,4,5,6,8,9,10,12,13,14,15,16,18,19,20,21,22,24,26,27,28,29,30,32,33,34,35,36,37,38,39,40,41,42,43,44,45,46,47,49,50,52,54,55,56,58,59,60,61,62,64,66,67,68,69,70,71,72,73,74,75,76,77,80,81,84,85,86,87,89,90,91,93,94,95,97,98,99	f464e52d7ff2e843d3fa5abb3d9ea5494da98e274ee4e2fdb4543ab0822d529d	1304	1572826	70cec84cf761213a26401d5b9b9a8138c04e95cf54c01815785b2894897fde1b	d167d74bd31e9526e4ad1e972056e991e722b2d330b30b81debc9838730c1689	
tf_h01304	tf	1304	76	32fe12c168ef80291e487dbf4045f430b9c5d90a	836c8edbfc75b517cefdde6426755f9e3b71021df09b06c6f3b9c262057cd47e	38.19	38.1	0.08	67936	86832	16743	70089	0.19282061912658927	0,1,2,3,4,5,6,8,9,10,11,12,14,15,16,17,18,19,20,23,24,25,26,27,29,30,31,32,33,34,35,37,38,39,40,42,43,44,45,46,48,49,51,52,53,55,56,57,58,59,61,62,63,64,65,69,70,71,72,73,74,75,76,77,78,79,80,82,83,85,87,88,90,92,93,94,95,97,98,99	24ca285cd072230e5c83b67143d822fb769000e9318ca3ea293e27404f4c4f4b	1304	1553066	6b0e272fa3730ce2e37d7f565d90a417db1e63afc8f988d1602fefad013cacaa	19c0ae4366e09f1ab70f7cef6532cb73476060d202b61fec0e540d00e6a43b25	
tf_h01304	tf	1304	77	32fe12c168ef80291e487dbf4045f430b9c5d90a	836c8edbfc75b517cefdde6426755f9e3b71021df09b06c6f3b9c262057cd47e	37.89	37.84	0.04	68144	91668	17729	73939	0.19340445957149713	1,2,4,5,6,7,8,11,12,13,14,15,16,17,18,20,22,23,24,26,27,28,29,30,31,33,34,35,36,37,38,39,40,41,42,43,44,46,47,48,49,50,51,53,54,55,56,57,58,59,60,62,63,64,65,66,68,69,70,71,72,73,74,76,77,80,82,83,85,88,89,90,91,92,93,94,95,96,97,98	aa8af747e8f0a4244327cf643d41732fd7bd874c8290c19e469e850a2ceaecb4	1304	1637320	e7f3bee718b406748b2d51b41b9057cb8929bdcc7db4e1398899954ce9ac0dfc	8542c20191cfe1c4dc047f433fd5f50e143fded923df2425560b7dabf8d97b91	
tf_h01304	tf	1304	78	32fe12c168ef80291e487dbf4045f430b9c5d90a	836c8edbfc75b517cefdde6426755f9e3b71021df09b06c6f3b9c262057cd47e	38.04	37.98	0.05	68140	91089	18573	72516	0.2038994829232948	1,4,6,7,8,9,10,11,12,13,14,15,16,17,18,19,20,21,22,23,24,25,28,29,30,31,32,33,35,36,37,39,40,41,42,43,44,46,47,48,49,50,51,52,53,54,55,57,58,59,60,61,63,64,66,67,68,70,71,73,74,75,76,77,79,80,81,82,84,85,86,88,89,90,91,92,93,94,96,98	839939d759a86de058ae6be5692313837ee1dd6c7e9dcb66740a595674693e94	1304	1606240	7cfbe15c7569f78048526b73e339d3a23953d5820477eb8cecceb748d5cc99b1	b1274530c3154a151f746bf8422c5d6485081faec74108e80f6ac5fa6eabb53f	
tf_h01304	tf	1304	79	32fe12c168ef80291e487dbf4045f430b9c5d90a	836c8edbfc75b517cefdde6426755f9e3b71021df09b06c6f3b9c262057cd47e	38.44	38.37	0.06	68140	93623	18595	75028	0.19861572476848638	0,1,2,3,4,5,6,7,8,9,10,11,13,14,15,16,17,18,19,20,21,23,24,25,26,27,28,29,33,34,35,36,37,38,39,41,42,43,44,45,48,49,50,51,53,54,55,56,57,59,60,61,62,66,67,68,69,70,72,74,75,77,78,79,81,83,84,85,86,87,88,90,91,92,93,94,95,96,97,98	8cfacd1968cb78ef89cecdcd7d750aaf3d6222fa75b24d52faca44cf2634b1f4	1304	1661112	4afb53d9160a0fd0970e48090615f3c43c76a3d12e7bde9928e50d4c323cdcb7	73423f1448f91d47a86befff5d0dbb1a36053f097ebf7d5515d51e79583c613b	
tf_h01304	tf	1304	80	32fe12c168ef80291e487dbf4045f430b9c5d90a	836c8edbfc75b517cefdde6426755f9e3b71021df09b06c6f3b9c262057cd47e	37.98	37.92	0.05	68140	92112	18462	73650	0.20042991141219385	1,2,3,4,5,6,7,8,9,10,11,12,14,15,16,17,19,20,21,22,24,25,26,27,28,30,31,33,34,35,36,37,39,40,41,42,43,44,46,47,48,49,51,52,53,54,56,57,58,59,60,62,64,65,66,67,68,69,70,72,74,75,76,78,80,81,82,83,84,85,86,87,88,89,91,92,94,95,96,98	131446be20c2911c1164e7d2af72947a4e6997108361a06a7ee37092930e7207	1304	1630831	ca8bc914449b5fc5b678682e03bf262abf294e731a96e7936fe6b436453e60cc	ab6e235465b53b534530eeeeca77272ec84aafba583f04e8ae4161b731de12a9	
tf_h01304	tf	1304	81	32fe12c168ef80291e487dbf4045f430b9c5d90a	836c8edbfc75b517cefdde6426755f9e3b71021df09b06c6f3b9c262057cd47e	38.17	38.1	0.06	68016	87639	15972	71667	0.182247629480026	0,1,3,5,8,9,12,13,15,16,17,18,19,20,22,23,24,25,26,29,30,31,32,33,35,36,37,38,40,42,43,44,45,46,47,48,49,50,51,52,54,55,56,57,58,59,60,61,62,63,64,65,66,68,69,70,72,73,74,75,76,77,78,79,80,81,82,84,86,87,88,90,91,93,94,95,96,97,98,99	b95ee9674295a959f732ba391f36246f515bd2b5886129241e55fce866fd9956	1304	1587624	290365472dd8b175bd519c0c3a41a45d3cbb8ba0bf4d3c4a62d879dcc186dd26	2c9bca27727b4c26593d0d25fc99bf36c4fb122d282e34aa949568937bccb156	
tf_h01304	tf	1304	82	32fe12c168ef80291e487dbf4045f430b9c5d90a	836c8edbfc75b517cefdde6426755f9e3b71021df09b06c6f3b9c262057cd47e	38.8	38.68	0.06	68012	87253	15596	71657	0.17874457038726463	0,1,2,3,4,5,6,7,8,10,11,12,13,14,15,16,17,18,19,20,21,23,24,25,26,27,28,30,31,32,33,34,36,37,40,42,43,44,46,47,48,49,51,52,53,55,57,58,60,61,62,63,64,65,66,67,68,69,70,71,72,73,75,76,77,80,82,83,84,85,87,88,89,90,91,92,93,94,97,98	6013c801b63a97540bd142dc9ca07e678c5a1e496daa97f2beaf4677ce69bf10	1304	1587296	15e5e677301dfaf342011d8aab0b89ee064329723c4276fca5d34f4588aa46c1	b035cd007cfc6c2c5b8949de207d8540a7c28a5f80dd5e82db30d2ebe1c2d3ec	
tf_h01304	tf	1304	83	32fe12c168ef80291e487dbf4045f430b9c5d90a	836c8edbfc75b517cefdde6426755f9e3b71021df09b06c6f3b9c262057cd47e	38.25	38.2	0.05	68140	90099	17823	72276	0.19781573602370725	1,3,4,5,6,7,8,9,10,13,14,15,16,17,18,19,20,21,22,23,24,25,26,27,28,31,32,33,34,36,39,40,41,42,43,45,46,47,48,50,51,52,54,55,56,57,58,59,60,61,62,63,64,65,68,70,71,72,74,75,76,77,78,79,80,81,82,84,85,87,88,89,90,91,92,93,94,96,97,98	af3d69860f33008a287c4f4d8b23e21b8743ea4965200b8b5bc5c509693b4ab8	1304	1600680	4a7ce3508d2b5d5b6772d507dd198fd06b1df09ba9dd778ae93a305f991df110	ac194fa7de1089e250d97e5057f54242073137a3593100851ed725f70543a93b	
tf_h01304	tf	1304	84	32fe12c168ef80291e487dbf4045f430b9c5d90a	836c8edbfc75b517cefdde6426755f9e3b71021df09b06c6f3b9c262057cd47e	37.99	37.9	0.07	68396	97852	21224	76628	0.2168989903118996	0,1,2,3,4,5,6,7,8,10,12,14,15,16,17,19,20,22,23,26,27,28,29,30,31,32,34,35,36,37,39,41,42,43,44,45,46,47,48,50,51,52,53,54,56,57,58,59,60,61,63,64,65,67,69,70,71,72,74,75,77,78,79,80,81,83,84,85,86,87,88,89,91,92,93,94,95,96,98,99	46e3ce62e8ad77207c82b430b26e5624bb911871d9cb24213c80573ea4e9ec2b	1304	1696365	0421db253bc7a6beafa9c9dbc4b24ea2ccf6813d35281b7099a7190aba7897a0	206d340b74445ac33ac93094a90aefb69438d21af41b83160ca7e7b67040e3e4	
tf_h01304	tf	1304	85	32fe12c168ef80291e487dbf4045f430b9c5d90a	836c8edbfc75b517cefdde6426755f9e3b71021df09b06c6f3b9c262057cd47e	38.09	38.02	0.06	68012	82884	12241	70643	0.1476883355050432	0,2,3,4,5,7,8,10,11,12,13,15,17,18,19,21,23,24,25,26,27,28,29,31,32,33,34,36,37,38,39,41,42,43,44,45,46,47,48,49,51,52,53,54,55,57,59,60,61,63,64,65,66,67,68,69,70,71,72,73,74,75,76,77,78,79,80,81,85,87,89,90,91,92,93,94,95,96,98,99	de83cb66473aeea1f97278352e1cf09f9725a31ecd3bc921266488dea1f47ba6	1304	1565031	00cb0aa43a89f8907fcb094a449fca456302bae4af923dc8d279530ed5fe6d5a	f3edc9395b114717f6e90b4f6c1ea65fed37a42cc5ef6f142a61b077e8fbec21	
tf_h01304	tf	1304	86	32fe12c168ef80291e487dbf4045f430b9c5d90a	836c8edbfc75b517cefdde6426755f9e3b71021df09b06c6f3b9c262057cd47e	38.2	38.15	0.04	68016	85879	15355	70524	0.1787980763632553	0,1,2,3,4,5,6,7,8,9,10,12,13,14,15,16,17,18,21,22,23,24,25,26,28,32,33,35,36,37,38,39,40,42,43,44,45,46,48,49,50,51,52,53,54,55,56,58,59,60,61,62,63,64,65,66,67,69,70,71,72,75,76,77,78,79,82,83,85,86,88,89,90,92,93,94,96,97,98,99	61e09e5a2eaf475cb0aa4560b9658848257812c3d99d2a78475edd66e4c307b0	1304	1562652	a82e68605cc8391a375156a7fb5f687adef27a443406d628e1b47de8efe46023	6f560b0264d9547355cbe696e86d5b58214782d72b275ee61fdb0c980e5b89fa	
tf_h01304	tf	1304	87	32fe12c168ef80291e487dbf4045f430b9c5d90a	836c8edbfc75b517cefdde6426755f9e3b71021df09b06c6f3b9c262057cd47e	38.31	38.23	0.06	68012	86942	15089	71853	0.1735524832647052	0,1,2,3,4,5,6,10,11,12,13,15,16,17,18,19,20,22,23,24,25,26,27,28,29,30,31,32,34,37,38,39,41,43,44,45,47,48,49,51,53,54,55,56,57,58,59,60,61,62,63,64,65,66,67,68,69,70,73,74,75,76,79,81,82,83,84,85,86,87,90,91,92,93,94,95,96,97,98,99	076827488d579f38ec3f55438308b66696be6201c3ba1c40f1ebbd3abe7f7fd8	1304	1591497	a87e80b3aa6b72ccaab743e920578922f76c5d56b764a3af6a57246c6b55e71e	ff767a67c17e67bb95e282197a8c47c391f70a9fdcb180bf10efb495275510a6	
tf_h01304	tf	1304	88	32fe12c168ef80291e487dbf4045f430b9c5d90a	836c8edbfc75b517cefdde6426755f9e3b71021df09b06c6f3b9c262057cd47e	37.71	37.66	0.04	68140	93669	20268	73401	0.21637895141402172	0,1,2,3,4,5,7,8,9,10,11,12,13,14,15,16,17,19,21,22,23,24,26,27,29,30,31,32,33,34,35,36,37,38,39,44,46,47,48,49,50,51,52,53,55,56,58,59,61,62,63,64,66,67,69,70,71,72,73,74,75,77,78,79,80,81,82,83,84,85,86,87,88,89,90,92,93,95,96,98	1ff272521bf1a88e3576c48754a7bd9e7146223654fa515e671abfce824b5d07	1304	1625470	88eb42c9c655605445af275f39ce1ae46432fcb3c99e9c56aad7adc5e9a938a4	b8caefa00012b4b83a3a7724a0c03970bf5417e900f246511ce37fd33dced523	
tf_h01304	tf	1304	89	32fe12c168ef80291e487dbf4045f430b9c5d90a	836c8edbfc75b517cefdde6426755f9e3b71021df09b06c6f3b9c262057cd47e	38.1	38.04	0.04	68012	89099	16407	72692	0.18414348084714754	1,2,3,5,7,8,9,10,11,12,13,15,16,17,18,19,20,21,22,25,26,27,28,29,30,31,32,33,34,35,36,37,38,39,41,42,44,45,46,47,48,49,50,51,52,53,54,56,57,59,60,61,62,63,65,66,67,68,70,71,72,73,74,75,77,83,85,86,87,88,89,90,91,93,94,95,96,97,98,99	b9a8f115c40173733afe4624dea98695de96c1c5ab5244ce77f5d75a5215a511	1304	1609918	40c738172ac608caa76b69c0c6fefdde868b182dedfb3b2463264a84eb127ede	8838f93174bb9ed7f52b2d00ec462a378034ddfb9431e9573a59a20b12b2cf0a	
tf_h01304	tf	1304	90	32fe12c168ef80291e487dbf4045f430b9c5d90a	836c8edbfc75b517cefdde6426755f9e3b71021df09b06c6f3b9c262057cd47e	38.79	38.7	0.07	68144	88260	16657	71603	0.18872648991615681	0,1,2,4,5,7,8,9,10,11,12,13,15,18,19,20,21,22,23,24,25,26,27,28,29,30,31,32,33,34,35,36,38,39,40,41,42,43,44,46,48,50,52,53,54,57,59,61,62,63,64,65,66,67,68,69,71,72,73,74,75,78,79,80,81,83,85,86,87,88,89,90,91,93,94,95,96,97,98,99	1420766758ecd3b0df912bccafde2f7a139a0979a66ca77739711ec7172a9519	1304	1586148	1a3ec1923144af9878c62dcaacf480397c5a0df655ca89057a5c6e113ddedfd9	42cb63c12423c7ed2dfe683b34f89864ca37191efb90852f3472e952fc696a3e	
tf_h01304	tf	1304	91	32fe12c168ef80291e487dbf4045f430b9c5d90a	836c8edbfc75b517cefdde6426755f9e3b71021df09b06c6f3b9c262057cd47e	38.58	38.5	0.06	68140	89992	17336	72656	0.19263934571961952	0,1,2,5,6,7,8,9,10,11,12,13,14,15,17,18,20,21,22,23,24,25,27,28,29,30,33,34,35,37,38,39,40,42,43,44,45,46,48,49,50,52,53,55,57,58,59,60,61,63,64,65,67,69,70,71,72,73,74,78,80,81,82,83,84,85,86,87,88,89,90,91,92,93,94,95,96,97,98,99	e814558bb913daafcbeb124427543dfc06c429ea2854b6b9c1f86302b94ec56d	1304	1609118	56f76a6f2f8a7e559ca1ae26f84dc1c44b6b7b97255a0b5e6d92d324cb5bcdb7	a6e75146c21941f4d8c693569d1100182c067f2d434942a0ec9902feb6be84a0	
tf_h01304	tf	1304	92	32fe12c168ef80291e487dbf4045f430b9c5d90a	836c8edbfc75b517cefdde6426755f9e3b71021df09b06c6f3b9c262057cd47e	38.16	38.11	0.04	68144	92245	18263	73982	0.19798363054908125	0,1,2,3,4,5,6,7,8,9,10,11,14,15,17,18,19,20,21,22,23,24,25,26,27,28,29,31,32,33,34,35,36,38,40,41,44,45,46,47,48,49,50,51,52,53,55,56,58,59,61,63,64,65,66,67,68,69,70,71,74,75,76,77,79,81,82,83,84,85,86,88,89,90,91,92,93,94,95,97	912e5681cae5e7102ba9db481c1e696c4f7c29433b47468e08814654bf8698f9	1304	1638240	77a355e4f0770baf1192e6433b86a1a28ad88946240d91a54e981913d82113d4	a12a634a2818e60d6608f9307d02b3b2b2b6c1e84d395b33a4bf366436b85759	
tf_h01304	tf	1304	93	32fe12c168ef80291e487dbf4045f430b9c5d90a	836c8edbfc75b517cefdde6426755f9e3b71021df09b06c6f3b9c262057cd47e	38.3	38.21	0.08	68140	90456	17285	73171	0.19108737949942514	1,2,4,5,7,9,10,11,12,13,14,15,16,17,19,21,22,23,24,26,27,28,29,30,31,33,34,35,36,37,38,40,41,42,45,46,47,49,50,53,54,55,56,57,59,60,61,62,63,64,65,66,67,68,69,70,71,72,73,74,75,76,77,78,79,80,82,84,85,86,87,89,90,91,93,94,95,96,97,99	2c27a7f6af10283d07eb323af14478f81903e271db2d54e722f12eab249b934f	1304	1620401	d253eca15539923d60ee3de9f6c2913ebe19257337f6ac6ba5e9e8995d936ba4	38163a293f714d27fe668f799fd1fe37ee014a61364795d038eb0bbc48080434	
tf_h01304	tf	1304	94	32fe12c168ef80291e487dbf4045f430b9c5d90a	836c8edbfc75b517cefdde6426755f9e3b71021df09b06c6f3b9c262057cd47e	37.93	37.89	0.02	68140	88297	16487	71810	0.18672208568807547	0,3,4,5,6,7,8,10,11,12,13,16,17,18,19,20,21,24,26,27,28,29,30,31,32,33,34,35,37,38,39,40,42,43,44,45,46,47,50,51,52,53,54,55,57,58,59,60,61,62,63,64,65,67,68,69,70,71,73,74,75,76,77,79,80,81,83,85,86,87,88,89,90,92,93,94,95,96,97,98	1920b466f720df9dc44b6de42d88103f0e9c0417ef04609b99c9ad28a7a3c2ad	1304	1590546	01e1669029572f977f6b79146c718a9660c245923db3e4322f2c73451c858259	7dbd47221b59d7546b2e976fbd34578e0a7acd3facfe170a8c8dfb38d8cfad72	
tf_h01304	tf	1304	95	32fe12c168ef80291e487dbf4045f430b9c5d90a	836c8edbfc75b517cefdde6426755f9e3b71021df09b06c6f3b9c262057cd47e	38.0	37.91	0.07	68016	87258	15894	71364	0.18214948772605377	0,1,3,4,5,6,7,8,9,10,11,12,13,15,16,17,18,19,20,22,23,24,26,27,28,29,30,31,32,33,34,35,36,37,38,39,40,41,42,43,44,45,46,47,48,49,50,51,54,55,56,60,62,63,65,66,68,69,71,72,73,74,75,76,77,78,79,81,83,85,86,87,89,91,92,94,95,96,97,98	094a7131b8d0e86195a6021dc479efe5cdcac7c3a1efc391e247197274a494ec	1304	1580970	ce874209419e1ae4f2d37747b426d0425828540049f3757bc9aa025bbdf0ffc4	55895877340815e1ee3e0f996edcc3802bab9dc348e7ec604a17ab54c470e52b	
tf_h01304	tf	1304	96	32fe12c168ef80291e487dbf4045f430b9c5d90a	836c8edbfc75b517cefdde6426755f9e3b71021df09b06c6f3b9c262057cd47e	37.48	37.43	0.04	68140	92980	18898	74082	0.20324801032480103	0,1,2,3,4,6,8,9,10,11,12,13,14,18,19,21,22,23,25,26,27,29,30,31,32,33,34,35,36,37,38,40,41,42,43,44,45,46,47,48,49,50,51,53,54,56,57,58,59,60,62,64,65,66,67,68,69,70,71,72,73,76,78,80,81,82,83,84,85,86,87,88,89,90,91,93,95,97,98,99	d4e86ec3edce1ab8e5a0af49e012b8a58de3d1d6905c6be172d4a706f6805936	1304	1640212	447fab9933cf1dcd16ebdf0dc5de630ffdb43867f47b19557c96641be5ba7160	60c3523d07d057026744e767651c80efe5eecec1bf0471f19676af780b9e59aa	
tf_h01304	tf	1304	97	32fe12c168ef80291e487dbf4045f430b9c5d90a	836c8edbfc75b517cefdde6426755f9e3b71021df09b06c6f3b9c262057cd47e	37.64	37.6	0.03	68140	89598	16148	73450	0.1802272372151164	0,1,2,3,4,5,6,8,9,10,11,12,13,14,15,16,17,18,19,22,23,25,26,27,28,29,30,31,32,34,37,38,39,40,41,42,44,45,48,51,52,53,55,56,57,58,59,60,61,62,64,65,66,68,69,70,71,72,73,74,75,76,77,78,79,80,81,82,83,85,87,88,89,91,93,94,95,96,98,99	c49bfed7f4bb6c9bbfaa261e14c6cba48bfb316c444025476bfea79666c0f094	1304	1626471	c7d58fa2da6fe747082ff2171dd4bbfc944fdf87203e65c347bc01584dc78024	2725862bcd7320fcde9b5a4a02f75d3efc3155716770bd3ad0bb118deda72058	
tf_h01304	tf	1304	98	32fe12c168ef80291e487dbf4045f430b9c5d90a	836c8edbfc75b517cefdde6426755f9e3b71021df09b06c6f3b9c262057cd47e	37.93	37.85	0.06	68140	94334	19995	74339	0.21195963279411453	0,2,4,5,6,7,8,9,10,11,13,14,16,17,18,20,21,22,23,25,28,29,30,32,33,35,36,37,38,40,41,42,43,44,45,46,47,49,50,51,52,53,54,55,56,57,58,59,61,63,64,65,66,67,68,69,71,72,73,74,75,76,79,81,82,83,84,85,86,87,88,91,92,93,94,95,96,97,98,99	c0cddf8309246fd05f86b0660dd7cdc50e1d6e8125c6e4b2dd952cc1fb59e5ad	1304	1646009	d7be3125bf6e955c9c95beb04b8e4f719dc24d6f9e5b02529bb3c0f15e9218b0	568680f4ab3cfcfdf9cca76e5c697d32e27d4915a8bf2ba429b1ac9cdec902fd	
tf_h01304	tf	1304	99	32fe12c168ef80291e487dbf4045f430b9c5d90a	836c8edbfc75b517cefdde6426755f9e3b71021df09b06c6f3b9c262057cd47e	38.51	38.46	0.04	68200	93782	20613	73169	0.2197969759655371	0,1,3,4,5,7,8,9,10,11,12,13,14,15,17,18,19,22,23,24,25,26,27,29,30,32,33,34,35,36,38,39,41,42,43,44,45,46,48,49,50,52,54,55,56,57,58,60,61,63,64,65,68,69,70,71,73,74,75,77,78,79,80,81,82,83,84,85,87,88,89,90,92,93,94,95,96,97,98,99	4a657ce072f0a06555dbe3038d331eebd271423e3272199585fd4548ac03b1f4	1304	1620494	9b727c4a1d3520bdf04486ee12de2e005bba4a69d0b6048a47d4831fc7301f32	647f0243d5efba3cb39bc1303cf7f4cb07db28eb21d8c8289f29fa51808c007c	
tf_h01304	tf	1304	100	32fe12c168ef80291e487dbf4045f430b9c5d90a	836c8edbfc75b517cefdde6426755f9e3b71021df09b06c6f3b9c262057cd47e	38.42	38.37	0.04	67960	89221	16366	72855	0.18343215162349671	1,3,4,5,6,8,9,11,12,14,15,16,18,19,21,22,23,24,25,26,28,29,30,34,35,36,37,38,39,40,41,42,44,45,46,47,48,49,50,51,52,54,55,56,57,58,59,60,61,62,63,64,65,66,68,69,70,73,74,75,77,78,79,80,81,82,83,85,87,88,89,90,91,93,94,95,96,97,98,99	b180db6c281fbb288779c47b5b9a185f05af8af4d3175083cb0db1c21077333c	1304	1613648	b7635290ccee8ba3e06a2a2e0ca4c854dc1691b1473934613de6f00a5a45717d	8a0223420e347f5d231e0998bbc6d383740b29bd1d6e2f3552378ae8c598ee71	
tf_h02608	tf	2608	1	32fe12c168ef80291e487dbf4045f430b9c5d90a	836c8edbfc75b517cefdde6426755f9e3b71021df09b06c6f3b9c262057cd47e	39.6	39.51	0.06	70312	177112	40934	136178	0.23111929174759474	0,1,2,3,4,5,6,7,8,9,10,11,12,13,15,16,17,19,20,21,22,23,24,25,26,28,31,32,33,34,35,36,37,38,39,40,41,43,44,45,46,48,49,50,52,54,55,57,58,59,61,62,63,64,66,69,70,72,73,74,75,76,77,78,79,80,81,82,83,84,85,88,89,90,91,92,95,96,98,99	42c550fd22235048e18957d92ee6961f28d488749e570865072f55b8d56e5063	2608	3016717	1298c6d2b6f64c10f9458201104a178dec29d6a0523e2351ea26a7ed4af95399	dce2b59ccca3753059ade08531e8922f2dc0a2a1319f1b9fe93035c071479667	True
tf_h02608	tf	2608	2	32fe12c168ef80291e487dbf4045f430b9c5d90a	836c8edbfc75b517cefdde6426755f9e3b71021df09b06c6f3b9c262057cd47e	76.03	76.01	0.08	70264	178346	44513	133833	0.24958787973938298	0,1,2,3,4,6,7,8,9,10,12,13,14,15,16,18,19,20,21,22,25,27,28,29,30,31,33,34,37,38,40,41,42,44,45,47,48,49,50,51,52,53,54,55,56,58,59,60,61,62,63,64,66,67,69,70,71,73,74,75,76,77,78,80,81,82,84,85,86,87,88,90,91,92,94,95,96,97,98,99	6698737f9825eb173ddb1a599a26867cfbc7ea3685295ecffec0274978d0a225	2608	2965531	8bb8dc3e0211932a60cfaa705f7db60374774506f91ac94d90ef9ded229cdf15	83a12032300582973c14383cfdfb4c258c97474958ac8b17f68e62eb6a1a6f04	True
tf_h02608	tf	2608	3	32fe12c168ef80291e487dbf4045f430b9c5d90a	836c8edbfc75b517cefdde6426755f9e3b71021df09b06c6f3b9c262057cd47e	78.38	78.43	0.04	70308	171323	39139	132184	0.22845152139525926	0,2,3,4,5,6,7,8,9,10,11,12,13,14,15,18,19,20,22,23,24,25,27,28,29,30,31,32,34,35,36,37,38,39,40,41,42,43,44,46,48,49,50,52,53,54,55,56,57,58,60,61,62,64,65,67,68,69,70,71,72,73,74,75,78,81,83,85,86,87,88,89,90,91,92,93,94,95,96,99	32dc7b6571ea0327dc4f789ee40daaf7f37ee06da37a16a782e4d512a92d2ace	2608	2929679	1d4ac69d7ecc98a8a3f523e4402eaec5ead554bd7cf99c3b70280c6dad634fba	68bb9c26f28d5b52697dfa9bed350c8616247c189c710877f69bc0e7111de0c1	True
tf_h02608	tf	2608	4	32fe12c168ef80291e487dbf4045f430b9c5d90a	836c8edbfc75b517cefdde6426755f9e3b71021df09b06c6f3b9c262057cd47e	78.63	78.51	0.1	70224	175748	42233	133515	0.24030429933768804	0,2,4,5,7,8,9,10,12,13,14,15,16,17,19,20,21,22,23,24,25,27,28,29,30,31,32,33,34,35,36,37,38,40,42,44,47,48,49,50,51,52,53,54,55,57,58,59,60,61,62,63,64,65,66,67,68,69,70,71,72,73,74,75,77,78,79,80,81,84,85,86,89,90,91,92,95,97,98,99	efb4cdd2693be18d0cc63879f8c428c7b5b5b9f559d878783ac5b34d062673b4	2608	2958673	ea66bcfc48857b60e9c0a590ad09d85545f2821d53634530cc2f7c9ca79cb26f	94f12e06dd570c342fcbc1e14ceba84b84ecc01da6a8eafead2a361f22257f81	True
tf_h02608	tf	2608	5	32fe12c168ef80291e487dbf4045f430b9c5d90a	836c8edbfc75b517cefdde6426755f9e3b71021df09b06c6f3b9c262057cd47e	76.27	76.09	0.1	70312	174233	40044	134189	0.22983016994484398	0,1,2,3,4,5,6,7,8,11,12,13,14,15,16,17,18,19,20,22,23,25,27,28,29,30,31,34,35,36,37,38,39,40,42,45,46,49,50,51,52,53,54,55,58,59,60,61,62,63,64,66,67,68,69,71,72,73,74,75,76,77,78,79,80,81,82,83,84,85,86,87,89,91,92,94,96,97,98,99	3ba77b10268001a79da9f946e4bcda978faeaf1abc0306d44495d0e49ca97d5d	2608	2973393	7d7c936f2ca732e2b4d0f27f4ab06ae2a11f987ef80a451a004109d591a1bd0c	e9387cfff789b083c186c342d923ca1c5dcb2b93c2597ad25c583ac79d135c0b	True
tf_h02608	tf	2608	6	32fe12c168ef80291e487dbf4045f430b9c5d90a	836c8edbfc75b517cefdde6426755f9e3b71021df09b06c6f3b9c262057cd47e	74.62	74.54	0.07	70312	177855	43633	134222	0.2453290601894802	0,1,2,3,4,5,9,10,11,12,14,15,16,17,18,19,20,21,22,25,26,28,29,30,31,32,33,34,36,37,38,41,42,44,45,46,47,48,49,50,51,52,53,54,56,58,59,60,61,62,63,64,65,66,70,71,73,74,75,76,77,78,79,80,81,83,84,85,86,87,89,90,91,92,93,95,96,97,98,99	afe6035a333b48945a149fc3c7db2c57aa81c9149c6675551f72afc13586ca2b	2608	2973982	04cf2f361e4e138b35db576d09204f95d8c2beb74148c45856a417d8a3066460	7214e682497d2dcedd92c16328916073607d0a4966b34ffb51c36edaba527e93	True
tf_h02608	tf	2608	7	32fe12c168ef80291e487dbf4045f430b9c5d90a	836c8edbfc75b517cefdde6426755f9e3b71021df09b06c6f3b9c262057cd47e	78.17	78.11	0.05	70436	185158	47688	137470	0.25755300878168913	0,1,2,3,4,5,6,8,9,10,12,14,15,16,17,23,24,25,26,27,28,29,31,32,33,34,35,36,37,38,39,40,41,42,43,45,46,48,50,51,52,53,54,56,57,58,59,60,61,62,63,64,65,66,67,68,70,71,73,75,76,78,79,80,81,83,84,85,86,87,89,90,91,92,93,95,96,97,98,99	6d485410d62c77b60e212f512bdda63033395906bd325fd82545aa3ea929bb06	2608	3045242	1673b89e91a50f46a53e79581da94bdbf7488e017372289a0a1e316b162ed792	a0329d5b5b82ec9446bd24b256c2cec8bbb8b178adceaca00669e5bbcc5e213f	True
tf_h02608	tf	2608	8	32fe12c168ef80291e487dbf4045f430b9c5d90a	836c8edbfc75b517cefdde6426755f9e3b71021df09b06c6f3b9c262057cd47e	74.91	74.79	0.09	70692	195517	55755	139762	0.28516701872471445	0,1,2,3,4,5,8,10,11,13,14,15,16,18,19,20,22,23,25,26,27,28,29,31,32,33,34,35,37,39,40,41,42,43,44,46,48,49,50,51,52,53,54,55,56,57,58,59,60,61,62,64,68,70,71,72,73,74,76,77,78,79,80,81,82,83,84,85,86,87,88,89,91,93,94,95,96,97,98,99	6ecc84838e1f67a26b0ab3576772e218c47693f15ace26cc2f7936831bd4ef14	2608	3095275	7ccf9d4ca584fe8cae80ff354eb6baa5cea45d69186231fdb83dbee416d6e385	c49af74853b2a9690b0190c1d207437aaab159be65bef6fdb83936849e29b2c3	True
tf_h02608	tf	2608	9	32fe12c168ef80291e487dbf4045f430b9c5d90a	836c8edbfc75b517cefdde6426755f9e3b71021df09b06c6f3b9c262057cd47e	74.67	74.58	0.07	70400	183281	46558	136723	0.25402523993212606	0,1,2,3,4,5,6,7,8,9,10,12,13,14,15,16,17,18,19,20,21,22,24,26,28,29,30,33,34,35,36,37,38,40,42,43,44,45,47,48,50,51,52,53,54,56,58,59,60,61,62,63,65,66,67,70,71,72,73,74,75,76,77,78,79,81,82,83,84,85,86,87,88,89,90,93,96,97,98,99	5daffe8b162c6754c3bebcca5689f38a74f59e8a9524ef10e09d1beff866665d	2608	3028656	4887f955e4fae85c315f723a107e0f0d5ebf811dc1ec51b9f50ab89a157275a2	aa8182cbe2d446741a2bac124c23f04b1af5a9fe163cf7894ce4a64ce777f928	True
tf_h02608	tf	2608	10	32fe12c168ef80291e487dbf4045f430b9c5d90a	836c8edbfc75b517cefdde6426755f9e3b71021df09b06c6f3b9c262057cd47e	75.34	75.25	0.08	70520	181875	44382	137493	0.24402474226804124	1,2,3,4,5,6,7,8,9,10,11,12,13,14,15,16,17,18,19,20,23,24,25,26,27,28,29,30,31,32,33,34,35,37,39,40,41,42,43,44,45,47,48,50,51,52,54,55,56,59,60,61,64,66,67,68,71,72,73,74,75,76,77,82,83,84,86,87,88,89,90,91,92,93,94,95,96,97,98,99	e60c7095b65234207b890114977da6fde48a3c1e57cba4cb3d6615246cb7d6d8	2608	3045743	e4deb2a5665126a10c80dbcb4cf41c623b763092ee1cfbd7f4e0e4416529619c	49953bd828c65dd578c8653f549c260c39913489f1ab26747f642f27f6ed1fe0	True
tf_h02608	tf	2608	11	32fe12c168ef80291e487dbf4045f430b9c5d90a	836c8edbfc75b517cefdde6426755f9e3b71021df09b06c6f3b9c262057cd47e	75.34	75.29	0.04	70308	175052	40157	134895	0.22940040673628406	0,1,3,4,5,6,7,8,9,10,11,12,13,14,15,16,17,18,19,20,21,23,24,26,27,28,29,30,31,32,33,34,35,37,38,39,40,41,42,43,44,45,47,48,49,50,53,54,55,57,59,60,61,62,65,66,68,70,72,73,74,75,76,77,78,79,80,83,85,86,87,88,89,91,92,93,95,97,98,99	c793646c80aa48a44d4efa442141ca9170a8f695fb68379bb826038c3a0e11f7	2608	2988573	40bac090be913fe1dc26974bf46b4cc61ecdb71b5d1a29de9cf43c8b074b7dfd	baccadc417afcba6e8acd68dbe1f1c560f1a60c8c662140f5f186548d3717d2f	True
tf_h02608	tf	2608	12	32fe12c168ef80291e487dbf4045f430b9c5d90a	836c8edbfc75b517cefdde6426755f9e3b71021df09b06c6f3b9c262057cd47e	75.59	75.53	0.05	70308	184213	48347	135866	0.2624516185068372	0,2,3,4,5,6,7,8,9,10,11,12,13,14,15,16,17,18,20,23,24,25,26,27,29,30,31,32,34,35,36,37,38,39,41,43,45,47,49,50,51,52,53,54,56,57,58,59,60,61,62,63,64,65,66,68,69,70,71,73,74,76,78,79,80,81,82,83,84,85,86,87,88,89,90,91,92,94,96,98	35cab32502ba7ffc50389b6be48f807559d6771f397584fbb601b36848a7ebdb	2608	3010369	6d3b947b4b66f9d0f169493c42f1a3de8a7a2163dcb88e55a80390707b9eff19	40e2cbb6d879a69b450feb05a580ad8b3e24cd0cab005f31dabac221919f2e67	True
tf_h02608	tf	2608	13	32fe12c168ef80291e487dbf4045f430b9c5d90a	836c8edbfc75b517cefdde6426755f9e3b71021df09b06c6f3b9c262057cd47e	74.82	74.77	0.04	70056	164228	33184	131044	0.2020605499671189	0,1,2,4,6,7,8,9,10,12,15,17,18,20,21,22,23,24,25,26,27,28,29,30,31,32,33,34,35,36,37,38,39,40,42,44,45,47,48,49,50,51,52,53,55,56,57,58,59,60,61,62,63,64,66,67,69,70,71,72,74,76,77,78,79,80,81,82,85,86,87,88,89,90,92,93,94,95,96,97	bb24e777729713b72738cadeab724242ec7be73672afba8a63bf3125a6b36a2f	2608	2904672	5433d60b691a2a510eb4bda11da02716595b7590c5abb3a7ef277e680808570c	5e69b576af844b410839f6803ecf5e66fbb58888d34d4617cbf68bdfa2bbe05e	True
tf_h02608	tf	2608	14	32fe12c168ef80291e487dbf4045f430b9c5d90a	836c8edbfc75b517cefdde6426755f9e3b71021df09b06c6f3b9c262057cd47e	74.55	74.48	0.04	70056	165846	34551	131295	0.2083318259107847	0,1,2,3,4,6,9,10,11,12,13,14,17,18,19,20,21,22,24,25,27,29,31,32,35,37,38,39,40,41,43,44,45,46,47,48,50,51,52,53,54,55,57,58,59,60,61,62,63,64,66,67,69,70,71,72,74,75,76,77,78,79,80,81,82,83,85,86,87,88,89,90,91,92,93,94,95,96,97,98	97486352ddb17005ce172ba91843dbb265dffff895ab501f79ff4aeea2084acf	2608	2910099	cd5f9f7adee7a0236cb7f32f6d16150e432b9cc47a0dd04647a167afa785425e	03ffc726309d4bf698f4ffb02a624c1bd8dba01847f8312d2b8a788305c7a7a6	True
tf_h02608	tf	2608	15	32fe12c168ef80291e487dbf4045f430b9c5d90a	836c8edbfc75b517cefdde6426755f9e3b71021df09b06c6f3b9c262057cd47e	75.17	75.1	0.07	70436	186164	49349	136815	0.26508347478567285	1,2,3,4,5,6,7,8,9,10,12,13,14,15,16,17,18,19,20,21,22,23,24,27,28,30,31,32,33,34,35,38,39,41,42,44,45,46,48,50,51,52,53,54,57,58,59,60,61,62,63,65,66,67,68,70,71,72,73,74,75,76,77,78,79,81,82,83,84,85,86,88,89,90,92,93,94,96,97,98	766a3d4eac15abf4c93997f7584f19a41493df64244cbc01730fc0b613fcdc90	2608	3030686	98792ab2d49428e09154cc18f5470fa42e012f8262ce237aa839f9dd2a4ed3a1	0496d920831ba4d2782395e35dbfbf59b60cf56eadcbb6a560ad027b56167273	True
tf_h02608	tf	2608	16	32fe12c168ef80291e487dbf4045f430b9c5d90a	836c8edbfc75b517cefdde6426755f9e3b71021df09b06c6f3b9c262057cd47e	74.56	74.44	0.11	70440	180778	43870	136908	0.24267333414464148	0,1,2,3,5,6,7,9,10,11,12,13,14,15,16,17,18,19,20,21,22,23,24,25,26,28,29,32,33,34,35,36,37,38,40,43,44,46,48,50,51,52,53,54,55,56,57,59,60,62,63,65,66,67,69,71,72,73,75,76,77,78,79,80,81,83,84,85,86,87,88,89,90,91,93,94,96,97,98,99	f908595812f6ecb64b3d170a1abee3c290008463b8dc6bd83842310d2e4ff197	2608	3032878	0d770c7e08d6ff6cc5ba357d20d14b1cf5df24111bca8ef1722165780f2f8afa	c34113987d4d4604d90d4d23401ff7ce805bbfaa7b291ed1a03db1fe5093e87d	True
tf_h02608	tf	2608	17	32fe12c168ef80291e487dbf4045f430b9c5d90a	836c8edbfc75b517cefdde6426755f9e3b71021df09b06c6f3b9c262057cd47e	74.53	74.49	0.03	70308	176809	43878	132931	0.2481661001419611	0,1,2,4,5,6,7,8,9,10,12,13,14,15,16,18,19,20,21,22,23,24,26,27,28,29,30,31,32,33,34,35,36,37,38,39,40,41,42,43,44,45,46,47,48,49,50,51,52,53,54,55,56,57,59,60,63,65,68,70,72,73,74,75,76,77,78,79,80,82,83,85,86,87,88,90,92,94,95,97	81e6e1907e78d3bcf26a8a1801dfa1c4cf02aa8a065ad4c63226b72dfc487175	2608	2945865	3d87bd26d99190b8ed18f89e50237527bab92fe6c35720e4e6b4a7a91f2111c9	c0b67a73d4b69177114b21ee66187c3eef8c581f5aad6b3de81c964f09a81ba3	True
tf_h02608	tf	2608	18	32fe12c168ef80291e487dbf4045f430b9c5d90a	836c8edbfc75b517cefdde6426755f9e3b71021df09b06c6f3b9c262057cd47e	74.96	74.89	0.06	70056	168862	38538	130324	0.2282218616384977	0,1,2,4,5,6,7,10,11,12,13,14,15,16,17,18,19,20,21,22,24,25,27,28,29,30,31,33,34,35,37,38,41,42,43,44,45,46,47,48,49,50,51,52,53,54,55,58,60,61,62,63,64,65,66,67,68,69,70,71,72,73,75,76,77,79,83,84,85,86,87,88,89,90,91,92,93,94,97,99	a94c76ea34dc24fa4824714a0acdb979bee75e3b85256e44a60cbfa71af2e328	2608	2888781	b67221699fc826a88fe83996dff64f854bf9cb809b4f3fc3b4355f521cf916fb	a349d55b6c405ea0f35f7e86b1b70a726ce71dfb6db4cf74812ea4bc93bc6967	True
tf_h02608	tf	2608	19	32fe12c168ef80291e487dbf4045f430b9c5d90a	836c8edbfc75b517cefdde6426755f9e3b71021df09b06c6f3b9c262057cd47e	74.88	74.81	0.06	70308	175008	39884	135124	0.22789815322728105	1,2,3,5,6,7,8,9,10,11,12,13,15,16,17,18,19,20,21,22,23,24,25,26,28,29,30,31,33,34,35,36,37,39,41,42,45,48,49,50,51,52,53,54,55,57,58,59,60,61,62,63,65,66,67,68,70,72,74,75,76,78,79,80,82,83,84,85,87,88,89,90,91,92,93,94,95,96,98,99	a6e1e411bab722637325f7d6ef0ddbe703cd8d9de5cc1be1ae54038cd6e7be30	2608	2993816	68ae225bdff7f6e5f87f7d7644233d9051475499acdfd80a0f6198cb5325ec84	7cb61270019479c3e86caf907efc985da5fbaac48d906050d60c97c4d2b6ccc3	True
tf_h02608	tf	2608	20	32fe12c168ef80291e487dbf4045f430b9c5d90a	836c8edbfc75b517cefdde6426755f9e3b71021df09b06c6f3b9c262057cd47e	75.49	75.41	0.06	70568	181364	45471	135893	0.25071679054277585	0,1,3,5,6,7,8,10,12,13,15,16,17,18,19,20,21,22,24,25,26,27,30,31,33,34,35,36,37,38,39,41,42,43,45,46,47,48,49,50,51,52,53,54,55,57,61,62,63,64,65,66,67,68,69,70,72,73,74,75,77,79,81,82,83,84,85,86,87,88,89,90,91,92,93,94,95,96,97,99	44ff8a2665404a07f6c33d3a215c6a71479b7ad7b27d23f788e0749b82ad73eb	2608	3010620	595b71dd491b841abb11160de94e533ef7261f7cad2a79380d9ee4e76128692b	5f9c3339a0f57427beff1a780eaa16de9ce8795359792d7cd5162b6b4f5cd432	True
tf_h02608	tf	2608	21	32fe12c168ef80291e487dbf4045f430b9c5d90a	836c8edbfc75b517cefdde6426755f9e3b71021df09b06c6f3b9c262057cd47e	74.78	74.72	0.05	70436	184454	48044	136410	0.2604660240493565	0,5,6,7,8,9,10,11,12,13,14,15,16,17,18,20,21,23,24,25,26,27,28,30,31,32,36,38,39,41,42,43,44,45,46,47,48,49,50,51,52,53,56,57,58,59,60,61,62,63,64,65,66,67,68,69,71,72,73,74,75,76,77,79,80,81,82,83,84,86,87,88,89,90,91,93,94,96,97,98	cbb6948bc3a83c13e568f186e71d9c540a6f111be8afd4a416201a7d0dd44500	2608	3022116	f25d8e5887185994ae8a9948fa9f7709f5a991eb3475e3bca80e6f4b15451331	c4efc5f8e9e8e4a0803d7fac8075e9247a15fbc16e40326f200392db11f045c1	True
tf_h02608	tf	2608	22	32fe12c168ef80291e487dbf4045f430b9c5d90a	836c8edbfc75b517cefdde6426755f9e3b71021df09b06c6f3b9c262057cd47e	75.92	75.83	0.07	70308	175262	41339	133923	0.23586972646666135	0,1,2,3,4,5,6,7,8,9,10,11,12,13,14,15,17,19,20,21,22,23,24,25,26,27,29,30,31,32,35,36,38,39,40,41,42,43,44,46,47,49,50,51,52,53,54,55,56,57,58,59,60,61,62,63,64,65,67,69,71,73,75,79,82,83,84,85,86,87,89,90,91,92,93,94,95,96,97,99	27cd10be51bbfcf77948e614fd4bb73f7995aa65df5b9042cd9c4f33c0968fe2	2608	2967660	e219539d99ad29306127be67c1128c78103c74b7997709016f807196e9d136f6	0c93f2f9d4de8c5342a97776897149d1a7b4692e97bdf72913beedf6f7dbd85b	True
tf_h02608	tf	2608	23	32fe12c168ef80291e487dbf4045f430b9c5d90a	836c8edbfc75b517cefdde6426755f9e3b71021df09b06c6f3b9c262057cd47e	74.88	74.81	0.05	70332	177978	44981	132997	0.2527334839137422	0,1,3,4,5,7,8,9,10,11,12,13,14,18,19,20,22,27,28,29,30,31,32,33,34,35,36,37,38,40,41,42,43,45,46,47,48,49,50,51,53,55,56,57,58,59,60,61,63,64,65,66,67,68,70,71,72,73,75,76,77,78,79,80,81,82,84,85,86,87,88,90,91,92,94,95,96,97,98,99	3f6d286579cf518f22e3cf57b82acbb4ffefab46c951c874ae3b19a13f2464a1	2608	2947078	35653e7893df140b44bad242efe3e29dabc51e6dcf3a72125faa95f5f6337e9d	f570db784f3808e2d560998af3c88114bf674b767ff4879b91405b23ad5a4264	True
tf_h02608	tf	2608	24	32fe12c168ef80291e487dbf4045f430b9c5d90a	836c8edbfc75b517cefdde6426755f9e3b71021df09b06c6f3b9c262057cd47e	75.5	75.42	0.07	70308	173789	39194	134595	0.22552635667389767	0,2,3,4,5,6,7,8,9,10,12,13,14,15,16,17,18,19,20,21,23,25,26,27,28,29,30,31,32,33,34,36,38,39,40,41,42,43,44,45,46,47,49,50,51,52,53,54,55,58,60,61,63,64,67,68,69,70,71,72,74,75,76,77,78,81,82,83,85,86,88,89,90,91,92,94,95,97,98,99	1e70f3b3fd2daa394afe25f56054a58e23b95af23c31b42cd9861c0fdfa7bc25	2608	2982110	8fd54a69da2a6015451dd9e488852a7c2c4f6f25798abeee2df99c834f1a69ea	ecffc101b2200b0f8a544821475c842a5ad79587c6705bf24a7e913c3eee352c	True
tf_h02608	tf	2608	25	32fe12c168ef80291e487dbf4045f430b9c5d90a	836c8edbfc75b517cefdde6426755f9e3b71021df09b06c6f3b9c262057cd47e	74.88	74.81	0.06	70308	176699	43630	133069	0.2469170736676495	1,3,4,5,6,7,8,9,11,12,13,14,15,16,17,18,19,20,21,22,24,26,27,31,32,33,34,36,37,39,40,41,42,43,44,46,47,48,49,50,51,52,54,55,56,57,59,60,61,63,64,66,69,70,71,72,73,74,75,76,77,78,79,80,81,82,83,84,86,87,88,90,91,92,93,94,95,96,97,99	ccb9f4f72f8d2a1f70308bd4d927ebad2d9c51959010984e0a39b6d12d77a9d4	2608	2948829	370bb827d7d63c094f80d7b3b3063c8fcdd7ade24e70f5d1b088b34d7638519a	2535fcd460c46ba807af1bfe35b21c7a300765a33ee3b413262645140e3bb2e8	True
tf_h02608	tf	2608	26	32fe12c168ef80291e487dbf4045f430b9c5d90a	836c8edbfc75b517cefdde6426755f9e3b71021df09b06c6f3b9c262057cd47e	74.42	74.35	0.06	70180	172316	38955	133361	0.2260672253302073	0,2,3,4,5,6,7,8,9,10,11,13,14,17,18,19,21,22,24,25,26,29,30,31,32,33,34,35,36,37,38,39,40,41,43,45,46,47,49,50,51,52,53,54,56,57,58,59,60,61,62,63,64,65,66,67,68,70,71,72,73,75,76,77,78,80,81,82,83,84,86,87,88,89,90,93,94,95,97,99	7062dbd99082c671ad8f426b257016d87e2d18fda8bd7c3b7390865d20a5ec82	2608	2955203	4ae527d1abe409cda83cbd3b5e865d22ab32e9d9cd21379fd12200681903dc56	3d0d9995e1451749946e1cb2de3ae48ebcf08bbacf244e3089cd35fbb538646d	True
tf_h02608	tf	2608	27	32fe12c168ef80291e487dbf4045f430b9c5d90a	836c8edbfc75b517cefdde6426755f9e3b71021df09b06c6f3b9c262057cd47e	75.3	75.23	0.06	70020	168636	36611	132025	0.2171007376835314	1,2,3,4,5,6,7,8,9,10,11,12,13,14,16,18,19,20,21,22,23,24,25,27,28,29,31,33,34,36,38,39,41,42,43,44,45,46,47,48,49,50,51,52,53,54,55,56,57,59,60,62,63,64,65,66,67,69,71,72,73,74,75,77,78,79,80,81,82,83,85,89,90,91,92,93,94,97,98,99	bf58d1c34fa6763c01383368981f4c5273e8ed20d856f765b744edd49c6c9823	2608	2925878	232ab8baf60516f5d5f5778c25298a3e45acb20cf8fd882a4ebd824b841d1060	424de188429849e0191dea0c7e5c3cc37264ba784d97d87e205977b88ef47662	True
tf_h02608	tf	2608	28	32fe12c168ef80291e487dbf4045f430b9c5d90a	836c8edbfc75b517cefdde6426755f9e3b71021df09b06c6f3b9c262057cd47e	74.41	74.36	0.03	70436	181311	47113	134198	0.2598463413692495	0,1,2,3,4,5,6,7,8,9,11,12,13,15,16,17,19,20,21,22,23,24,27,29,30,31,32,33,34,35,36,37,38,39,40,42,43,45,48,50,51,52,53,54,56,57,58,60,62,64,65,66,67,69,70,71,72,73,74,75,76,77,78,79,80,82,83,84,85,86,87,88,89,92,93,94,95,96,97,98	1321d0a8ff6dcef68513ef4418c3f835feb7ea21792ae8016fe543f8598bcd01	2608	2973307	e025420ed5052642a2283f07fb89e547132113e97a015184de4ae39b9eb53406	6f07fdd343f92c80cdc75dd244e6c0c350160fc84777b23908f82470d2b16dc3	True
tf_h02608	tf	2608	29	32fe12c168ef80291e487dbf4045f430b9c5d90a	836c8edbfc75b517cefdde6426755f9e3b71021df09b06c6f3b9c262057cd47e	75.44	75.36	0.07	70308	177331	43677	133654	0.24630211299772742	1,2,3,5,6,9,10,11,12,13,14,15,16,18,19,24,25,27,28,29,30,31,33,35,36,37,39,40,41,42,43,45,46,47,48,49,50,51,52,53,54,55,56,57,58,59,60,61,62,63,64,65,67,68,69,70,71,72,73,74,76,79,80,81,82,83,84,85,86,88,89,90,91,93,94,95,96,97,98,99	365b7ebb8c8e792e78a2cc0bf9367a4d254d443d7a0dfe52cd994322173717ff	2608	2961480	d134ce659b7de06bc338b6bf0aafe7dbc5fd1291073ab19bd0ad0d4bdb69b169	bc7a9bfe18bd0c41696f58f1ab9e9f96dbd7fe6a891abcfc7ff1d6670ac265b3	True
tf_h02608	tf	2608	30	32fe12c168ef80291e487dbf4045f430b9c5d90a	836c8edbfc75b517cefdde6426755f9e3b71021df09b06c6f3b9c262057cd47e	75.32	75.23	0.08	70564	183512	44375	139137	0.24180979990409346	0,1,2,3,5,6,8,9,10,12,14,16,18,19,20,21,23,24,26,27,28,29,32,33,34,35,37,38,39,40,42,43,44,45,46,47,48,49,51,52,53,54,55,57,58,59,60,62,63,64,65,66,67,68,69,71,72,73,75,76,77,78,80,81,82,83,84,85,86,87,88,89,90,91,92,93,95,96,97,99	7528204281f48ddacfef9c2bffd78bc716c6a78c563832d622c08855fefc0517	2608	3081469	1d93a82ad5c801f833d7686f8bd48925dd1c111e61bfbecc09ecb4aa0cad35ce	418a4c0990e406d34183abc117ea258dcefde57322fb240bd995c999c050a60c	True
tf_h02608	tf	2608	31	32fe12c168ef80291e487dbf4045f430b9c5d90a	836c8edbfc75b517cefdde6426755f9e3b71021df09b06c6f3b9c262057cd47e	75.32	75.25	0.05	70308	180931	44819	136112	0.24771321664059778	0,1,2,5,6,7,8,9,10,11,12,13,14,15,16,17,18,19,20,22,23,24,25,26,28,30,31,32,33,34,35,36,38,42,44,46,47,48,50,51,52,53,54,55,56,57,59,60,61,62,64,65,66,67,69,70,71,72,74,75,76,77,78,79,80,81,82,84,85,86,87,88,89,91,92,93,94,96,97,99	2de3cdb8efa70bd6fba2f56ca0a7c8d699fad9926fa4e080ce833cc8759c82a4	2608	3015412	f20c9f11f710ce4e753b72ce15bf89139131533c9dcc70e53c2eef7b69513951	5382011ca02d11ec3f1db2c46d1f4feaec7d2bb2b4fe5f961dd9111edcb8f8d3	True
tf_h02608	tf	2608	32	32fe12c168ef80291e487dbf4045f430b9c5d90a	836c8edbfc75b517cefdde6426755f9e3b71021df09b06c6f3b9c262057cd47e	75.39	75.29	0.08	70436	179957	42443	137514	0.23585078657679334	0,1,2,3,6,7,8,9,11,12,13,14,15,16,18,19,21,22,23,24,25,26,27,28,29,30,32,33,34,35,37,39,40,41,45,47,48,49,50,52,53,54,55,56,57,58,60,61,62,63,64,65,66,67,68,69,70,71,72,73,75,76,77,79,80,81,82,83,84,85,86,89,90,91,93,94,95,96,97,99	4626d44ff12b612622e6d9d15496dadbb5a7c592bfde1e0877494c67ee9a856d	2608	3046209	7cb3938218af95ad09ac1182c6ca00419410ba9f82e5ceac93c12121b6becc71	fa7060a1a8ad46eb4cc493aeed3cf8722e00ff2f1eb058dafb3866520050c86f	True
tf_h02608	tf	2608	33	32fe12c168ef80291e487dbf4045f430b9c5d90a	836c8edbfc75b517cefdde6426755f9e3b71021df09b06c6f3b9c262057cd47e	74.89	74.84	0.04	70308	171591	37364	134227	0.21775034821173606	0,1,2,3,4,5,6,8,9,10,11,12,13,14,15,19,20,21,22,23,24,25,27,28,29,30,33,35,36,37,38,39,40,43,44,45,46,47,48,49,50,51,52,53,54,55,56,58,59,60,61,62,63,65,68,69,70,71,73,74,75,76,77,79,80,81,82,83,84,87,89,90,91,93,94,95,96,97,98,99	a84e08eef558faa73254826c18af98fd902c66fc5f3b9e7437eee0de773c366b	2608	2974274	d5e1dadd597287abd04a16bb997899750f5609af6ce307d874898100130a01c4	4f60774fef9fd838e113857c9bb9e031dbe6ac7415f73b032a597f8da7debb53	True
tf_h02608	tf	2608	34	32fe12c168ef80291e487dbf4045f430b9c5d90a	836c8edbfc75b517cefdde6426755f9e3b71021df09b06c6f3b9c262057cd47e	75.74	75.66	0.07	70620	185422	47676	137746	0.25712159290699055	0,3,5,6,7,8,9,10,11,12,13,14,16,17,18,19,20,21,22,23,25,26,27,28,29,30,31,32,34,35,36,37,39,40,41,42,44,45,46,47,49,50,51,53,54,55,56,57,58,60,62,63,64,65,66,67,68,69,71,72,73,74,75,77,80,81,82,83,84,85,86,88,90,91,92,93,94,96,97,98	d97d4b03bc9746f92196888f204edb02b7bfe38a4624c7fec5f234b7e46fb6f5	2608	3051216	aed1166e78b45b643df7b319e667d8fe7c7a8bc0255a94d1d0a1e80f80e74261	25a7c5ebb5b9e1addeecaefb1b1f18a32474d1bac2e3bae4ef5ae798b5f297de	True
tf_h02608	tf	2608	35	32fe12c168ef80291e487dbf4045f430b9c5d90a	836c8edbfc75b517cefdde6426755f9e3b71021df09b06c6f3b9c262057cd47e	75.02	74.93	0.07	70180	165998	36671	129327	0.22091230014819455	0,1,2,3,4,5,6,7,8,9,10,11,12,13,15,17,18,19,20,21,22,24,26,27,28,29,30,31,32,33,34,35,36,38,41,45,46,48,49,50,51,52,53,54,55,56,60,61,62,64,65,66,67,69,70,72,74,75,76,77,78,79,80,81,82,83,84,85,86,87,88,89,90,92,93,94,95,97,98,99	642f15ecdbf2cfcd0782b3be438938ea8335b55dba751be65246cb5e7f5d6122	2608	2866986	9f76a8af1fc399817e91ce480a67f5f51cc1460ef72c15d78f798506dd494954	56fb87a5486149ce5f563d36a823e123d16dc5c2a83b271148ad3c4f4a4b52c3	True
tf_h02608	tf	2608	36	32fe12c168ef80291e487dbf4045f430b9c5d90a	836c8edbfc75b517cefdde6426755f9e3b71021df09b06c6f3b9c262057cd47e	74.48	74.43	0.04	70308	178544	41775	136769	0.23397593870418495	0,1,2,3,4,5,6,8,9,11,12,13,14,15,17,19,20,21,23,24,25,27,28,30,31,33,34,35,37,38,39,40,41,42,43,44,45,46,47,48,50,51,52,53,54,55,56,57,59,61,62,63,64,65,66,67,68,69,70,71,73,75,76,77,78,79,80,81,83,84,87,88,90,91,92,93,94,96,97,99	13acca205c24f21db539a271fd9ade97c85ea050de28f9920f1bfbfbe67000dd	2608	3029719	8645380122578ff32e5fe20970fa79963bd7c9fb129c340f0a54115adf7c3b85	4d037526236785b7c46cf5677079ec7352517d25069667663ea616b5c1126f60	True
tf_h02608	tf	2608	37	32fe12c168ef80291e487dbf4045f430b9c5d90a	836c8edbfc75b517cefdde6426755f9e3b71021df09b06c6f3b9c262057cd47e	73.98	73.9	0.06	70180	176552	41754	134798	0.23649689609859983	1,2,3,4,5,7,8,9,10,11,12,14,15,16,17,18,20,21,22,23,24,25,26,28,30,31,32,33,34,36,37,38,39,40,41,42,44,45,46,47,52,53,54,55,57,58,59,60,61,63,64,66,67,68,69,70,72,73,74,75,76,77,78,79,80,81,82,83,84,86,87,89,90,92,93,94,95,96,97,98	4dda003a8bf3b54e8a840755abff1505779629e31a6f0ee428185c95e426761e	2608	2986693	a135f7db351e63c54b64e8a66394009c78db8a62d2d839c0904649169d7a85f3	ebdcc88c7a52189531d1fb40694db17ba0be28c7e1b22cbee98cb3e8627e5766	True
tf_h02608	tf	2608	38	32fe12c168ef80291e487dbf4045f430b9c5d90a	836c8edbfc75b517cefdde6426755f9e3b71021df09b06c6f3b9c262057cd47e	74.71	74.64	0.05	70568	188092	47782	140310	0.2540352593411735	0,1,2,3,4,6,8,9,10,11,12,14,17,19,20,21,22,23,24,25,26,27,29,30,33,34,35,37,38,39,40,42,43,44,45,46,47,48,49,50,51,52,53,54,55,56,57,58,59,60,62,63,64,65,66,67,68,69,70,72,73,75,76,77,78,79,80,81,82,83,84,85,86,88,89,90,91,93,94,98	fecd2a43a0627359061e47ebfd09a52fe71babb59988685288e457503daac002	2608	3107285	34bfd66f415e2ff9d706cec86a52ad67fa3df90dda111c16864cb89762d30d2b	26d8ac9ee5357bf2b29e1acc56796f5f27e7e68babc22f5910beea027031792e	True
tf_h02608	tf	2608	39	32fe12c168ef80291e487dbf4045f430b9c5d90a	836c8edbfc75b517cefdde6426755f9e3b71021df09b06c6f3b9c262057cd47e	74.71	74.62	0.08	70564	184053	44819	139234	0.24351137987427535	0,1,2,3,6,8,10,11,12,13,15,17,18,19,20,21,23,24,26,28,29,30,31,32,33,34,35,37,38,39,40,41,42,43,44,45,47,48,49,50,51,52,53,54,56,57,58,59,60,61,63,64,65,66,67,68,69,70,71,73,75,76,79,80,81,82,83,84,85,86,87,88,89,90,93,94,95,96,98,99	273d9b127fba051d7c8ff23ed3d7e5bd952bee020fe51d1aa8a6f825896578fb	2608	3083708	714cb77996f3ebc263b31b97a4f2a78079064fa5947534f5229b971553f865f4	3a9fdeed92282da860b7ef302a303584d5959ae98dd277573586019b5ab7dc15	True
tf_h02608	tf	2608	40	32fe12c168ef80291e487dbf4045f430b9c5d90a	836c8edbfc75b517cefdde6426755f9e3b71021df09b06c6f3b9c262057cd47e	74.31	74.24	0.06	70436	178592	43184	135408	0.24180254434689125	1,2,3,4,5,6,7,8,9,10,11,12,13,14,15,16,17,18,19,20,22,23,25,27,28,29,30,31,33,34,35,36,37,38,39,40,41,42,43,45,47,48,49,50,52,53,54,55,57,59,61,62,64,65,67,68,69,70,71,72,74,77,78,79,80,83,85,86,87,88,89,90,91,92,94,95,96,97,98,99	96729f38b4d75f011d349328d3bf78d8df97dfc8d2f633a91f05c360e2945f71	2608	2999873	60221a8b189e0b0b22dfdbb7d77f52917c96517baa4e849effa46067f8e0d33f	0ebf2959695fd6840f20a1075153c655b5b25b2699396edfe6844fc41d0e173c	True
tf_h02608	tf	2608	41	32fe12c168ef80291e487dbf4045f430b9c5d90a	836c8edbfc75b517cefdde6426755f9e3b71021df09b06c6f3b9c262057cd47e	74.89	74.82	0.06	70436	177835	43968	133867	0.24724041948997666	0,1,2,4,5,6,7,8,9,10,11,13,14,16,18,19,20,21,22,24,25,26,27,30,31,32,33,34,35,36,37,38,40,41,43,44,45,46,47,48,49,50,51,52,53,54,56,57,59,60,61,62,63,64,65,66,67,68,69,70,72,73,74,75,76,78,80,81,82,83,84,85,86,88,89,91,93,94,95,98	f14de4e0b7f505d07ba65aaab6cf470babdbfd048d7e952ad5278dd7734160d0	2608	2966383	f94cf6e8d9b7426b483198f6341b36bd82dee25639fa91db7b5320771c795109	3b137cbd7e09975992eedd3510f7d990cc8ca0d3a17016aab88399e0f3a713de	True
tf_h02608	tf	2608	42	32fe12c168ef80291e487dbf4045f430b9c5d90a	836c8edbfc75b517cefdde6426755f9e3b71021df09b06c6f3b9c262057cd47e	74.55	74.48	0.06	70436	180082	48848	131234	0.27125420641707665	1,3,4,5,6,7,9,10,11,12,13,15,16,17,18,19,20,21,22,24,27,29,31,32,33,34,35,36,37,38,40,41,42,43,44,45,46,47,48,50,51,52,56,57,58,59,60,61,62,63,65,66,67,68,69,70,71,72,73,74,75,78,79,80,81,82,83,84,85,86,87,88,89,93,94,95,96,97,98,99	861b178f9171653402aae1ed2b05a3b4ab50b5fb249ce66a2ed29c786f1a0323	2608	2908725	99a5409d55188a49497d38d05c24b423362d9d17e169ff24ea8672c1879e548d	7c17725ad175878ae1b42eb127a5e3bb35b9dbd02ef19de8c97b16955d012245	True
tf_h02608	tf	2608	43	32fe12c168ef80291e487dbf4045f430b9c5d90a	836c8edbfc75b517cefdde6426755f9e3b71021df09b06c6f3b9c262057cd47e	75.8	75.7	0.08	70692	191765	51570	140195	0.26892290042499933	0,2,3,4,5,6,7,8,9,10,11,12,13,14,15,16,19,20,21,22,23,24,25,26,27,28,30,32,33,34,36,37,39,41,42,45,46,47,48,49,50,51,52,53,55,56,58,59,60,61,62,63,65,66,67,68,70,71,74,75,77,78,79,80,82,83,84,85,86,88,89,90,91,92,93,94,95,96,98,99	7617d7f1eef2c675b7f601d3cf0e74e202bd2259495f5c2b74e73e7a00acc989	2608	3104977	30458c18ebc98d6484d1a3623ef53d9e975e2ad02dbd788acb2a964fc9288e55	2f67800ccb93bda2f50e75bb4ca7f69febe3e91b3fa5f10645da3a827959fd2a	True
tf_h02608	tf	2608	44	32fe12c168ef80291e487dbf4045f430b9c5d90a	836c8edbfc75b517cefdde6426755f9e3b71021df09b06c6f3b9c262057cd47e	75.71	75.63	0.06	70436	181890	46622	135268	0.25631975369728954	0,1,3,5,6,7,8,9,10,11,12,13,15,16,17,18,20,21,22,23,25,26,27,28,29,31,32,33,34,35,36,37,38,39,40,42,43,44,45,46,47,48,50,51,53,54,55,56,59,60,61,64,65,66,67,69,70,72,73,74,77,78,79,80,81,82,83,84,85,86,87,88,89,90,92,93,94,96,97,99	7cefea72ffa9af5375792283d3e07dfbe74943498fe4f89152412bf7ee591a26	2608	2996795	420cdd1ee622cc989a422b770969cea897d2d3457ea53c1ed4f88d6aa21ac523	a1c6d14a4049f742c02e695dac9afd340d32701c206a74ce116b2e71d02d9433	True
tf_h02608	tf	2608	45	32fe12c168ef80291e487dbf4045f430b9c5d90a	836c8edbfc75b517cefdde6426755f9e3b71021df09b06c6f3b9c262057cd47e	75.38	75.31	0.06	70308	175956	40763	135193	0.23166587101320785	0,1,3,4,5,6,7,8,10,11,12,13,14,15,16,17,18,20,21,22,23,24,25,26,27,28,29,30,31,32,33,34,36,37,39,40,41,43,44,48,49,51,52,53,54,55,56,57,58,60,61,63,64,66,68,69,70,71,73,75,76,77,78,79,80,81,82,83,84,85,86,87,88,89,91,92,93,94,96,99	154d4b776ab2bf3c060658f50c6d8e521443c6cb4745ba94f76d9eada1782a4d	2608	2995280	b07ee1e896884e1c0daa5a9f519e8e79f15a7c9ec5a39b4fb51bd35d8648dfdb	7b45e4eae15eb16c05616ce100bf3b9156cb466277aefe5e6fa3834e20db547f	True
tf_h02608	tf	2608	46	32fe12c168ef80291e487dbf4045f430b9c5d90a	836c8edbfc75b517cefdde6426755f9e3b71021df09b06c6f3b9c262057cd47e	75.11	75.03	0.06	70436	178033	44991	133042	0.2527115759437857	1,2,4,5,6,7,8,9,10,11,12,13,14,15,16,18,19,20,21,22,23,25,26,27,29,30,31,32,33,34,35,36,38,39,40,41,42,43,44,46,47,49,50,51,52,53,54,55,56,57,58,59,60,61,62,63,64,65,66,67,68,69,70,71,72,76,78,80,81,82,83,84,85,86,87,88,90,93,95,98	17d21142e0346fb0b40bd29071c18887926e6d47685c1544a3e42841368509f9	2608	2948250	2609d00fe3e54f605f1d91152a9d5f42833a6cfc24b6527d3fc55ea7bb9c2303	0b95b953981423aba06be12cbce64d29af69ef905b7005192f707cfe6d08664e	True
tf_h02608	tf	2608	47	32fe12c168ef80291e487dbf4045f430b9c5d90a	836c8edbfc75b517cefdde6426755f9e3b71021df09b06c6f3b9c262057cd47e	74.78	74.69	0.07	70180	174731	40335	134396	0.23084054918703606	0,1,2,3,4,5,8,9,10,11,15,16,17,18,19,20,21,23,24,25,26,27,28,29,30,32,33,34,35,37,38,40,41,42,44,45,46,47,48,49,51,52,53,55,56,58,60,61,63,64,65,67,69,70,71,72,73,74,75,76,77,78,79,80,81,82,83,84,86,87,88,89,90,91,92,93,94,96,97,99	95192313221795ebd1951e866dbb37b0e67be46eadf6b24b15451c3858f57e9a	2608	2978025	66d6ad636ce63a544a0e46dcc2596d17b97060a04bd45d4616dfd4f3c0b26807	bb6d76cebc7ae2b3140d1c7d7a201291e4c558bba7f1ed0c93509387efd1183f	True
tf_h02608	tf	2608	48	32fe12c168ef80291e487dbf4045f430b9c5d90a	836c8edbfc75b517cefdde6426755f9e3b71021df09b06c6f3b9c262057cd47e	74.7	74.63	0.06	70192	170158	37249	132909	0.21890830874833977	1,2,3,4,6,7,8,9,10,11,15,17,18,19,20,24,25,26,27,28,29,30,32,33,35,36,37,38,40,41,42,43,44,45,46,47,49,50,51,52,53,54,55,56,57,58,59,61,62,63,65,66,68,69,70,71,72,73,74,75,76,77,80,81,84,85,86,87,88,89,90,91,92,93,94,95,96,97,98,99	260f55673c126e025e5f990c9ee92f5b995ed06af3387f3caf83f645352688d0	2608	2945317	a4f7748aae6caeb45227c8ca96877af47bc2113a9107447a279a0e615fa31215	23b1e2df4ffdca4310b4936bf3ef27ea9ebb2958df987abcb2595631cf45a80d	True
tf_h02608	tf	2608	49	32fe12c168ef80291e487dbf4045f430b9c5d90a	836c8edbfc75b517cefdde6426755f9e3b71021df09b06c6f3b9c262057cd47e	74.85	74.79	0.05	70308	177382	44902	132480	0.25313729690723974	1,2,3,4,5,6,7,8,10,11,12,13,14,15,16,17,20,21,22,25,26,27,28,29,30,31,33,34,35,36,37,38,40,41,42,43,44,45,46,48,49,50,51,52,53,54,55,56,57,58,59,60,62,63,65,66,67,68,69,70,72,73,74,76,78,79,80,81,83,84,88,90,91,92,93,94,95,97,98,99	e80181049a20d1e24d1d2f8f473c6303a9d44c18d635964d2bae7c48dc11c8b7	2608	2936020	d192f3cbdc692b790927619ff7b0187b7060a9413925b01ad57e5a4eaa522471	600de91b9d2dbeee22bf755068ed9805f2a8fb8b1be64989f54566cb7543555b	True
tf_h02608	tf	2608	50	32fe12c168ef80291e487dbf4045f430b9c5d90a	836c8edbfc75b517cefdde6426755f9e3b71021df09b06c6f3b9c262057cd47e	75.21	75.09	0.1	70312	176914	41265	135649	0.23324892320562532	0,1,2,3,4,5,6,9,10,11,12,13,14,15,16,17,18,19,20,21,23,25,26,27,28,30,31,33,34,35,36,37,38,39,41,42,43,44,45,48,49,53,54,55,56,57,58,59,60,61,62,63,64,65,67,68,69,71,72,73,74,75,76,78,82,83,84,85,86,87,88,89,90,92,93,94,95,96,97,99	256c593b9417ad0ad51d64a0a9b0a741800da0ed7b4979cb65bbea7af5fc7b5d	2608	3005407	5f936b310a86aebeaf42a107f8dc4602ea78c8005efeb952c655109884f4e5d9	ca43f923833a70a65481a844f6cd4429e551dd3f8a48e98a2bf0e95219a2b49e	True
tf_h02608	tf	2608	51	32fe12c168ef80291e487dbf4045f430b9c5d90a	836c8edbfc75b517cefdde6426755f9e3b71021df09b06c6f3b9c262057cd47e	75.59	75.52	0.06	70564	185811	46404	139407	0.24973763663076998	0,2,4,6,7,8,9,10,11,12,13,14,16,17,19,20,21,22,23,24,26,27,28,29,30,31,32,33,34,35,36,37,38,39,41,42,43,44,45,46,47,48,49,50,51,52,54,56,57,58,59,60,61,63,65,68,69,70,71,73,74,75,76,77,78,79,80,83,85,88,89,90,91,92,93,94,95,96,97,99	d49f535640836164460176b474bf1da557f7359b2a902f74c67be70571c68509	2608	3087468	6fe67f255f329b7803576018b0f865ee942035eed8e9b8fde19906272b8d71d9	874510e268802eccfb1d389277e9e34491a31da385e41ac31c80771510e159bc	True
tf_h02608	tf	2608	52	32fe12c168ef80291e487dbf4045f430b9c5d90a	836c8edbfc75b517cefdde6426755f9e3b71021df09b06c6f3b9c262057cd47e	75.89	75.79	0.1	70180	168236	36708	131528	0.21819349009724434	0,1,2,3,4,5,6,7,8,9,10,11,12,13,16,18,23,24,25,26,27,28,29,30,32,34,35,36,37,38,39,40,41,42,43,45,46,47,48,49,50,51,52,53,54,55,56,57,58,59,60,61,62,65,66,67,68,69,70,72,73,75,76,78,79,80,81,82,83,85,86,87,89,91,92,93,94,95,96,98	d6664fcfc68aad06d7b14e04eeb440d0e75584bb00a167069232832a995c8538	2608	2915077	541dedcf9eb244c13255b9b1038e71dfd7fc51be078730f0ea4c6aa6cc8c369c	c048796d2e240623d5c463631a0fb4debff6879156caa9d0f6a8b262bb04e5ff	True
tf_h02608	tf	2608	53	32fe12c168ef80291e487dbf4045f430b9c5d90a	836c8edbfc75b517cefdde6426755f9e3b71021df09b06c6f3b9c262057cd47e	74.95	74.89	0.05	70308	172525	37399	135126	0.21677438052456166	0,2,3,4,5,6,7,8,9,11,12,14,15,16,18,21,22,23,24,25,27,29,31,33,34,35,36,37,39,40,41,42,43,44,46,47,48,49,50,51,52,53,54,55,56,57,58,59,60,61,62,63,65,66,67,68,69,70,72,75,76,77,78,79,80,81,82,84,86,87,89,90,91,93,94,95,96,97,98,99	e953f66173621e7c5d76b37899ad4dcc05c484c744eadb5cfcbcc6a71c509e58	2608	2993477	aeb8715d8dd8201a4137427f0f61445cb16b50cb3d6a5ec2ca17a28761c39abc	33e0669985e4ca5731b8e3b1fb7d800ac3ca14579a31110da3d7f952a96bb49f	True
tf_h02608	tf	2608	54	32fe12c168ef80291e487dbf4045f430b9c5d90a	836c8edbfc75b517cefdde6426755f9e3b71021df09b06c6f3b9c262057cd47e	74.44	74.35	0.06	70564	178194	42396	135798	0.23792046870264993	1,2,4,5,7,8,9,10,11,12,13,14,15,16,18,19,20,21,22,23,24,25,26,27,28,30,31,34,35,36,38,39,40,41,42,43,45,46,47,48,49,50,51,52,53,54,56,57,58,60,61,63,64,65,66,67,68,69,70,72,73,74,75,77,78,79,80,81,83,84,86,87,88,90,91,93,94,95,96,99	b8d17effa9ddf0a119e29994594210f67cc54f7062491d04d2b979a4c2534d9f	2608	3008723	5bc57a60b055488e3b6a08b843006f756f79e4c20f3071c06db3aebc9b0e1cf9	d6a8427b113df7ad291b5ad2d818edf7a33a964d5e9ee3a6584c837c453d388b	True
tf_h02608	tf	2608	55	32fe12c168ef80291e487dbf4045f430b9c5d90a	836c8edbfc75b517cefdde6426755f9e3b71021df09b06c6f3b9c262057cd47e	75.61	75.53	0.07	70440	172645	38643	134002	0.2238292449824785	0,1,2,3,4,5,6,7,8,9,13,14,15,16,17,18,19,20,22,24,26,27,28,29,30,31,33,35,36,37,39,40,41,42,43,44,47,48,49,50,51,53,54,55,57,58,59,60,61,62,63,65,67,68,69,70,71,72,73,74,75,76,77,78,79,80,82,83,86,87,88,90,91,92,93,95,96,97,98,99	4b691f4374e2fa2ad0797f1f1d450c61c6f9eebb5a0cc6d8918237adeb83aef5	2608	2969246	8a2d14abbe31cc51b1ffba1efb1ffe2ab9e6b836fcac190e03784a9e278f69bf	121f1d149723fa640410d4a745d610c9c4b4c3b12aac100d9e00eb079ffb4fb6	True
tf_h02608	tf	2608	56	32fe12c168ef80291e487dbf4045f430b9c5d90a	836c8edbfc75b517cefdde6426755f9e3b71021df09b06c6f3b9c262057cd47e	75.28	75.2	0.07	70052	171195	37791	133404	0.2207482695172172	0,2,3,4,5,6,10,11,12,13,14,15,17,18,20,21,22,23,24,25,27,28,29,30,31,32,33,35,36,37,38,40,41,42,43,44,45,47,48,49,50,51,52,53,54,55,56,57,58,59,61,63,64,65,66,67,69,70,71,72,73,75,76,77,78,80,81,82,83,84,86,87,88,90,92,93,96,97,98,99	ad5edf99055f5649618b4f6242868ad7ef69bdeae6484f7f336ba504c0c36bab	2608	2956392	cb5ec86eb0cefc9f236acedd1d5f3d27d5492020de971a3dcc1e04374ac59643	3c931ceade541bcea6d3c2b15050399f86b958bb81198df0132ebb744c37e680	True
tf_h02608	tf	2608	57	32fe12c168ef80291e487dbf4045f430b9c5d90a	836c8edbfc75b517cefdde6426755f9e3b71021df09b06c6f3b9c262057cd47e	74.23	74.14	0.09	70428	183946	50000	133946	0.27181890337381626	0,1,3,6,8,9,10,11,12,13,14,15,18,19,20,21,22,24,25,27,29,30,31,33,34,35,36,37,38,39,40,41,42,45,46,47,48,49,50,51,53,55,56,58,59,60,61,63,64,65,66,67,68,69,70,71,72,73,74,75,76,77,78,79,80,81,82,83,84,86,88,90,92,93,94,95,96,97,98,99	f6ace67630086ac2bfb8e860806d168f9589f37d53029db62245886e272e0935	2608	2967956	5856781ae93639f71ee05b511977521544969076b35911b6568da2e9fa8eae61	69044307cf8a90ed01f96434c05b8392f3d0bd17f791a46e562db34187349587	True
tf_h02608	tf	2608	58	32fe12c168ef80291e487dbf4045f430b9c5d90a	836c8edbfc75b517cefdde6426755f9e3b71021df09b06c6f3b9c262057cd47e	75.81	75.71	0.08	70308	172550	37188	135362	0.2155201390901188	0,2,4,5,6,7,9,10,12,13,14,15,16,17,18,19,20,21,22,23,24,26,27,29,31,32,33,34,35,36,37,38,39,40,42,44,45,46,47,48,49,50,51,52,53,54,55,56,57,58,59,60,61,62,67,68,69,70,71,73,74,75,76,77,78,79,80,81,82,85,87,88,89,90,91,92,94,95,96,99	cfaebf8e23ab234e6b537a7b1a2fd8c81fd775756ad7e3dd1fba31ee8efa573b	2608	2999031	bb6eeb4308318f701da444f3f9257bede21597a85eb7e3e5b269f51ba7d3a3eb	3af4168233eb9bac4d72a1e1f772833763517d5dab73d85c1e940991a1755e29	True
tf_h02608	tf	2608	59	32fe12c168ef80291e487dbf4045f430b9c5d90a	836c8edbfc75b517cefdde6426755f9e3b71021df09b06c6f3b9c262057cd47e	75.82	75.75	0.06	70436	178093	44301	133792	0.24875205650980106	2,3,4,5,6,7,8,9,10,11,12,13,14,15,16,17,18,19,20,21,22,23,24,25,26,29,30,31,32,33,34,36,37,38,39,40,41,42,43,45,46,48,50,51,52,54,55,59,61,63,64,65,66,67,68,69,70,71,72,73,74,75,76,77,78,79,80,81,84,85,87,88,91,92,93,95,96,97,98,99	d6d2b6c1e22e4205e2b1ecddefc7e0cb1e4d57b185759f5e076c4a75cb02f3cd	2608	2964624	c33db6af3cd7b438f6c81d614ceb2d2e45634a1a5c0155fe879ba91f2c424397	aa20ae9bfdeef54d075eb5c9dd4adad2273d3691f9c596f8ed160fa43db35ef1	True
tf_h02608	tf	2608	60	32fe12c168ef80291e487dbf4045f430b9c5d90a	836c8edbfc75b517cefdde6426755f9e3b71021df09b06c6f3b9c262057cd47e	74.94	74.87	0.06	70260	187656	48904	138752	0.2606045103806966	0,1,2,3,4,9,11,12,13,14,15,16,17,18,19,21,23,25,26,27,28,29,31,32,34,36,37,38,40,41,42,43,45,46,47,48,49,50,51,52,53,54,55,56,57,58,59,61,62,63,64,65,66,67,68,69,70,71,72,73,74,75,76,77,78,79,80,81,83,84,85,88,90,91,92,94,96,97,98,99	8ba51d8d93ba626dd0935313bed7d0dd71c1d4370698b08e3dc25050b4b1d5ca	2608	3073104	ade822b8708762afd8d71c6a8cf7cb316c300930272664db1450abe232826df1	412f4ec14bd4b433e74d061b6997d3eb2054bf735f2b081e1fe8c2ec4319b7a1	True
tf_h02608	tf	2608	61	32fe12c168ef80291e487dbf4045f430b9c5d90a	836c8edbfc75b517cefdde6426755f9e3b71021df09b06c6f3b9c262057cd47e	74.83	74.76	0.06	70436	176364	42047	134317	0.23841033317457078	0,1,2,5,7,8,9,10,11,12,13,14,15,16,17,18,19,20,21,22,23,25,26,27,30,33,34,35,36,37,38,39,40,41,43,44,45,46,47,48,49,50,51,52,54,56,58,60,61,62,63,65,66,67,69,70,71,73,74,75,77,78,79,80,81,82,83,84,85,86,87,89,91,92,93,94,95,96,97,99	8a9ee3e9e1cc9267094df1169bbe5cfd3e63fcdd405d48ce8db4c32118d7d3ca	2608	2976180	301df2f4cfc728e92606d7a71fee4275455abf5e02257e4f40ecac66cc293e8d	c492eefe1eff6115a277c938b70923a16e137cd495774736283ef57916b12a2d	True
tf_h02608	tf	2608	62	32fe12c168ef80291e487dbf4045f430b9c5d90a	836c8edbfc75b517cefdde6426755f9e3b71021df09b06c6f3b9c262057cd47e	74.35	74.25	0.09	70312	175279	44829	130450	0.25575796301895837	1,2,3,4,5,6,7,8,10,11,12,13,14,15,17,18,19,21,22,24,25,27,29,30,31,33,36,38,40,41,42,43,44,45,46,47,48,49,50,51,52,53,54,55,56,57,58,59,61,62,64,65,66,68,69,70,71,72,73,77,78,79,80,81,83,84,85,86,87,88,89,90,92,93,94,95,96,97,98,99	0b2c295eaf9586f9a668ef15009ce877c8040e8361be47064bf932e528666268	2608	2891616	6aa52a7610c957aebf2294e72e8b403279e34360b280e64bfbc3270076d788d0	06ad7c87e90cee829b8a74b1f69fcc5293f8f6f59322b31956ee884de4daa63c	True
tf_h02608	tf	2608	63	32fe12c168ef80291e487dbf4045f430b9c5d90a	836c8edbfc75b517cefdde6426755f9e3b71021df09b06c6f3b9c262057cd47e	75.22	75.15	0.06	70308	177079	43221	133858	0.24407750213181686	1,2,3,4,6,8,9,10,11,12,13,14,16,17,18,19,21,22,23,24,25,26,27,28,29,30,31,32,33,34,36,37,38,40,42,43,44,45,46,47,48,49,50,52,53,54,55,56,57,58,59,61,64,65,66,67,68,69,70,72,73,76,77,78,79,80,81,82,84,85,87,88,89,90,92,94,95,96,98,99	4c74943e5f8853136b77dc5eebec9a5de4462eb18ed3310d1f6afec11ca20d16	2608	2966069	9980ee5991dd15fce694a8f924bbff48e9056abc99edfa89456cac956a307bcd	cd9a07766096ce8815198f6b3f501ceb573907513d4222bdc1dcd17c2a3ce207	True
tf_h02608	tf	2608	64	32fe12c168ef80291e487dbf4045f430b9c5d90a	836c8edbfc75b517cefdde6426755f9e3b71021df09b06c6f3b9c262057cd47e	74.24	74.17	0.06	70308	175762	42744	133018	0.2431924989474403	0,1,2,4,6,7,8,9,12,13,14,15,16,17,18,19,20,21,22,23,24,27,29,31,32,34,36,37,38,39,40,41,42,44,45,46,47,48,49,50,51,52,54,55,56,57,58,60,61,62,64,66,67,69,70,71,72,73,74,75,76,77,78,79,80,81,82,83,84,87,88,90,91,92,93,94,96,97,98,99	ad47c961b77769827af574869986a83a808623c1e64314073cc56698f3440174	2608	2947594	7b12e33dc725f398c512bc71add1d7bd4fae5704fc68b697336c4956ebf59143	92a3478b936de0c7efa0a8dea6059f348f52233cef1c96f16281de2268c1cbae	True
tf_h02608	tf	2608	65	32fe12c168ef80291e487dbf4045f430b9c5d90a	836c8edbfc75b517cefdde6426755f9e3b71021df09b06c6f3b9c262057cd47e	75.27	75.21	0.05	70300	177071	40192	136879	0.22698239689164235	1,2,3,4,5,6,8,9,12,14,15,16,17,19,20,21,22,23,24,25,26,27,28,29,30,31,32,33,34,35,36,37,40,41,42,43,44,45,46,47,48,49,51,52,54,57,58,59,60,61,62,63,66,67,68,69,70,71,72,74,76,77,78,80,81,83,84,87,88,89,90,91,92,93,94,95,96,97,98,99	5165ecf0c99fe0ae652c90f1fc5a21307b388d4b29e49ebee67f0458564382ed	2608	3032194	144510141ae6b8ab928bbcd136e0653fd7d0ad6cc7ee66a43a0607e920689a3f	d091afc571e8231301045e28361473ca992c7c6f0edc1e99f6a1285777279105	True
tf_h02608	tf	2608	66	32fe12c168ef80291e487dbf4045f430b9c5d90a	836c8edbfc75b517cefdde6426755f9e3b71021df09b06c6f3b9c262057cd47e	75.39	75.29	0.09	70308	176292	42847	133445	0.24304562884305583	1,2,3,5,6,7,8,10,11,12,13,14,15,16,17,18,19,20,21,22,23,24,25,26,27,28,30,31,32,33,34,35,36,38,40,41,42,43,44,45,46,47,48,49,50,51,52,54,55,56,57,58,59,60,62,64,65,66,67,68,69,70,72,74,75,77,78,79,80,82,84,85,86,87,88,91,92,96,98,99	0a84de14ce02a447186955a6f8c92b81584d502846e31c159d22fe22262468db	2608	2956984	8aa31d1a8a47c7a2a918e7d8e35cadfe43494a474aeed973aa33eb85b77f0b6d	3034202315e701edc06486a20575e76f4144f51332bf39db41155b17f701ab7f	True
tf_h02608	tf	2608	67	32fe12c168ef80291e487dbf4045f430b9c5d90a	836c8edbfc75b517cefdde6426755f9e3b71021df09b06c6f3b9c262057cd47e	74.87	74.81	0.05	70180	172951	38851	134100	0.2246358795265711	0,1,2,3,4,5,6,8,9,10,12,13,14,15,16,17,18,19,20,21,22,23,24,25,26,28,29,31,32,33,35,36,37,38,39,41,42,43,44,45,46,47,48,50,52,54,55,57,58,59,60,62,63,64,66,68,69,70,71,72,74,75,76,77,78,79,80,82,83,86,88,89,91,92,93,94,95,96,97,99	8195c3037d5ccf5b51425412c209dd9cba967e34e5cbf182bf8e7e2e57bcfaf9	2608	2971353	b9a079565d4dd8e6a6bcf3bdce97f03e0c901854dd726823aebcc15bcd167d50	f4cef00d09179f43ccf63bc7efabfb82788e1a85508bc27f0463310ce8ce93f2	True
tf_h02608	tf	2608	68	32fe12c168ef80291e487dbf4045f430b9c5d90a	836c8edbfc75b517cefdde6426755f9e3b71021df09b06c6f3b9c262057cd47e	74.03	73.95	0.07	70440	184755	47935	136820	0.2594517063137669	0,1,2,5,6,7,8,9,11,12,16,18,19,20,21,22,23,24,25,26,28,29,30,31,33,34,35,36,39,40,41,42,43,44,45,46,47,48,49,50,51,52,53,55,56,57,58,62,63,64,65,67,68,70,71,72,73,74,75,76,77,78,79,80,81,82,83,84,85,87,88,89,90,91,92,94,95,96,97,99	3cf81bc6e742428b5d7d08d515cddccbeda39d95af1388e40213d0e575dcd3c3	2608	3030833	3d7b4c2489c6f9d376fc45d34ca7e84a6f76c91b3023ef5d0ca3bd8f9727fffb	a215c22412bec36b30f11697004c0b771cca47ece41523c3fb3d95b161bc6c6c	True
tf_h02608	tf	2608	69	32fe12c168ef80291e487dbf4045f430b9c5d90a	836c8edbfc75b517cefdde6426755f9e3b71021df09b06c6f3b9c262057cd47e	75.33	75.24	0.08	70308	179250	47576	131674	0.26541701534170153	0,2,3,4,5,7,8,9,10,11,12,13,14,15,16,17,18,19,20,22,24,25,27,28,29,31,32,33,34,35,37,40,41,42,43,44,45,46,47,48,49,50,51,52,53,55,56,57,58,60,61,62,64,65,66,67,68,69,70,71,72,74,75,76,77,79,82,83,84,85,89,91,92,93,94,95,96,97,98,99	9ef762b13e73e1aff4a5990a057f5aa4dd2f2c4912ea20051616c6275a61df2d	2608	2918334	02687426e3f9a2f32e0894a2c00532a23f427112e072737a85065381c0d77608	48faa7114e408b8ee84432079779e029f25c505c28a1d7e84e977eb669bb7e8f	True
tf_h02608	tf	2608	70	32fe12c168ef80291e487dbf4045f430b9c5d90a	836c8edbfc75b517cefdde6426755f9e3b71021df09b06c6f3b9c262057cd47e	74.53	74.45	0.07	70268	179162	44548	134614	0.2486464763733381	0,1,2,3,4,5,6,7,8,9,10,11,13,14,15,16,19,20,21,22,23,25,26,27,28,29,30,31,33,34,35,36,37,38,40,41,42,44,45,46,47,48,49,50,51,52,54,55,56,58,62,63,64,66,69,70,72,73,74,75,77,78,79,80,81,82,83,84,85,86,87,88,90,91,92,93,94,97,98,99	6c28058625ca4e531fd6b53c9de4f4cdbdd18bcca17827e3ff55ed7ef69ae4b0	2608	2982653	d420a592489b05f4ec4fd8eb73678e3e69583029b56349c12ede32535c87c28e	e3fc4f4737de2ce144232eedd7c9020cbdb5c6b07c7bb77f9a80119c1a7310c8	True
tf_h02608	tf	2608	71	32fe12c168ef80291e487dbf4045f430b9c5d90a	836c8edbfc75b517cefdde6426755f9e3b71021df09b06c6f3b9c262057cd47e	75.02	74.94	0.07	70308	176453	40781	135672	0.23111536783166056	2,3,4,5,6,7,8,9,11,12,13,14,16,18,19,20,21,22,23,24,25,26,27,28,29,31,32,33,34,35,37,38,39,40,42,43,44,45,46,47,48,50,51,52,53,54,55,56,57,59,60,62,63,64,65,66,67,68,69,72,74,75,76,77,78,79,81,83,84,86,89,90,91,92,93,94,95,96,97,98	c373b9966ef7ba80d30c049e3c36cdbc685e974826dad80311057c9eb482a1f1	2608	3005880	a158091368cf3abbd4289f8d5263b46219947c1d4f4a6ee84d800c3bbc7ec875	c1c4a8583ed8cdcb206297aa8fe39ca27bcae10ee489770bd154bb53562ed21a	True
tf_h02608	tf	2608	72	32fe12c168ef80291e487dbf4045f430b9c5d90a	836c8edbfc75b517cefdde6426755f9e3b71021df09b06c6f3b9c262057cd47e	75.21	75.17	0.03	70308	178178	42862	135316	0.24055719561337538	0,1,2,4,6,7,8,9,10,11,12,13,14,15,17,20,21,23,24,26,27,28,29,30,31,33,34,36,37,38,39,40,41,42,43,44,45,48,49,51,53,55,57,58,59,60,61,62,63,64,66,67,68,69,71,72,73,74,75,76,78,79,80,81,82,83,84,85,86,87,88,89,90,91,92,95,96,97,98,99	bb21f8cef596e8d85346f210124814c42773b092389f8bc13dcfa27d4bae5642	2608	2997780	4b9f6c0586a8a5ac9c374ae40363a3232a22354cf566bb3c8f1a9379783e992e	d0eceb3c11f23714d209f9910d63a9cb8436c2885a574d2c31fbfdad962881dc	True
tf_h02608	tf	2608	73	32fe12c168ef80291e487dbf4045f430b9c5d90a	836c8edbfc75b517cefdde6426755f9e3b71021df09b06c6f3b9c262057cd47e	75.07	74.97	0.08	70308	179982	42407	137575	0.23561800624506896	0,1,2,3,4,5,8,9,11,12,13,14,16,17,18,19,20,21,22,23,24,25,26,28,29,30,31,32,33,35,37,38,39,40,41,42,44,45,47,48,49,50,51,52,53,54,56,57,61,62,63,64,66,67,69,71,73,74,75,76,78,79,81,82,83,84,85,86,87,88,89,90,91,92,93,94,95,96,97,99	ab37aca254fbac18330c695e501128eb8bdebdae12bd91661823f9f63bb78838	2608	3047544	69104811cbe1190a54c517f2476d8997d30849a136b5358c366f97278a66f70d	5ce8e22017f3e2bf3174af23bc4c075ec7518a6acac509f55771df848618d566	True
tf_h02608	tf	2608	74	32fe12c168ef80291e487dbf4045f430b9c5d90a	836c8edbfc75b517cefdde6426755f9e3b71021df09b06c6f3b9c262057cd47e	74.64	74.57	0.06	70284	177534	41727	135807	0.2350366690324107	0,1,2,3,4,6,7,8,9,10,12,13,14,15,17,18,19,20,21,22,23,24,25,26,27,28,30,32,33,34,35,36,37,38,39,40,41,42,43,45,48,50,51,52,54,56,57,60,61,62,63,64,65,66,67,68,69,70,71,73,74,75,78,79,81,82,83,85,86,87,88,89,90,91,92,94,95,96,97,99	009c5027e2c0e6a8e5bf21521cafd7735dcce390e2957e085ac4966e0adc6281	2608	3009166	cf98621e6927302678cb7e68013d3386ae44a07f3ae122a26076ff5ccbf07d58	b77005eece88b740a1275d67eecf69b5b9aa6d64c65f16576e6b7f993b1bb846	True
tf_h02608	tf	2608	75	32fe12c168ef80291e487dbf4045f430b9c5d90a	836c8edbfc75b517cefdde6426755f9e3b71021df09b06c6f3b9c262057cd47e	75.35	75.28	0.06	70184	171740	39262	132478	0.22861301968091302	1,2,3,4,5,6,8,9,10,12,13,14,15,16,18,19,20,21,22,24,26,27,28,29,30,32,33,34,35,36,37,38,39,40,41,42,43,44,45,46,47,49,50,52,54,55,56,58,59,60,61,62,64,66,67,68,69,70,71,72,73,74,75,76,77,80,81,84,85,86,87,89,90,91,93,94,95,97,98,99	f464e52d7ff2e843d3fa5abb3d9ea5494da98e274ee4e2fdb4543ab0822d529d	2608	2935828	c99f80c861968fafac816a27e1a5936b56ffa74a12f3974e2d37509fdf8adb3a	d9e9cacc6a3add72107869b90b8c2602b260b78418ad70c326773720442121e5	True
tf_h02608	tf	2608	76	32fe12c168ef80291e487dbf4045f430b9c5d90a	836c8edbfc75b517cefdde6426755f9e3b71021df09b06c6f3b9c262057cd47e	75.35	75.25	0.08	70184	171422	41158	130264	0.24009753707225442	0,1,2,3,4,5,6,8,9,10,11,12,14,15,16,17,18,19,20,23,24,25,26,27,29,30,31,32,33,34,35,37,38,39,40,42,43,44,45,46,48,49,51,52,53,55,56,57,58,59,61,62,63,64,65,69,70,71,72,73,74,75,76,77,78,79,80,82,83,85,87,88,90,92,93,94,95,97,98,99	24ca285cd072230e5c83b67143d822fb769000e9318ca3ea293e27404f4c4f4b	2608	2887715	9e8e6a2b472c261f015137ec105ec2af7b00359f51b4d39a1247e1c8d0369cd3	3134dc7077011d11fc142dfc8a914d5f9f9c00ffaef5abcd654d40279cd3541c	True
tf_h02608	tf	2608	77	32fe12c168ef80291e487dbf4045f430b9c5d90a	836c8edbfc75b517cefdde6426755f9e3b71021df09b06c6f3b9c262057cd47e	74.47	74.4	0.06	70436	181120	43871	137249	0.24222062720848056	1,2,4,5,6,7,8,11,12,13,14,15,16,17,18,20,22,23,24,26,27,28,29,30,31,33,34,35,36,37,38,39,40,41,42,43,44,46,47,48,49,50,51,53,54,55,56,57,58,59,60,62,63,64,65,66,68,69,70,71,72,73,74,76,77,80,82,83,85,88,89,90,91,92,93,94,95,96,97,98	aa8af747e8f0a4244327cf643d41732fd7bd874c8290c19e469e850a2ceaecb4	2608	3040375	30acf60e16b157988217648aa23eee5e6b1b74ec4e41d6209f85c0ce3e8bc725	77307b73ac3d6a03daf956e7e8b722ddc1fd70eeafe7e3a2507df20f37bd93f1	True
tf_h02608	tf	2608	78	32fe12c168ef80291e487dbf4045f430b9c5d90a	836c8edbfc75b517cefdde6426755f9e3b71021df09b06c6f3b9c262057cd47e	74.77	74.69	0.06	70568	180537	45112	135425	0.24987675656513622	1,4,6,7,8,9,10,11,12,13,14,15,16,17,18,19,20,21,22,23,24,25,28,29,30,31,32,33,35,36,37,39,40,41,42,43,44,46,47,48,49,50,51,52,53,54,55,57,58,59,60,61,63,64,66,67,68,70,71,73,74,75,76,77,79,80,81,82,84,85,86,88,89,90,91,92,93,94,96,98	839939d759a86de058ae6be5692313837ee1dd6c7e9dcb66740a595674693e94	2608	3000584	e0784969b4e76b60276d435512640afffb2e32bc6f9b1c5ea7c1c3def258f61c	692a77e8caf233f947680b59b5ae4b7bc384008dda55b228afd2b74cfc0372e7	True
tf_h02608	tf	2608	79	32fe12c168ef80291e487dbf4045f430b9c5d90a	836c8edbfc75b517cefdde6426755f9e3b71021df09b06c6f3b9c262057cd47e	75.35	75.29	0.04	70516	186074	47092	138982	0.25308210711867324	0,1,2,3,4,5,6,7,8,9,10,11,13,14,15,16,17,18,19,20,21,23,24,25,26,27,28,29,33,34,35,36,37,38,39,41,42,43,44,45,48,49,50,51,53,54,55,56,57,59,60,61,62,66,67,68,69,70,72,74,75,77,78,79,81,83,84,85,86,87,88,90,91,92,93,94,95,96,97,98	8cfacd1968cb78ef89cecdcd7d750aaf3d6222fa75b24d52faca44cf2634b1f4	2608	3078299	1b1027c40587350adba249d4ead32c36696533ddccced4cae6cdae745eaa7ebb	3597becd8d309aff5f73a2a2e5816cc4fc7108f6a4db8b8a50d6fb3d66dd641e	True
tf_h02608	tf	2608	80	32fe12c168ef80291e487dbf4045f430b9c5d90a	836c8edbfc75b517cefdde6426755f9e3b71021df09b06c6f3b9c262057cd47e	75.06	74.98	0.07	70436	182929	46503	136426	0.25421338333451776	1,2,3,4,5,6,7,8,9,10,11,12,14,15,16,17,19,20,21,22,24,25,26,27,28,30,31,33,34,35,36,37,39,40,41,42,43,44,46,47,48,49,51,52,53,54,56,57,58,59,60,62,64,65,66,67,68,69,70,72,74,75,76,78,80,81,82,83,84,85,86,87,88,89,91,92,94,95,96,98	131446be20c2911c1164e7d2af72947a4e6997108361a06a7ee37092930e7207	2608	3022212	07c4e1e9c3f782d5a260081afef9bd351f838e079c8055e9a685b292b597d14e	2f56b8b3ec0c6289df4384c8ce317fa3fdf8848c304cb266e06b42326450d04f	True
tf_h02608	tf	2608	81	32fe12c168ef80291e487dbf4045f430b9c5d90a	836c8edbfc75b517cefdde6426755f9e3b71021df09b06c6f3b9c262057cd47e	75.15	75.09	0.04	70308	174659	41120	133539	0.23543018109573513	0,1,3,5,8,9,12,13,15,16,17,18,19,20,22,23,24,25,26,29,30,31,32,33,35,36,37,38,40,42,43,44,45,46,47,48,49,50,51,52,54,55,56,57,58,59,60,61,62,63,64,65,66,68,69,70,72,73,74,75,76,77,78,79,80,81,82,84,86,87,88,90,91,93,94,95,96,97,98,99	b95ee9674295a959f732ba391f36246f515bd2b5886129241e55fce866fd9956	2608	2959041	35f8566b57a58af1cc9240d7c5a072cde18662992605d25cbb3fe84847482dad	50cb1612e8867da2612181a57d88f727e8e39dbd41a72441635d7f1f1eb7947c	True
tf_h02608	tf	2608	82	32fe12c168ef80291e487dbf4045f430b9c5d90a	836c8edbfc75b517cefdde6426755f9e3b71021df09b06c6f3b9c262057cd47e	75.55	75.47	0.08	70308	172699	38617	134082	0.22360870647774453	0,1,2,3,4,5,6,7,8,10,11,12,13,14,15,16,17,18,19,20,21,23,24,25,26,27,28,30,31,32,33,34,36,37,40,42,43,44,46,47,48,49,51,52,53,55,57,58,60,61,62,63,64,65,66,67,68,69,70,71,72,73,75,76,77,80,82,83,84,85,87,88,89,90,91,92,93,94,97,98	6013c801b63a97540bd142dc9ca07e678c5a1e496daa97f2beaf4677ce69bf10	2608	2970893	e4f945b75fe419101707b9916760474d7ee8603bb2d8c151c863f5ccaba38077	5e41ceb5061136ffb61b3646537c50b1465bcb10b82049f9fec4a731d6e62dfe	True
tf_h02608	tf	2608	83	32fe12c168ef80291e487dbf4045f430b9c5d90a	836c8edbfc75b517cefdde6426755f9e3b71021df09b06c6f3b9c262057cd47e	74.71	74.63	0.06	70308	178951	44069	134882	0.24626294348732333	1,3,4,5,6,7,8,9,10,13,14,15,16,17,18,19,20,21,22,23,24,25,26,27,28,31,32,33,34,36,39,40,41,42,43,45,46,47,48,50,51,52,54,55,56,57,58,59,60,61,62,63,64,65,68,70,71,72,74,75,76,77,78,79,80,81,82,84,85,87,88,89,90,91,92,93,94,96,97,98	af3d69860f33008a287c4f4d8b23e21b8743ea4965200b8b5bc5c509693b4ab8	2608	2988271	fd9a7cd33ff9e87edfbc93a694a538e30566e901b05a63ee52b9fe5d7b933300	d68ea96bb522ab4ea2593a2263dd71c4c462b051d420274a4f39fc52cad5e68a	True
tf_h02608	tf	2608	84	32fe12c168ef80291e487dbf4045f430b9c5d90a	836c8edbfc75b517cefdde6426755f9e3b71021df09b06c6f3b9c262057cd47e	75.27	75.2	0.06	70692	193213	52235	140978	0.2703493036182866	0,1,2,3,4,5,6,7,8,10,12,14,15,16,17,19,20,22,23,26,27,28,29,30,31,32,34,35,36,37,39,41,42,43,44,45,46,47,48,50,51,52,53,54,56,57,58,59,60,61,63,64,65,67,69,70,71,72,74,75,77,78,79,80,81,83,84,85,86,87,88,89,91,92,93,94,95,96,98,99	46e3ce62e8ad77207c82b430b26e5624bb911871d9cb24213c80573ea4e9ec2b	2608	3122167	daca36b2596a4e9b8b05ec356d7eaaa83f68f3cbc3685971535a6873e17bde50	ec2ae4f833bafd4f3ae6c52e0a353fec9fb97a3b77ad53d7ebb65ac2648f105c	True
tf_h02608	tf	2608	85	32fe12c168ef80291e487dbf4045f430b9c5d90a	836c8edbfc75b517cefdde6426755f9e3b71021df09b06c6f3b9c262057cd47e	74.64	74.57	0.06	69876	164051	31123	132928	0.1897153933837648	0,2,3,4,5,7,8,10,11,12,13,15,17,18,19,21,23,24,25,26,27,28,29,31,32,33,34,36,37,38,39,41,42,43,44,45,46,47,48,49,51,52,53,54,55,57,59,60,61,63,64,65,66,67,68,69,70,71,72,73,74,75,76,77,78,79,80,81,85,87,89,90,91,92,93,94,95,96,98,99	de83cb66473aeea1f97278352e1cf09f9725a31ecd3bc921266488dea1f47ba6	2608	2945670	ab546aa0a7d2323ca4fad49c06caba8195a63f0820e3398e97ffa1e27591f701	854ff63217ac2cf74b7bc8479b7263f6c2ea653a34ad4907a5aa68cb32ff0edc	True
tf_h02608	tf	2608	86	32fe12c168ef80291e487dbf4045f430b9c5d90a	836c8edbfc75b517cefdde6426755f9e3b71021df09b06c6f3b9c262057cd47e	74.99	74.9	0.08	70184	170910	38699	132211	0.22642911473875138	0,1,2,3,4,5,6,7,8,9,10,12,13,14,15,16,17,18,21,22,23,24,25,26,28,32,33,35,36,37,38,39,40,42,43,44,45,46,48,49,50,51,52,53,54,55,56,58,59,60,61,62,63,64,65,66,67,69,70,71,72,75,76,77,78,79,82,83,85,86,88,89,90,92,93,94,96,97,98,99	61e09e5a2eaf475cb0aa4560b9658848257812c3d99d2a78475edd66e4c307b0	2608	2930168	5787246d4fc7563efd2ce7ab0fae35b5983fdde836602894fdd3277f46a1f0f9	7f0d0a5b97ef1e6c2757cf595c63b8ab46f0b7bd1d640c47ad76fd34f249fd52	True
tf_h02608	tf	2608	87	32fe12c168ef80291e487dbf4045f430b9c5d90a	836c8edbfc75b517cefdde6426755f9e3b71021df09b06c6f3b9c262057cd47e	74.53	74.45	0.07	70180	174243	39768	134475	0.22823298496926706	0,1,2,3,4,5,6,10,11,12,13,15,16,17,18,19,20,22,23,24,25,26,27,28,29,30,31,32,34,37,38,39,41,43,44,45,47,48,49,51,53,54,55,56,57,58,59,60,61,62,63,64,65,66,67,68,69,70,73,74,75,76,79,81,82,83,84,85,86,87,90,91,92,93,94,95,96,97,98,99	076827488d579f38ec3f55438308b66696be6201c3ba1c40f1ebbd3abe7f7fd8	2608	2979444	447133dbb33b9450ceff4f6ae244c3b3b72ffaa42ee8c3688ec15855e64deafd	f4edef97412ed35db1765537afedc9dcd4bcd34951a3e8a51c61e56f1fc01f2c	True
tf_h02608	tf	2608	88	32fe12c168ef80291e487dbf4045f430b9c5d90a	836c8edbfc75b517cefdde6426755f9e3b71021df09b06c6f3b9c262057cd47e	74.99	74.94	0.04	70440	184455	48399	136056	0.26238920061803694	0,1,2,3,4,5,7,8,9,10,11,12,13,14,15,16,17,19,21,22,23,24,26,27,29,30,31,32,33,34,35,36,37,38,39,44,46,47,48,49,50,51,52,53,55,56,58,59,61,62,63,64,66,67,69,70,71,72,73,74,75,77,78,79,80,81,82,83,84,85,86,87,88,89,90,92,93,95,96,98	1ff272521bf1a88e3576c48754a7bd9e7146223654fa515e671abfce824b5d07	2608	3014409	1c8edfad2d47b6f401ed162e86a711940cae9199fd26424ebc53fd853e75a94f	921bfe1ac1fa26fcfdc4c0cdb0262b53a1f52712ff35bf855b1a9be70f6be777	True
tf_h02608	tf	2608	89	32fe12c168ef80291e487dbf4045f430b9c5d90a	836c8edbfc75b517cefdde6426755f9e3b71021df09b06c6f3b9c262057cd47e	73.66	73.59	0.06	70440	178168	41946	136222	0.2354294822863814	1,2,3,5,7,8,9,10,11,12,13,15,16,17,18,19,20,21,22,25,26,27,28,29,30,31,32,33,34,35,36,37,38,39,41,42,44,45,46,47,48,49,50,51,52,53,54,56,57,59,60,61,62,63,65,66,67,68,70,71,72,73,74,75,77,83,85,86,87,88,89,90,91,93,94,95,96,97,98,99	b9a8f115c40173733afe4624dea98695de96c1c5ab5244ce77f5d75a5215a511	2608	3017718	f2d975da46677f77346038779c99857c6b6c3abdc7614be4be32ae2de32e6ca8	2102795b1c2fb1321a362b223bea9a10ced3eb8c57870663ccd0413967e148ac	True
tf_h02608	tf	2608	90	32fe12c168ef80291e487dbf4045f430b9c5d90a	836c8edbfc75b517cefdde6426755f9e3b71021df09b06c6f3b9c262057cd47e	74.93	74.84	0.08	70308	176476	42225	134251	0.23926766245835127	0,1,2,4,5,7,8,9,10,11,12,13,15,18,19,20,21,22,23,24,25,26,27,28,29,30,31,32,33,34,35,36,38,39,40,41,42,43,44,46,48,50,52,53,54,57,59,61,62,63,64,65,66,67,68,69,71,72,73,74,75,78,79,80,81,83,85,86,87,88,89,90,91,93,94,95,96,97,98,99	1420766758ecd3b0df912bccafde2f7a139a0979a66ca77739711ec7172a9519	2608	2974687	e34289efd7ef8db7d2a2833f8b9e91bbde82847385b3e281616736e5b18b94ac	2b34e3922681ce6d7c6c59d57e41863c25f5f6b6deebd2d3c544c00a7a32b9e5	True
tf_h02608	tf	2608	91	32fe12c168ef80291e487dbf4045f430b9c5d90a	836c8edbfc75b517cefdde6426755f9e3b71021df09b06c6f3b9c262057cd47e	74.57	74.46	0.08	70312	179708	44634	135074	0.2483695773143099	0,1,2,5,6,7,8,9,10,11,12,13,14,15,17,18,20,21,22,23,24,25,27,28,29,30,33,34,35,37,38,39,40,42,43,44,45,46,48,49,50,52,53,55,57,58,59,60,61,63,64,65,67,69,70,71,72,73,74,78,80,81,82,83,84,85,86,87,88,89,90,91,92,93,94,95,96,97,98,99	e814558bb913daafcbeb124427543dfc06c429ea2854b6b9c1f86302b94ec56d	2608	2992707	27036cbf8001619a811e48262f9d85914cd1027bb7470e4063fea59177685d4b	36acba13e7afc43a54d491287e106a0e5da8a4ba13d611281adc375294e3ee38	True
tf_h02608	tf	2608	92	32fe12c168ef80291e487dbf4045f430b9c5d90a	836c8edbfc75b517cefdde6426755f9e3b71021df09b06c6f3b9c262057cd47e	75.35	75.28	0.05	70436	181156	44477	136679	0.24551767537371105	0,1,2,3,4,5,6,7,8,9,10,11,14,15,17,18,19,20,21,22,23,24,25,26,27,28,29,31,32,33,34,35,36,38,40,41,44,45,46,47,48,49,50,51,52,53,55,56,58,59,61,63,64,65,66,67,68,69,70,71,74,75,76,77,79,81,82,83,84,85,86,88,89,90,91,92,93,94,95,97	912e5681cae5e7102ba9db481c1e696c4f7c29433b47468e08814654bf8698f9	2608	3027891	b380c879b87af09cdce145e142c4a02efb36ee3cd0cdc0dbab2a370bd248fec4	43f364e73cef74c9f56dcc6cab2b251d4391aa290897e11fb715e117e5747e37	True
tf_h02608	tf	2608	93	32fe12c168ef80291e487dbf4045f430b9c5d90a	836c8edbfc75b517cefdde6426755f9e3b71021df09b06c6f3b9c262057cd47e	73.41	73.35	0.05	70268	177446	43053	134393	0.2426259256337139	1,2,4,5,7,9,10,11,12,13,14,15,16,17,19,21,22,23,24,26,27,28,29,30,31,33,34,35,36,37,38,40,41,42,45,46,47,49,50,53,54,55,56,57,59,60,61,62,63,64,65,66,67,68,69,70,71,72,73,74,75,76,77,78,79,80,82,84,85,86,87,89,90,91,93,94,95,96,97,99	2c27a7f6af10283d07eb323af14478f81903e271db2d54e722f12eab249b934f	2608	2977785	ce345df93950eece91d8faf146cb026b83f1d18170dcb41bf7b1d57e8aab7a81	35cfd6fb2e7cd44f1a017b7f82612301ad1b3e1355826266d98b316949983f70	True
tf_h02608	tf	2608	94	32fe12c168ef80291e487dbf4045f430b9c5d90a	836c8edbfc75b517cefdde6426755f9e3b71021df09b06c6f3b9c262057cd47e	74.45	74.34	0.09	70056	173025	40051	132974	0.23147522034388093	0,3,4,5,6,7,8,10,11,12,13,16,17,18,19,20,21,24,26,27,28,29,30,31,32,33,34,35,37,38,39,40,42,43,44,45,46,47,50,51,52,53,54,55,57,58,59,60,61,62,63,64,65,67,68,69,70,71,73,74,75,76,77,79,80,81,83,85,86,87,88,89,90,92,93,94,95,96,97,98	1920b466f720df9dc44b6de42d88103f0e9c0417ef04609b99c9ad28a7a3c2ad	2608	2946605	8ecf2931aa869972f3f79038be40b042dd52de056059f2c75395ef7becbd1f47	10c1888cefe9c61900a2fd592b4ff203ed71147b86d09f5a955cb1ba6687d958	True
tf_h02608	tf	2608	95	32fe12c168ef80291e487dbf4045f430b9c5d90a	836c8edbfc75b517cefdde6426755f9e3b71021df09b06c6f3b9c262057cd47e	73.18	73.12	0.05	70180	173619	41235	132384	0.23750280787241027	0,1,3,4,5,6,7,8,9,10,11,12,13,15,16,17,18,19,20,22,23,24,26,27,28,29,30,31,32,33,34,35,36,37,38,39,40,41,42,43,44,45,46,47,48,49,50,51,54,55,56,60,62,63,65,66,68,69,71,72,73,74,75,76,77,78,79,81,83,85,86,87,89,91,92,94,95,96,97,98	094a7131b8d0e86195a6021dc479efe5cdcac7c3a1efc391e247197274a494ec	2608	2934049	667032b529b6a4b19dd15d3f5541c7330c005979a26663a383bac09a7c5178a5	9c32ef08a94c546d29a3eec5aacc9f524c53bddba0d581a252e64c823548b2a3	True
tf_h02608	tf	2608	96	32fe12c168ef80291e487dbf4045f430b9c5d90a	836c8edbfc75b517cefdde6426755f9e3b71021df09b06c6f3b9c262057cd47e	73.95	73.87	0.07	70564	184070	47334	136736	0.25715217036996796	0,1,2,3,4,6,8,9,10,11,12,13,14,18,19,21,22,23,25,26,27,29,30,31,32,33,34,35,36,37,38,40,41,42,43,44,45,46,47,48,49,50,51,53,54,56,57,58,59,60,62,64,65,66,67,68,69,70,71,72,73,76,78,80,81,82,83,84,85,86,87,88,89,90,91,93,95,97,98,99	d4e86ec3edce1ab8e5a0af49e012b8a58de3d1d6905c6be172d4a706f6805936	2608	3028974	bfb2f0ffff0607b4acb3fea227613938e70a9cb6d418faaa8b789faa1c65fa30	8c85d7c99b77a97b8656202359bd910a3a8f2c6ada44ec6528d139685cc4208f	True
tf_h02608	tf	2608	97	32fe12c168ef80291e487dbf4045f430b9c5d90a	836c8edbfc75b517cefdde6426755f9e3b71021df09b06c6f3b9c262057cd47e	74.85	74.75	0.08	70440	179066	42938	136128	0.23978868126835914	0,1,2,3,4,5,6,8,9,10,11,12,13,14,15,16,17,18,19,22,23,25,26,27,28,29,30,31,32,34,37,38,39,40,41,42,44,45,48,51,52,53,55,56,57,58,59,60,61,62,64,65,66,68,69,70,71,72,73,74,75,76,77,78,79,80,81,82,83,85,87,88,89,91,93,94,95,96,98,99	c49bfed7f4bb6c9bbfaa261e14c6cba48bfb316c444025476bfea79666c0f094	2608	3015915	f94fa1dc23a4cc703f488abcaa2b745ba4e71b3b3d53aab68220b70a4e24d08f	5452ee1883e366a28a1d2f22883ca8d08a910f546379160dfdc525d0ea2412ce	True
tf_h02608	tf	2608	98	32fe12c168ef80291e487dbf4045f430b9c5d90a	836c8edbfc75b517cefdde6426755f9e3b71021df09b06c6f3b9c262057cd47e	73.93	73.87	0.05	70564	188447	52909	135538	0.28076329153555113	0,2,4,5,6,7,8,9,10,11,13,14,16,17,18,20,21,22,23,25,28,29,30,32,33,35,36,37,38,40,41,42,43,44,45,46,47,49,50,51,52,53,54,55,56,57,58,59,61,63,64,65,66,67,68,69,71,72,73,74,75,76,79,81,82,83,84,85,86,87,88,91,92,93,94,95,96,97,98,99	c0cddf8309246fd05f86b0660dd7cdc50e1d6e8125c6e4b2dd952cc1fb59e5ad	2608	3002913	7a7ebdbacb616eb2cefb3e2b8045358eae72002424235e9c422d8e3414c7a67a	94012bd95fe68985a6e24b9a4659bf0aacb53afb9d068304c85aa96a87eab747	True
tf_h02608	tf	2608	99	32fe12c168ef80291e487dbf4045f430b9c5d90a	836c8edbfc75b517cefdde6426755f9e3b71021df09b06c6f3b9c262057cd47e	74.31	74.21	0.09	70564	187488	51475	136013	0.27455090459122716	0,1,3,4,5,7,8,9,10,11,12,13,14,15,17,18,19,22,23,24,25,26,27,29,30,32,33,34,35,36,38,39,41,42,43,44,45,46,48,49,50,52,54,55,56,57,58,60,61,63,64,65,68,69,70,71,73,74,75,77,78,79,80,81,82,83,84,85,87,88,89,90,92,93,94,95,96,97,98,99	4a657ce072f0a06555dbe3038d331eebd271423e3272199585fd4548ac03b1f4	2608	3013219	94401f8d4efb99ad1eb0336de6aec3cda80c902cf391dc6044cb6cf86c07adea	970595e864583dc2ea22f03822da3833b955c9af0e41bbe2deb421e6ddd170cc	True
tf_h02608	tf	2608	100	32fe12c168ef80291e487dbf4045f430b9c5d90a	836c8edbfc75b517cefdde6426755f9e3b71021df09b06c6f3b9c262057cd47e	70.35	70.3	0.03	70308	176710	40663	136047	0.23011148208929885	1,3,4,5,6,8,9,11,12,14,15,16,18,19,21,22,23,24,25,26,28,29,30,34,35,36,37,38,39,40,41,42,44,45,46,47,48,49,50,51,52,54,55,56,57,58,59,60,61,62,63,64,65,66,68,69,70,73,74,75,77,78,79,80,81,82,83,85,87,88,89,90,91,93,94,95,96,97,98,99	b180db6c281fbb288779c47b5b9a185f05af8af4d3175083cb0db1c21077333c	2608	3014159	f8177bbfa025ef7fc914a5ff0856d4a366af69c17c18076266c212bb6376dd55	b4737915d48b312a881dfc511dfeb87527e0b51bc04e475a9be76272d7e10a95	True
