point	p_value	mi_cutoff	validation_class	commit	driver	seed	binary_sha256	elapsed_s	user_s	system_s	max_rss_kib	edges	source_rows	adjacency_bytes	adjacency_sha256	data_sha256	stderr_bytes
p1e-07	1e-07	0.3224649956324025	gpd-tail-extrapolation-below-held-out-range	7633ebb4a0d966dbda15a4e32d0efa492fb71aeb	tf	1	61180915be61455887ac261499455ac933cf976b292cab1a8180d759acc3ac2d	49.75	48.79	0.06	66976	3419	398	81484	c40ecbdd51df50b9659983fff46c95bf5908584336c35e2fd7b5629149b9fb37	f448b049333b13dd4833702f6a6d629fad568a1811ba7df9d768304911e36809	0
p1e-07	1e-07	0.3224649956324025	gpd-tail-extrapolation-below-held-out-range	7633ebb4a0d966dbda15a4e32d0efa492fb71aeb	tf	2	61180915be61455887ac261499455ac933cf976b292cab1a8180d759acc3ac2d	78.8	78.57	0.04	66984	3337	378	79419	32fd06d613afd649bb99d9e13349f84df7cb79d573710e05cdb41cb1b461c0bb	326252673a203be80615b0c04b5b4d0b0ebc320c9d25f552fd790b1d9f8c68de	0
p1e-07	1e-07	0.3224649956324025	gpd-tail-extrapolation-below-held-out-range	7633ebb4a0d966dbda15a4e32d0efa492fb71aeb	tf	3	61180915be61455887ac261499455ac933cf976b292cab1a8180d759acc3ac2d	76.84	77.21	0.06	66928	3095	359	73896	20dc8dbc7e66a016692613aa122728dc4338df47392fa6428994af7f8fe60111	b3a0e8b4c700da855eee5a5133165267e01b888b18637064f179697a044b6b8f	0
p1e-07	1e-07	0.3224649956324025	gpd-tail-extrapolation-below-held-out-range	7633ebb4a0d966dbda15a4e32d0efa492fb71aeb	tf	4	61180915be61455887ac261499455ac933cf976b292cab1a8180d759acc3ac2d	87.32	87.01	0.08	66980	3302	374	78623	a21528cc140096303148f30a5c41a5a777b34b9be703ad9220c6ed36539c3e57	4e7f4cc9cf6dfe901372b07ea992072cbc6656fec44cefce1a3fa08db56cfdcb	0
p1e-07	1e-07	0.3224649956324025	gpd-tail-extrapolation-below-held-out-range	7633ebb4a0d966dbda15a4e32d0efa492fb71aeb	tf	5	61180915be61455887ac261499455ac933cf976b292cab1a8180d759acc3ac2d	82.71	80.58	0.51	66980	3133	371	74882	1df94a81657664e16dc9d0a072dd4397517326f056a9b2b8cd48984026e7090d	48dff9ad4c45fd3ca136dd19b4313c9baf210f9c3c786266c3f23001cae666af	0
p1e-07	1e-07	0.3224649956324025	gpd-tail-extrapolation-below-held-out-range	7633ebb4a0d966dbda15a4e32d0efa492fb71aeb	tf	6	61180915be61455887ac261499455ac933cf976b292cab1a8180d759acc3ac2d	84.29	83.91	0.08	67240	3445	409	82206	9850c348ca45fc6567ecb34d2a5101bbdaf3bf4cf1873505b8b8174615a2fff7	50e2c6891e6c3677f8d37e46db42dbe35865c7951f210786902b3724cfdbff97	0
p1e-07	1e-07	0.3224649956324025	gpd-tail-extrapolation-below-held-out-range	7633ebb4a0d966dbda15a4e32d0efa492fb71aeb	tf	7	61180915be61455887ac261499455ac933cf976b292cab1a8180d759acc3ac2d	79.53	78.97	0.05	67060	3409	402	81360	2db0b83a8e3b23d2fbb2a7850a51d445dcdadab6bad135829def25b91244f91b	f76de04d7581818c667384cd0e5a106ff44199e39d288748d00950289cbb0af7	0
p1e-07	1e-07	0.3224649956324025	gpd-tail-extrapolation-below-held-out-range	7633ebb4a0d966dbda15a4e32d0efa492fb71aeb	tf	8	61180915be61455887ac261499455ac933cf976b292cab1a8180d759acc3ac2d	78.21	78.48	0.05	67108	3780	419	89664	daf2fe0916f018156aa0746c8f0e8117004a1e16aa32e2375c49d0d0124d8759	227aed0ef2348052bca30c0a0c5def6d99d5a0fc610c022263d36ed7de2b34b7	0
p1e-07	1e-07	0.3224649956324025	gpd-tail-extrapolation-below-held-out-range	7633ebb4a0d966dbda15a4e32d0efa492fb71aeb	tf	9	61180915be61455887ac261499455ac933cf976b292cab1a8180d759acc3ac2d	78.63	77.77	0.05	66980	3580	415	85248	0356261e958cea541d39f1088d8b22f73b063a9b42f41d3b0cd762a308ef93c2	c48dcd933f89d626cfb43326e15c45c591344fc0a3371e977f9092c82ac703a9	0
p1e-07	1e-07	0.3224649956324025	gpd-tail-extrapolation-below-held-out-range	7633ebb4a0d966dbda15a4e32d0efa492fb71aeb	tf	10	61180915be61455887ac261499455ac933cf976b292cab1a8180d759acc3ac2d	78.03	77.22	0.04	67020	3273	388	78190	44f252d69ece92f914c6c9abc88441ed8c2025dddeb84cdde030f7f112ae05ba	0ab0280a7b7f587c68fb10bf8d977719ad338b787242fa89c93cd1550710832c	0
p1e-07	1e-07	0.3224649956324025	gpd-tail-extrapolation-below-held-out-range	7633ebb4a0d966dbda15a4e32d0efa492fb71aeb	tf	11	61180915be61455887ac261499455ac933cf976b292cab1a8180d759acc3ac2d	74.12	74.28	0.05	67108	3216	377	76787	c9be7e0eef474bc18fe365ff3ef6666b31ad71865d071f4076c69e2b21f965e1	f9f010a8269d899310c52939f76dfc6fffcd2bb00abb62887dba6a510304f017	0
p1e-07	1e-07	0.3224649956324025	gpd-tail-extrapolation-below-held-out-range	7633ebb4a0d966dbda15a4e32d0efa492fb71aeb	tf	12	61180915be61455887ac261499455ac933cf976b292cab1a8180d759acc3ac2d	79.25	78.54	0.07	67108	3280	393	78415	431444bca4b804056a57ec874b2245b5d515f5bf5c4b1d21389a2ff40027e3e6	7c2d8a9854f92131cb73ebeee647b17dfd10ad304a4e7bdf1ef20392bc6d4f3e	0
p1e-07	1e-07	0.3224649956324025	gpd-tail-extrapolation-below-held-out-range	7633ebb4a0d966dbda15a4e32d0efa492fb71aeb	tf	13	61180915be61455887ac261499455ac933cf976b292cab1a8180d759acc3ac2d	78.46	79.17	0.04	66980	3010	369	72174	2f7f6a0d26b0ec160f60932abecb7ed273f207a2d8916d338577ad7a6b1c1018	3e188be1d0ac7d855d88254b7f22f46269d819d3a1efe327b9a687077f15f4dd	0
p1e-07	1e-07	0.3224649956324025	gpd-tail-extrapolation-below-held-out-range	7633ebb4a0d966dbda15a4e32d0efa492fb71aeb	tf	14	61180915be61455887ac261499455ac933cf976b292cab1a8180d759acc3ac2d	80.78	81.08	0.03	66852	3108	369	74334	c8fc5f534cf0587c4c4b20b5dda7fba3c88b8202221a2d1c3870e5802af6389a	6e0b7d056fb218807408f056847b03e251aa346c387dc2cbe7b4757b11db66a7	0
p1e-07	1e-07	0.3224649956324025	gpd-tail-extrapolation-below-held-out-range	7633ebb4a0d966dbda15a4e32d0efa492fb71aeb	tf	15	61180915be61455887ac261499455ac933cf976b292cab1a8180d759acc3ac2d	72.44	74.8	0.05	67236	3555	386	84281	61a5f336f4f1936d32cd92f0ae47e4254e698e6a4a606763c2fc6e495479ab0a	c87f94d83f51a62eeaf97c60a38522fdeee1ac227668ca053ce27c15379b1325	0
p1e-07	1e-07	0.3224649956324025	gpd-tail-extrapolation-below-held-out-range	7633ebb4a0d966dbda15a4e32d0efa492fb71aeb	tf	16	61180915be61455887ac261499455ac933cf976b292cab1a8180d759acc3ac2d	76.01	76.14	0.07	67108	3274	377	78061	9711a9b033a7742c3f0d503a1cf952f1a62b99c305f6867a74787c7b5c0fd2cf	801ed613d8c404f82917570dae3e552916f23f93c2dfdd993dd43343957bd840	0
p1e-07	1e-07	0.3224649956324025	gpd-tail-extrapolation-below-held-out-range	7633ebb4a0d966dbda15a4e32d0efa492fb71aeb	tf	17	61180915be61455887ac261499455ac933cf976b292cab1a8180d759acc3ac2d	76.38	75.72	0.08	66972	3432	351	81169	9bd9005f13046385d49bf9f79f7c84917a8015bf521e10963b76fd0fbc4e5612	56c6ea28e83ff2ea47e42c8994b1f03811e97ef66dcd279808083e0465a33fba	0
p1e-07	1e-07	0.3224649956324025	gpd-tail-extrapolation-below-held-out-range	7633ebb4a0d966dbda15a4e32d0efa492fb71aeb	tf	18	61180915be61455887ac261499455ac933cf976b292cab1a8180d759acc3ac2d	75.82	74.88	0.07	66984	3043	384	73093	33da1be90179224254c5b23d7e0f39ab1518e1067f1a274abb56a69c99719c29	38edc3bb016c8aa0566c0eeca42a24887095ef0373757a372078daf3bcb1fe7e	0
p1e-07	1e-07	0.3224649956324025	gpd-tail-extrapolation-below-held-out-range	7633ebb4a0d966dbda15a4e32d0efa492fb71aeb	tf	19	61180915be61455887ac261499455ac933cf976b292cab1a8180d759acc3ac2d	75.69	74.96	0.06	67240	3394	382	80730	6a68a35ed191f2a56c51638a49cbf79cc1fd3c9b3a80f7c43181ee1c591bba9f	aaf4453d3fac3ee99eda7d330f465e2f44d13ea53ac8f0927071472d9e8e5934	0
p1e-07	1e-07	0.3224649956324025	gpd-tail-extrapolation-below-held-out-range	7633ebb4a0d966dbda15a4e32d0efa492fb71aeb	tf	20	61180915be61455887ac261499455ac933cf976b292cab1a8180d759acc3ac2d	75.39	75.59	0.05	67108	3219	394	77074	44db99a469fff2b0d010d6905fb50276fca5922716220f541556238502221df9	dd6b7e8278e684f828ae1590e615959b782eef751ec966fedc30eb2c746b8608	0
p1e-07	1e-07	0.3224649956324025	gpd-tail-extrapolation-below-held-out-range	7633ebb4a0d966dbda15a4e32d0efa492fb71aeb	tf	21	61180915be61455887ac261499455ac933cf976b292cab1a8180d759acc3ac2d	93.58	93.02	0.09	66948	3274	375	78029	1b4596cdedbee937bcdf0a5f9e087522de7bf411f82c534d505604378665674e	3198b8eb3122756579b11d47108ad9870b6f1308b4fa97faea86d0f90a7b4b5d	0
p1e-07	1e-07	0.3224649956324025	gpd-tail-extrapolation-below-held-out-range	7633ebb4a0d966dbda15a4e32d0efa492fb71aeb	tf	22	61180915be61455887ac261499455ac933cf976b292cab1a8180d759acc3ac2d	75.76	75.98	0.06	67108	3324	390	79287	5d63d74db83037adeccdca68a1b660f8b9aacac5a5f3b8042a390610b1439857	45ca0e07bf041cd54b4c51da9ec7d3a3d60637bb2fe2f90e8d974e34185f6521	0
p1e-07	1e-07	0.3224649956324025	gpd-tail-extrapolation-below-held-out-range	7633ebb4a0d966dbda15a4e32d0efa492fb71aeb	tf	23	61180915be61455887ac261499455ac933cf976b292cab1a8180d759acc3ac2d	75.39	75.58	0.07	67112	3500	372	82895	c1f8df9812f79bd898aeff34de1696bca3342c0609b4ec1f0c1afd990daa3568	28fcfbe19d48bd384696af77a1808d9b6b05f38c902357a4ff6f00578dbb94a3	0
p1e-07	1e-07	0.3224649956324025	gpd-tail-extrapolation-below-held-out-range	7633ebb4a0d966dbda15a4e32d0efa492fb71aeb	tf	24	61180915be61455887ac261499455ac933cf976b292cab1a8180d759acc3ac2d	78.83	79.16	0.04	66980	3172	372	75760	7ca288dbb51963aace0eb5865720d7975107779c0c2714d1bc129803cf5000a8	5c6b5b8ab4e29699b8cb327c0daef26d97865405b0bab5504fb84047eaf1f482	0
p1e-07	1e-07	0.3224649956324025	gpd-tail-extrapolation-below-held-out-range	7633ebb4a0d966dbda15a4e32d0efa492fb71aeb	tf	25	61180915be61455887ac261499455ac933cf976b292cab1a8180d759acc3ac2d	75.24	75.49	0.06	66980	3369	374	80062	6963d7bd1e34b36978b55b8c89b77171ce3be16a179feb47ab8255867873cbe7	01b696d82d2ab587843b9ff0a37f0c3ca54707914ef34dc5f9c3cac4570bf6ff	0
p1e-07	1e-07	0.3224649956324025	gpd-tail-extrapolation-below-held-out-range	7633ebb4a0d966dbda15a4e32d0efa492fb71aeb	tf	26	61180915be61455887ac261499455ac933cf976b292cab1a8180d759acc3ac2d	77.67	77.89	0.07	66980	3375	373	80197	d0f34eda808b5dbdc32021eb872599f761258536e97cb11722bdfa34cb4e38ee	ec6eb95674aec74fb3edf5051c1c8062cb794638d556d4f85f965d539022be70	0
p1e-07	1e-07	0.3224649956324025	gpd-tail-extrapolation-below-held-out-range	7633ebb4a0d966dbda15a4e32d0efa492fb71aeb	tf	27	61180915be61455887ac261499455ac933cf976b292cab1a8180d759acc3ac2d	76.77	77.04	0.06	66972	3191	348	75845	d2e106de2c7ebc903d0da8fb6917005e8472e8bd2f0e3e77599007fda636fe74	ce4c97c29ca2b3ca1ce382141c7043c3198e877c90a8e74a0644a0060d979ae3	0
p1e-07	1e-07	0.3224649956324025	gpd-tail-extrapolation-below-held-out-range	7633ebb4a0d966dbda15a4e32d0efa492fb71aeb	tf	28	61180915be61455887ac261499455ac933cf976b292cab1a8180d759acc3ac2d	78.85	78.03	0.06	67108	3672	394	86935	a18a0136cc492f3679ed1b19b5a4bbf48a324d00038ebc33c4fb8bdf9429a9bb	f44e54dc480fb8906c197116723c154c0b0f1a8b14d6548945b140c04b54c729	0
p1e-07	1e-07	0.3224649956324025	gpd-tail-extrapolation-below-held-out-range	7633ebb4a0d966dbda15a4e32d0efa492fb71aeb	tf	29	61180915be61455887ac261499455ac933cf976b292cab1a8180d759acc3ac2d	76.74	77.1	0.04	67108	3306	385	78883	6cf17ccac6079f03f3d4fadcfe6dea1f80d19553e521858964e7e863f694e79f	484023e8f1972d1af518461ff2962176166ac370435bc0d2d5c7af8a97c9592b	0
p1e-07	1e-07	0.3224649956324025	gpd-tail-extrapolation-below-held-out-range	7633ebb4a0d966dbda15a4e32d0efa492fb71aeb	tf	30	61180915be61455887ac261499455ac933cf976b292cab1a8180d759acc3ac2d	77.11	77.23	0.05	67108	3219	405	77213	64714c1d4e1becdb0fb07a05ae837a2ba8de50c85b1718eea8c0ee64327357be	56c668025b2267f3b05fc64f2e541fda20003288192337c141d2b8eab7591e78	0
p1e-07	1e-07	0.3224649956324025	gpd-tail-extrapolation-below-held-out-range	7633ebb4a0d966dbda15a4e32d0efa492fb71aeb	tf	31	61180915be61455887ac261499455ac933cf976b292cab1a8180d759acc3ac2d	76.68	76.96	0.05	67112	3296	390	78716	2ac9089d6c168040b83f5c81c4d4db8ef81beeb11d9943527ea226a0b9593e25	aba0fdc6c03587c338d4feb30c25232ada198bd45289c9d75e07b0b56aad15b1	0
p1e-07	1e-07	0.3224649956324025	gpd-tail-extrapolation-below-held-out-range	7633ebb4a0d966dbda15a4e32d0efa492fb71aeb	tf	32	61180915be61455887ac261499455ac933cf976b292cab1a8180d759acc3ac2d	78.34	77.46	0.07	67108	3276	384	78200	75158a2830c5eacd702963846e88367b6330dd5cc951003747e46a1bf5ec118c	270a0bf634c5db7231615ba8d28050073fab1f8e6dfc861cc815ef269d048376	0
p1e-07	1e-07	0.3224649956324025	gpd-tail-extrapolation-below-held-out-range	7633ebb4a0d966dbda15a4e32d0efa492fb71aeb	tf	33	61180915be61455887ac261499455ac933cf976b292cab1a8180d759acc3ac2d	76.8	77.1	0.04	67108	3097	401	74527	a0b31a984e54dd3690740a563ad31e02b358c145745b8489bdc06b9d0e3cd34d	00036726bb7b441fec90b9685fd6e55389a8020cb83cccd476ab2f83c80aa1ea	0
p1e-07	1e-07	0.3224649956324025	gpd-tail-extrapolation-below-held-out-range	7633ebb4a0d966dbda15a4e32d0efa492fb71aeb	tf	34	61180915be61455887ac261499455ac933cf976b292cab1a8180d759acc3ac2d	76.74	77.06	0.06	67108	3413	388	81222	a250f747a7969c4a1db2400e90d2d46d8b420f10288bd1d5fcadc93847c6f34f	c2acd95fd3b55803b2283082b2a022ddd69aa3eccf162a71e8e4698f3ac7e808	0
p1e-07	1e-07	0.3224649956324025	gpd-tail-extrapolation-below-held-out-range	7633ebb4a0d966dbda15a4e32d0efa492fb71aeb	tf	35	61180915be61455887ac261499455ac933cf976b292cab1a8180d759acc3ac2d	78.47	77.74	0.04	67112	3251	349	77210	73e4885dfc335ab5467df6c3e384a65fa08a1e8e6b9b19ae8ecd8a6826267a21	dc7319f9779a000a6af53e4f8a5f9792815d3211cc495c20af41152563dc8634	0
p1e-07	1e-07	0.3224649956324025	gpd-tail-extrapolation-below-held-out-range	7633ebb4a0d966dbda15a4e32d0efa492fb71aeb	tf	36	61180915be61455887ac261499455ac933cf976b292cab1a8180d759acc3ac2d	76.87	77.16	0.05	67108	3185	382	76161	08f7922e786fd92b15d172bfcf6ab6e2c09cff4acbcbca9bdab73bebcabb8b7f	2f0dc305ab5a9bea07671c6b0f08fea6b171953dd2bd512ecc64e3c0d460b9e8	0
p1e-07	1e-07	0.3224649956324025	gpd-tail-extrapolation-below-held-out-range	7633ebb4a0d966dbda15a4e32d0efa492fb71aeb	tf	37	61180915be61455887ac261499455ac933cf976b292cab1a8180d759acc3ac2d	76.86	77.16	0.04	67228	3575	373	84614	1dc456b71c85032472ac7bf847ad13885da3f7360dda3b9d3ff7433cdf7d9e32	f79b48dab389575ae1e5b722199faf6773309aa4375ac7f2ca9a902557cae029	0
p1e-07	1e-07	0.3224649956324025	gpd-tail-extrapolation-below-held-out-range	7633ebb4a0d966dbda15a4e32d0efa492fb71aeb	tf	38	61180915be61455887ac261499455ac933cf976b292cab1a8180d759acc3ac2d	76.68	77.06	0.04	67108	3380	407	80720	3fbe523111403136ce3a4e3a708fddc054cac5824c2827df4b324152fd91e85b	8209cd8b56a4c900c08c476379f32fcf4affca3536bc2fe78d01039e811e4421	0
p1e-07	1e-07	0.3224649956324025	gpd-tail-extrapolation-below-held-out-range	7633ebb4a0d966dbda15a4e32d0efa492fb71aeb	tf	39	61180915be61455887ac261499455ac933cf976b292cab1a8180d759acc3ac2d	77.96	77.09	0.05	67108	3366	400	80368	4975748a5291c0bb8973871347b9692b762fa751d4e37cde82037fe277326ce5	3bb75669bff9216d0e204bfbf50183234ad9fc0c750372cae56f2f94cc0d0d45	0
p1e-07	1e-07	0.3224649956324025	gpd-tail-extrapolation-below-held-out-range	7633ebb4a0d966dbda15a4e32d0efa492fb71aeb	tf	40	61180915be61455887ac261499455ac933cf976b292cab1a8180d759acc3ac2d	77.32	77.62	0.05	67236	3201	390	76635	f5e40cb12108cb16975784ac631de5b54f4b7b3c957025025008581dfa361a32	a21a6fa0db522ccc3ac6033509705ab9e9bef1860a981777679bb29d39e21975	0
p1e-07	1e-07	0.3224649956324025	gpd-tail-extrapolation-below-held-out-range	7633ebb4a0d966dbda15a4e32d0efa492fb71aeb	tf	41	61180915be61455887ac261499455ac933cf976b292cab1a8180d759acc3ac2d	76.66	76.96	0.05	66980	3709	362	87381	857be71bace3b7706084317ce439ba2358c53950226ee62a1ad568eca4cd1400	7eacc0766b083efc7449e7eadc88cc6fc17c14ffbedb2f6caeba06e0299313a7	0
p1e-07	1e-07	0.3224649956324025	gpd-tail-extrapolation-below-held-out-range	7633ebb4a0d966dbda15a4e32d0efa492fb71aeb	tf	42	61180915be61455887ac261499455ac933cf976b292cab1a8180d759acc3ac2d	77.38	77.76	0.06	67112	3547	371	83953	b9d0470c87ca92bf885265b2a8c1bf9dc8740859daa53dc006efe1ad3df33b6f	476533c87c8cd810b4200576119668f4aeb79883a58b5767d5dc258adcb18bf1	0
p1e-07	1e-07	0.3224649956324025	gpd-tail-extrapolation-below-held-out-range	7633ebb4a0d966dbda15a4e32d0efa492fb71aeb	tf	43	61180915be61455887ac261499455ac933cf976b292cab1a8180d759acc3ac2d	77.26	76.29	0.04	67108	3678	413	87349	7b9661e7ad9d743969622f11b4ed45a0af358b51a5ec8b9b27fb3d58acebc471	4e4e94530da962168b89c4e6c1e70a23fed94c42f1f5b57d0bd9912ac145f99a	0
p1e-07	1e-07	0.3224649956324025	gpd-tail-extrapolation-below-held-out-range	7633ebb4a0d966dbda15a4e32d0efa492fb71aeb	tf	44	61180915be61455887ac261499455ac933cf976b292cab1a8180d759acc3ac2d	78.22	78.56	0.06	67108	3632	398	86171	70f7709528c20043930a0f9e6b0a9ffa8bd6b079396c63e5075ba23c4e04c512	ab39941191b06425dc41400abd7d8a4bcb0e90147f7bf36f4c7c2297e8fd2691	0
p1e-07	1e-07	0.3224649956324025	gpd-tail-extrapolation-below-held-out-range	7633ebb4a0d966dbda15a4e32d0efa492fb71aeb	tf	45	61180915be61455887ac261499455ac933cf976b292cab1a8180d759acc3ac2d	73.62	73.79	0.05	67116	3269	385	78039	5dbc74c1535d5d895e80fd2581c98904bdef672c7c2472f4bb2adba00af4fa1a	33a214eca06af389085f5aa849cacdc5912b2a7d3195c9793e47017c124e84ae	0
p1e-07	1e-07	0.3224649956324025	gpd-tail-extrapolation-below-held-out-range	7633ebb4a0d966dbda15a4e32d0efa492fb71aeb	tf	46	61180915be61455887ac261499455ac933cf976b292cab1a8180d759acc3ac2d	77.51	77.88	0.04	67236	3524	369	83407	27f2b62a70ef8e4ec75013bbd4e4d0c1b44454c32163153ec1bf24e29ceae8bb	97efdb82bcd1bdfcc0150f2fba6a3b02cf46f2605e94d720264a310289ca7434	0
p1e-07	1e-07	0.3224649956324025	gpd-tail-extrapolation-below-held-out-range	7633ebb4a0d966dbda15a4e32d0efa492fb71aeb	tf	47	61180915be61455887ac261499455ac933cf976b292cab1a8180d759acc3ac2d	81.74	80.95	0.08	67108	3295	377	78519	fa58b0cd3bca6645581a91a75e1d9fe2fed24b6e41c83de471c80b6e800fdb2c	adcb05b12171b30e7e1e5e65d297ea87b35bfaa76bec1f06362b890a7bc18a06	0
p1e-07	1e-07	0.3224649956324025	gpd-tail-extrapolation-below-held-out-range	7633ebb4a0d966dbda15a4e32d0efa492fb71aeb	tf	48	61180915be61455887ac261499455ac933cf976b292cab1a8180d759acc3ac2d	79.25	78.4	0.04	67108	3079	374	73746	274a8cfcee02433ec87786bea11c821dd68667655bbe7f5062cce162f62408fb	95ef853117eed656a17e2f9f36a86401b63f29bb092e674c4308c8c1ccb6dfa9	0
p1e-07	1e-07	0.3224649956324025	gpd-tail-extrapolation-below-held-out-range	7633ebb4a0d966dbda15a4e32d0efa492fb71aeb	tf	49	61180915be61455887ac261499455ac933cf976b292cab1a8180d759acc3ac2d	79.95	80.4	0.03	67112	3482	350	82265	ef851a429c9b8173517f232ae08679d68f3249fbb7c5ba7a4a8a1092736a58bf	23a10e462589e57d03a19ab4662010e67a28696d258543dc1447e00428d542cb	0
p1e-07	1e-07	0.3224649956324025	gpd-tail-extrapolation-below-held-out-range	7633ebb4a0d966dbda15a4e32d0efa492fb71aeb	tf	50	61180915be61455887ac261499455ac933cf976b292cab1a8180d759acc3ac2d	78.99	78.07	0.05	67108	3233	374	77097	dbddab77804535e61083553c3a2700e92c9a1eca69896105bd4ecd8474e1fbf9	f5b30d92bf1db16384bce276cc261296351da14d10ced9ccfaf8076aaf16f621	0
p1e-07	1e-07	0.3224649956324025	gpd-tail-extrapolation-below-held-out-range	7633ebb4a0d966dbda15a4e32d0efa492fb71aeb	tf	51	61180915be61455887ac261499455ac933cf976b292cab1a8180d759acc3ac2d	74.16	74.55	0.05	66980	3475	393	82690	3993ff879ae8dd4df5f71a4af599022e0f5743d73caf5c6a60e55d6c5014bbfc	4247ac6c74055d853dd080a7e04c665f89d2aae40d79f383e9f14ef67e2ec104	0
p1e-07	1e-07	0.3224649956324025	gpd-tail-extrapolation-below-held-out-range	7633ebb4a0d966dbda15a4e32d0efa492fb71aeb	tf	52	61180915be61455887ac261499455ac933cf976b292cab1a8180d759acc3ac2d	78.01	78.32	0.07	66980	3256	366	77541	3841904372bfb6e53d887a88b815c3117d04f88fbd10ce5cf2bc040f6772c775	0f86b18dcfecf55c7dc1e4dde212aae6923476e0d9e0629500b53f85e0212aba	0
p1e-07	1e-07	0.3224649956324025	gpd-tail-extrapolation-below-held-out-range	7633ebb4a0d966dbda15a4e32d0efa492fb71aeb	tf	53	61180915be61455887ac261499455ac933cf976b292cab1a8180d759acc3ac2d	74.79	75.03	0.05	67236	3163	372	75566	4b8ad2498bf1122b6dd861d9eec955309e6d4a65380f49fcc7d535bd7916d229	ff101facb134cb61d4918858a7e3f1dddb93c5865b18ea7415abf9a416b80116	0
p1e-07	1e-07	0.3224649956324025	gpd-tail-extrapolation-below-held-out-range	7633ebb4a0d966dbda15a4e32d0efa492fb71aeb	tf	54	61180915be61455887ac261499455ac933cf976b292cab1a8180d759acc3ac2d	74.98	75.12	0.05	67108	3359	398	80184	b25a30d67ecc7eb4d231dddfab23788ce6d3f45ff54cde9e4f2d55a78ada6c87	44f8afdf5ff6316e1bbecca70f6aa35e0493c4d28aa062c161784aad14a590dc	0
p1e-07	1e-07	0.3224649956324025	gpd-tail-extrapolation-below-held-out-range	7633ebb4a0d966dbda15a4e32d0efa492fb71aeb	tf	55	61180915be61455887ac261499455ac933cf976b292cab1a8180d759acc3ac2d	75.11	75.37	0.06	67108	3043	362	72810	0c660e6e64df439ce315d6ad587ac62e5d07c331c6736ad9481049dc1c54c483	6d57bd783397feedf6aa577a98f9ab7783b44369a8358f32ec72fffd8a38031a	0
p1e-07	1e-07	0.3224649956324025	gpd-tail-extrapolation-below-held-out-range	7633ebb4a0d966dbda15a4e32d0efa492fb71aeb	tf	56	61180915be61455887ac261499455ac933cf976b292cab1a8180d759acc3ac2d	75.54	75.81	0.04	67108	3148	371	75224	b4f492a418cd3cb9e40964d5a738557839055a8b9e81ed565d5633c193249829	84b7c554c13b7261574fa50d36db990e8d88737fa85af2af476fe93d7a57b082	0
p1e-07	1e-07	0.3224649956324025	gpd-tail-extrapolation-below-held-out-range	7633ebb4a0d966dbda15a4e32d0efa492fb71aeb	tf	57	61180915be61455887ac261499455ac933cf976b292cab1a8180d759acc3ac2d	74.07	74.42	0.05	67240	3795	364	89275	91bdb6d4f5268f46b48be1c861102e63e5fea3ff0135889f99d35b7a85206a6d	3ddbe9c8bcaa87e32374a6449de30808d2651c08aecab64b43025cd27b9328d7	0
p1e-07	1e-07	0.3224649956324025	gpd-tail-extrapolation-below-held-out-range	7633ebb4a0d966dbda15a4e32d0efa492fb71aeb	tf	58	61180915be61455887ac261499455ac933cf976b292cab1a8180d759acc3ac2d	74.76	74.98	0.04	67016	3081	366	73704	7d7c1a7acddda77203381818b46855f80c0225f8e04b7810e6a6578ea24ae7fb	1641c12d05bbfaec836ee977e03f9fa3a79f25e734ffe9ecf8b146b1e2955dc1	0
p1e-07	1e-07	0.3224649956324025	gpd-tail-extrapolation-below-held-out-range	7633ebb4a0d966dbda15a4e32d0efa492fb71aeb	tf	59	61180915be61455887ac261499455ac933cf976b292cab1a8180d759acc3ac2d	73.94	74.2	0.07	66980	3563	402	84669	7c78887d6a659c2591c540899b02affb5dca1811a8e1e95d5022190a4a1e6510	256217cf75e97cad4e7bc30a45065d75918a53c91ef6716a4e4c9066347137e6	0
p1e-07	1e-07	0.3224649956324025	gpd-tail-extrapolation-below-held-out-range	7633ebb4a0d966dbda15a4e32d0efa492fb71aeb	tf	60	61180915be61455887ac261499455ac933cf976b292cab1a8180d759acc3ac2d	72.99	73.24	0.05	67108	3480	391	82708	684eba56c55dce50446007c51724844d2b796c5185995ae202e91e0491e76317	6415000588e7f6cffcb2991b6e82ccf22a42ff49bd0c1a0d374d181a8046de90	0
p1e-07	1e-07	0.3224649956324025	gpd-tail-extrapolation-below-held-out-range	7633ebb4a0d966dbda15a4e32d0efa492fb71aeb	tf	61	61180915be61455887ac261499455ac933cf976b292cab1a8180d759acc3ac2d	74.58	74.82	0.03	67108	3482	369	82505	f022ec4d875251bfb1a348b91e12d0b82a0dce2e4bd96157161c69bdb1fe211e	49d24fc6430771937008d39dedb692104ea11b4216297072875f11c9efcf7c25	0
p1e-07	1e-07	0.3224649956324025	gpd-tail-extrapolation-below-held-out-range	7633ebb4a0d966dbda15a4e32d0efa492fb71aeb	tf	62	61180915be61455887ac261499455ac933cf976b292cab1a8180d759acc3ac2d	72.86	72.99	0.07	67108	3512	375	83206	e05f46ad940b121a48eb72fa85d9ed4767a381d13e4c8930abf6ae0ce7647d19	8f8210df7de00b9835cc76d7eaf9a212ac9c4a0bcf874043c327d55c1739da33	0
p1e-07	1e-07	0.3224649956324025	gpd-tail-extrapolation-below-held-out-range	7633ebb4a0d966dbda15a4e32d0efa492fb71aeb	tf	63	61180915be61455887ac261499455ac933cf976b292cab1a8180d759acc3ac2d	73.97	74.3	0.05	67108	3560	382	84407	31787e914abfe65ffecfd72ba262af73a5f278f212ef2f93970de65f24cf0dea	fb178856f364908a5f83311c762d91689ca829d2308f00b062f555531b8371ed	0
p1e-07	1e-07	0.3224649956324025	gpd-tail-extrapolation-below-held-out-range	7633ebb4a0d966dbda15a4e32d0efa492fb71aeb	tf	64	61180915be61455887ac261499455ac933cf976b292cab1a8180d759acc3ac2d	74.67	73.58	0.06	67108	3321	381	79113	255c4eafd8df34f31ef553838b4a65d65950a0f42afb0f9f71558a36b0123df4	f94f1cbcee9c1ce375ff61a61beb831c056b010436fb4f9c095a4b7a2b860f9e	0
p1e-07	1e-07	0.3224649956324025	gpd-tail-extrapolation-below-held-out-range	7633ebb4a0d966dbda15a4e32d0efa492fb71aeb	tf	65	61180915be61455887ac261499455ac933cf976b292cab1a8180d759acc3ac2d	74.32	74.53	0.05	66900	3220	375	76831	7e0b279f512abbe842a1b059de7c85cf55b70efb2c664fe2bea447c35f65d987	b1d27d5235306f9adeb687fcf85223795047ceae21c3d0bb91bae9391591f065	0
p1e-07	1e-07	0.3224649956324025	gpd-tail-extrapolation-below-held-out-range	7633ebb4a0d966dbda15a4e32d0efa492fb71aeb	tf	66	61180915be61455887ac261499455ac933cf976b292cab1a8180d759acc3ac2d	73.12	73.27	0.06	67236	3310	363	78610	8070fdc8f19374e362a4d43faf8d75cf1bcc631d76baaa32d8220bb51e89e16f	62058d5bc2260f6bb1b3e4effd6adea978116bff576411c41ea01a98f569e9e8	0
p1e-07	1e-07	0.3224649956324025	gpd-tail-extrapolation-below-held-out-range	7633ebb4a0d966dbda15a4e32d0efa492fb71aeb	tf	67	61180915be61455887ac261499455ac933cf976b292cab1a8180d759acc3ac2d	73.54	73.72	0.06	67060	3089	374	73950	cd359a760a6d050bb9e6a5f6421e79fbe86ce6ae90284522503ad42712bbea8f	8e1f7777742bd883634d84bd1fd98a1c3ed042f09f3aeb252872b48d48a2b46d	0
p1e-07	1e-07	0.3224649956324025	gpd-tail-extrapolation-below-held-out-range	7633ebb4a0d966dbda15a4e32d0efa492fb71aeb	tf	68	61180915be61455887ac261499455ac933cf976b292cab1a8180d759acc3ac2d	72.91	73.22	0.03	67112	3443	393	81949	8b9b5a10f7a893ebd661fb695278190a08c5866f0d3aed731ddbdd9dc326576f	e38fcacd917e572dd57327e7bec64818db53db26292f11895b2a2e731330ce6a	0
p1e-07	1e-07	0.3224649956324025	gpd-tail-extrapolation-below-held-out-range	7633ebb4a0d966dbda15a4e32d0efa492fb71aeb	tf	69	61180915be61455887ac261499455ac933cf976b292cab1a8180d759acc3ac2d	73.26	73.42	0.06	67108	3766	381	88874	fe982f97cc9d9cb8c334384d87661a38a456fc6c244fa316a7b301cac4218428	ff82eb1190d657b1052e0237c4ce7b0d69e1d29c326da2b9d65c6cb63523ec77	0
p1e-07	1e-07	0.3224649956324025	gpd-tail-extrapolation-below-held-out-range	7633ebb4a0d966dbda15a4e32d0efa492fb71aeb	tf	70	61180915be61455887ac261499455ac933cf976b292cab1a8180d759acc3ac2d	73.24	73.49	0.03	67108	3443	392	81947	f324f0052f63e0861b0ee7bb6b0fb707641c721537b3538a3ca41b650c56a8cb	9ac3589fe00006c28b5ca8bcc21cdf4788fd2cdf8835605d6adffe576a43859e	0
p1e-07	1e-07	0.3224649956324025	gpd-tail-extrapolation-below-held-out-range	7633ebb4a0d966dbda15a4e32d0efa492fb71aeb	tf	71	61180915be61455887ac261499455ac933cf976b292cab1a8180d759acc3ac2d	73.47	73.62	0.05	67028	3272	373	77965	04549e5ce1bf40643474c14a1da01c13f036a5758466a414362d5fbe7dc4449c	d93fb7f9328dc24ec42861a4fa6d1b86c68f4430dd6c9fba6901f2fb0cb26072	0
p1e-07	1e-07	0.3224649956324025	gpd-tail-extrapolation-below-held-out-range	7633ebb4a0d966dbda15a4e32d0efa492fb71aeb	tf	72	61180915be61455887ac261499455ac933cf976b292cab1a8180d759acc3ac2d	74.22	73.18	0.06	67236	3023	374	72529	f69dc927b668f93d88d951ec08fc94d1413dcd77e0daa9d96cac9ed36361d86b	15ec9ba90cd2023a7bc68ea0be6f14a91beaac17b4f4f1e6d93610f46da8e56d	0
p1e-07	1e-07	0.3224649956324025	gpd-tail-extrapolation-below-held-out-range	7633ebb4a0d966dbda15a4e32d0efa492fb71aeb	tf	73	61180915be61455887ac261499455ac933cf976b292cab1a8180d759acc3ac2d	73.43	73.66	0.04	67236	3258	387	77839	a912061bac9a3bacdc07852f2f0d81abc8f7c55f30e369b6d08dad1a33e806f9	c38d853c165df9459816927fe0274c0e61023e0699d66770c1f8fedbd0a42abd	0
p1e-07	1e-07	0.3224649956324025	gpd-tail-extrapolation-below-held-out-range	7633ebb4a0d966dbda15a4e32d0efa492fb71aeb	tf	74	61180915be61455887ac261499455ac933cf976b292cab1a8180d759acc3ac2d	75.09	74.12	0.05	67112	3250	380	77574	a446b2f3d7d0b3d6be82c026d9347064529261daa4511f2721a28807f8cc1a18	6131be276d0f4a1967e2a092328b61bc87631b41c3f0cc89c8f66088d5429ccb	0
p1e-07	1e-07	0.3224649956324025	gpd-tail-extrapolation-below-held-out-range	7633ebb4a0d966dbda15a4e32d0efa492fb71aeb	tf	75	61180915be61455887ac261499455ac933cf976b292cab1a8180d759acc3ac2d	72.79	73.16	0.06	67108	3093	370	73959	3d91d32392e7fa355e1b5aec8a7809b6c4c392933cc510eab4214c5ed21a7abc	e59549a4a0b8515c185f5b06e2b5373baf0b983dad57bc7775b330e646ebb7e3	0
p1e-07	1e-07	0.3224649956324025	gpd-tail-extrapolation-below-held-out-range	7633ebb4a0d966dbda15a4e32d0efa492fb71aeb	tf	76	61180915be61455887ac261499455ac933cf976b292cab1a8180d759acc3ac2d	74.78	73.75	0.07	67108	3293	374	78408	98445ce9c07e538addbafed4923b2f608f858b07113763171c01c0982659d69e	b88bc49087d9f6aa7a3c0b2d6e847b51e2dadcae4de32d15d5da8b06d8d62524	0
p1e-07	1e-07	0.3224649956324025	gpd-tail-extrapolation-below-held-out-range	7633ebb4a0d966dbda15a4e32d0efa492fb71aeb	tf	77	61180915be61455887ac261499455ac933cf976b292cab1a8180d759acc3ac2d	72.71	72.93	0.05	67108	3380	393	80582	74f1fcca29e0d0e95b91a3e1b97d7ad8651ba3c881c8662e753e4fd6a8e2458c	2652bd39b0b0088e3f93ff776511884b600ab00f75833d13d5babb3945ebb017	0
p1e-07	1e-07	0.3224649956324025	gpd-tail-extrapolation-below-held-out-range	7633ebb4a0d966dbda15a4e32d0efa492fb71aeb	tf	78	61180915be61455887ac261499455ac933cf976b292cab1a8180d759acc3ac2d	76.03	75.02	0.04	66980	3544	378	84011	789f5fc72f0b7db70466cc653e5124e5ef84970190268f8fae5b3afa6b7207c9	31a7f9629bbc63ed3fed458c4b59ddf0208f72761112a4ba6e58905761a15302	0
p1e-07	1e-07	0.3224649956324025	gpd-tail-extrapolation-below-held-out-range	7633ebb4a0d966dbda15a4e32d0efa492fb71aeb	tf	79	61180915be61455887ac261499455ac933cf976b292cab1a8180d759acc3ac2d	75.43	75.69	0.05	67236	3525	384	83605	623746f9cbc2fe285855b0eb03c50156e471866f0e24000c3e9d29ede694b278	8444a1f5df5acc533ab52790ba6e89cb2face66d0a52eb101b1fccfc1318a7d5	0
p1e-07	1e-07	0.3224649956324025	gpd-tail-extrapolation-below-held-out-range	7633ebb4a0d966dbda15a4e32d0efa492fb71aeb	tf	80	61180915be61455887ac261499455ac933cf976b292cab1a8180d759acc3ac2d	73.9	74.11	0.05	66972	3645	414	86642	8cf91995e21254b828c2f35f58c82e7b3ee3e052964277cdd36f5b375b532a06	7dcd71094b62702a7d93776969a1e5f4ada79737bad9843779be13f0d382e30e	0
p1e-07	1e-07	0.3224649956324025	gpd-tail-extrapolation-below-held-out-range	7633ebb4a0d966dbda15a4e32d0efa492fb71aeb	tf	81	61180915be61455887ac261499455ac933cf976b292cab1a8180d759acc3ac2d	74.98	75.05	0.07	66980	3082	368	73689	6cefca6130f837f1307d67a0521fdd6c39a06b2b4e66e9a706d0cef2da2da992	df0c1b1dda15d13d3e0a02051c51ca7a6e11f14a5c7084a4d5e3f9eb2e19f062	0
p1e-07	1e-07	0.3224649956324025	gpd-tail-extrapolation-below-held-out-range	7633ebb4a0d966dbda15a4e32d0efa492fb71aeb	tf	82	61180915be61455887ac261499455ac933cf976b292cab1a8180d759acc3ac2d	74.51	74.8	0.03	67108	3170	378	75792	bdfdb0d7d1d7ea85564d98e6779c5b52fdacc06c3b3e419f946b4ef5aa1b0f4a	302c64a782b0d3d4585785e6b559464c421ee0e5014990f39c70354d0ab1e102	0
p1e-07	1e-07	0.3224649956324025	gpd-tail-extrapolation-below-held-out-range	7633ebb4a0d966dbda15a4e32d0efa492fb71aeb	tf	83	61180915be61455887ac261499455ac933cf976b292cab1a8180d759acc3ac2d	79.55	78.74	0.05	67112	3340	350	79155	25fe91609150315edd8ac45731862772f090803ee28286e11c6c6667d087302a	d8fe10666a16481443a88ca03557d32627d831971264b434c1463972837174e5	0
p1e-07	1e-07	0.3224649956324025	gpd-tail-extrapolation-below-held-out-range	7633ebb4a0d966dbda15a4e32d0efa492fb71aeb	tf	84	61180915be61455887ac261499455ac933cf976b292cab1a8180d759acc3ac2d	74.51	74.89	0.05	67108	3470	414	82805	6495f68de4ac90631ec992e6f7c1768a344ae355f5ea272a98a1ba1990b9dc6e	1e7632e6156ce939601d31acd4a18d6e6fab10f78d4e7cb8b06d7bf3b6aa7b15	0
p1e-07	1e-07	0.3224649956324025	gpd-tail-extrapolation-below-held-out-range	7633ebb4a0d966dbda15a4e32d0efa492fb71aeb	tf	85	61180915be61455887ac261499455ac933cf976b292cab1a8180d759acc3ac2d	73.11	73.35	0.06	66984	2939	383	70769	b27a80eb77decd41d89da30c55d06914c7d6a7adfb08022c249c8973841242ef	d9045a441f1219fd128febc55f4dac21a28b32631a65f5c36b265c5be072ed79	0
p1e-07	1e-07	0.3224649956324025	gpd-tail-extrapolation-below-held-out-range	7633ebb4a0d966dbda15a4e32d0efa492fb71aeb	tf	86	61180915be61455887ac261499455ac933cf976b292cab1a8180d759acc3ac2d	74.46	74.46	0.07	67236	3324	386	79231	1afafdb369b56427f044f3d9d8957838a08c0e5232d4086dd6ccf5eb142922d2	2fc45d99e4c18cfb946a75878c908395a80f0cd5b80dc8770f5f6261a30bae73	0
p1e-07	1e-07	0.3224649956324025	gpd-tail-extrapolation-below-held-out-range	7633ebb4a0d966dbda15a4e32d0efa492fb71aeb	tf	87	61180915be61455887ac261499455ac933cf976b292cab1a8180d759acc3ac2d	73.48	73.63	0.06	67108	3197	383	76455	34f56b9a4b3acb41f36f1bf310697b56fcea547464ee6fc714e62e227a3a688f	1c9022aa4bc29521938da914e16363df6cc75dc353a1776c4cc3104bc1063f71	0
p1e-07	1e-07	0.3224649956324025	gpd-tail-extrapolation-below-held-out-range	7633ebb4a0d966dbda15a4e32d0efa492fb71aeb	tf	88	61180915be61455887ac261499455ac933cf976b292cab1a8180d759acc3ac2d	75.17	74.57	0.03	66972	3555	390	84401	73c5671a534799d637ae70d3596faec7a8804911c7a102c187ee7c64ce991007	49636708c02380b178d9c09e675593fb49dc7df9152f8aab6d6a602aa18a42d2	0
p1e-07	1e-07	0.3224649956324025	gpd-tail-extrapolation-below-held-out-range	7633ebb4a0d966dbda15a4e32d0efa492fb71aeb	tf	89	61180915be61455887ac261499455ac933cf976b292cab1a8180d759acc3ac2d	74.83	74.01	0.06	67108	3535	385	83845	d82dabc1632a7e31111bd58cd2031ca02aca6b96792d83b8af1abe9ddb9dbff6	dce0d05abd5913460618b3056d05ea25f6711aa4aa17ae4c3b09c432c33f7d88	0
p1e-07	1e-07	0.3224649956324025	gpd-tail-extrapolation-below-held-out-range	7633ebb4a0d966dbda15a4e32d0efa492fb71aeb	tf	90	61180915be61455887ac261499455ac933cf976b292cab1a8180d759acc3ac2d	73.92	74.22	0.04	67108	3053	375	73156	bc1efc09994d5a91924505362424ade0078379f8e4f4df902e645518ee60e8c5	d869d8b2683f55e6c68de5db3f4216ae65ab61dcc3deda266e78940cf93402ed	0
p1e-07	1e-07	0.3224649956324025	gpd-tail-extrapolation-below-held-out-range	7633ebb4a0d966dbda15a4e32d0efa492fb71aeb	tf	91	61180915be61455887ac261499455ac933cf976b292cab1a8180d759acc3ac2d	73.88	74.36	0.05	66972	3267	378	77894	deef38372d8319435221c99cf60dee7319ea438c0f3e0888f969cad6a581756d	1d1b8d7cdb17b288bb135b91ecb36c30922a5d8466bdbcc907f35c80220b5a9e	0
p1e-07	1e-07	0.3224649956324025	gpd-tail-extrapolation-below-held-out-range	7633ebb4a0d966dbda15a4e32d0efa492fb71aeb	tf	92	61180915be61455887ac261499455ac933cf976b292cab1a8180d759acc3ac2d	74.36	74.52	0.07	67108	3619	399	85886	8a8602bf46076bd6da0526b52a4ccf5f65102e2d5d634468e44413e7257defd3	16816cb819a020ea7eaf26f2010591d6f59e1546a4f6867e9e20e39a3823801e	0
p1e-07	1e-07	0.3224649956324025	gpd-tail-extrapolation-below-held-out-range	7633ebb4a0d966dbda15a4e32d0efa492fb71aeb	tf	93	61180915be61455887ac261499455ac933cf976b292cab1a8180d759acc3ac2d	73.83	73.97	0.05	67108	3273	358	77817	c7030c7fe2ae13768cb910b190579f4a7bf93d862d8cde507c9faf4c3b90e29a	e3b14b5ee0c640eae17bf8b6510d0cf0dcc74274234c66b8711ea8cebd81a666	0
p1e-07	1e-07	0.3224649956324025	gpd-tail-extrapolation-below-held-out-range	7633ebb4a0d966dbda15a4e32d0efa492fb71aeb	tf	94	61180915be61455887ac261499455ac933cf976b292cab1a8180d759acc3ac2d	73.2	73.61	0.06	67108	3104	358	74098	a845ad64f87cc0f70bb678bd5c36a26cafe792b09840fa8b53ac6d9e00983dbc	e984d713a4655caa002db72e227531c01507f3629ca350b2670322a6424b10a4	0
p1e-07	1e-07	0.3224649956324025	gpd-tail-extrapolation-below-held-out-range	7633ebb4a0d966dbda15a4e32d0efa492fb71aeb	tf	95	61180915be61455887ac261499455ac933cf976b292cab1a8180d759acc3ac2d	75.21	74.13	0.04	67108	3305	406	79106	86e4a4220545c6dbe70a9fd3f6a80df3062cf0b9783c7677287a55ca633dd77f	8727f4a168fc99ea852ac09e1d578f7be636b906e7311071c690843f9720a732	0
p1e-07	1e-07	0.3224649956324025	gpd-tail-extrapolation-below-held-out-range	7633ebb4a0d966dbda15a4e32d0efa492fb71aeb	tf	96	61180915be61455887ac261499455ac933cf976b292cab1a8180d759acc3ac2d	80.44	80.85	0.05	66980	3578	419	85227	093642674b840f11582bc737214a2f990bccb50add7cf0b12458ea3b77a3b2ab	c0587e1456afca8d297d30d98301e59e391bda15ecbc25917bf766705753f1d4	0
p1e-07	1e-07	0.3224649956324025	gpd-tail-extrapolation-below-held-out-range	7633ebb4a0d966dbda15a4e32d0efa492fb71aeb	tf	97	61180915be61455887ac261499455ac933cf976b292cab1a8180d759acc3ac2d	75.61	75.76	0.05	67108	3430	379	81454	054f2846006aebf89f9698ee1b04aedb31e961f8bb5b52ad099026863ef1b47e	98fec3b1177d64e74108b0ceb30ec303261a6c9b1318b9b259ea9037cd7e6873	0
p1e-07	1e-07	0.3224649956324025	gpd-tail-extrapolation-below-held-out-range	7633ebb4a0d966dbda15a4e32d0efa492fb71aeb	tf	98	61180915be61455887ac261499455ac933cf976b292cab1a8180d759acc3ac2d	76.9	75.92	0.06	66852	3459	388	82264	80edb7d0c133ee203dfdd9638c64bd820b72b3156711c368cef9621bac8e2c35	a9c68d5b8780570f5259ea6f03fb7a1825fe33a95ef7b38ced75ca4cc4bef292	0
p1e-07	1e-07	0.3224649956324025	gpd-tail-extrapolation-below-held-out-range	7633ebb4a0d966dbda15a4e32d0efa492fb71aeb	tf	99	61180915be61455887ac261499455ac933cf976b292cab1a8180d759acc3ac2d	74.48	74.73	0.05	66980	3671	399	87003	dfd32ee8eeda11f6b5f2ca7572dd2448d94e64f82e65da828106aa5e93acfc0b	0be07c45fe2ade88676a7ee5295e49dcbc200c0eba62c1447a46b0572f18453f	0
p1e-07	1e-07	0.3224649956324025	gpd-tail-extrapolation-below-held-out-range	7633ebb4a0d966dbda15a4e32d0efa492fb71aeb	tf	100	61180915be61455887ac261499455ac933cf976b292cab1a8180d759acc3ac2d	75.4	75.5	0.05	66980	3213	399	77006	8c09b9e820fdfa5b540b73e1b25cb5558ba7e76be552409b45c4834ec3a43ad6	90bd630d6f2f550f7ee403a5b2201d84e150cdb345a5eafc5f41dcb7ece14519	0
p1e-07	1e-07	0.3224649956324025	gpd-tail-extrapolation-below-held-out-range	7633ebb4a0d966dbda15a4e32d0efa492fb71aeb	sig	1	61180915be61455887ac261499455ac933cf976b292cab1a8180d759acc3ac2d	185.38	184.7	0.05	67932	8419	1813	209258	6b7c22f3357863df0fad3e343af4afad6a14361aba5a0e9b187adca2e47a9b3f	f41a19ea5dca5efa58013d3fffda6700a2c89570530e67dcf428a35d41099ced	0
p1e-07	1e-07	0.3224649956324025	gpd-tail-extrapolation-below-held-out-range	7633ebb4a0d966dbda15a4e32d0efa492fb71aeb	sig	2	61180915be61455887ac261499455ac933cf976b292cab1a8180d759acc3ac2d	312.28	312.6	0.04	67660	8259	1715	204571	0967c79716c0875c55f1fe2a7679fca58156580f7b8368a20cac80adf9184f0f	bfac1dfa3eff652c97e14e0b8eedbf17cc98d7121ff1ea24c4e4b7b27804a344	0
p1e-07	1e-07	0.3224649956324025	gpd-tail-extrapolation-below-held-out-range	7633ebb4a0d966dbda15a4e32d0efa492fb71aeb	sig	3	61180915be61455887ac261499455ac933cf976b292cab1a8180d759acc3ac2d	339.64	339.75	0.08	67776	7693	1714	192142	fc950d9b25b925a361d0f0c4163aa80e838717f753a92245b6f6edd235d13ddc	d269fdd331edfd521e76401a40ab3f1a731709d4373761bf130cc6a99fe20e1f	0
p1e-07	1e-07	0.3224649956324025	gpd-tail-extrapolation-below-held-out-range	7633ebb4a0d966dbda15a4e32d0efa492fb71aeb	sig	4	61180915be61455887ac261499455ac933cf976b292cab1a8180d759acc3ac2d	333.25	332.86	0.14	67688	7948	1806	198933	b9abbf92ddf7a4dfdb5bd18779689f81e542828bcd2201c8b0c58d1baacd009c	d147f63df988fef3714f9843663f80a93a5b3b72091ca5281c9640c8af09c7ac	0
p1e-07	1e-07	0.3224649956324025	gpd-tail-extrapolation-below-held-out-range	7633ebb4a0d966dbda15a4e32d0efa492fb71aeb	sig	5	61180915be61455887ac261499455ac933cf976b292cab1a8180d759acc3ac2d	330.14	329.99	0.11	68040	7708	1758	192988	1094a5793edfdafb520363869f05533be76063738d5ca002eab127a9d3c40614	8958977df2fd1ebda901b949e8728a03ec4cb82d78ecee69b08b802e0dad807f	0
p1e-07	1e-07	0.3224649956324025	gpd-tail-extrapolation-below-held-out-range	7633ebb4a0d966dbda15a4e32d0efa492fb71aeb	sig	6	61180915be61455887ac261499455ac933cf976b292cab1a8180d759acc3ac2d	320.05	320.49	0.12	67912	8276	1798	205964	de8ba2ee231d9eab8f7e9e3403d870c0c323ccf84677562c7529edb9da6e21b1	5cdd22b51417bb6b7023390152ded2cb549c646443abd01b3e9fe8b6544385f6	0
p1e-07	1e-07	0.3224649956324025	gpd-tail-extrapolation-below-held-out-range	7633ebb4a0d966dbda15a4e32d0efa492fb71aeb	sig	7	61180915be61455887ac261499455ac933cf976b292cab1a8180d759acc3ac2d	315.15	314.85	0.06	67828	8340	1818	207677	b02f204c4b4ab18d3ac2d82f63b0f71f159f9692a74bcd20b7bf78e436390704	1eb0a763a42e6a169975074cd6aa02de3803ac2391d69290c92ab6bc5362bba5	0
p1e-07	1e-07	0.3224649956324025	gpd-tail-extrapolation-below-held-out-range	7633ebb4a0d966dbda15a4e32d0efa492fb71aeb	sig	8	61180915be61455887ac261499455ac933cf976b292cab1a8180d759acc3ac2d	311.76	312.19	0.07	67912	9193	1902	227415	9a07ba6db72e72e1dcf8811f1dfe15b27b22993af1e9e9f1408a615cedaadbf5	cc488edeedb6f797887a30c3c73fb3a428a05a7f97b0cadfaf4cf2521795ce8a	0
p1e-07	1e-07	0.3224649956324025	gpd-tail-extrapolation-below-held-out-range	7633ebb4a0d966dbda15a4e32d0efa492fb71aeb	sig	9	61180915be61455887ac261499455ac933cf976b292cab1a8180d759acc3ac2d	313.0	312.21	0.05	68040	8123	1814	202877	302262c5a5945c9a54c437d1ca77eec9216331da8ef9d9dc008742df7f439530	cd87acff4483d04bbc62fa2d6a7a54f557f02a25479029a85ca7382a2b19a472	0
p1e-07	1e-07	0.3224649956324025	gpd-tail-extrapolation-below-held-out-range	7633ebb4a0d966dbda15a4e32d0efa492fb71aeb	sig	10	61180915be61455887ac261499455ac933cf976b292cab1a8180d759acc3ac2d	312.55	312.88	0.07	67892	8443	1863	210493	27838c06838110c223b2b742960250e1d7ef478a1ff657e9be3f106cb542720a	e9b751cf11bddc2953e6387a1a568e4a21f17f6cbfcc0fca5b1a1bc81b870520	0
p1e-07	1e-07	0.3224649956324025	gpd-tail-extrapolation-below-held-out-range	7633ebb4a0d966dbda15a4e32d0efa492fb71aeb	sig	11	61180915be61455887ac261499455ac933cf976b292cab1a8180d759acc3ac2d	319.3	319.94	0.08	67912	7983	1800	199629	594c07b0b0383ce8a0999a39237556488d4c2bdca059067213a43a1f697d6d3a	052cae2cebb2ffd552750e4dfc5dbb01d35e9796832709155f4e25a484ed4f8a	0
p1e-07	1e-07	0.3224649956324025	gpd-tail-extrapolation-below-held-out-range	7633ebb4a0d966dbda15a4e32d0efa492fb71aeb	sig	12	61180915be61455887ac261499455ac933cf976b292cab1a8180d759acc3ac2d	314.0	313.08	0.09	67656	8148	1808	203371	f928cf9c1e00bafab139269a9fa06baca1c391642b6d1ff2a29ec856aeac3f01	b9ea0fe15daf19da311d7debe28d52861668a0929bfa6656e9c678663310349b	0
p1e-07	1e-07	0.3224649956324025	gpd-tail-extrapolation-below-held-out-range	7633ebb4a0d966dbda15a4e32d0efa492fb71aeb	sig	13	61180915be61455887ac261499455ac933cf976b292cab1a8180d759acc3ac2d	310.8	311.16	0.06	67784	7365	1680	184476	8fba39faed1a306d1897e57f676d0007bce916a245a1533d28afc792b150c6c2	d88c1579dde33a39739e19e4c42845ffe39e6bdbe41a7d97467b72071e775bf9	0
p1e-07	1e-07	0.3224649956324025	gpd-tail-extrapolation-below-held-out-range	7633ebb4a0d966dbda15a4e32d0efa492fb71aeb	sig	14	61180915be61455887ac261499455ac933cf976b292cab1a8180d759acc3ac2d	307.07	307.05	0.05	67884	7608	1684	189910	d96fbda0c993a078540670f6160fa2ee00828ec8804c1b551a67bc4ec31de6ec	600537e6d7b1c658382c94ac7f3e3612b8cdc09d6ce3ddd0e8aa2214b734f1f5	0
p1e-07	1e-07	0.3224649956324025	gpd-tail-extrapolation-below-held-out-range	7633ebb4a0d966dbda15a4e32d0efa492fb71aeb	sig	15	61180915be61455887ac261499455ac933cf976b292cab1a8180d759acc3ac2d	304.47	304.11	0.05	67784	8555	1848	212686	ffcd45e8a0589753ecb9f3c0a6f154f6cf5d6c0530f95be41e434595b3d87b75	b784c628b17f42e8a538fee982df3e423e79ceca0dbf664a0ab585ab3b505c8d	0
p1e-07	1e-07	0.3224649956324025	gpd-tail-extrapolation-below-held-out-range	7633ebb4a0d966dbda15a4e32d0efa492fb71aeb	sig	16	61180915be61455887ac261499455ac933cf976b292cab1a8180d759acc3ac2d	307.17	307.5	0.06	67784	8154	1801	203444	5e1328dacd76015cc4cfa73eda8cb283b30bb7134a4b36db882fb31cb0db1930	fe8d947c04de68b15fe477f5eabfb3325e8fbdcb6b077936dccebdea407daf19	0
p1e-07	1e-07	0.3224649956324025	gpd-tail-extrapolation-below-held-out-range	7633ebb4a0d966dbda15a4e32d0efa492fb71aeb	sig	17	61180915be61455887ac261499455ac933cf976b292cab1a8180d759acc3ac2d	308.89	309.05	0.05	67924	8282	1773	205807	dfa8e090a2d1f50b0111733dabbad8fac876677ac09e699e47501758a663c470	e4a51c9943b113302bdc222f06d4c67578659a8e0f0785b0111982a9a5cbe37d	0
p1e-07	1e-07	0.3224649956324025	gpd-tail-extrapolation-below-held-out-range	7633ebb4a0d966dbda15a4e32d0efa492fb71aeb	sig	18	61180915be61455887ac261499455ac933cf976b292cab1a8180d759acc3ac2d	306.51	306.72	0.04	68040	7870	1730	196296	ff4f136db9dc2a3b0d3987b07572010ea86d3522cedf46072bb15a44fa1f3974	76294bb69a8cb39aecc3f0cc05205a64f21db11e5098c99cd842d9df2eafc1a2	0
p1e-07	1e-07	0.3224649956324025	gpd-tail-extrapolation-below-held-out-range	7633ebb4a0d966dbda15a4e32d0efa492fb71aeb	sig	19	61180915be61455887ac261499455ac933cf976b292cab1a8180d759acc3ac2d	316.93	316.29	0.09	67784	8193	1814	204375	5aed0fb654f6935db51a6095cfc6e7f23eefb333131253c1006d326a91ab1503	34887e9deb267ba14ad436990b439c14be1f4d9eefff271aae9f021b26e41b5e	0
p1e-07	1e-07	0.3224649956324025	gpd-tail-extrapolation-below-held-out-range	7633ebb4a0d966dbda15a4e32d0efa492fb71aeb	sig	20	61180915be61455887ac261499455ac933cf976b292cab1a8180d759acc3ac2d	348.32	348.82	0.09	67784	8209	1751	203894	ea8ce824ef2ad101f9899fa6a958eed6440a580e881c1b9e42994ebc43fe845e	a2163303575bd57e0fee850a2f8e5583841e9649b183f565ab470d0789ffa98f	0
p1e-07	1e-07	0.3224649956324025	gpd-tail-extrapolation-below-held-out-range	7633ebb4a0d966dbda15a4e32d0efa492fb71aeb	sig	21	61180915be61455887ac261499455ac933cf976b292cab1a8180d759acc3ac2d	314.34	313.59	0.04	67912	8388	1798	208492	a18f6f0593685359eb1edbab4922314915fa9a247c3a55abbf4e7070fe6d0116	8c048f430e91c792cbc4fbdc2e26b72f1a43d14110e67210a4b5a9a6e40dfb3a	0
p1e-07	1e-07	0.3224649956324025	gpd-tail-extrapolation-below-held-out-range	7633ebb4a0d966dbda15a4e32d0efa492fb71aeb	sig	22	61180915be61455887ac261499455ac933cf976b292cab1a8180d759acc3ac2d	313.06	313.43	0.03	67784	8045	1687	199414	d6fea48ca6397cb360e98d053126fc0b06f145b0f77c9855c7a6568db5c6a4c1	f4683303fc0755cba67e6b273db396d891a5382660c907f2b77f385695f82394	0
p1e-07	1e-07	0.3224649956324025	gpd-tail-extrapolation-below-held-out-range	7633ebb4a0d966dbda15a4e32d0efa492fb71aeb	sig	23	61180915be61455887ac261499455ac933cf976b292cab1a8180d759acc3ac2d	318.45	318.95	0.09	68040	8327	1797	207068	5c1cd95439dc49790b9a6b6cae95d43704a0aabe7c2a6c9cc5174f826cef88ab	406ab3050f517c69b208d696ee8694fba1183b403d026e166abf680525e24416	0
p1e-07	1e-07	0.3224649956324025	gpd-tail-extrapolation-below-held-out-range	7633ebb4a0d966dbda15a4e32d0efa492fb71aeb	sig	24	61180915be61455887ac261499455ac933cf976b292cab1a8180d759acc3ac2d	315.86	315.24	0.09	67912	7759	1766	194203	892e7ff7ccbf40f9d5c41c4c042a8104ff7eef6b027ebc66517962a058a531ab	0d980461160519677c693d87902f4949b66baa5399a97375093232536b5b93c3	0
p1e-07	1e-07	0.3224649956324025	gpd-tail-extrapolation-below-held-out-range	7633ebb4a0d966dbda15a4e32d0efa492fb71aeb	sig	25	61180915be61455887ac261499455ac933cf976b292cab1a8180d759acc3ac2d	314.53	315.06	0.04	67660	8365	1826	208321	5bf9ec3e3aef0b394185abc8f3bd58d53900352569ec1e00ed2b520d65ff4862	dba18f862d217e1a57e34d8e94456c4b5cbec93cbee9331d28d9ccc52c485fa3	0
p1e-07	1e-07	0.3224649956324025	gpd-tail-extrapolation-below-held-out-range	7633ebb4a0d966dbda15a4e32d0efa492fb71aeb	sig	26	61180915be61455887ac261499455ac933cf976b292cab1a8180d759acc3ac2d	311.32	311.49	0.07	67868	8123	1762	202152	5348cec19ef26d9f2488fb79383f0834d10d608f975cd840b28b303bb990bb55	c678afc7bf2466aa06b390df1059daf37130a11e8ae5d965f9edad3229102d94	0
p1e-07	1e-07	0.3224649956324025	gpd-tail-extrapolation-below-held-out-range	7633ebb4a0d966dbda15a4e32d0efa492fb71aeb	sig	27	61180915be61455887ac261499455ac933cf976b292cab1a8180d759acc3ac2d	310.89	311.14	0.05	67912	7909	1759	197480	c0aba5183a03c8d1729160852856238b8c0e9ec6162bbc9dedc3bbf6d1bcc0f6	5685dc4d9b92e8d14a08eeda4617f4d9ab957a012c61c8e8a9d9bf3fd60529d1	0
p1e-07	1e-07	0.3224649956324025	gpd-tail-extrapolation-below-held-out-range	7633ebb4a0d966dbda15a4e32d0efa492fb71aeb	sig	28	61180915be61455887ac261499455ac933cf976b292cab1a8180d759acc3ac2d	313.33	312.46	0.05	67916	8176	1779	203452	a4d2db331aa7e904077c43af332307b4a5b36648eea79d1808c7b1ed98425840	cc379b328612ed1a012c62d8ccf68cc465b1d12b8c84943ed8b236dd15478f82	0
p1e-07	1e-07	0.3224649956324025	gpd-tail-extrapolation-below-held-out-range	7633ebb4a0d966dbda15a4e32d0efa492fb71aeb	sig	29	61180915be61455887ac261499455ac933cf976b292cab1a8180d759acc3ac2d	311.28	311.7	0.06	67832	7953	1786	198904	ffcf74c07a41084512a38b1ea102fb706161a66043ad67ded27aaa9de9aaf610	8991c78b6bc82bd457717c51d6e1f79e86710c238bd3906653b9e54d869cf98f	0
p1e-07	1e-07	0.3224649956324025	gpd-tail-extrapolation-below-held-out-range	7633ebb4a0d966dbda15a4e32d0efa492fb71aeb	sig	30	61180915be61455887ac261499455ac933cf976b292cab1a8180d759acc3ac2d	309.64	310.15	0.06	67916	8061	1872	202275	1a076d3f84fb3899a85bdd42cb1bb0aba597322e04fc7a4120b4c1ded567cdf2	ebff0f69bf1a274011497c451ac5d7554f622203e2c35c6937ad72ea6e9e1ca5	0
p1e-07	1e-07	0.3224649956324025	gpd-tail-extrapolation-below-held-out-range	7633ebb4a0d966dbda15a4e32d0efa492fb71aeb	sig	31	61180915be61455887ac261499455ac933cf976b292cab1a8180d759acc3ac2d	310.06	310.11	0.02	67788	8216	1847	205207	709ba071f2ed90d84eb46f5a048fac7bdc0c4fdc1e9916e04e2c4178ac7480f8	13c89ba22e0e0431bf1ac5f3b3297a3e806c759102da0d108bd2ef030e85f59a	0
p1e-07	1e-07	0.3224649956324025	gpd-tail-extrapolation-below-held-out-range	7633ebb4a0d966dbda15a4e32d0efa492fb71aeb	sig	32	61180915be61455887ac261499455ac933cf976b292cab1a8180d759acc3ac2d	312.91	311.96	0.07	67912	8124	1818	202960	94eeba400f829a20402d69323a400ab6b2ddd2b561e911aa3cffafaf06bf58e8	f068acb5afd97153519aa08e9ca7ac4c3271fc33a080965e1140f1824a3e4272	0
p1e-07	1e-07	0.3224649956324025	gpd-tail-extrapolation-below-held-out-range	7633ebb4a0d966dbda15a4e32d0efa492fb71aeb	sig	33	61180915be61455887ac261499455ac933cf976b292cab1a8180d759acc3ac2d	311.11	311.58	0.06	67784	7975	1776	199085	fcaf9125c76f28e141594c21889aa7cf515d10a988ccfc1ae30a64e359a6dff0	68df1969db14728165b96d0243924c2aca7c458a6b5e2268c70714e386b85ccc	0
p1e-07	1e-07	0.3224649956324025	gpd-tail-extrapolation-below-held-out-range	7633ebb4a0d966dbda15a4e32d0efa492fb71aeb	sig	34	61180915be61455887ac261499455ac933cf976b292cab1a8180d759acc3ac2d	311.99	312.09	0.07	67784	8440	1787	209361	c2bc4e2e63a7d91033c170830472dcc176529567e21a7c35f55f4bfb814610ef	3700c29c2edc7d3b38b6bb0d476bdc78a13a3a19ff3430529deedf8d7f7b470a	0
p1e-07	1e-07	0.3224649956324025	gpd-tail-extrapolation-below-held-out-range	7633ebb4a0d966dbda15a4e32d0efa492fb71aeb	sig	35	61180915be61455887ac261499455ac933cf976b292cab1a8180d759acc3ac2d	313.31	312.61	0.04	67916	7711	1727	192691	99581d308e312b2defec25f8c983908d8e0adc257bb7af34656561db45296911	c16c5d969daf7b4667fd886107079c7c521220f99b6437522ee6dd4ef04cb66c	0
p1e-07	1e-07	0.3224649956324025	gpd-tail-extrapolation-below-held-out-range	7633ebb4a0d966dbda15a4e32d0efa492fb71aeb	sig	36	61180915be61455887ac261499455ac933cf976b292cab1a8180d759acc3ac2d	309.79	309.94	0.08	67912	8153	1820	203548	a8f876bf5166125858efcccc9c001e415440e0bce284335736d8a0da576674ad	98cabfb56ff991acf43718d3c9433ac6dedb153bee95533d9ac9da041e100261	0
p1e-07	1e-07	0.3224649956324025	gpd-tail-extrapolation-below-held-out-range	7633ebb4a0d966dbda15a4e32d0efa492fb71aeb	sig	37	61180915be61455887ac261499455ac933cf976b292cab1a8180d759acc3ac2d	311.65	311.97	0.09	67912	8271	1773	205539	a9d5579bae8ad5bef2d37079e9b51cdff9da4e146442757743f847a17daaad6d	cda2d00ebece774ee23022097caac43d3ca77655bd9c8f47b3923f6975f76efe	0
p1e-07	1e-07	0.3224649956324025	gpd-tail-extrapolation-below-held-out-range	7633ebb4a0d966dbda15a4e32d0efa492fb71aeb	sig	38	61180915be61455887ac261499455ac933cf976b292cab1a8180d759acc3ac2d	309.29	309.59	0.06	67784	8641	1905	215363	0f374b4ceacbb294b5349ffc6c8ce1e0f788b4151748d183b483c95d2d2ca5d7	817ac814cb03ad928bd5f4eca1751101f602278d8c5166578538f7509094d2d2	0
p1e-07	1e-07	0.3224649956324025	gpd-tail-extrapolation-below-held-out-range	7633ebb4a0d966dbda15a4e32d0efa492fb71aeb	sig	39	61180915be61455887ac261499455ac933cf976b292cab1a8180d759acc3ac2d	313.0	312.15	0.04	67784	8133	1778	202620	00bc7b770f00ce3d0a076548b95e866198a3c24f8558146499767cdebddc9fae	0587107750050bb188b63c826e045eec11728028ae50f2ebd95e29dfc9324071	0
p1e-07	1e-07	0.3224649956324025	gpd-tail-extrapolation-below-held-out-range	7633ebb4a0d966dbda15a4e32d0efa492fb71aeb	sig	40	61180915be61455887ac261499455ac933cf976b292cab1a8180d759acc3ac2d	312.49	312.7	0.07	67916	8155	1775	203039	ebc3189942120b6ab804f5e05847fb90ecc7fb4ce24e7686204613227cdabc94	07a1bf52a7d8921be19bec62e9e3ca44f2a92519d5ae58ea5fbfdb8d8ae75ae6	0
p1e-07	1e-07	0.3224649956324025	gpd-tail-extrapolation-below-held-out-range	7633ebb4a0d966dbda15a4e32d0efa492fb71aeb	sig	41	61180915be61455887ac261499455ac933cf976b292cab1a8180d759acc3ac2d	311.39	311.83	0.06	67916	8411	1741	208176	d01e0a60b056cb107db9b633419b3dcd210ce51436f937ff23b72ab32567c1d6	8e0196da48889a322415f9da22d3cfbf0c854f571d8dc730e8969946be1797fb	0
p1e-07	1e-07	0.3224649956324025	gpd-tail-extrapolation-below-held-out-range	7633ebb4a0d966dbda15a4e32d0efa492fb71aeb	sig	42	61180915be61455887ac261499455ac933cf976b292cab1a8180d759acc3ac2d	321.36	320.74	0.07	67784	8352	1703	206485	32da843a8cbae53efe878752070931859f98fcce3df662998b2f13d3ad7e8c07	a57982473df59b4cd31f7b70d80f383cb42eb3130bbf3d3bba716667562ea145	0
p1e-07	1e-07	0.3224649956324025	gpd-tail-extrapolation-below-held-out-range	7633ebb4a0d966dbda15a4e32d0efa492fb71aeb	sig	43	61180915be61455887ac261499455ac933cf976b292cab1a8180d759acc3ac2d	315.18	315.61	0.07	67912	9044	1945	224665	c47253bbeaebd8771eea3423d930c44b2e6c0b60d695d7285266204cf7781afb	3d3b55e1c07203eadc514820321cd877ffce75385f33acfe067f12bcf5157ed9	0
p1e-07	1e-07	0.3224649956324025	gpd-tail-extrapolation-below-held-out-range	7633ebb4a0d966dbda15a4e32d0efa492fb71aeb	sig	44	61180915be61455887ac261499455ac933cf976b292cab1a8180d759acc3ac2d	306.4	306.49	0.06	67912	8522	1797	211366	c948cab04fd82995315de03c6eb5fd7bde26e3c22617e57fc40c568884ee5d8f	475ae6160f6ea525160f58a4e7ea5f3226ee6efff16fbcc8b8c3ab9cc8a0441e	0
p1e-07	1e-07	0.3224649956324025	gpd-tail-extrapolation-below-held-out-range	7633ebb4a0d966dbda15a4e32d0efa492fb71aeb	sig	45	61180915be61455887ac261499455ac933cf976b292cab1a8180d759acc3ac2d	324.4	323.79	0.07	67916	8442	1777	209380	8632940c508b5c4b83d20bd8e6886420972bc19d0c031184ea499713c5848cef	3fd80084e245ec7c46b87305c76a7c173148e1468d8114d4c19ed126d54594a2	0
p1e-07	1e-07	0.3224649956324025	gpd-tail-extrapolation-below-held-out-range	7633ebb4a0d966dbda15a4e32d0efa492fb71aeb	sig	46	61180915be61455887ac261499455ac933cf976b292cab1a8180d759acc3ac2d	360.07	359.57	0.14	68044	8319	1760	206512	593e8268436178316e981128aec6fd87034c8d59cce18abb640e91be0a1a06f0	7252494b0da4654c35fdd8084945d95fc95f674767012678b4051110d290d4bb	0
p1e-07	1e-07	0.3224649956324025	gpd-tail-extrapolation-below-held-out-range	7633ebb4a0d966dbda15a4e32d0efa492fb71aeb	sig	47	61180915be61455887ac261499455ac933cf976b292cab1a8180d759acc3ac2d	309.41	309.55	0.06	67660	7962	1808	199236	f4be0219811627a9ca04779c59b0b15e906b9b3cebf2b548f26f6e30990be107	f2b18ca13d22e193e2147bf0064a034d545e0983b7195d1bcce1403b3ad795f2	0
p1e-07	1e-07	0.3224649956324025	gpd-tail-extrapolation-below-held-out-range	7633ebb4a0d966dbda15a4e32d0efa492fb71aeb	sig	48	61180915be61455887ac261499455ac933cf976b292cab1a8180d759acc3ac2d	325.43	324.93	0.07	67660	7693	1682	191719	ec3a6496f51d3edee36bf2a516838615a51c77cc5883fa5397eef9ba661c11f9	5b29763b93547791ac571d0e9adb1db6ef549d051ef6deb376a2ec41564fdfce	0
p1e-07	1e-07	0.3224649956324025	gpd-tail-extrapolation-below-held-out-range	7633ebb4a0d966dbda15a4e32d0efa492fb71aeb	sig	49	61180915be61455887ac261499455ac933cf976b292cab1a8180d759acc3ac2d	335.87	335.89	0.1	67784	8555	1748	211469	315c595a0b6401005083ff7c39941fdfd02ce9eba75d6b46aaba82e27c5ff154	eaebe553afae1b7069083d34b132ae84679339edba1945b9fb1df75511ab3059	0
p1e-07	1e-07	0.3224649956324025	gpd-tail-extrapolation-below-held-out-range	7633ebb4a0d966dbda15a4e32d0efa492fb71aeb	sig	50	61180915be61455887ac261499455ac933cf976b292cab1a8180d759acc3ac2d	303.08	303.17	0.06	67788	7922	1793	198184	641bec609df6e04d1b4f334590e07bfe7f91bbb3cfbd4bd6b72729c39ef54f01	c8d58336b1ebc6b6a8678b3639369736c3f4a02f1122f336ffdff0da4a49e1a3	0
p1e-07	1e-07	0.3224649956324025	gpd-tail-extrapolation-below-held-out-range	7633ebb4a0d966dbda15a4e32d0efa492fb71aeb	sig	51	61180915be61455887ac261499455ac933cf976b292cab1a8180d759acc3ac2d	312.57	311.71	0.06	67912	8225	1886	205979	6b037750a69fcb702bad65d21d3acf4f6f0fa0b5c33ecd5df737c8c4e8a3e5c3	87f56b89d5e299738f8b7cf8395d941228ef116fb67d261f993f296ef9c1b749	0
p1e-07	1e-07	0.3224649956324025	gpd-tail-extrapolation-below-held-out-range	7633ebb4a0d966dbda15a4e32d0efa492fb71aeb	sig	52	61180915be61455887ac261499455ac933cf976b292cab1a8180d759acc3ac2d	304.1	304.16	0.04	67784	7851	1739	195939	f89feb1b46208178c906b0fd4681dc176c023db50ff2a0b1fd454339e95b0d8b	fe10b5d62c3bb0c0e8015e784860573227fc57cef6930fbca38f15c4d9cc4d22	0
p1e-07	1e-07	0.3224649956324025	gpd-tail-extrapolation-below-held-out-range	7633ebb4a0d966dbda15a4e32d0efa492fb71aeb	sig	53	61180915be61455887ac261499455ac933cf976b292cab1a8180d759acc3ac2d	304.42	304.36	0.05	67784	8088	1785	201686	e8de2b6b6ec1e76df92db31fdd6eee2574dc2a849a4e060dd2717ed3969e3d33	77abb777da69a4678815049dc48c5f0e301b37895f899b65b991649f7226154d	0
p1e-07	1e-07	0.3224649956324025	gpd-tail-extrapolation-below-held-out-range	7633ebb4a0d966dbda15a4e32d0efa492fb71aeb	sig	54	61180915be61455887ac261499455ac933cf976b292cab1a8180d759acc3ac2d	302.74	302.78	0.04	68040	8000	1791	199842	8aa53e71d7e5b79c842d18ac4ac57b41558635f23eae8aa50a2d618c064745fb	5b412a3eaa6ceeb7dbb12c62811d6d782300cf948a013da32201eef953c21d2b	0
p1e-07	1e-07	0.3224649956324025	gpd-tail-extrapolation-below-held-out-range	7633ebb4a0d966dbda15a4e32d0efa492fb71aeb	sig	55	61180915be61455887ac261499455ac933cf976b292cab1a8180d759acc3ac2d	302.05	302.06	0.05	67912	7932	1771	198083	b28bb85898f069f08370baf683d0f80bc3efa8edbb55be8ac981958bd9fd9216	d3a0897ffff489b0f54dd3f9767944ed92df7d85e2ff26025594fe9cf4b6f2d0	0
p1e-07	1e-07	0.3224649956324025	gpd-tail-extrapolation-below-held-out-range	7633ebb4a0d966dbda15a4e32d0efa492fb71aeb	sig	56	61180915be61455887ac261499455ac933cf976b292cab1a8180d759acc3ac2d	303.84	303.84	0.06	67912	7799	1686	194113	6b2f259e1c8f5ddbc9505fe34dcef5e669c87711e79ac3f6d6a74e1d6ae73b58	b90119ada359a001fd978ad034f6e1244509e5b0e35f625881618c4e971b3bbe	0
p1e-07	1e-07	0.3224649956324025	gpd-tail-extrapolation-below-held-out-range	7633ebb4a0d966dbda15a4e32d0efa492fb71aeb	sig	57	61180915be61455887ac261499455ac933cf976b292cab1a8180d759acc3ac2d	303.42	303.32	0.06	67912	8674	1796	214653	8fbb534d04e5767041997df395e23a641e098f9bb21ad131fb3a785a638e605a	8e2ac6158393462437f3ca066d30ae528845ca352ce4eb3ceea78492bfcdbcf7	0
p1e-07	1e-07	0.3224649956324025	gpd-tail-extrapolation-below-held-out-range	7633ebb4a0d966dbda15a4e32d0efa492fb71aeb	sig	58	61180915be61455887ac261499455ac933cf976b292cab1a8180d759acc3ac2d	306.25	306.43	0.04	67784	7534	1730	188867	4a37c4ad4a0fad31669241deed096b951dc32b8fec7d964181eb18f640287214	5f5b6891ade07f2092995bc9bd561cc49b06e59a90298c2fb1b2f95dc77e4efa	0
p1e-07	1e-07	0.3224649956324025	gpd-tail-extrapolation-below-held-out-range	7633ebb4a0d966dbda15a4e32d0efa492fb71aeb	sig	59	61180915be61455887ac261499455ac933cf976b292cab1a8180d759acc3ac2d	298.43	298.27	0.05	67912	8322	1803	206944	e6b5a30a2c5341be59795496f324e8b4a16122da17e74f6bf96fc9ec937f0bee	345710527df0aabaf9c896317d24e9096e99f403e080bebbc5728757a47220e6	0
p1e-07	1e-07	0.3224649956324025	gpd-tail-extrapolation-below-held-out-range	7633ebb4a0d966dbda15a4e32d0efa492fb71aeb	sig	60	61180915be61455887ac261499455ac933cf976b292cab1a8180d759acc3ac2d	300.1	300.0	0.07	67912	8337	1827	207752	33bc2d314e227ae34f9ecd03ab83e62abe9fa558d8c0d238d7b2836bdbe0e1c0	66293387f46a1d4e579ecf8ef8b2a1a937186c1e884d31fa1a2963b73f863f21	0
p1e-07	1e-07	0.3224649956324025	gpd-tail-extrapolation-below-held-out-range	7633ebb4a0d966dbda15a4e32d0efa492fb71aeb	sig	61	61180915be61455887ac261499455ac933cf976b292cab1a8180d759acc3ac2d	297.91	297.7	0.06	67784	8468	1761	209738	a4a31e8b4ed6e7ed9f87e5cb7c031987d2d3345face3b93ee0a5443e4f2c39d3	0995a79f3b6563a76f40245e0f204ab6311b984168be782cdfc306bb4e2275f2	0
p1e-07	1e-07	0.3224649956324025	gpd-tail-extrapolation-below-held-out-range	7633ebb4a0d966dbda15a4e32d0efa492fb71aeb	sig	62	61180915be61455887ac261499455ac933cf976b292cab1a8180d759acc3ac2d	297.25	296.99	0.06	67912	8254	1777	205231	a161ccbcdaf85d815d54f6ebf0f6fc0258ef124cdf4521b93a3d84bc2c224a35	45078b6195e5450d53c2d173d195c1be35f1cc3b09c411f8d3da37c1414e23e0	0
p1e-07	1e-07	0.3224649956324025	gpd-tail-extrapolation-below-held-out-range	7633ebb4a0d966dbda15a4e32d0efa492fb71aeb	sig	63	61180915be61455887ac261499455ac933cf976b292cab1a8180d759acc3ac2d	296.83	296.47	0.07	67912	8103	1776	201948	28be4c5aa54aa40591475f37a8823c5779dedf37e9ef892103987d344eb9e50f	0168b2bf9b496d207bf2d577f405f2e54f633866a13ac0658669ba3a7b9c8188	0
p1e-07	1e-07	0.3224649956324025	gpd-tail-extrapolation-below-held-out-range	7633ebb4a0d966dbda15a4e32d0efa492fb71aeb	sig	64	61180915be61455887ac261499455ac933cf976b292cab1a8180d759acc3ac2d	299.48	299.2	0.06	67912	8058	1746	200599	0ba056336fad224b573c090e2f3f4602c4a5712e924f5c9b395cd6262c0cfbfb	fb6514b57038401fc6566c12fd8b0f3eeceeb0ba9c510f66624257fd64ce7aca	0
p1e-07	1e-07	0.3224649956324025	gpd-tail-extrapolation-below-held-out-range	7633ebb4a0d966dbda15a4e32d0efa492fb71aeb	sig	65	61180915be61455887ac261499455ac933cf976b292cab1a8180d759acc3ac2d	296.79	296.57	0.03	67788	8314	1862	207665	e2eef0f47ebb807ec3e679bddab9bc3b0db0d4adbff484eab36326d1caefdbd0	9434a05a2e2cdcfee7af90d4d0c001afb5a115f1198332bc56f6c72a4f0bbf4c	0
p1e-07	1e-07	0.3224649956324025	gpd-tail-extrapolation-below-held-out-range	7633ebb4a0d966dbda15a4e32d0efa492fb71aeb	sig	66	61180915be61455887ac261499455ac933cf976b292cab1a8180d759acc3ac2d	297.41	297.2	0.07	67912	7979	1742	198758	67dfbd372bd000e2aa6a3a31b1157b3784fe21e91a605b36787e010873a8e738	b4688eb0ff321f92e50485001f5b5ffee58106fe9968d5e9a613a865fe1a3a7f	0
p1e-07	1e-07	0.3224649956324025	gpd-tail-extrapolation-below-held-out-range	7633ebb4a0d966dbda15a4e32d0efa492fb71aeb	sig	67	61180915be61455887ac261499455ac933cf976b292cab1a8180d759acc3ac2d	297.68	297.61	0.07	67912	7897	1769	197241	71ced2dc60c3a3f8d3a508c634b38e59a50b7e147b068da6cdb7ecfc86824646	2f9be4b9fa6f581596f20358e607a1f3e6c15043e50d21f80a7afbfc2b52f4f1	0
p1e-07	1e-07	0.3224649956324025	gpd-tail-extrapolation-below-held-out-range	7633ebb4a0d966dbda15a4e32d0efa492fb71aeb	sig	68	61180915be61455887ac261499455ac933cf976b292cab1a8180d759acc3ac2d	297.92	298.98	0.05	67832	8451	1784	209622	155b56d98d8021654b4239bc0902e49aaa8caeab6d95bea02561c11b5e5b7529	70f69c1ca1ddfac124d4079f0719278d3c2e7f49aadcc76436cde809cb5c92d2	0
p1e-07	1e-07	0.3224649956324025	gpd-tail-extrapolation-below-held-out-range	7633ebb4a0d966dbda15a4e32d0efa492fb71aeb	sig	69	61180915be61455887ac261499455ac933cf976b292cab1a8180d759acc3ac2d	296.33	296.08	0.05	67916	8559	1769	211853	2e120143ed200b926d01f4d8a788a9267ac004a76288b4f5de6652a10c7b8637	ddde6d4caa7ba312b4e07624f22bd2d39f6d27f6794b954320aa835d0b14b055	0
p1e-07	1e-07	0.3224649956324025	gpd-tail-extrapolation-below-held-out-range	7633ebb4a0d966dbda15a4e32d0efa492fb71aeb	sig	70	61180915be61455887ac261499455ac933cf976b292cab1a8180d759acc3ac2d	297.46	297.21	0.07	67912	8449	1808	209862	c40f802a5aedf9b062853cb67e36971c8960b83651937ba53ac3387738f6a1fd	829857381c621380076fa2fb2076e0fc947dfb031de705c8b600c8b566ac96c4	0
p1e-07	1e-07	0.3224649956324025	gpd-tail-extrapolation-below-held-out-range	7633ebb4a0d966dbda15a4e32d0efa492fb71aeb	sig	71	61180915be61455887ac261499455ac933cf976b292cab1a8180d759acc3ac2d	298.86	298.79	0.07	67912	7910	1824	198324	3eaea7f7fcbdb291dc089d6dfb12baafdee1d83a25ff9ec54669c414d0452226	f156cf8437e8d9879cbb93d4cbe569b62b16178432260f5f258d1088e04ee6bd	0
p1e-07	1e-07	0.3224649956324025	gpd-tail-extrapolation-below-held-out-range	7633ebb4a0d966dbda15a4e32d0efa492fb71aeb	sig	72	61180915be61455887ac261499455ac933cf976b292cab1a8180d759acc3ac2d	296.83	296.64	0.04	67784	7998	1774	199624	0c27cbefde835a5a1d35315478ee63b6af74449b2b368e623ffd149dd8ce8074	982b4d59701a4fa2feea33de4c811256e6f1942d135b30d0ea80c7be3d855e40	0
p1e-07	1e-07	0.3224649956324025	gpd-tail-extrapolation-below-held-out-range	7633ebb4a0d966dbda15a4e32d0efa492fb71aeb	sig	73	61180915be61455887ac261499455ac933cf976b292cab1a8180d759acc3ac2d	297.55	297.37	0.05	67912	8094	1816	202221	6aa789d529629a5da0fd6819cfc020f37696bfe956d47db6135d90d7031e2574	43da685ec60bde070a29d4ccfd201628986d34f63359e0791ada8123663a3734	0
p1e-07	1e-07	0.3224649956324025	gpd-tail-extrapolation-below-held-out-range	7633ebb4a0d966dbda15a4e32d0efa492fb71aeb	sig	74	61180915be61455887ac261499455ac933cf976b292cab1a8180d759acc3ac2d	299.35	299.85	0.05	68040	8059	1782	201043	ddee2427158aa93fef19dff8424fd02c4837d7a35e920caa1b02f7c981f7a3c4	b68b6de323835eae7a19701b5f37573839b59860ac0c63319643b863725588a5	0
p1e-07	1e-07	0.3224649956324025	gpd-tail-extrapolation-below-held-out-range	7633ebb4a0d966dbda15a4e32d0efa492fb71aeb	sig	75	61180915be61455887ac261499455ac933cf976b292cab1a8180d759acc3ac2d	297.09	296.94	0.05	67892	7843	1727	195675	464d1aaa9a602761ccffd242fe061979062b0a1050a0d756d5545bc5f642b830	e2f09152dfedc7d9947740b0a867093d2f6225972a1dad95ce17dbd406cce6bd	0
p1e-07	1e-07	0.3224649956324025	gpd-tail-extrapolation-below-held-out-range	7633ebb4a0d966dbda15a4e32d0efa492fb71aeb	sig	76	61180915be61455887ac261499455ac933cf976b292cab1a8180d759acc3ac2d	300.35	300.34	0.06	67912	7874	1747	196587	57dead027aefb2c94d7f47106ceaefa790bedb85f3bcdaf6defc7ed9f9fd083a	5f41b180c4904447eb827cc380a546961c91029df39a42b55acb0b8368786cef	0
p1e-07	1e-07	0.3224649956324025	gpd-tail-extrapolation-below-held-out-range	7633ebb4a0d966dbda15a4e32d0efa492fb71aeb	sig	77	61180915be61455887ac261499455ac933cf976b292cab1a8180d759acc3ac2d	319.78	320.49	0.05	67912	8412	1869	209915	2c1a27490d38077452f31732ebbfe19393b81a1f00e904ee91719e8882f28a1d	4547a4587ac0bf53e37ed204bc79b900e90b46b16057aa35652c7ccfc71bc71a	0
p1e-07	1e-07	0.3224649956324025	gpd-tail-extrapolation-below-held-out-range	7633ebb4a0d966dbda15a4e32d0efa492fb71aeb	sig	78	61180915be61455887ac261499455ac933cf976b292cab1a8180d759acc3ac2d	309.93	310.16	0.07	67904	8390	1775	208192	b1356bd33fc97a0cfe7963f564eeab40364c3856197c0bb4ce764a625e28e260	d9db270b35297a700c6d51b43c083d990256cb09524fa006fc0651f8ed703cd9	0
p1e-07	1e-07	0.3224649956324025	gpd-tail-extrapolation-below-held-out-range	7633ebb4a0d966dbda15a4e32d0efa492fb71aeb	sig	79	61180915be61455887ac261499455ac933cf976b292cab1a8180d759acc3ac2d	302.53	302.3	0.07	67784	8633	1886	214951	47ea138f3c2054d28aa17ff3899bbf3bc73956519ba6c4a3fca4ba05d6fcf90a	8ad650ae20f34a8e5bce516de1ec1c46912f2308ffb0044aeb20a86cea96c9b5	0
p1e-07	1e-07	0.3224649956324025	gpd-tail-extrapolation-below-held-out-range	7633ebb4a0d966dbda15a4e32d0efa492fb71aeb	sig	80	61180915be61455887ac261499455ac933cf976b292cab1a8180d759acc3ac2d	302.19	302.22	0.06	68040	8711	1850	216188	54ccf0a01a126379da3874e7c9ee79a46ff2ad69fcf27b1f80cf39c98ce6d436	fe1e79fcb19f0f4884cba970cc4c2ce2a47813871d5e3d5ed1ed22b272a9235c	0
p1e-07	1e-07	0.3224649956324025	gpd-tail-extrapolation-below-held-out-range	7633ebb4a0d966dbda15a4e32d0efa492fb71aeb	sig	81	61180915be61455887ac261499455ac933cf976b292cab1a8180d759acc3ac2d	313.03	312.06	0.06	67912	7941	1801	198701	21b03ecb8d34bb060c85ce6f53604eb248b6b21499fc0498ee82cca18aa6bc60	0175f03188ce9d7d4a8adb279969cb64f52cc1eaa41f2c646059dfdf3822769e	0
p1e-07	1e-07	0.3224649956324025	gpd-tail-extrapolation-below-held-out-range	7633ebb4a0d966dbda15a4e32d0efa492fb71aeb	sig	82	61180915be61455887ac261499455ac933cf976b292cab1a8180d759acc3ac2d	310.96	311.06	0.07	67784	7818	1763	195543	62d96f16422ff27fb6ecb2609e60522d0c6caaa12941ea56d5d6955130ed70c1	33655da7d098e645493a5bc9be58d0cbe8a0597c01fa2e1ad86e2e7674cd77ad	0
p1e-07	1e-07	0.3224649956324025	gpd-tail-extrapolation-below-held-out-range	7633ebb4a0d966dbda15a4e32d0efa492fb71aeb	sig	83	61180915be61455887ac261499455ac933cf976b292cab1a8180d759acc3ac2d	298.62	298.32	0.04	67784	8133	1748	202207	a9a11c6e259057efc56fb72863f8c0cd9cb0d876fd408036bc42f22fafd8b44d	bd355136585470c0742dd622611c8072f4997d0df56229e0791a1f29970ae378	0
p1e-07	1e-07	0.3224649956324025	gpd-tail-extrapolation-below-held-out-range	7633ebb4a0d966dbda15a4e32d0efa492fb71aeb	sig	84	61180915be61455887ac261499455ac933cf976b292cab1a8180d759acc3ac2d	302.12	302.07	0.04	67912	8645	1854	214692	ada9309cbaa0a6872e647d093e81b71fb0b750b6ffa7119ea71fcded68e97486	3f40114c73e57e4e85f4f8bb87992b7af5b32457f43d1fa5f728476da74033f4	0
p1e-07	1e-07	0.3224649956324025	gpd-tail-extrapolation-below-held-out-range	7633ebb4a0d966dbda15a4e32d0efa492fb71aeb	sig	85	61180915be61455887ac261499455ac933cf976b292cab1a8180d759acc3ac2d	296.99	297.51	0.06	67784	7111	1697	179260	270396489901192e3e694d90e4c746f25971d29e2e6793c2f588fe538885f1fe	5f7b8023119e53c80aafd0dd03ca9c177249b28aa20e88cd9afad82aaebca05c	0
p1e-07	1e-07	0.3224649956324025	gpd-tail-extrapolation-below-held-out-range	7633ebb4a0d966dbda15a4e32d0efa492fb71aeb	sig	86	61180915be61455887ac261499455ac933cf976b292cab1a8180d759acc3ac2d	297.54	297.6	0.07	67912	7919	1721	197114	c183c82b9f71f1fc278c2a16841e0b9efc6748e5215578098d0fb8a53f496c4d	6ad7c57e90850bae591f77c8dda771bc91b5af486c92228add707087dce78d18	0
p1e-07	1e-07	0.3224649956324025	gpd-tail-extrapolation-below-held-out-range	7633ebb4a0d966dbda15a4e32d0efa492fb71aeb	sig	87	61180915be61455887ac261499455ac933cf976b292cab1a8180d759acc3ac2d	298.44	298.34	0.05	67912	7829	1728	195324	43a127078325c091da598648a2c0bc5495abb5c4ea94c1611c611d060b876f03	c1b596b633d199210c5ebdcfb8c8cec4d1ae60b521d9e777a97cc96b4d4e0a02	0
p1e-07	1e-07	0.3224649956324025	gpd-tail-extrapolation-below-held-out-range	7633ebb4a0d966dbda15a4e32d0efa492fb71aeb	sig	88	61180915be61455887ac261499455ac933cf976b292cab1a8180d759acc3ac2d	300.29	300.65	0.06	68044	8425	1809	209386	a718de6cb3df6c862773bee1d751b579105451087e9a5afcc4d0bce0e68df56a	0b01b119ae1cbae0ebc2eaa9a79b096c8cb0d18ea437d1dc64c3ca3daf811929	0
p1e-07	1e-07	0.3224649956324025	gpd-tail-extrapolation-below-held-out-range	7633ebb4a0d966dbda15a4e32d0efa492fb71aeb	sig	89	61180915be61455887ac261499455ac933cf976b292cab1a8180d759acc3ac2d	298.97	298.99	0.07	67912	8404	1835	209198	52f99d83fa169a1f6ef6abaf382ab063bb257b824856ec4381322dd2f46914ed	0fccc67cc6660f0291720578bbc005f52fe48c82520563db94e25ebba203ab05	0
p1e-07	1e-07	0.3224649956324025	gpd-tail-extrapolation-below-held-out-range	7633ebb4a0d966dbda15a4e32d0efa492fb71aeb	sig	90	61180915be61455887ac261499455ac933cf976b292cab1a8180d759acc3ac2d	298.88	298.81	0.06	67784	8115	1786	202311	45f69830bc62d8771fb2f92eaa9b3390018347354900e32c91e3c83a0147302a	731c9a0857e201f17309b6532b8441ea1ffbbba5b2e2c9add34b4c5d0d6652f8	0
p1e-07	1e-07	0.3224649956324025	gpd-tail-extrapolation-below-held-out-range	7633ebb4a0d966dbda15a4e32d0efa492fb71aeb	sig	91	61180915be61455887ac261499455ac933cf976b292cab1a8180d759acc3ac2d	300.4	300.52	0.06	67788	8392	1753	207947	3f640d11ee5d50ce76fd31591e7dd79db8f24bd53d59072f583f0587f1d04bc2	f5e0ae75fd9196e246abc56689ca21842221075c46a4f6680693e1c8bafa9597	0
p1e-07	1e-07	0.3224649956324025	gpd-tail-extrapolation-below-held-out-range	7633ebb4a0d966dbda15a4e32d0efa492fb71aeb	sig	92	61180915be61455887ac261499455ac933cf976b292cab1a8180d759acc3ac2d	296.8	296.65	0.09	68040	8496	1881	211787	2a93991d7b3c4ca47db520e47869c54a5d4fa50feeb63a9879c2f64c297bcf20	3fb05d0b2eaa20534b69e742cc76046b5b2cf29dc66b45670496e899acc3199f	0
p1e-07	1e-07	0.3224649956324025	gpd-tail-extrapolation-below-held-out-range	7633ebb4a0d966dbda15a4e32d0efa492fb71aeb	sig	93	61180915be61455887ac261499455ac933cf976b292cab1a8180d759acc3ac2d	298.83	298.78	0.04	67784	8064	1758	200826	b04f8b7ecc21bfa60b0a7ee43313251e290ab16ff923f9adacc2604144ff58e9	4f5eb490bc7fbe6d11d45abbbe8a0100bbfa17138e8f30749a1086a7477eebcb	0
p1e-07	1e-07	0.3224649956324025	gpd-tail-extrapolation-below-held-out-range	7633ebb4a0d966dbda15a4e32d0efa492fb71aeb	sig	94	61180915be61455887ac261499455ac933cf976b292cab1a8180d759acc3ac2d	298.88	298.7	0.04	67788	7531	1701	188445	056fec5fb02b2c115bddb3d4d8b912402462f0782481921b6f0364b4df12bcff	e39849ac3949ddc2f3797d2c4a9178f9b775a46d90f9b0d8fca26a39509ec843	0
p1e-07	1e-07	0.3224649956324025	gpd-tail-extrapolation-below-held-out-range	7633ebb4a0d966dbda15a4e32d0efa492fb71aeb	sig	95	61180915be61455887ac261499455ac933cf976b292cab1a8180d759acc3ac2d	316.64	315.96	0.08	67912	8097	1793	201871	591271f42c36fef8113296b354d324fbd731d69c5048b5fa6e4a2d17d17fdd00	a1962d6eff33eca1faad771cc16b469b666c002f1cf3bca582c2c59b03c7d987	0
p1e-07	1e-07	0.3224649956324025	gpd-tail-extrapolation-below-held-out-range	7633ebb4a0d966dbda15a4e32d0efa492fb71aeb	sig	96	61180915be61455887ac261499455ac933cf976b292cab1a8180d759acc3ac2d	307.4	307.59	0.05	67912	8589	1800	212858	fa4956718f031b37aaf2739f9fa2e8b1bbccfa8b8de46a50d8d360f3285bd263	e6f5e251963982da39f84a1770f57d103fc97adf60519317eee8b96300a3bd8b	0
p1e-07	1e-07	0.3224649956324025	gpd-tail-extrapolation-below-held-out-range	7633ebb4a0d966dbda15a4e32d0efa492fb71aeb	sig	97	61180915be61455887ac261499455ac933cf976b292cab1a8180d759acc3ac2d	320.22	319.58	0.07	67912	8512	1849	211907	03854fdd7fa2f9a55550346c0bdd6f1d097da6f9546cdc92b476faaa1b14202d	952dcef829e85feacf1aa8e2a29a9a2f75c22453df150d7557e4733f8f5732ea	0
p1e-07	1e-07	0.3224649956324025	gpd-tail-extrapolation-below-held-out-range	7633ebb4a0d966dbda15a4e32d0efa492fb71aeb	sig	98	61180915be61455887ac261499455ac933cf976b292cab1a8180d759acc3ac2d	304.61	304.76	0.07	67784	8621	1800	213661	e6c6d8027b9ba9c478e71793986ba3284da3634035141040b6b90ac167084a39	97b4dcf646c1e90a9de1e76617c95287dea14f510897371993a2845784bacd08	0
p1e-07	1e-07	0.3224649956324025	gpd-tail-extrapolation-below-held-out-range	7633ebb4a0d966dbda15a4e32d0efa492fb71aeb	sig	99	61180915be61455887ac261499455ac933cf976b292cab1a8180d759acc3ac2d	303.59	303.63	0.06	67912	8248	1757	204813	6348a71816b581ac2a49708cc6c93895a7f718b494a5fadb4c9efd2080d555da	efb37e5eb2c2fac5ed9870f40630301ec3fb4cee1350f87256b893828e173a21	0
p1e-07	1e-07	0.3224649956324025	gpd-tail-extrapolation-below-held-out-range	7633ebb4a0d966dbda15a4e32d0efa492fb71aeb	sig	100	61180915be61455887ac261499455ac933cf976b292cab1a8180d759acc3ac2d	270.4	270.22	0.1	67912	8166	1771	203231	a098f3a473e7a3e47229dcb3e80571463b3ddb21f3f83ecc46b59d2fab3853a6	e6e8fead99f9e6202d7e7d9bc2cebb056cb07ebd1844b088fa64cfcb12ebbba5	0
p1e-06	1e-06	0.2880013702819684	gpd-tail-extrapolation-below-held-out-range	7633ebb4a0d966dbda15a4e32d0efa492fb71aeb	tf	1	61180915be61455887ac261499455ac933cf976b292cab1a8180d759acc3ac2d	73.44	73.73	0.05	67020	4963	712	119340	db417dbe396e61c62a36a199f5c762b8a023b6026800097e4480791026ef7c44	ee10b45a883ec396f0dc24be23b5801293c9d19a371d47e302e839275fbc93f1	0
p1e-06	1e-06	0.2880013702819684	gpd-tail-extrapolation-below-held-out-range	7633ebb4a0d966dbda15a4e32d0efa492fb71aeb	tf	2	61180915be61455887ac261499455ac933cf976b292cab1a8180d759acc3ac2d	78.38	78.09	0.06	67108	4938	689	118477	4949a55cec4d50f022519a33f516890da988f4db6f545ff7ed21f1b4b068c89c	745b99f6a618cd6c62786caf8acdca76b6c5154fbd0445e4334ccece7ccbdb99	0
p1e-06	1e-06	0.2880013702819684	gpd-tail-extrapolation-below-held-out-range	7633ebb4a0d966dbda15a4e32d0efa492fb71aeb	tf	3	61180915be61455887ac261499455ac933cf976b292cab1a8180d759acc3ac2d	76.63	76.95	0.08	67016	4542	663	109511	509e478bed5a028f3c838f8dfd9b920f9a59f11ab865115036d322d55e936405	12de186c5274abd858ff9e6681053f22e0d4b2156245aa276e51000d37057e1b	0
p1e-06	1e-06	0.2880013702819684	gpd-tail-extrapolation-below-held-out-range	7633ebb4a0d966dbda15a4e32d0efa492fb71aeb	tf	4	61180915be61455887ac261499455ac933cf976b292cab1a8180d759acc3ac2d	88.44	88.12	0.07	67108	4756	648	114002	f0cb4b56871c4dbcc6095a4cd966942775177fc008a4269abcdd0a2af11cab30	46ba6c9c1b0efc439c438c24f15d118414c4125d4b0e4dd0812d9b593afb9283	0
p1e-06	1e-06	0.2880013702819684	gpd-tail-extrapolation-below-held-out-range	7633ebb4a0d966dbda15a4e32d0efa492fb71aeb	tf	5	61180915be61455887ac261499455ac933cf976b292cab1a8180d759acc3ac2d	79.72	79.98	0.06	66984	4615	633	110709	9de8cbff9b22380df101474b6da4a98a8dc469eb888260ae9c091fec946d7a02	0d013d40da95bf749aadd3df56d9e345840bddcca4f01ad591b4147b796d5ac2	0
p1e-06	1e-06	0.2880013702819684	gpd-tail-extrapolation-below-held-out-range	7633ebb4a0d966dbda15a4e32d0efa492fb71aeb	tf	6	61180915be61455887ac261499455ac933cf976b292cab1a8180d759acc3ac2d	84.15	83.86	0.05	66868	5101	693	122113	cfd5731020ffdd4559b17bae6fbf8689b813a20faf97b9fca229582ace9dff1b	ef9ad8cdb3472afeb9701a0678443a8c5e924a67f568f399eefbf69ba12fb181	0
p1e-06	1e-06	0.2880013702819684	gpd-tail-extrapolation-below-held-out-range	7633ebb4a0d966dbda15a4e32d0efa492fb71aeb	tf	7	61180915be61455887ac261499455ac933cf976b292cab1a8180d759acc3ac2d	78.57	77.96	0.07	67108	5194	697	124241	980142d10875a353dc8f309f4f58c2a7989339167578f26ef44c7d0ec0566120	57f07a8bc4f6bda10b2a239d4f9cbc1935318598c7c918d53f8e67aa0421ca29	0
p1e-06	1e-06	0.2880013702819684	gpd-tail-extrapolation-below-held-out-range	7633ebb4a0d966dbda15a4e32d0efa492fb71aeb	tf	8	61180915be61455887ac261499455ac933cf976b292cab1a8180d759acc3ac2d	81.83	82.19	0.06	67108	5522	769	132340	e9b99ac3d9745293c74faeb8704bb43947b98c42ca9d5b1c0b86b3c051aaebe0	364f875d16db672dae512f842f7937b2fa237765bbb382abd09679a560755e85	0
p1e-06	1e-06	0.2880013702819684	gpd-tail-extrapolation-below-held-out-range	7633ebb4a0d966dbda15a4e32d0efa492fb71aeb	tf	9	61180915be61455887ac261499455ac933cf976b292cab1a8180d759acc3ac2d	79.22	78.23	0.06	67108	5181	737	124470	0a47997dbdded9cb865ed70f5970a79eb38011969540a7511ab2e8cb77464dea	8436eace4099ed1bc357895d247d7881747d662499ae6e836459a222161afcce	0
p1e-06	1e-06	0.2880013702819684	gpd-tail-extrapolation-below-held-out-range	7633ebb4a0d966dbda15a4e32d0efa492fb71aeb	tf	10	61180915be61455887ac261499455ac933cf976b292cab1a8180d759acc3ac2d	77.37	77.7	0.07	67236	4832	656	115769	b5ed9177c4aa357aff15f3acdb6d82bd07c086b443fd82259960e50a6a57db0b	598b766ca8b9979cd26557f93eb6ef62bf8eae49a5eec0a835d5ed00e7f4ec1f	0
p1e-06	1e-06	0.2880013702819684	gpd-tail-extrapolation-below-held-out-range	7633ebb4a0d966dbda15a4e32d0efa492fb71aeb	tf	11	61180915be61455887ac261499455ac933cf976b292cab1a8180d759acc3ac2d	73.58	73.73	0.06	67108	4666	701	112723	720ebec13a0daeb8b4a65d143296ae994bb97d6bbee8b1cb2eab6c4a7a626c53	afe6b706bd8cb5c82ad4def7c4ba51800277a7f87c302845b686a69f5199df03	0
p1e-06	1e-06	0.2880013702819684	gpd-tail-extrapolation-below-held-out-range	7633ebb4a0d966dbda15a4e32d0efa492fb71aeb	tf	12	61180915be61455887ac261499455ac933cf976b292cab1a8180d759acc3ac2d	80.21	79.55	0.05	67112	4853	688	116683	a5937fcf0122f091dbf43bf03e51f60a4e8abd8589aa661f9bd53d8ed0697b26	f14530a0f68ed5a6eaf0c2abcf8848ffd8a86645f8031fa51023d9e0f5c65733	0
p1e-06	1e-06	0.2880013702819684	gpd-tail-extrapolation-below-held-out-range	7633ebb4a0d966dbda15a4e32d0efa492fb71aeb	tf	13	61180915be61455887ac261499455ac933cf976b292cab1a8180d759acc3ac2d	79.19	78.47	0.07	66964	4435	631	106746	1d768f5ac6b61f45c20cae14c76a0d34941b07581a5959551f364f4a5d14c052	f0ebe64d0995095391973e02cdedb756af95363bddfc539ec5d580d336a6b303	0
p1e-06	1e-06	0.2880013702819684	gpd-tail-extrapolation-below-held-out-range	7633ebb4a0d966dbda15a4e32d0efa492fb71aeb	tf	14	61180915be61455887ac261499455ac933cf976b292cab1a8180d759acc3ac2d	83.44	82.71	0.06	67108	4574	658	110139	ac48b86174cccde8cd389c0ed2fe94b094ff9431bc229718131672e40c239e10	514de2ec12f84d8e67a3359b7c233bb55e031efe8b2a86426b02bfca87baf477	0
p1e-06	1e-06	0.2880013702819684	gpd-tail-extrapolation-below-held-out-range	7633ebb4a0d966dbda15a4e32d0efa492fb71aeb	tf	15	61180915be61455887ac261499455ac933cf976b292cab1a8180d759acc3ac2d	72.24	74.6	0.05	67108	5196	713	124425	4a77782f32276d6dec418ffdd44fb6f64a8846ba29349d30036c31e68b93a5b1	06cf842705f20f7f69a00aab1694c139692c7efdf2a0f1ea42266e42ec34b020	0
p1e-06	1e-06	0.2880013702819684	gpd-tail-extrapolation-below-held-out-range	7633ebb4a0d966dbda15a4e32d0efa492fb71aeb	tf	16	61180915be61455887ac261499455ac933cf976b292cab1a8180d759acc3ac2d	75.66	75.57	0.05	67108	4903	701	117899	855c759516de017b5335293ea2687530c6f2f43dd7fb171f13eb9af7e3284960	6c2f7e6bd5e21bd3b24a67bbc3baad7d96b6b5cf63c7a11bdf3def550156866e	0
p1e-06	1e-06	0.2880013702819684	gpd-tail-extrapolation-below-held-out-range	7633ebb4a0d966dbda15a4e32d0efa492fb71aeb	tf	17	61180915be61455887ac261499455ac933cf976b292cab1a8180d759acc3ac2d	80.56	80.0	0.04	66980	4909	661	117526	980d26c6857d9fb7f391b5f731ee6a592e34ab5f02329695df3e3f1b469f4e9d	e8df8eb2096db8dd90b465202e000f4da035f193554ea03f38bb0c50993a325b	0
p1e-06	1e-06	0.2880013702819684	gpd-tail-extrapolation-below-held-out-range	7633ebb4a0d966dbda15a4e32d0efa492fb71aeb	tf	18	61180915be61455887ac261499455ac933cf976b292cab1a8180d759acc3ac2d	75.3	74.35	0.07	67240	4577	703	110810	075dfc522d84ad14c299dc0f79757f6092d4814edf014ca93caae71d2267765b	634490a3829b9020066e912c7eda0184d48f4bfa1cb7fc19819b829f7e0b8358	0
p1e-06	1e-06	0.2880013702819684	gpd-tail-extrapolation-below-held-out-range	7633ebb4a0d966dbda15a4e32d0efa492fb71aeb	tf	19	61180915be61455887ac261499455ac933cf976b292cab1a8180d759acc3ac2d	76.2	75.49	0.06	66916	4887	701	117543	8941ab3f12133fa4bb2039cf58dfbd159a79099cd56141febc827d4eed7ef7ed	67bc79127ff37727a78c2edd1304f975d8fdc0fd7a1feec40995c6ada2ada8aa	0
p1e-06	1e-06	0.2880013702819684	gpd-tail-extrapolation-below-held-out-range	7633ebb4a0d966dbda15a4e32d0efa492fb71aeb	tf	20	61180915be61455887ac261499455ac933cf976b292cab1a8180d759acc3ac2d	75.0	75.2	0.06	67100	4797	722	115866	5a9c2df05473055b8574ba2d3d5d750d5fb75af2a70607fb6cf520e825621785	f8b32ff7dabe70f7c809ec827c6fb5167e918e853fdb44105b23b06848d70446	0
p1e-06	1e-06	0.2880013702819684	gpd-tail-extrapolation-below-held-out-range	7633ebb4a0d966dbda15a4e32d0efa492fb71aeb	tf	21	61180915be61455887ac261499455ac933cf976b292cab1a8180d759acc3ac2d	91.42	91.14	0.08	66984	4898	662	117237	6c2393e63e3d9a99d51d8cc43ceb185341cdb3c9bd4dc2e0f4cad590147f6076	a43f487137289091e18e67218f24b17ffaba7f74750976f7b9ca0d6590341fb8	0
p1e-06	1e-06	0.2880013702819684	gpd-tail-extrapolation-below-held-out-range	7633ebb4a0d966dbda15a4e32d0efa492fb71aeb	tf	22	61180915be61455887ac261499455ac933cf976b292cab1a8180d759acc3ac2d	75.94	76.18	0.04	67060	4971	697	119305	591dc9d858381fd2caf0d300bf3469452b509305ff3812c6b8e24004bd649536	c04f426057428927278362f043df7e50a8a0d4f14ab202fdf439c48ee70e1284	0
p1e-06	1e-06	0.2880013702819684	gpd-tail-extrapolation-below-held-out-range	7633ebb4a0d966dbda15a4e32d0efa492fb71aeb	tf	23	61180915be61455887ac261499455ac933cf976b292cab1a8180d759acc3ac2d	76.26	76.49	0.05	66980	5044	673	120547	0dcdd574a5e1e50f3b9110b11adf61483ecf1717e199f3cc082a0b063b4c4297	b301684e83528902a2bb9d7de93bb77b3406b1c2d9805194e32b18c1ce23b63c	0
p1e-06	1e-06	0.2880013702819684	gpd-tail-extrapolation-below-held-out-range	7633ebb4a0d966dbda15a4e32d0efa492fb71aeb	tf	24	61180915be61455887ac261499455ac933cf976b292cab1a8180d759acc3ac2d	79.03	79.38	0.04	67108	4554	690	110149	128989844b8ec45450429fbf757b65c18fd659eacfb83bc04dee28796f0226fd	184d5dbe0a97ae94f6499bdd1100f345678d08f45f62db861ec2453b73b56128	0
p1e-06	1e-06	0.2880013702819684	gpd-tail-extrapolation-below-held-out-range	7633ebb4a0d966dbda15a4e32d0efa492fb71aeb	tf	25	61180915be61455887ac261499455ac933cf976b292cab1a8180d759acc3ac2d	74.99	75.36	0.06	67108	4886	677	117187	27bcd940e830c5faf448ba7ca504c4bed114a4a81b72a4238f37e23784c24343	2f0aa795dd320b5b943907023e030bee7deafaa4471746b2fe788a0ec73655d9	0
p1e-06	1e-06	0.2880013702819684	gpd-tail-extrapolation-below-held-out-range	7633ebb4a0d966dbda15a4e32d0efa492fb71aeb	tf	26	61180915be61455887ac261499455ac933cf976b292cab1a8180d759acc3ac2d	77.44	77.68	0.07	67108	4844	686	116389	94814d99d26b760c8f0b066dc62f4e3cebf5ac8f5b4920271c323258dbc981fb	0c26e0e44efc35893b5a23929ee2463e5f012fc89e0e1a3498a4a4c10e457b83	0
p1e-06	1e-06	0.2880013702819684	gpd-tail-extrapolation-below-held-out-range	7633ebb4a0d966dbda15a4e32d0efa492fb71aeb	tf	27	61180915be61455887ac261499455ac933cf976b292cab1a8180d759acc3ac2d	76.92	77.22	0.06	66980	4649	643	111592	1b721d31b71e6a027dd517713f93529e8e4a3f248eb5820bfe600db24b59ee1e	073850c7ba0787f5714b600f5eb0336a19256e88e379c72bbe411d1edc67ef13	0
p1e-06	1e-06	0.2880013702819684	gpd-tail-extrapolation-below-held-out-range	7633ebb4a0d966dbda15a4e32d0efa492fb71aeb	tf	28	61180915be61455887ac261499455ac933cf976b292cab1a8180d759acc3ac2d	78.38	77.53	0.07	66972	5175	698	123768	5fc25b077fff59213f6dacbecaa68707966c6f6b63d2f17a37d397c409fd3ea3	5ce17bf85a343f1e2b435f7178782bada9954763026607c7bcb6dd175bec8336	0
p1e-06	1e-06	0.2880013702819684	gpd-tail-extrapolation-below-held-out-range	7633ebb4a0d966dbda15a4e32d0efa492fb71aeb	tf	29	61180915be61455887ac261499455ac933cf976b292cab1a8180d759acc3ac2d	76.66	76.98	0.07	67236	4902	704	117958	0b1262e056b0f64397478bb325153cf833ac8f2a50af0e49a622a613448b56b1	cbd55ff725d370128f0723a7e20f86e72f896651303da8d2a2f6083b8f8c11a5	0
p1e-06	1e-06	0.2880013702819684	gpd-tail-extrapolation-below-held-out-range	7633ebb4a0d966dbda15a4e32d0efa492fb71aeb	tf	30	61180915be61455887ac261499455ac933cf976b292cab1a8180d759acc3ac2d	77.3	77.41	0.07	67108	4898	736	118251	927b8e40a24d49371ab9fd8664af8f9df41c74907b202d88fddf91c97e698e21	9c4ead95f609a96aeeecf5fd310936979f23d69af5a6883bf618f3c236ab2993	0
p1e-06	1e-06	0.2880013702819684	gpd-tail-extrapolation-below-held-out-range	7633ebb4a0d966dbda15a4e32d0efa492fb71aeb	tf	31	61180915be61455887ac261499455ac933cf976b292cab1a8180d759acc3ac2d	78.24	77.42	0.04	67108	4903	670	117494	7d306326d45562ffedc7692ec083997901618bd690487881a0be282962fb54e5	190971bc318147b362f8a59d6c9188c05b7cb982836b73dcabd74e1233b7895d	0
p1e-06	1e-06	0.2880013702819684	gpd-tail-extrapolation-below-held-out-range	7633ebb4a0d966dbda15a4e32d0efa492fb71aeb	tf	32	61180915be61455887ac261499455ac933cf976b292cab1a8180d759acc3ac2d	78.81	77.96	0.04	67108	4914	685	117968	ddfc61be425bf3a31ac433e5e1aaac563a8f7de282e384903017dd03a8385bc0	da1f021fceb2a520b559984057abc140bcf8ecaa817aa2aefcaf82b6b3749e42	0
p1e-06	1e-06	0.2880013702819684	gpd-tail-extrapolation-below-held-out-range	7633ebb4a0d966dbda15a4e32d0efa492fb71aeb	tf	33	61180915be61455887ac261499455ac933cf976b292cab1a8180d759acc3ac2d	76.87	77.15	0.05	66980	4644	696	112233	ace6e3faf90b28b967b873f17a199dbf69e7acf4069bae6727d5dcad258685be	8a48e804b7d8d9fa30410b95dda1b38a46105551a855a4449ab467bede770aa2	0
p1e-06	1e-06	0.2880013702819684	gpd-tail-extrapolation-below-held-out-range	7633ebb4a0d966dbda15a4e32d0efa492fb71aeb	tf	34	61180915be61455887ac261499455ac933cf976b292cab1a8180d759acc3ac2d	76.36	76.64	0.07	67108	5068	696	121449	fafff1736598204e977fa1967a42979d361dd4cc22825eb8314b5641bc62dda3	810ddf27b9ea144ebbb975f5c3b9982e64a08725b55ec9db2ef2143cf71e1790	0
p1e-06	1e-06	0.2880013702819684	gpd-tail-extrapolation-below-held-out-range	7633ebb4a0d966dbda15a4e32d0efa492fb71aeb	tf	35	61180915be61455887ac261499455ac933cf976b292cab1a8180d759acc3ac2d	78.73	77.97	0.07	67108	4613	615	110458	7489c4db5e21d25d16bb4dad95aa14aef59c8ad9b7018bf94f70d547f7c4c9ef	348ca677023716d6f10f2ba7815d51843a5ed26e88e2753ee16bd67478d4f02f	0
p1e-06	1e-06	0.2880013702819684	gpd-tail-extrapolation-below-held-out-range	7633ebb4a0d966dbda15a4e32d0efa492fb71aeb	tf	36	61180915be61455887ac261499455ac933cf976b292cab1a8180d759acc3ac2d	77.01	77.3	0.05	66980	4743	661	113894	b9cffa383d38eb0de97b12cda64cf3293c1faa228d6cc19035db43ce0a4337a9	4b5f49fda350d6e9488fb6cb601ba5fd55c91b45973b2001226adc60b258e8dd	0
p1e-06	1e-06	0.2880013702819684	gpd-tail-extrapolation-below-held-out-range	7633ebb4a0d966dbda15a4e32d0efa492fb71aeb	tf	37	61180915be61455887ac261499455ac933cf976b292cab1a8180d759acc3ac2d	77.42	76.5	0.09	67236	5130	676	122565	b07424b088e9ad57050b88cb2226a31eb70e1608bd9242ddcecdbd2ce6b30fa6	83f0a5cea8194abb4c056969179c4d2cef91b1fe9aaad481dcf67582ce7537cf	0
p1e-06	1e-06	0.2880013702819684	gpd-tail-extrapolation-below-held-out-range	7633ebb4a0d966dbda15a4e32d0efa492fb71aeb	tf	38	61180915be61455887ac261499455ac933cf976b292cab1a8180d759acc3ac2d	78.57	77.56	0.04	66980	5158	740	123954	9bc28520ca485e7c2ea9d3f783f66a7e1d1c4469ce549f4f9cb579b13a426500	2d6643a03c2823f40d2714984aec4720f10b54fde32dd8ab4df86e73448eb575	0
p1e-06	1e-06	0.2880013702819684	gpd-tail-extrapolation-below-held-out-range	7633ebb4a0d966dbda15a4e32d0efa492fb71aeb	tf	39	61180915be61455887ac261499455ac933cf976b292cab1a8180d759acc3ac2d	77.66	76.54	0.12	67108	5017	689	120250	df37b8ec5a07224fbef34b8d70f4687a9f9ef94809796568aa0be3b704ed7493	c7cbd3a642533ee677595d72948c013a3fbd6275a9e924d31fe7bbc288a73d71	0
p1e-06	1e-06	0.2880013702819684	gpd-tail-extrapolation-below-held-out-range	7633ebb4a0d966dbda15a4e32d0efa492fb71aeb	tf	40	61180915be61455887ac261499455ac933cf976b292cab1a8180d759acc3ac2d	76.69	76.97	0.06	67108	4683	703	113137	eae581aaf133c4305326a11a032c7cd5e2f4b9f630f57eacb5cfa830527262dd	caa334f9723691039a3a3fc96956144dc38e6abec93c36fd353f0aa0eb3e53dc	0
p1e-06	1e-06	0.2880013702819684	gpd-tail-extrapolation-below-held-out-range	7633ebb4a0d966dbda15a4e32d0efa492fb71aeb	tf	41	61180915be61455887ac261499455ac933cf976b292cab1a8180d759acc3ac2d	78.2	77.3	0.1	67108	5274	642	125263	eec903ad93277f0e0fd4bad3635aa1d5c3320c513213ad9e0c130fae24dca344	f85d6df0a85870863a0213dcfc3e38b7e5516841170cf43265bb6af89e16dad9	0
p1e-06	1e-06	0.2880013702819684	gpd-tail-extrapolation-below-held-out-range	7633ebb4a0d966dbda15a4e32d0efa492fb71aeb	tf	42	61180915be61455887ac261499455ac933cf976b292cab1a8180d759acc3ac2d	77.22	77.52	0.09	66980	5121	665	122213	77808938cf8b3aa18eb253641befc707731b4547a4e227dda7ac1d7af187e231	f65ba3e56d10dd0cec8a08d5ff64c2e65350addb7d9f4660477c8ce56c838372	0
p1e-06	1e-06	0.2880013702819684	gpd-tail-extrapolation-below-held-out-range	7633ebb4a0d966dbda15a4e32d0efa492fb71aeb	tf	43	61180915be61455887ac261499455ac933cf976b292cab1a8180d759acc3ac2d	78.0	77.06	0.06	67112	5320	716	127211	800e4c091201e885ed5b38c1474ddfad95fa9a739af5a777f4297959a137fd8b	45d186e6b6678e87e46da466669d06d4b07dfa0f6380b6a2cd591948601b586c	0
p1e-06	1e-06	0.2880013702819684	gpd-tail-extrapolation-below-held-out-range	7633ebb4a0d966dbda15a4e32d0efa492fb71aeb	tf	44	61180915be61455887ac261499455ac933cf976b292cab1a8180d759acc3ac2d	79.49	79.88	0.05	67108	5173	677	123533	73f9d40bd1f8d2d44c7f8dcc5226507e85cf314f53a726bad14647d9bc5c12e6	ae456f05918150a1b9efd0494398f91ede25e08559e99538047cba1bbebb3540	0
p1e-06	1e-06	0.2880013702819684	gpd-tail-extrapolation-below-held-out-range	7633ebb4a0d966dbda15a4e32d0efa492fb71aeb	tf	45	61180915be61455887ac261499455ac933cf976b292cab1a8180d759acc3ac2d	74.31	74.51	0.05	66980	4821	689	115918	0f802e951df6391ab8ef45694f850546df619971b32a6a0b87dc52954bdfcb14	ef19716bbb435f6e78754856955ad0735184f6207b34d2ded304395e163c72e6	0
p1e-06	1e-06	0.2880013702819684	gpd-tail-extrapolation-below-held-out-range	7633ebb4a0d966dbda15a4e32d0efa492fb71aeb	tf	46	61180915be61455887ac261499455ac933cf976b292cab1a8180d759acc3ac2d	77.16	77.5	0.07	66980	5126	679	122500	1456daf3ee5b5ff52c06f447e369256ffe313611adf532d47b811d1ea1109c72	3a69edd7e7deecdbbf3007b60a8ac11f3bb0ade479d0f7b3464b3070cb9f1d1c	0
p1e-06	1e-06	0.2880013702819684	gpd-tail-extrapolation-below-held-out-range	7633ebb4a0d966dbda15a4e32d0efa492fb71aeb	tf	47	61180915be61455887ac261499455ac933cf976b292cab1a8180d759acc3ac2d	81.19	80.36	0.1	66980	4749	688	114391	923052f121b70dba31c1b7fd6730ef2d98e1ca8b1a7be6acc64903c7fc1fb211	9c0f9655068b633d64974f81271ad78946f12949a92141b784de8d4000c89a5b	0
p1e-06	1e-06	0.2880013702819684	gpd-tail-extrapolation-below-held-out-range	7633ebb4a0d966dbda15a4e32d0efa492fb71aeb	tf	48	61180915be61455887ac261499455ac933cf976b292cab1a8180d759acc3ac2d	79.76	78.93	0.05	67108	4530	658	109163	29d2528dd346b9a847e9f45f52ea804ad74c44e8f34e10a780454a6690af5f21	b4473b4dbcf954b54d49cad365a4976c4a7cf85f82c855d4dabedf08e7f6da7f	0
p1e-06	1e-06	0.2880013702819684	gpd-tail-extrapolation-below-held-out-range	7633ebb4a0d966dbda15a4e32d0efa492fb71aeb	tf	49	61180915be61455887ac261499455ac933cf976b292cab1a8180d759acc3ac2d	80.18	80.58	0.08	67108	4994	634	119024	4a7488c5c48d24b89aa4e3cfaf4ea16650950562bef9bfcec65d420231e6648a	99356420622d1801a28d28ab587fb10bed725df2f4f208af5d6a54b6f2cb96eb	0
p1e-06	1e-06	0.2880013702819684	gpd-tail-extrapolation-below-held-out-range	7633ebb4a0d966dbda15a4e32d0efa492fb71aeb	tf	50	61180915be61455887ac261499455ac933cf976b292cab1a8180d759acc3ac2d	79.02	77.92	0.05	66984	4691	678	112937	b965884acdafb2a9014a7c61598b8273d2928a7180c8339c98234286a984b965	525548541785821e7c97dd1bb10dfe901cdd82b14543382519652f1c06fb5b70	0
p1e-06	1e-06	0.2880013702819684	gpd-tail-extrapolation-below-held-out-range	7633ebb4a0d966dbda15a4e32d0efa492fb71aeb	tf	51	61180915be61455887ac261499455ac933cf976b292cab1a8180d759acc3ac2d	74.68	75.09	0.05	67108	5070	710	121703	965d920020d3f223b11ec71fcaaf7acfd41ba22da7caafbc3f55184f290f6c84	09d35e34f521bd8a853306f135b8d3dac3075d3b3e0d4357f6cb8c43ecd47449	0
p1e-06	1e-06	0.2880013702819684	gpd-tail-extrapolation-below-held-out-range	7633ebb4a0d966dbda15a4e32d0efa492fb71aeb	tf	52	61180915be61455887ac261499455ac933cf976b292cab1a8180d759acc3ac2d	78.36	78.7	0.06	67108	4690	670	112858	effe42f5a9f9fe85a34dc8ddf964d327f08cb6010edebc0a863b585c9d7e5e1a	65cecc58ac21c56eb16c42fceae3089e8a70ee5c779367d6c531c7eaea620ff8	0
p1e-06	1e-06	0.2880013702819684	gpd-tail-extrapolation-below-held-out-range	7633ebb4a0d966dbda15a4e32d0efa492fb71aeb	tf	53	61180915be61455887ac261499455ac933cf976b292cab1a8180d759acc3ac2d	76.16	75.24	0.06	66980	4734	665	113721	278b2f550f343cffae0c106301426fb16a4d749484d675a5f6fab544a7613143	61ddd9569510ab2530bc2d5bfab1f7da0fa091de071e3d05583bc6f169a651fe	0
p1e-06	1e-06	0.2880013702819684	gpd-tail-extrapolation-below-held-out-range	7633ebb4a0d966dbda15a4e32d0efa492fb71aeb	tf	54	61180915be61455887ac261499455ac933cf976b292cab1a8180d759acc3ac2d	74.26	74.4	0.07	67108	4934	680	118320	9795e58c8a1ff448c598d2e64fa9d875d5eebce49db86b8d55eb7d4a533f2483	73f6d9c900418b585f26d6665c867c2815d0534e287cc97bca2aa2dac30334a3	0
p1e-06	1e-06	0.2880013702819684	gpd-tail-extrapolation-below-held-out-range	7633ebb4a0d966dbda15a4e32d0efa492fb71aeb	tf	55	61180915be61455887ac261499455ac933cf976b292cab1a8180d759acc3ac2d	74.46	74.66	0.04	67236	4479	680	108359	3289d15537cf77ca79183e24c294abfa2a5388e63aef59a2a1634f3090810413	2b44c1769fd9474943e4f860881796358e288b92b84f3483104b7b98c078e1b3	0
p1e-06	1e-06	0.2880013702819684	gpd-tail-extrapolation-below-held-out-range	7633ebb4a0d966dbda15a4e32d0efa492fb71aeb	tf	56	61180915be61455887ac261499455ac933cf976b292cab1a8180d759acc3ac2d	74.83	75.06	0.06	66972	4609	665	111004	efa345f77e04d8faa74c1f6665c9b0f38363ad48d1cec6648c154f352f831db0	1e5930fa357aef693d4b5ea39c825c3985af92cc831cdc497b39cf91116e3544	0
p1e-06	1e-06	0.2880013702819684	gpd-tail-extrapolation-below-held-out-range	7633ebb4a0d966dbda15a4e32d0efa492fb71aeb	tf	57	61180915be61455887ac261499455ac933cf976b292cab1a8180d759acc3ac2d	74.74	74.92	0.07	66980	5309	649	126101	71d5042e5983ccfc48865aecf82c17a39c231820feea170a7761786535dba470	fc936dd73606c0c4fce69f04710ea3cb7a195143cce1997f5f96f8ea21ea7305	0
p1e-06	1e-06	0.2880013702819684	gpd-tail-extrapolation-below-held-out-range	7633ebb4a0d966dbda15a4e32d0efa492fb71aeb	tf	58	61180915be61455887ac261499455ac933cf976b292cab1a8180d759acc3ac2d	74.41	74.59	0.06	67108	4585	668	110541	ea7750ddc6027ec7f2d7752d397414da414a379e06eb6d64313d085bf8f79fbb	1b644cc63ecfdc7b41f2b107b0cf9b615461422b8939c2143df21cebb401de58	0
p1e-06	1e-06	0.2880013702819684	gpd-tail-extrapolation-below-held-out-range	7633ebb4a0d966dbda15a4e32d0efa492fb71aeb	tf	59	61180915be61455887ac261499455ac933cf976b292cab1a8180d759acc3ac2d	74.49	74.66	0.04	67108	5006	669	119730	7cd922e81fe864ce0dab5d85cb2a89368f35fd08a462369cc2d41d4f96120f2f	6a32c289b979c182bef25540f0cda544a739086df9c54a5619a0e3af7311f904	0
p1e-06	1e-06	0.2880013702819684	gpd-tail-extrapolation-below-held-out-range	7633ebb4a0d966dbda15a4e32d0efa492fb71aeb	tf	60	61180915be61455887ac261499455ac933cf976b292cab1a8180d759acc3ac2d	74.59	74.9	0.04	67108	5173	703	123805	c11e953fbd75b0ce93c9e51d82df2c5fd77a9ec5729eb3284b43e8a3e9fd4ea8	f314022842eeb107940458bd58aa285cc43bb79ee11c1b8e07f089052afb3d41	0
p1e-06	1e-06	0.2880013702819684	gpd-tail-extrapolation-below-held-out-range	7633ebb4a0d966dbda15a4e32d0efa492fb71aeb	tf	61	61180915be61455887ac261499455ac933cf976b292cab1a8180d759acc3ac2d	74.34	74.53	0.08	67100	5018	655	119820	fe16f6f31d830860d0676821b976ee6460eef281e0e46ca0240f5e14bc383a2a	feb6d5ad42b56c296472929f44ecb14144580b462d3622beb5b7f8024eae102e	0
p1e-06	1e-06	0.2880013702819684	gpd-tail-extrapolation-below-held-out-range	7633ebb4a0d966dbda15a4e32d0efa492fb71aeb	tf	62	61180915be61455887ac261499455ac933cf976b292cab1a8180d759acc3ac2d	74.57	73.55	0.06	67108	4991	653	119154	5ccad5a11cd8e09878835e36ae9814e4e026c306bf7501f818a2a270dd10ed2e	4e37b1702ab792973fc065c0e80dac38c3bb406ccd1cf4d9c48e98e2710f2215	0
p1e-06	1e-06	0.2880013702819684	gpd-tail-extrapolation-below-held-out-range	7633ebb4a0d966dbda15a4e32d0efa492fb71aeb	tf	63	61180915be61455887ac261499455ac933cf976b292cab1a8180d759acc3ac2d	73.74	74.06	0.05	67108	5080	676	121463	1619f1a8269280199cdf24bd572b263729a2217179d52aefcc88880ee45ca49f	5c92ae712820467f3dce5d3e800308179cb3fc360541c4e683aa308b8642e514	0
p1e-06	1e-06	0.2880013702819684	gpd-tail-extrapolation-below-held-out-range	7633ebb4a0d966dbda15a4e32d0efa492fb71aeb	tf	64	61180915be61455887ac261499455ac933cf976b292cab1a8180d759acc3ac2d	73.37	73.56	0.06	67108	4791	652	114782	a8cb7f1c8da2c039b4532513fc481692dd965782adf4cde65053c4c47dce4d7b	cd8871ea1d5764ce458a39d2a969ae954bc9b64588723c4ca71473adb7effa67	0
p1e-06	1e-06	0.2880013702819684	gpd-tail-extrapolation-below-held-out-range	7633ebb4a0d966dbda15a4e32d0efa492fb71aeb	tf	65	61180915be61455887ac261499455ac933cf976b292cab1a8180d759acc3ac2d	74.73	74.95	0.05	67080	4834	707	116459	bad53a69b5536f595325fb65623f3ad948bf32f356b77af6462f5090f06d097f	e274b61346640b12dc5b0a6f356313c31b640f260dc96bd17d52c4b830cec568	0
p1e-06	1e-06	0.2880013702819684	gpd-tail-extrapolation-below-held-out-range	7633ebb4a0d966dbda15a4e32d0efa492fb71aeb	tf	66	61180915be61455887ac261499455ac933cf976b292cab1a8180d759acc3ac2d	76.91	77.21	0.05	66972	4846	677	116263	45f814a7913877f105509e5fafc8284e9a60940baa17ef3d7eba114ef5c5003a	d7b2db460e470c780ad2259f079d0e02b23ba5de96bf8c93c56294345d6a238d	0
p1e-06	1e-06	0.2880013702819684	gpd-tail-extrapolation-below-held-out-range	7633ebb4a0d966dbda15a4e32d0efa492fb71aeb	tf	67	61180915be61455887ac261499455ac933cf976b292cab1a8180d759acc3ac2d	74.58	73.54	0.05	67100	4590	698	111014	540ff88c883c5b7f3d1ff9979fa046c95d9da9ae6f0618ce504c3f408c0d85dd	599d3a76f106fd48e1659c258eff235b35ceea374fae0dcd3d85068772ec9d70	0
p1e-06	1e-06	0.2880013702819684	gpd-tail-extrapolation-below-held-out-range	7633ebb4a0d966dbda15a4e32d0efa492fb71aeb	tf	68	61180915be61455887ac261499455ac933cf976b292cab1a8180d759acc3ac2d	73.4	73.69	0.05	67236	5108	707	122453	9a548d46b4bfe71457c0b07c357b855198a369d07e915b126bb6d1b5cf6ac82a	8de5a8523e91740255f8a955a5b6eb5b1a272081e8554f6fe8482222f8172a2c	0
p1e-06	1e-06	0.2880013702819684	gpd-tail-extrapolation-below-held-out-range	7633ebb4a0d966dbda15a4e32d0efa492fb71aeb	tf	69	61180915be61455887ac261499455ac933cf976b292cab1a8180d759acc3ac2d	74.08	74.29	0.04	66980	5310	679	126508	94440aa25162da9f18e181e0b4c5be9e50f3b825b55b981d48cc4b9e39f1d256	c576c4d5471ccac259944c6eacb9322df104416d84cc65b692a4d1efd77b3220	0
p1e-06	1e-06	0.2880013702819684	gpd-tail-extrapolation-below-held-out-range	7633ebb4a0d966dbda15a4e32d0efa492fb71aeb	tf	70	61180915be61455887ac261499455ac933cf976b292cab1a8180d759acc3ac2d	73.37	73.58	0.08	67108	5004	700	120097	a6f8d30b8b2a080a329bdd96903c1a11faf9868d114b7ed32551a6ad2ab6ab7f	6f55308a4e87d293d84d87f86b7383cea7f950956d291886f0eceb703e0070e4	0
p1e-06	1e-06	0.2880013702819684	gpd-tail-extrapolation-below-held-out-range	7633ebb4a0d966dbda15a4e32d0efa492fb71aeb	tf	71	61180915be61455887ac261499455ac933cf976b292cab1a8180d759acc3ac2d	73.35	73.55	0.04	67112	4819	686	115848	bfb311a25e003049d4d4856edcc84141357d3058d7e432734ec86f610ac0ede3	c44e6ec9d1357e0ec7c989aba2ae87a8d12f43975077b221c4f80c7f151541e2	0
p1e-06	1e-06	0.2880013702819684	gpd-tail-extrapolation-below-held-out-range	7633ebb4a0d966dbda15a4e32d0efa492fb71aeb	tf	72	61180915be61455887ac261499455ac933cf976b292cab1a8180d759acc3ac2d	74.9	73.81	0.06	66980	4542	660	109451	77e1720baa58953b7b67a68ecfd28f1f1a3a22bd5b93229a1117334af9e0afc0	0a13bd0e4817d8075ae8b9df6754bdf88fe7556fc95225d926c499eef418d95b	0
p1e-06	1e-06	0.2880013702819684	gpd-tail-extrapolation-below-held-out-range	7633ebb4a0d966dbda15a4e32d0efa492fb71aeb	tf	73	61180915be61455887ac261499455ac933cf976b292cab1a8180d759acc3ac2d	72.95	73.26	0.04	67064	4881	697	117353	44e329af03e43784cb577e9b42a95ad8578345c7f7c20e0fab4d1221ce86d1ff	8a45ea506777a9c1ab6d3d9fcd8540ae9d790cdd3db8392faae4c7468318d2fc	0
p1e-06	1e-06	0.2880013702819684	gpd-tail-extrapolation-below-held-out-range	7633ebb4a0d966dbda15a4e32d0efa492fb71aeb	tf	74	61180915be61455887ac261499455ac933cf976b292cab1a8180d759acc3ac2d	74.39	74.58	0.08	67108	4788	693	115292	fc43e09afd0ff5008785255e9ee9109e5f5c8965decb30b6f4c8133c858b1ebd	51d0cb5a433fc3c4c7a39c8aed11fd8b7f0e6c32962acd3048d281ad2d3d283b	0
p1e-06	1e-06	0.2880013702819684	gpd-tail-extrapolation-below-held-out-range	7633ebb4a0d966dbda15a4e32d0efa492fb71aeb	tf	75	61180915be61455887ac261499455ac933cf976b292cab1a8180d759acc3ac2d	73.13	73.48	0.05	67108	4574	666	110190	c7032cfdcd2c4a29a687a246513c3041b7150489228adc1a564d7e4df15bde2c	bb929362559a4710d1ead1d1fd089036f76bc8f99179d37f1d3c5c66de9ba070	0
p1e-06	1e-06	0.2880013702819684	gpd-tail-extrapolation-below-held-out-range	7633ebb4a0d966dbda15a4e32d0efa492fb71aeb	tf	76	61180915be61455887ac261499455ac933cf976b292cab1a8180d759acc3ac2d	74.39	73.36	0.04	66980	4718	684	113629	6b31b29a80699e16a369387e77bc48aa859569fa2c1a1fcb4cb50fff9fd7cd90	58c9fb16f65aaa1a5f5eefe00fb5bb0321fff29ac81ac3e59a2b0e1b4aa541a7	0
p1e-06	1e-06	0.2880013702819684	gpd-tail-extrapolation-below-held-out-range	7633ebb4a0d966dbda15a4e32d0efa492fb71aeb	tf	77	61180915be61455887ac261499455ac933cf976b292cab1a8180d759acc3ac2d	74.71	75.06	0.02	67108	5070	718	121765	241663cc2c18f49c7b359230d2ba3a12e559eed2f8f304562ad247cb9a7790fe	ec1b0a2eb90b823d1dfdd3c6d04113353f69ec455da7005d6370a93035dd7041	0
p1e-06	1e-06	0.2880013702819684	gpd-tail-extrapolation-below-held-out-range	7633ebb4a0d966dbda15a4e32d0efa492fb71aeb	tf	78	61180915be61455887ac261499455ac933cf976b292cab1a8180d759acc3ac2d	74.87	75.31	0.04	67044	5121	673	122362	da5487ccb6cc3bbf7ac416d7e064d9e9fef7e330b7c5e0d7281850f57c68ed10	a047f8029f2aaeaa0176af25b5b73f728bffff6820998abb60050e48b6b6b58d	0
p1e-06	1e-06	0.2880013702819684	gpd-tail-extrapolation-below-held-out-range	7633ebb4a0d966dbda15a4e32d0efa492fb71aeb	tf	79	61180915be61455887ac261499455ac933cf976b292cab1a8180d759acc3ac2d	74.84	75.07	0.06	67108	5247	697	125351	08a3dc9172b8e319cb982182fd34fe62474ec045897fff02f14faeb85c8edba6	062c980d65af69a4d85f003ba03894dba0a283ab9d27fa54d9171561a9de4195	0
p1e-06	1e-06	0.2880013702819684	gpd-tail-extrapolation-below-held-out-range	7633ebb4a0d966dbda15a4e32d0efa492fb71aeb	tf	80	61180915be61455887ac261499455ac933cf976b292cab1a8180d759acc3ac2d	74.44	74.67	0.05	67108	5202	694	124319	d4ce1b1b9b1e51219316f98f89f9632fc8f18fdd07810bd20be0bb2078cb199d	19d1cbce7e4ed2959386e95d3407d429ea20f30974e0e7faa162c3223d7c308f	0
p1e-06	1e-06	0.2880013702819684	gpd-tail-extrapolation-below-held-out-range	7633ebb4a0d966dbda15a4e32d0efa492fb71aeb	tf	81	61180915be61455887ac261499455ac933cf976b292cab1a8180d759acc3ac2d	75.63	74.47	0.04	67108	4606	650	110678	f036048e441e45375f1593ae1577b9b795dea385c43fa18b2af14163106c6e77	842eb264ffcb38a0d02698b8daf2a0608ac50c4a52fc6ebadbcfdecaec933f63	0
p1e-06	1e-06	0.2880013702819684	gpd-tail-extrapolation-below-held-out-range	7633ebb4a0d966dbda15a4e32d0efa492fb71aeb	tf	82	61180915be61455887ac261499455ac933cf976b292cab1a8180d759acc3ac2d	75.38	75.61	0.06	67108	4674	664	112430	bbc095c01b46f12b25e9a1a00bd460fceec6dff75089248862df973291d21041	db82e1217ac2678d5474b520deaf2d15f4ddc3293a1b90c187547cf4207350bf	0
p1e-06	1e-06	0.2880013702819684	gpd-tail-extrapolation-below-held-out-range	7633ebb4a0d966dbda15a4e32d0efa492fb71aeb	tf	83	61180915be61455887ac261499455ac933cf976b292cab1a8180d759acc3ac2d	81.06	80.29	0.04	67108	4869	657	116603	019496fff4a021553cb3de7f103e890a1501354b8535d14aa65136c1728f59aa	57fef11970fd79662713edc772902d3827518d7fe306f7c1b4e590c7cda06401	0
p1e-06	1e-06	0.2880013702819684	gpd-tail-extrapolation-below-held-out-range	7633ebb4a0d966dbda15a4e32d0efa492fb71aeb	tf	84	61180915be61455887ac261499455ac933cf976b292cab1a8180d759acc3ac2d	73.57	73.98	0.04	66980	5201	733	124814	b76753c9ec1ebae5d65a1699983639a8c957bb3489725cd436c3414a40adb42a	80c3ad94e59ba34ee13d80ca6a475c6262373f7b59796a3415dde00afdf40db5	0
p1e-06	1e-06	0.2880013702819684	gpd-tail-extrapolation-below-held-out-range	7633ebb4a0d966dbda15a4e32d0efa492fb71aeb	tf	85	61180915be61455887ac261499455ac933cf976b292cab1a8180d759acc3ac2d	74.09	74.26	0.08	67112	4278	673	103818	ee0b69f0b99059572dc2ae1e57963d9a68f7ca0a6dd858fd298498082ba41ac7	9cd8c0b77a1454d9fa88e02f56b1031c15151693accbb78a503b3bc5e443513e	0
p1e-06	1e-06	0.2880013702819684	gpd-tail-extrapolation-below-held-out-range	7633ebb4a0d966dbda15a4e32d0efa492fb71aeb	tf	86	61180915be61455887ac261499455ac933cf976b292cab1a8180d759acc3ac2d	74.02	75.16	0.04	67080	4806	724	116035	dcfe793915ab93730f6aab75b7c056760e5bc186b03348cdd8e07f745f81dd31	02e468253234eed0c4db186257e05938c0c4adfc6b425d1709feb653ec59f24a	0
p1e-06	1e-06	0.2880013702819684	gpd-tail-extrapolation-below-held-out-range	7633ebb4a0d966dbda15a4e32d0efa492fb71aeb	tf	87	61180915be61455887ac261499455ac933cf976b292cab1a8180d759acc3ac2d	74.44	74.35	0.04	67056	4664	678	112379	3a41142405b5cd0a8bd575d6edd7febaad673f0f74716733c15689a239829125	75b15790f47e41af80b57a35b527ad8518b8bb59c14e094290169c277bcc2df4	0
p1e-06	1e-06	0.2880013702819684	gpd-tail-extrapolation-below-held-out-range	7633ebb4a0d966dbda15a4e32d0efa492fb71aeb	tf	88	61180915be61455887ac261499455ac933cf976b292cab1a8180d759acc3ac2d	73.95	74.06	0.05	67108	5224	717	125173	51cc8b528dece123cc377be9cb8ff4deb5f0d92ecea893d39ba8fc94be6afabc	d6115253d7d3d543f44b0fd6b79d27fada81e3fb7f1144e7e5f8001aef9cea93	0
p1e-06	1e-06	0.2880013702819684	gpd-tail-extrapolation-below-held-out-range	7633ebb4a0d966dbda15a4e32d0efa492fb71aeb	tf	89	61180915be61455887ac261499455ac933cf976b292cab1a8180d759acc3ac2d	77.33	77.8	0.05	67108	5074	676	121313	e098c268c7da9a96ca8f55d6a62f8b694fa728a7d52922978c95946ad6b132ba	df612d0b25b3be13818781c48df4a534fbee9da05dad5b3d4027e9dad55c2399	0
p1e-06	1e-06	0.2880013702819684	gpd-tail-extrapolation-below-held-out-range	7633ebb4a0d966dbda15a4e32d0efa492fb71aeb	tf	90	61180915be61455887ac261499455ac933cf976b292cab1a8180d759acc3ac2d	74.07	74.21	0.04	67108	4505	678	108868	3cfa385482d2afedad94ec3821a442665fef03ce1d7ce9b5d47ceddaee8f883d	ee8a4edc046dca1173a7443733a3aba293d21b742b2b46d562ee00d8302b0af6	0
p1e-06	1e-06	0.2880013702819684	gpd-tail-extrapolation-below-held-out-range	7633ebb4a0d966dbda15a4e32d0efa492fb71aeb	tf	91	61180915be61455887ac261499455ac933cf976b292cab1a8180d759acc3ac2d	73.71	74.1	0.05	67236	4866	692	116967	a0dc0a61b6873096b219ad8a1ff307b2d06f04cd4f4c94bfe9bfc14d3930f95a	df1eb34a1b4b7fdc8970745509c631f3561f0e10c8152ab960416c0c51d4affb	0
p1e-06	1e-06	0.2880013702819684	gpd-tail-extrapolation-below-held-out-range	7633ebb4a0d966dbda15a4e32d0efa492fb71aeb	tf	92	61180915be61455887ac261499455ac933cf976b292cab1a8180d759acc3ac2d	75.32	75.5	0.07	67236	5289	728	126677	366abb2a92d8fff7a0cee5c43a1ae6b4b3acbb5e908939a8b961ca7fed9757c8	faeea244dbaaffebcf89df0f57a59f0ada1cd6f5492a2dcc1bd63c69a3a82d45	0
p1e-06	1e-06	0.2880013702819684	gpd-tail-extrapolation-below-held-out-range	7633ebb4a0d966dbda15a4e32d0efa492fb71aeb	tf	93	61180915be61455887ac261499455ac933cf976b292cab1a8180d759acc3ac2d	73.76	73.95	0.02	67108	4860	651	116321	22416c34174f4f156de3dd1d9ff831b579e153e623498eebccc4f004f8346142	23a1011ca51967272bad9337994400e1729a507a249bdc7a7343e8209e504ca9	0
p1e-06	1e-06	0.2880013702819684	gpd-tail-extrapolation-below-held-out-range	7633ebb4a0d966dbda15a4e32d0efa492fb71aeb	tf	94	61180915be61455887ac261499455ac933cf976b292cab1a8180d759acc3ac2d	73.98	74.35	0.07	67112	4505	686	109008	098a0c8a13a02a6722ac8110d733578f6254ca8ff815e5ba8ca6b3757cbf1be5	56640fa35159df436999976dcfcb4f870c3a6ada621e490e8863fe5e19262738	0
p1e-06	1e-06	0.2880013702819684	gpd-tail-extrapolation-below-held-out-range	7633ebb4a0d966dbda15a4e32d0efa492fb71aeb	tf	95	61180915be61455887ac261499455ac933cf976b292cab1a8180d759acc3ac2d	73.62	73.66	0.08	67108	4787	684	115167	947a8b63ad4c4b290ece426b21dc0c9188a689815597fecfcc625afa1c7080ba	9e4fb8469a6b068ab6d02ae6174660781e799c6983cd854d2c43ea7c4bbda2a0	0
p1e-06	1e-06	0.2880013702819684	gpd-tail-extrapolation-below-held-out-range	7633ebb4a0d966dbda15a4e32d0efa492fb71aeb	tf	96	61180915be61455887ac261499455ac933cf976b292cab1a8180d759acc3ac2d	80.51	79.77	0.04	67236	5209	689	124402	fb47c8cc22b1af5c281b5fdaee2246446f4c86fab298723e7e6a26ba24b1c558	38828ab5c3d5af0ac94dad861454da2d2fa1b1b8668d950ea412cccd759fc8cb	0
p1e-06	1e-06	0.2880013702819684	gpd-tail-extrapolation-below-held-out-range	7633ebb4a0d966dbda15a4e32d0efa492fb71aeb	tf	97	61180915be61455887ac261499455ac933cf976b292cab1a8180d759acc3ac2d	76.87	75.85	0.08	67108	5009	698	120156	9e0791eb5c6cba988a5fe5856e75644926e6693ddc45ea6bee2da37ff44d2c18	e16c812a02e615464f0023fa1964b04f80d96930174bf95c46575efbd2c6b708	0
p1e-06	1e-06	0.2880013702819684	gpd-tail-extrapolation-below-held-out-range	7633ebb4a0d966dbda15a4e32d0efa492fb71aeb	tf	98	61180915be61455887ac261499455ac933cf976b292cab1a8180d759acc3ac2d	77.43	76.45	0.05	67008	5137	660	122518	f0b300e127c397ab0e37b94f9b1ea82f7103d38523d3904776d8f46e4c6c62d7	0804c5e2ea65a0d5a5ee5fc9646c1757cfb0dd3c9ffac56f671b4c51d0e73687	0
p1e-06	1e-06	0.2880013702819684	gpd-tail-extrapolation-below-held-out-range	7633ebb4a0d966dbda15a4e32d0efa492fb71aeb	tf	99	61180915be61455887ac261499455ac933cf976b292cab1a8180d759acc3ac2d	74.83	75.09	0.04	67100	5271	700	125920	bd8059d39f4ac6dfb152eb13c8e5ead5cfd204a5779284a517f8a51e31fbb5f6	5d125134dec3bad0f4e3ff8fa2229122a886e9cce6eefcc43d723e5a24da6869	0
p1e-06	1e-06	0.2880013702819684	gpd-tail-extrapolation-below-held-out-range	7633ebb4a0d966dbda15a4e32d0efa492fb71aeb	tf	100	61180915be61455887ac261499455ac933cf976b292cab1a8180d759acc3ac2d	75.25	75.33	0.06	67108	4846	719	116889	70eeacfeec681a64ff3362fe4e983cf94f3fa45bba0f7ac986b9f87a82e3db53	5d4038c450041617ef6f499c265b87171986ca11096b2d601932a171f48fa24d	0
p1e-06	1e-06	0.2880013702819684	gpd-tail-extrapolation-below-held-out-range	7633ebb4a0d966dbda15a4e32d0efa492fb71aeb	sig	1	61180915be61455887ac261499455ac933cf976b292cab1a8180d759acc3ac2d	310.62	310.53	0.11	68032	12643	3068	317994	dca9dbba95803c5f813a5b6ab676eec768c6d0091eedf711e486328795dfe547	620a96122404563a0cbbf41872da6348f02dfb48b46b1886194079ac66a57015	0
p1e-06	1e-06	0.2880013702819684	gpd-tail-extrapolation-below-held-out-range	7633ebb4a0d966dbda15a4e32d0efa492fb71aeb	sig	2	61180915be61455887ac261499455ac933cf976b292cab1a8180d759acc3ac2d	324.3	324.16	0.09	68168	12617	3009	316773	9feee0a82e124a8d582268e6cbb1d3a1bff4694bca15290944d9d37392629d3f	edf82aa2a0ebaf7fe294c5a0c80723c947d5ace9782bd15d7605f44b63c1a245	0
p1e-06	1e-06	0.2880013702819684	gpd-tail-extrapolation-below-held-out-range	7633ebb4a0d966dbda15a4e32d0efa492fb71aeb	sig	3	61180915be61455887ac261499455ac933cf976b292cab1a8180d759acc3ac2d	339.66	339.66	0.18	67784	11731	3007	297323	0747b9e0e9819939f232eae5d81a9655fe26b352054aeecab2befc979dff11b3	fc1ac3d9f306ab49a9efa8ffc45bc4f9220ae912d4e1807179460a3ea9e04c1e	0
p1e-06	1e-06	0.2880013702819684	gpd-tail-extrapolation-below-held-out-range	7633ebb4a0d966dbda15a4e32d0efa492fb71aeb	sig	4	61180915be61455887ac261499455ac933cf976b292cab1a8180d759acc3ac2d	331.19	330.83	0.07	68040	12221	3032	308342	d27110b501a59417438cf074ec2b9ebe0605910db1ce0a331ed6ee7961b1a1d1	5aeccac3250f0d764f33e7c44f9eecc9ea59f07a3ef70cde182182182ee59923	0
p1e-06	1e-06	0.2880013702819684	gpd-tail-extrapolation-below-held-out-range	7633ebb4a0d966dbda15a4e32d0efa492fb71aeb	sig	5	61180915be61455887ac261499455ac933cf976b292cab1a8180d759acc3ac2d	330.87	330.74	0.1	68120	11952	3025	302348	f12e63cc4e1776c1abce7d9cf15946d2cd9e73ae7d5a07a88d433a7ef3b527e2	d84595ca1965ead7e2b04981fb95ab0b6ab592a9295617d326430eeca61ddf7b	0
p1e-06	1e-06	0.2880013702819684	gpd-tail-extrapolation-below-held-out-range	7633ebb4a0d966dbda15a4e32d0efa492fb71aeb	sig	6	61180915be61455887ac261499455ac933cf976b292cab1a8180d759acc3ac2d	332.54	332.5	0.07	68168	12617	3073	317541	9d92822c3d61490c8e1207545c3f8a0d51e39333915bb09c900f3654ecaefa77	717905476aa06ba54fb1ca29e3d7c00aa40361290bf20e20da8b2c16b7c085ef	0
p1e-06	1e-06	0.2880013702819684	gpd-tail-extrapolation-below-held-out-range	7633ebb4a0d966dbda15a4e32d0efa492fb71aeb	sig	7	61180915be61455887ac261499455ac933cf976b292cab1a8180d759acc3ac2d	315.18	314.86	0.09	68168	13046	3137	327790	4942ad25a14050f83fb477f2ba60e189cb1d22ccfe73e34e615c2a53a5581c22	c32e77e13a4af5daa9650e3ea2e15c2f0bbd99ab74dae16d723a75b58065f9af	0
p1e-06	1e-06	0.2880013702819684	gpd-tail-extrapolation-below-held-out-range	7633ebb4a0d966dbda15a4e32d0efa492fb71aeb	sig	8	61180915be61455887ac261499455ac933cf976b292cab1a8180d759acc3ac2d	313.89	314.27	0.05	68296	13869	3217	346867	cefaae6db329b59ffbb5b8954b151241a49e9e5ed7d3757e83c4dc2ae224e667	66da2a3750a912904b5033d595137f3ddd317db1574224cf537a11c93b6ecbf5	0
p1e-06	1e-06	0.2880013702819684	gpd-tail-extrapolation-below-held-out-range	7633ebb4a0d966dbda15a4e32d0efa492fb71aeb	sig	9	61180915be61455887ac261499455ac933cf976b292cab1a8180d759acc3ac2d	311.97	311.15	0.07	68296	12430	3089	313714	65266427141388cae94a1bdfd77e86deea4efa3dca6aeb10b5df20b66cd767ed	e57e22378f8a25676a44506ad83b0876fd6213ac0980e148aadb3c03be089ee9	0
p1e-06	1e-06	0.2880013702819684	gpd-tail-extrapolation-below-held-out-range	7633ebb4a0d966dbda15a4e32d0efa492fb71aeb	sig	10	61180915be61455887ac261499455ac933cf976b292cab1a8180d759acc3ac2d	313.31	313.66	0.07	68168	12700	3059	319181	8473ff1914b572712a2ec47d86c721cb624f3cbefbc43297116fa611bea7f20f	252a1e108ea4895dd4c2eb4a3aad2d3180de6c43dcf0b3faf8bf48fc05d8c2a5	0
p1e-06	1e-06	0.2880013702819684	gpd-tail-extrapolation-below-held-out-range	7633ebb4a0d966dbda15a4e32d0efa492fb71aeb	sig	11	61180915be61455887ac261499455ac933cf976b292cab1a8180d759acc3ac2d	321.08	320.48	0.1	68168	12215	3112	309333	3127707bcbed08b0580c8d39b3ae2bff1f923e2538032ff893038be517e1ef8c	29c5d15ac8e485dfabdb493efecc2f63b37b07a1ede18b6315e9d609a60fb846	0
p1e-06	1e-06	0.2880013702819684	gpd-tail-extrapolation-below-held-out-range	7633ebb4a0d966dbda15a4e32d0efa492fb71aeb	sig	12	61180915be61455887ac261499455ac933cf976b292cab1a8180d759acc3ac2d	313.89	313.07	0.08	68040	12616	3102	317949	efcb8bc34cec6e2d653b2f6dc8ef5d77c3e560e413c00ba576e55c7206540fae	e93b4522dcf649b69d2c6e9a8b638fb4b5ee9f76a218a4b30b4f65dc235b6ffe	0
p1e-06	1e-06	0.2880013702819684	gpd-tail-extrapolation-below-held-out-range	7633ebb4a0d966dbda15a4e32d0efa492fb71aeb	sig	13	61180915be61455887ac261499455ac933cf976b292cab1a8180d759acc3ac2d	310.9	311.09	0.06	68016	11218	2898	284629	29726f114e00c446749cb382e1b587582bc95d2505035d9a6a08ea36f77c24bc	f5e666b8b85e339624a20dc268c0164cc4087412210f8125c2c14a6ea28be764	0
p1e-06	1e-06	0.2880013702819684	gpd-tail-extrapolation-below-held-out-range	7633ebb4a0d966dbda15a4e32d0efa492fb71aeb	sig	14	61180915be61455887ac261499455ac933cf976b292cab1a8180d759acc3ac2d	306.24	306.15	0.09	68044	11600	2849	292374	4dbf2e8f3c6061a355464140de7b5e5de0b5a1f166e80b8b520bd8cba511594b	85e5fb62aafceae17a9c4eb99a75f8edefa0319b1819bf34df985df5da5f854d	0
p1e-06	1e-06	0.2880013702819684	gpd-tail-extrapolation-below-held-out-range	7633ebb4a0d966dbda15a4e32d0efa492fb71aeb	sig	15	61180915be61455887ac261499455ac933cf976b292cab1a8180d759acc3ac2d	308.66	308.38	0.06	68044	13109	3179	329592	56471e221dd26154f10cc49d007215b1461d1747ed258cbfddbb1e817dcce1c7	69fdc50836752a26dda4ab71391f5c11633bb625bd7d9eb1f2b63783c946325d	0
p1e-06	1e-06	0.2880013702819684	gpd-tail-extrapolation-below-held-out-range	7633ebb4a0d966dbda15a4e32d0efa492fb71aeb	sig	16	61180915be61455887ac261499455ac933cf976b292cab1a8180d759acc3ac2d	306.87	307.19	0.09	68168	12832	3114	322847	8ff22618c3d873334ec4ff7cd7fcd59ec06b2c84f4bf1a2c5541c8d4dc600f7e	cadb1c5e86d94b2952cc01f8a771da87688447d289ee84ff77da1a52a52fd85e	0
p1e-06	1e-06	0.2880013702819684	gpd-tail-extrapolation-below-held-out-range	7633ebb4a0d966dbda15a4e32d0efa492fb71aeb	sig	17	61180915be61455887ac261499455ac933cf976b292cab1a8180d759acc3ac2d	309.54	308.78	0.04	68296	12379	3001	311406	8ed43bd9d45f8ded67dbb1b630def89ccd057733606e0d3bfea866a374f8b34a	5806ba47bdb5dfb767f1bbbb8a54bc8d77f64482f5629c2217b43f02334448c4	0
p1e-06	1e-06	0.2880013702819684	gpd-tail-extrapolation-below-held-out-range	7633ebb4a0d966dbda15a4e32d0efa492fb71aeb	sig	18	61180915be61455887ac261499455ac933cf976b292cab1a8180d759acc3ac2d	305.57	305.73	0.05	67912	11894	2974	300539	11a115bf591e02e29dc11e2d8960814fad5185bb917b22b54a4e50eb99377088	623c33dfaba960a6f3d596340d523fb51b727e0838d715b4efbd44c1c620374d	0
p1e-06	1e-06	0.2880013702819684	gpd-tail-extrapolation-below-held-out-range	7633ebb4a0d966dbda15a4e32d0efa492fb71aeb	sig	19	61180915be61455887ac261499455ac933cf976b292cab1a8180d759acc3ac2d	316.72	316.09	0.06	68172	12359	3108	312361	cdc68feb5d909fe3c9aab04b27cd67ff2c4e0dbacce5ffa653fd96073093a4b3	9beaa77c20394994e256ce612d1a8eab4315dee63ed36618c72fda832db00737	0
p1e-06	1e-06	0.2880013702819684	gpd-tail-extrapolation-below-held-out-range	7633ebb4a0d966dbda15a4e32d0efa492fb71aeb	sig	20	61180915be61455887ac261499455ac933cf976b292cab1a8180d759acc3ac2d	345.25	345.66	0.1	68168	12753	3040	320122	ff1c9810ebd1ed27889a2d02c725af8b10b6f054b72cfb269c1591eef744746d	4e67e9e7da3aa0cdecdaa80f7f49c4b4a7c81f4dc37830af73096df7569dc24a	0
p1e-06	1e-06	0.2880013702819684	gpd-tail-extrapolation-below-held-out-range	7633ebb4a0d966dbda15a4e32d0efa492fb71aeb	sig	21	61180915be61455887ac261499455ac933cf976b292cab1a8180d759acc3ac2d	312.03	312.37	0.04	67912	13052	3083	327203	d2b1abe1c132cd5cf18d6c13b59e3bd8591d1efd1aa85de4d5f96cb1c2c9dbbf	2de29e4e2a7d923723aa52e619661a45f9d1fb5589e040ca7fe22e5ce5a534da	0
p1e-06	1e-06	0.2880013702819684	gpd-tail-extrapolation-below-held-out-range	7633ebb4a0d966dbda15a4e32d0efa492fb71aeb	sig	22	61180915be61455887ac261499455ac933cf976b292cab1a8180d759acc3ac2d	308.94	309.14	0.07	68168	12234	2952	307512	62c6e1bab6d5af9d7f2019b87843678f4d5f5f69da7c9034858602abd11629d8	3f7bf6537c7dadd652d4f85beddc4f597e7149768f614857e65196642493773b	0
p1e-06	1e-06	0.2880013702819684	gpd-tail-extrapolation-below-held-out-range	7633ebb4a0d966dbda15a4e32d0efa492fb71aeb	sig	23	61180915be61455887ac261499455ac933cf976b292cab1a8180d759acc3ac2d	319.62	320.21	0.07	68168	12586	3040	316377	4779a8547d962883adaa955ed2ba1f11161077be2a48978b5ee6807ad7706328	642552c4d79f0d36c7143760bcdb5b52a4cd474ec1990133e1bff35d2811b572	0
p1e-06	1e-06	0.2880013702819684	gpd-tail-extrapolation-below-held-out-range	7633ebb4a0d966dbda15a4e32d0efa492fb71aeb	sig	24	61180915be61455887ac261499455ac933cf976b292cab1a8180d759acc3ac2d	313.69	314.13	0.1	68044	12038	3084	304994	b4e4af56fcfe37098867ae300560ea72152a809e35b4aeb796405aef5e5b4d2f	e658041a93dcba4d619bdf442c32969d307d2b64c6f4ebde1cd2fd582be95d17	0
p1e-06	1e-06	0.2880013702819684	gpd-tail-extrapolation-below-held-out-range	7633ebb4a0d966dbda15a4e32d0efa492fb71aeb	sig	25	61180915be61455887ac261499455ac933cf976b292cab1a8180d759acc3ac2d	314.13	314.59	0.09	68296	12538	3088	316040	f0478abae97d1b9b251499a2759532223ad88d38d0a3d7aea6605666fedf00e9	6013311237cbc9de28f7e73ac10e2394ec5893647f1b6d1341a30b3b983b0f42	0
p1e-06	1e-06	0.2880013702819684	gpd-tail-extrapolation-below-held-out-range	7633ebb4a0d966dbda15a4e32d0efa492fb71aeb	sig	26	61180915be61455887ac261499455ac933cf976b292cab1a8180d759acc3ac2d	316.99	317.5	0.04	68168	12244	3102	309784	d90496dfe6a696db4145301a5f8c140095987ba10970037984df4ca0fec4f59e	26671c2044171027d59882046ee3549a6271e249089e785fa39ad9b3f0a95869	0
p1e-06	1e-06	0.2880013702819684	gpd-tail-extrapolation-below-held-out-range	7633ebb4a0d966dbda15a4e32d0efa492fb71aeb	sig	27	61180915be61455887ac261499455ac933cf976b292cab1a8180d759acc3ac2d	317.46	316.76	0.08	68168	12025	2993	303591	0cf5dca6d00c5bfb9aa2ef2fe46cbf973ea5c409138aba8cda6713b5a314030c	4e726e6cacb2315e3c2458e4132cd989ccd395808c667413c43a929178abee33	0
p1e-06	1e-06	0.2880013702819684	gpd-tail-extrapolation-below-held-out-range	7633ebb4a0d966dbda15a4e32d0efa492fb71aeb	sig	28	61180915be61455887ac261499455ac933cf976b292cab1a8180d759acc3ac2d	312.02	311.11	0.07	68172	12372	3034	311619	62a7e263bae3061c12b4ae3cae7565e26f335779f37064fbf3c854f6a92da9ed	96c98f7f1c0be96272e66503c98709b336ea4bd1f90d05c8f20f9dc15a77d614	0
p1e-06	1e-06	0.2880013702819684	gpd-tail-extrapolation-below-held-out-range	7633ebb4a0d966dbda15a4e32d0efa492fb71aeb	sig	29	61180915be61455887ac261499455ac933cf976b292cab1a8180d759acc3ac2d	311.4	311.77	0.05	68044	12119	2987	305661	280d5bc1f6106666e5a7ccc73b9e596b35b8c710e51054428adbb4ff29e4f761	2c07c21bbe872b8054abafb270b52710f25290a2b238e8d7570172ff69252767	0
p1e-06	1e-06	0.2880013702819684	gpd-tail-extrapolation-below-held-out-range	7633ebb4a0d966dbda15a4e32d0efa492fb71aeb	sig	30	61180915be61455887ac261499455ac933cf976b292cab1a8180d759acc3ac2d	310.18	310.7	0.08	68172	12962	3236	327214	46a4f441c650c7ef9db1de16d63e38f3cacd852490c91474f729d8df75c40d7d	49ae1b3a1b216a2d5d987dcb747f810c6fe2b6c9487caa8a9cf462396f7303ee	0
p1e-06	1e-06	0.2880013702819684	gpd-tail-extrapolation-below-held-out-range	7633ebb4a0d966dbda15a4e32d0efa492fb71aeb	sig	31	61180915be61455887ac261499455ac933cf976b292cab1a8180d759acc3ac2d	313.07	312.01	0.05	68168	12751	3178	321744	a5d794e60bcea892a352edff64336fa74017bd06c5bafd100f783ad793c928b0	d2a930d82f59fa1cdf265cfc19afc1fe360b9bbf3b525bb6b8e1db4f87ea6429	0
p1e-06	1e-06	0.2880013702819684	gpd-tail-extrapolation-below-held-out-range	7633ebb4a0d966dbda15a4e32d0efa492fb71aeb	sig	32	61180915be61455887ac261499455ac933cf976b292cab1a8180d759acc3ac2d	315.53	314.74	0.05	68168	12630	3085	318020	b06c261312c3bc9470f5fa0c82ca7efdea6099cabb6d9fcc70989394573bb832	ab33a82526ae5197fe2cab9d76e7055291932380b9a14f9a1cbe61ce27fe4989	0
p1e-06	1e-06	0.2880013702819684	gpd-tail-extrapolation-below-held-out-range	7633ebb4a0d966dbda15a4e32d0efa492fb71aeb	sig	33	61180915be61455887ac261499455ac933cf976b292cab1a8180d759acc3ac2d	310.34	310.71	0.07	68104	12131	3021	306177	2d4b4fa622e73097fb4d6d5366f96fb2a65def0fc7893d3369dd69ff2bbd003b	75324a4205b2fe07a766326cf6fcc502fb67e60d36ecaecaea6c4a0bc0a00d6b	0
p1e-06	1e-06	0.2880013702819684	gpd-tail-extrapolation-below-held-out-range	7633ebb4a0d966dbda15a4e32d0efa492fb71aeb	sig	34	61180915be61455887ac261499455ac933cf976b292cab1a8180d759acc3ac2d	313.93	312.99	0.08	68168	13050	3106	327349	27e65575769f258c7b4e66dee0dcfd1439e8b1587509f7d812d83cf5005e1123	75bc068a9b4b5c7b12d3a1940871f51cc2f596bfceae5a30b32f5efe7354173d	0
p1e-06	1e-06	0.2880013702819684	gpd-tail-extrapolation-below-held-out-range	7633ebb4a0d966dbda15a4e32d0efa492fb71aeb	sig	35	61180915be61455887ac261499455ac933cf976b292cab1a8180d759acc3ac2d	313.51	312.83	0.03	68168	11459	2884	289700	ae9a54fd12b896dda54f63ebb853ef2872012fabc3adb872ec531e974b3fc599	aabf9e71265fb5b1d934f22a935400464e7577500604410d8caebdfba73d06ec	0
p1e-06	1e-06	0.2880013702819684	gpd-tail-extrapolation-below-held-out-range	7633ebb4a0d966dbda15a4e32d0efa492fb71aeb	sig	36	61180915be61455887ac261499455ac933cf976b292cab1a8180d759acc3ac2d	308.74	308.88	0.06	68296	12668	3127	319348	8db08ac310a4420175e291ae44f47f80c31a4643f9bd5b03f46e08867c663ece	2adcc08ed58679b9750a09a4f0b229e3c97290dd1c92b69318b9dd850f4e6532	0
p1e-06	1e-06	0.2880013702819684	gpd-tail-extrapolation-below-held-out-range	7633ebb4a0d966dbda15a4e32d0efa492fb71aeb	sig	37	61180915be61455887ac261499455ac933cf976b292cab1a8180d759acc3ac2d	312.81	312.07	0.05	68296	12468	3059	314118	06479656299691bbb0de9d6466ed09c25e9929ecb7880e875e14dc94f9befbdb	d370f3a57a9f2cf7a24d49aa8481b0ecb357549d908a1bf8c7a0946d6b99c9d9	0
p1e-06	1e-06	0.2880013702819684	gpd-tail-extrapolation-below-held-out-range	7633ebb4a0d966dbda15a4e32d0efa492fb71aeb	sig	38	61180915be61455887ac261499455ac933cf976b292cab1a8180d759acc3ac2d	309.87	310.17	0.07	68220	13565	3211	340083	8d51133faabb93d025a7fe649a2cdf29d01fc5e36d93f842df905ab310324a85	8147f3bf5181187adb4b9d280c482e3f708df6e13ebbb026636dd03dc3b6c4b6	0
p1e-06	1e-06	0.2880013702819684	gpd-tail-extrapolation-below-held-out-range	7633ebb4a0d966dbda15a4e32d0efa492fb71aeb	sig	39	61180915be61455887ac261499455ac933cf976b292cab1a8180d759acc3ac2d	311.79	310.87	0.06	68040	12467	3063	314169	393fb6ace0b689e17365deeffee1090f69d3f8addc7d3e44decd350afe759c5e	e41805dda64ed1b3c76673a4c3afdd104d4df7f072fe686fb21c2f56973b6df2	0
p1e-06	1e-06	0.2880013702819684	gpd-tail-extrapolation-below-held-out-range	7633ebb4a0d966dbda15a4e32d0efa492fb71aeb	sig	40	61180915be61455887ac261499455ac933cf976b292cab1a8180d759acc3ac2d	313.6	313.86	0.07	68296	12431	3004	312598	db2438bf16309b4730fbf0f00dd6f55abe097fdb8ed52cf3db12371877c0e4a6	d761df861cad2cb6cb7fc7a8dbe2a961fa32145cefb0793a953d24bbc98cbc1e	0
p1e-06	1e-06	0.2880013702819684	gpd-tail-extrapolation-below-held-out-range	7633ebb4a0d966dbda15a4e32d0efa492fb71aeb	sig	41	61180915be61455887ac261499455ac933cf976b292cab1a8180d759acc3ac2d	311.26	311.5	0.07	68044	12708	3061	319345	ed9f1aa899d7a2a64ea53b4a5000d5b974cd6ce54bfbe03f759577b1712c5e31	33614857595e552f686112dacbf9ca44f3019ef7df4a614dc8e56f748fe329b1	0
p1e-06	1e-06	0.2880013702819684	gpd-tail-extrapolation-below-held-out-range	7633ebb4a0d966dbda15a4e32d0efa492fb71aeb	sig	42	61180915be61455887ac261499455ac933cf976b292cab1a8180d759acc3ac2d	318.5	317.75	0.08	68168	12537	2965	314458	05822b94167843debce749e9c7e1e745fcbc5f1dc350076b5f524a2bc773b274	bb2872633712d34b9b3a58fc63bdd3caae78f35b146a63c40746daa75ff6eeec	0
p1e-06	1e-06	0.2880013702819684	gpd-tail-extrapolation-below-held-out-range	7633ebb4a0d966dbda15a4e32d0efa492fb71aeb	sig	43	61180915be61455887ac261499455ac933cf976b292cab1a8180d759acc3ac2d	313.74	314.11	0.08	68168	13867	3274	347540	24ae39ac8323e78b946d70f5d6dec723a5b8835efa6979640f1f0912f913ef9f	93cf6d4a3e65ff721ea4abc77f05daaa19a6cfba85b7089bf0a5c6c7d648f197	0
p1e-06	1e-06	0.2880013702819684	gpd-tail-extrapolation-below-held-out-range	7633ebb4a0d966dbda15a4e32d0efa492fb71aeb	sig	44	61180915be61455887ac261499455ac933cf976b292cab1a8180d759acc3ac2d	301.16	301.04	0.05	68296	12902	3022	323102	3508ae4334c4e85a9a29ca207f2356e500acb1a787f9fd06288b8e28dd5588dc	803d12640c2dfcc52e811176fbb40adb493b3018f09fe70232ef246e6f37b7b9	0
p1e-06	1e-06	0.2880013702819684	gpd-tail-extrapolation-below-held-out-range	7633ebb4a0d966dbda15a4e32d0efa492fb71aeb	sig	45	61180915be61455887ac261499455ac933cf976b292cab1a8180d759acc3ac2d	326.46	326.12	0.08	68040	12625	3004	316913	bc6cd4d9fa4a4d29272649adb1428b97359cf67e23fb5d98c44c2c66de2a9818	b9beaabe6e81b9cdc29e28eacdf3f50f09d4d3413740422d89cccdb58757b630	0
p1e-06	1e-06	0.2880013702819684	gpd-tail-extrapolation-below-held-out-range	7633ebb4a0d966dbda15a4e32d0efa492fb71aeb	sig	46	61180915be61455887ac261499455ac933cf976b292cab1a8180d759acc3ac2d	348.01	347.09	0.12	68296	12584	3051	316605	abe29a8c22b97ab63b98fb71171c7aa17e3b65e21a3fefe1a97e0401cb0174a5	5f70fbd913f9d694972018ff45666999161eafbe6e54559ae845501774c64a18	0
p1e-06	1e-06	0.2880013702819684	gpd-tail-extrapolation-below-held-out-range	7633ebb4a0d966dbda15a4e32d0efa492fb71aeb	sig	47	61180915be61455887ac261499455ac933cf976b292cab1a8180d759acc3ac2d	307.06	307.11	0.07	68168	12284	3040	309863	100ed32028d8837a39b22dcf40d4e55427a5000702eb348285aecc5e9f9d4f08	2f5cb0613cee06eedf27bb584684e04eae574a700641cb85614f610eff3cfa60	0
p1e-06	1e-06	0.2880013702819684	gpd-tail-extrapolation-below-held-out-range	7633ebb4a0d966dbda15a4e32d0efa492fb71aeb	sig	48	61180915be61455887ac261499455ac933cf976b292cab1a8180d759acc3ac2d	324.62	324.09	0.07	68044	11658	2883	294083	0e6d8c4323f7e7e23f8306d47a7a27de70ad0ef8544ce8eae09383064fa59cee	debb029cd92a0e489cacc985b1a526824f55f9f7b72b0c85681bb736a0d28fc2	0
p1e-06	1e-06	0.2880013702819684	gpd-tail-extrapolation-below-held-out-range	7633ebb4a0d966dbda15a4e32d0efa492fb71aeb	sig	49	61180915be61455887ac261499455ac933cf976b292cab1a8180d759acc3ac2d	327.18	326.91	0.08	68172	12621	2999	316713	258bd75bd58e09bd5c2f328b523a2319991d4d30c006342ee5ffac6b66b1f0ac	f3e73c89aee233d123158e9e6466901bea258de26565f5b2b15db5c8b9a48ee0	0
p1e-06	1e-06	0.2880013702819684	gpd-tail-extrapolation-below-held-out-range	7633ebb4a0d966dbda15a4e32d0efa492fb71aeb	sig	50	61180915be61455887ac261499455ac933cf976b292cab1a8180d759acc3ac2d	307.53	307.78	0.04	68296	12026	3029	304032	614622e0f5dfb9adf3a51294bb760e6356cc3434fbe1ceae37a477f2dd0778c7	67e41b7d9ee79a2695a298fcd295074efaa31ecdf3d3019e2c3efaf32c526895	0
p1e-06	1e-06	0.2880013702819684	gpd-tail-extrapolation-below-held-out-range	7633ebb4a0d966dbda15a4e32d0efa492fb71aeb	sig	51	61180915be61455887ac261499455ac933cf976b292cab1a8180d759acc3ac2d	312.76	313.11	0.07	68168	12946	3153	325756	e2cfd38a291000066c82f37fd7df45b981717bd523ef758958561c0e3f93cfba	06577696f5c8bce53226c6de415e03c82dfb9879c9841b6302519fd100fb7707	0
p1e-06	1e-06	0.2880013702819684	gpd-tail-extrapolation-below-held-out-range	7633ebb4a0d966dbda15a4e32d0efa492fb71aeb	sig	52	61180915be61455887ac261499455ac933cf976b292cab1a8180d759acc3ac2d	301.17	301.1	0.04	68040	11858	3017	300260	4d6d766ca12de157b77c4515f7760b6529ca733936cc6179416fabc29a0b7176	af4110c841f175bad823f93f8e76e832ed53f89477e674f6751cc9fcdf1803c7	0
p1e-06	1e-06	0.2880013702819684	gpd-tail-extrapolation-below-held-out-range	7633ebb4a0d966dbda15a4e32d0efa492fb71aeb	sig	53	61180915be61455887ac261499455ac933cf976b292cab1a8180d759acc3ac2d	301.82	301.87	0.04	68040	12493	3067	314762	a6da84dedad604112dcd9d91e7185e5ce64457f27d950b6ab18f8bc5912d8882	036252c231facc05b2e41f58ca2a23e27a7cb9443d9f3e0f87ebac637fb0f921	0
p1e-06	1e-06	0.2880013702819684	gpd-tail-extrapolation-below-held-out-range	7633ebb4a0d966dbda15a4e32d0efa492fb71aeb	sig	54	61180915be61455887ac261499455ac933cf976b292cab1a8180d759acc3ac2d	301.69	301.7	0.04	68300	12189	3031	307572	836d295f37d5e940cac3b1aa2cb166fc81645234632a77968d166cba0ca6fd9d	cd8863d1f76a8ad6c2bfb6ae5b0bb511db186d78238641367dc23c7c15ddb5ff	0
p1e-06	1e-06	0.2880013702819684	gpd-tail-extrapolation-below-held-out-range	7633ebb4a0d966dbda15a4e32d0efa492fb71aeb	sig	55	61180915be61455887ac261499455ac933cf976b292cab1a8180d759acc3ac2d	301.63	301.66	0.05	68044	12170	3088	307954	9a6009eb1ef789b019fb542c7f8c30f8629c37027a8c756fb577131a2fc28f08	091726a32e7ed4d91ece8016e6b9f0ef0c29e462877ef44f24fb8c174e8ad3db	0
p1e-06	1e-06	0.2880013702819684	gpd-tail-extrapolation-below-held-out-range	7633ebb4a0d966dbda15a4e32d0efa492fb71aeb	sig	56	61180915be61455887ac261499455ac933cf976b292cab1a8180d759acc3ac2d	317.05	317.54	0.06	67912	11973	2971	302147	c2168309001a6e52ef63beb89ea257e9a1ccf6069ceed7972853f429d16bfe55	ffd12cc5ee48bf896c740ee4573544ca08df591f49dd0f33b1fca94c4bbc59cb	0
p1e-06	1e-06	0.2880013702819684	gpd-tail-extrapolation-below-held-out-range	7633ebb4a0d966dbda15a4e32d0efa492fb71aeb	sig	57	61180915be61455887ac261499455ac933cf976b292cab1a8180d759acc3ac2d	318.66	317.86	0.07	68296	12911	3017	323221	96f98cd154822f68f8e6b089586509e4f6af75ab3440ec62bdb0f601b8bb37a6	9538280929232e2985c6855400095793699d6bc6a8c4c7996afb145b2d12308f	0
p1e-06	1e-06	0.2880013702819684	gpd-tail-extrapolation-below-held-out-range	7633ebb4a0d966dbda15a4e32d0efa492fb71aeb	sig	58	61180915be61455887ac261499455ac933cf976b292cab1a8180d759acc3ac2d	299.88	299.81	0.06	68168	11973	3068	303414	9d159df4e9269580f4986bf72e82f958e2bb9268303a40e010c52b7c294f19be	bfa09f2907550d57f912e8c5ca1a6b4feb6fe9c5cd5e49f4711843a6d48d390b	0
p1e-06	1e-06	0.2880013702819684	gpd-tail-extrapolation-below-held-out-range	7633ebb4a0d966dbda15a4e32d0efa492fb71aeb	sig	59	61180915be61455887ac261499455ac933cf976b292cab1a8180d759acc3ac2d	298.27	298.09	0.06	68168	12557	3105	316549	a693ae2c717d14be30f54247fe41f607c1c4dc4448569f12d68f5a77316af96e	6510367ad3b70bb37cf905c6cb8e1d69441cb20cb360487481085aea6de6ee18	0
p1e-06	1e-06	0.2880013702819684	gpd-tail-extrapolation-below-held-out-range	7633ebb4a0d966dbda15a4e32d0efa492fb71aeb	sig	60	61180915be61455887ac261499455ac933cf976b292cab1a8180d759acc3ac2d	298.38	298.23	0.06	68168	12975	3150	326445	c9bc52a5bfb8906140ce9bb230fa115387761e53d308f56cca1db45032841333	6b5b6dc78050eec61b5c5ec1f030211eb7daa985c9636294492812d849290413	0
p1e-06	1e-06	0.2880013702819684	gpd-tail-extrapolation-below-held-out-range	7633ebb4a0d966dbda15a4e32d0efa492fb71aeb	sig	61	61180915be61455887ac261499455ac933cf976b292cab1a8180d759acc3ac2d	297.63	297.37	0.06	68044	12839	3012	321624	2db89a7a3ac1b5e325ae22f4eb07eca68a73f983fe659cb772f8f87d31b76f88	5c5e074d1f2d5c4ad64d6756d2a637a1e846b8d66afe7755f855beae85f7c13c	0
p1e-06	1e-06	0.2880013702819684	gpd-tail-extrapolation-below-held-out-range	7633ebb4a0d966dbda15a4e32d0efa492fb71aeb	sig	62	61180915be61455887ac261499455ac933cf976b292cab1a8180d759acc3ac2d	297.11	296.94	0.07	68040	12229	2979	307850	39b5b27e05fed743a5accd5501334e69e14ad86d8c27e57ae9284785799946c7	79fd7d45c40176159830497f22ce53c8d626cee91dd01e2a13d273154de2bc9f	0
p1e-06	1e-06	0.2880013702819684	gpd-tail-extrapolation-below-held-out-range	7633ebb4a0d966dbda15a4e32d0efa492fb71aeb	sig	63	61180915be61455887ac261499455ac933cf976b292cab1a8180d759acc3ac2d	303.86	302.55	0.06	68296	12120	2998	305688	441bf7a632ce8a56f68d98673b729921bf8704d93c280d3b690d2b13c5a555ab	b96e892c6aa084ddde3a5d2d1967a1f875cb85e0410d55ea59d3b570cd26e90e	0
p1e-06	1e-06	0.2880013702819684	gpd-tail-extrapolation-below-held-out-range	7633ebb4a0d966dbda15a4e32d0efa492fb71aeb	sig	64	61180915be61455887ac261499455ac933cf976b292cab1a8180d759acc3ac2d	298.08	297.75	0.06	68168	12154	2981	306283	3d73347e9b0e8242b06a319182d2f34082bd507a5e9e4ea8094606e79cfe3b46	654e5bbfa03f4dc86b304acf8ee010701e4b328bbea84260cc775b69f8ef6436	0
p1e-06	1e-06	0.2880013702819684	gpd-tail-extrapolation-below-held-out-range	7633ebb4a0d966dbda15a4e32d0efa492fb71aeb	sig	65	61180915be61455887ac261499455ac933cf976b292cab1a8180d759acc3ac2d	297.51	297.37	0.04	67848	12945	3126	325494	c81c696450f13e9b15c68af93e48e37ea5070fe46f78d48331f8070294f4417f	9bd1127b2e6da938fd5174b6a0e540a78830faffa05708e48b614d64fdf27e7a	0
p1e-06	1e-06	0.2880013702819684	gpd-tail-extrapolation-below-held-out-range	7633ebb4a0d966dbda15a4e32d0efa492fb71aeb	sig	66	61180915be61455887ac261499455ac933cf976b292cab1a8180d759acc3ac2d	294.75	295.72	0.08	68296	12130	3007	305999	c9927180e576a56e014aeb139d6ad4987f12611c200d98237d167f09ea7eab90	dbf9feecc352033f91c5a949ca9cc4e25aff942b277eeeb1dcadb989a2fca767	0
p1e-06	1e-06	0.2880013702819684	gpd-tail-extrapolation-below-held-out-range	7633ebb4a0d966dbda15a4e32d0efa492fb71aeb	sig	67	61180915be61455887ac261499455ac933cf976b292cab1a8180d759acc3ac2d	297.24	297.06	0.04	68296	12189	3054	307869	61b1ae125f3077e56357c4c1d4fee238fde4fb094aa835297956238bfaf918ef	f01deb542a8e3a3bca34d9bf7d2a98468fb2840bb54ddc9cbae59ae434edad65	0
p1e-06	1e-06	0.2880013702819684	gpd-tail-extrapolation-below-held-out-range	7633ebb4a0d966dbda15a4e32d0efa492fb71aeb	sig	68	61180915be61455887ac261499455ac933cf976b292cab1a8180d759acc3ac2d	295.16	296.11	0.06	68172	13034	3118	327300	44e4fdaeb634e109b8132eae0ea00d0f74e8f1b198e807cbb1d7e9961d378385	dae455e0dc5a9a76f3a4ee3e590e0789c7d6acdf8a7e3188caeefc4bc3de12d3	0
p1e-06	1e-06	0.2880013702819684	gpd-tail-extrapolation-below-held-out-range	7633ebb4a0d966dbda15a4e32d0efa492fb71aeb	sig	69	61180915be61455887ac261499455ac933cf976b292cab1a8180d759acc3ac2d	298.29	298.13	0.04	68172	12690	3040	318772	162992eebd3cfea00b9f498b6062b5f8bc4e7e7b9f8de68aebc3cee3b5a41df0	53b7f4afc1eebe9e0eea2526b0b17a922e891918865a283e5fe52084d2d5d5e3	0
p1e-06	1e-06	0.2880013702819684	gpd-tail-extrapolation-below-held-out-range	7633ebb4a0d966dbda15a4e32d0efa492fb71aeb	sig	70	61180915be61455887ac261499455ac933cf976b292cab1a8180d759acc3ac2d	300.2	299.91	0.08	68040	12650	3011	317431	e5601bbe16c72ef632693e51529b3aedfcb43ac4b9fc788eb7504620bc5195c2	412728d178463725eb769f8820f12dd5ae95028b46bed9794b14f26e79b05698	0
p1e-06	1e-06	0.2880013702819684	gpd-tail-extrapolation-below-held-out-range	7633ebb4a0d966dbda15a4e32d0efa492fb71aeb	sig	71	61180915be61455887ac261499455ac933cf976b292cab1a8180d759acc3ac2d	297.45	297.35	0.06	68296	12304	3104	311073	24c2a4e542c739975f82e653b322df9bbfb71f37ac69988d1f88e1117eecdef0	18bd11a64ac58befaf3f7602af851a45e002069bd336f2a34dc007cb8dc8ba3a	0
p1e-06	1e-06	0.2880013702819684	gpd-tail-extrapolation-below-held-out-range	7633ebb4a0d966dbda15a4e32d0efa492fb71aeb	sig	72	61180915be61455887ac261499455ac933cf976b292cab1a8180d759acc3ac2d	298.46	298.31	0.04	68040	12215	3051	308434	32eaa16c51066d5d48f83fb32a413755a7a9b88b59b245b0d3414db44d954e0a	a34f07d1ff777a03e9559acdae0fa3e8a7b7c773f72ef57e1cd6102cda5304e4	0
p1e-06	1e-06	0.2880013702819684	gpd-tail-extrapolation-below-held-out-range	7633ebb4a0d966dbda15a4e32d0efa492fb71aeb	sig	73	61180915be61455887ac261499455ac933cf976b292cab1a8180d759acc3ac2d	297.0	296.77	0.07	68040	12453	3089	314132	7201878a0ff1331807b0c0a4f6712465f12bffe6f62e14a6ff39f15d9690e90a	433ac8e170b479948bcc51feceb7b6e62009027274e847b78bb18fef90deb371	0
p1e-06	1e-06	0.2880013702819684	gpd-tail-extrapolation-below-held-out-range	7633ebb4a0d966dbda15a4e32d0efa492fb71aeb	sig	74	61180915be61455887ac261499455ac933cf976b292cab1a8180d759acc3ac2d	297.66	296.91	0.05	68040	12277	3008	309283	3f8ce96e7b7a7b4bcb93c598b2941bf6baef088bf2d835e4aa426dae6c4dd85b	00f697164257d59fa384a0223ea11bd3904ff641f90040921a318fca71054d3d	0
p1e-06	1e-06	0.2880013702819684	gpd-tail-extrapolation-below-held-out-range	7633ebb4a0d966dbda15a4e32d0efa492fb71aeb	sig	75	61180915be61455887ac261499455ac933cf976b292cab1a8180d759acc3ac2d	298.29	298.15	0.07	68040	12048	2993	304134	201c8d200d25f2369a01c65041bf119db062f780da85cebab28ff0891fc1f62d	40fe969d4c6575455c60dc8fa3b744e78be8d392f6fd1a71b286c401bf5f38df	0
p1e-06	1e-06	0.2880013702819684	gpd-tail-extrapolation-below-held-out-range	7633ebb4a0d966dbda15a4e32d0efa492fb71aeb	sig	76	61180915be61455887ac261499455ac933cf976b292cab1a8180d759acc3ac2d	299.51	299.45	0.07	68168	11780	2993	298274	52e4e23caf68946ec48222d5742466a80af13281f9d49d6dd6f6c84c9ecbf3dd	32c36764380dca80a41f0f1e58f1b18614c8f242ad12521c1768bc5885b04e1b	0
p1e-06	1e-06	0.2880013702819684	gpd-tail-extrapolation-below-held-out-range	7633ebb4a0d966dbda15a4e32d0efa492fb71aeb	sig	77	61180915be61455887ac261499455ac933cf976b292cab1a8180d759acc3ac2d	320.01	320.78	0.05	68172	12841	3107	322866	f1988c7522b607846e8b8e49145e1c5c51c8f5cc1ed2b315490ec198369e158b	2c5f6569393d337a1e4a0dfe9231208d856592d3b95da0821ac4ca4b641da483	0
p1e-06	1e-06	0.2880013702819684	gpd-tail-extrapolation-below-held-out-range	7633ebb4a0d966dbda15a4e32d0efa492fb71aeb	sig	78	61180915be61455887ac261499455ac933cf976b292cab1a8180d759acc3ac2d	308.38	308.54	0.09	68296	12844	3082	322701	94ddd901e15e2e988075bb1a3fe4bfb982f42444ce964f51e8a2e8a4f5405684	47d7537551571aa1cb83e07334e5a3307e76fa7121682c203568b173fcec3416	0
p1e-06	1e-06	0.2880013702819684	gpd-tail-extrapolation-below-held-out-range	7633ebb4a0d966dbda15a4e32d0efa492fb71aeb	sig	79	61180915be61455887ac261499455ac933cf976b292cab1a8180d759acc3ac2d	303.14	303.02	0.07	68296	13251	3185	332826	bc9c07e18df30235f46d2f0cbb3835f047405d0b201ce2c793b7db866e62314f	c36c0ebd29045a10223099212a81d6353d6227830e481f17268966586275f391	0
p1e-06	1e-06	0.2880013702819684	gpd-tail-extrapolation-below-held-out-range	7633ebb4a0d966dbda15a4e32d0efa492fb71aeb	sig	80	61180915be61455887ac261499455ac933cf976b292cab1a8180d759acc3ac2d	303.96	303.97	0.08	68168	13048	3095	327324	6b5aff5fdb0d9e0694127b3e1735710de7c206ce66a8cd304d3de260e53d43f9	bb8a6f7f208baeb9ec4eebbefe15ad4db77ca64638377519b71a9109a3b6f1d3	0
p1e-06	1e-06	0.2880013702819684	gpd-tail-extrapolation-below-held-out-range	7633ebb4a0d966dbda15a4e32d0efa492fb71aeb	sig	81	61180915be61455887ac261499455ac933cf976b292cab1a8180d759acc3ac2d	310.61	310.81	0.07	68040	12341	3057	311339	ea093bb2e031d1310e298ee48b86c16b406550b84de899f95ad4b4afd73a7875	f317877d0e553954c95e4113e701e3a2c3dc9a037dca6c7de398e6e7b9fc867d	0
p1e-06	1e-06	0.2880013702819684	gpd-tail-extrapolation-below-held-out-range	7633ebb4a0d966dbda15a4e32d0efa492fb71aeb	sig	82	61180915be61455887ac261499455ac933cf976b292cab1a8180d759acc3ac2d	311.32	311.43	0.07	68044	12013	3014	303614	68f9aa166e2b1f9b5378c24d6a5eb6dcd32389bda0ee972705217d9c2f88af47	bdd0382c735cd1109cf97aa89f577c1abbe1682f401fcb870811baae52fd1c05	0
p1e-06	1e-06	0.2880013702819684	gpd-tail-extrapolation-below-held-out-range	7633ebb4a0d966dbda15a4e32d0efa492fb71aeb	sig	83	61180915be61455887ac261499455ac933cf976b292cab1a8180d759acc3ac2d	300.82	300.61	0.09	68168	12348	3020	311009	bc42689ec09dfd85bffe6f3bfbb723b5a14d9e7703e383944148d05bcb8caaa5	d232cc399dce297dd0007e4f931ea7dea2af8e9fc8352a50a77721f4fadbacc4	0
p1e-06	1e-06	0.2880013702819684	gpd-tail-extrapolation-below-held-out-range	7633ebb4a0d966dbda15a4e32d0efa492fb71aeb	sig	84	61180915be61455887ac261499455ac933cf976b292cab1a8180d759acc3ac2d	302.43	302.49	0.05	68168	13521	3101	337621	9b925608f3cab6615330f2604f1ddf3b2e87de01b133235828ecaa898a9812d0	c4760ef050897f64f1187d5c9406ff98345701ca1e27563c0cc9d2fbb1075fc3	0
p1e-06	1e-06	0.2880013702819684	gpd-tail-extrapolation-below-held-out-range	7633ebb4a0d966dbda15a4e32d0efa492fb71aeb	sig	85	61180915be61455887ac261499455ac933cf976b292cab1a8180d759acc3ac2d	297.44	296.69	0.07	67912	11059	2966	282119	af40eee7e188a0106767960ea493be573bb98a8e65955a0c1696494a1eb522e5	dd8ff12df83e95008ddb2dd08ca56fa00e9f942580f155d1a222ebb062d02678	0
p1e-06	1e-06	0.2880013702819684	gpd-tail-extrapolation-below-held-out-range	7633ebb4a0d966dbda15a4e32d0efa492fb71aeb	sig	86	61180915be61455887ac261499455ac933cf976b292cab1a8180d759acc3ac2d	299.39	299.24	0.03	68168	11935	2966	301137	dcfbd4215283893a0d5971dbe7225ac53b9c24f8901dc99b83b29882d62465ac	97cbaf4021ce0e993fb41043f62a726c0be7ac91d7cd767a2086243fb5e32e25	0
p1e-06	1e-06	0.2880013702819684	gpd-tail-extrapolation-below-held-out-range	7633ebb4a0d966dbda15a4e32d0efa492fb71aeb	sig	87	61180915be61455887ac261499455ac933cf976b292cab1a8180d759acc3ac2d	301.19	301.33	0.05	68040	11953	2967	301745	15572ed00b256837cac350e8984af2cf31bccbb547d219cd58aebae63260adc9	3cd2c9ddb9671307f7dd97208be01258eb9258924bcfd0c8b0462e6f1bdc64a8	0
p1e-06	1e-06	0.2880013702819684	gpd-tail-extrapolation-below-held-out-range	7633ebb4a0d966dbda15a4e32d0efa492fb71aeb	sig	88	61180915be61455887ac261499455ac933cf976b292cab1a8180d759acc3ac2d	297.54	297.89	0.04	68428	12978	3092	325740	6fe0c4a42fdc220e51bc6f71974d965515794450585e2f5ccbb8a085000d1bb0	ebe054c6aa1fbe657a9fac996e9d9ab4cc30e6de7439d92b3203b9ec29197d14	0
p1e-06	1e-06	0.2880013702819684	gpd-tail-extrapolation-below-held-out-range	7633ebb4a0d966dbda15a4e32d0efa492fb71aeb	sig	89	61180915be61455887ac261499455ac933cf976b292cab1a8180d759acc3ac2d	299.58	299.54	0.07	68296	12597	3085	317241	709d7a39208db676aa901052cd7dcc5208c1aa7aa80e3795cdc5bb748a4cf006	2e1c8784fd2f10445d95b9e0387c333f4efdbae5bf525304c09206621032ec44	0
p1e-06	1e-06	0.2880013702819684	gpd-tail-extrapolation-below-held-out-range	7633ebb4a0d966dbda15a4e32d0efa492fb71aeb	sig	90	61180915be61455887ac261499455ac933cf976b292cab1a8180d759acc3ac2d	300.75	300.85	0.06	68168	12453	3044	313615	7be90e04507164b7600190e8a983f1491e8623229acc18fec942e132225c0688	5b23dc81e5cd5ddce23b4f90b51870fa76ea60586acf989f1a1e043efafefbcd	0
p1e-06	1e-06	0.2880013702819684	gpd-tail-extrapolation-below-held-out-range	7633ebb4a0d966dbda15a4e32d0efa492fb71aeb	sig	91	61180915be61455887ac261499455ac933cf976b292cab1a8180d759acc3ac2d	299.68	299.75	0.09	68168	12806	3044	321335	e1de79ef2a8e419398d043191d42602e085e7199c4bad61688d1dbbfd08ce26e	0d93d02224bc468a5960625d7aa37f95197e0cef33539ee8a5d83c43817c8b61	0
p1e-06	1e-06	0.2880013702819684	gpd-tail-extrapolation-below-held-out-range	7633ebb4a0d966dbda15a4e32d0efa492fb71aeb	sig	92	61180915be61455887ac261499455ac933cf976b292cab1a8180d759acc3ac2d	298.52	298.57	0.06	68168	13033	3199	328193	4d62ed5cce483b4052d2a739a630c04056c3d06528b82ad161a539488667697e	324500ad1a3fe22681f6f268d8f14c7345cfa7dc907d1dfcc61b60a74511243d	0
p1e-06	1e-06	0.2880013702819684	gpd-tail-extrapolation-below-held-out-range	7633ebb4a0d966dbda15a4e32d0efa492fb71aeb	sig	93	61180915be61455887ac261499455ac933cf976b292cab1a8180d759acc3ac2d	298.93	298.73	0.07	68296	12427	3044	313028	909283c522086d259d24f50a787f6cb55dd4908441f378424999890141578fb2	5a445546dd3d7933e1d599bd996dbef772feb9388250175f0562130a0724bc23	0
p1e-06	1e-06	0.2880013702819684	gpd-tail-extrapolation-below-held-out-range	7633ebb4a0d966dbda15a4e32d0efa492fb71aeb	sig	94	61180915be61455887ac261499455ac933cf976b292cab1a8180d759acc3ac2d	300.44	300.44	0.04	68040	11506	2961	291879	e5cfe5489fa01ebc18b6bb2923bd2ec429b7e85a45ce9369049bc8f8da0c44d2	602bd43858993ec86a8696c2376af34222adf3c217536fdcb8ac8d7698c33842	0
p1e-06	1e-06	0.2880013702819684	gpd-tail-extrapolation-below-held-out-range	7633ebb4a0d966dbda15a4e32d0efa492fb71aeb	sig	95	61180915be61455887ac261499455ac933cf976b292cab1a8180d759acc3ac2d	316.26	315.57	0.07	68172	12057	3010	304322	8c1445babb02a1e47661b8d764862766bc577ce79e2ab82fb00dfb88d2f829ed	3b08d38e07276eded097c3107cf62f6f1a228e93a5788229f66ac2f31ff9b3e4	0
p1e-06	1e-06	0.2880013702819684	gpd-tail-extrapolation-below-held-out-range	7633ebb4a0d966dbda15a4e32d0efa492fb71aeb	sig	96	61180915be61455887ac261499455ac933cf976b292cab1a8180d759acc3ac2d	307.35	306.33	0.07	68168	13204	3015	329610	1cc6632f85bd3a5041e72fba6575c444a193c082378b0fe175f85acf66b36ad3	87babe501ced9b3d2419f83cc81b840a93e52f6046d713b505e69ee4da0eb5be	0
p1e-06	1e-06	0.2880013702819684	gpd-tail-extrapolation-below-held-out-range	7633ebb4a0d966dbda15a4e32d0efa492fb71aeb	sig	97	61180915be61455887ac261499455ac933cf976b292cab1a8180d759acc3ac2d	304.43	304.48	0.09	68168	12892	3186	325124	e176dd6d926b461f8f11bde05efae3dab44bb445fa4627f03e624e53e9885e4a	8850a82e8b7685230dc5f9c119ca02fe5ef9237a281d11dd7da01c1976141b63	0
p1e-06	1e-06	0.2880013702819684	gpd-tail-extrapolation-below-held-out-range	7633ebb4a0d966dbda15a4e32d0efa492fb71aeb	sig	98	61180915be61455887ac261499455ac933cf976b292cab1a8180d759acc3ac2d	303.84	303.96	0.07	68296	13256	3087	331821	4fe5128490056928e77867b476853cfece24c7844ed7852486fe3a918eddaa0d	e1c190592031c8cce72852a73c240e1ad69fc95c235808d2030d277ab93d8502	0
p1e-06	1e-06	0.2880013702819684	gpd-tail-extrapolation-below-held-out-range	7633ebb4a0d966dbda15a4e32d0efa492fb71aeb	sig	99	61180915be61455887ac261499455ac933cf976b292cab1a8180d759acc3ac2d	303.97	303.95	0.08	68172	12720	3051	319530	9b4cdb9d32ed59707806366eddbff9255f0cf0b3fbf89ba3ab0f1a99c834f55c	6956ffd10f800441a56de3d93b1e4f2486565ed23da38f207959fcbb6d9c57b7	0
p1e-06	1e-06	0.2880013702819684	gpd-tail-extrapolation-below-held-out-range	7633ebb4a0d966dbda15a4e32d0efa492fb71aeb	sig	100	61180915be61455887ac261499455ac933cf976b292cab1a8180d759acc3ac2d	271.14	271.02	0.07	68160	12725	3165	321129	e1723b564703145ba1f73de1349f0dcee8dc4a8e31552b11aaf90cad1c9986ed	738d8376ddcad97669bc11d806371ad11f7bede4106275dad4f414f678658a39	0
p1e-05	1e-05	0.2479512481172926	gpd-tail-extrapolation-below-held-out-range	7633ebb4a0d966dbda15a4e32d0efa492fb71aeb	tf	1	61180915be61455887ac261499455ac933cf976b292cab1a8180d759acc3ac2d	73.39	73.67	0.07	67024	9134	1513	221040	3b6607ca0f69ac4eca9664754ebb0b633c65144e9450f304003e6efde14bd51d	58750cbf872b8ee414ec8266b0f17117b595dc25b03bb681656f66fe31307e61	0
p1e-05	1e-05	0.2479512481172926	gpd-tail-extrapolation-below-held-out-range	7633ebb4a0d966dbda15a4e32d0efa492fb71aeb	tf	2	61180915be61455887ac261499455ac933cf976b292cab1a8180d759acc3ac2d	79.16	78.92	0.08	67112	9036	1420	217680	be526829bfd6a9efde3ca7d00476639c584ef739a01f37e1dddaafdc614166d4	eab62d49e93b7849bb2908bd0bdc3824fd823cafaa6a7fa41012b3ccc656dd30	0
p1e-05	1e-05	0.2479512481172926	gpd-tail-extrapolation-below-held-out-range	7633ebb4a0d966dbda15a4e32d0efa492fb71aeb	tf	3	61180915be61455887ac261499455ac933cf976b292cab1a8180d759acc3ac2d	76.08	76.22	0.07	66980	8620	1477	209355	5dde5275662a1d259a59e09717c8bdbc3b17057206dc76bd309a6df1c39a0374	1e512a026aed88eea87d2421e40fc9bef2656cf25e88746cf92db123bd56b1ef	0
p1e-05	1e-05	0.2479512481172926	gpd-tail-extrapolation-below-held-out-range	7633ebb4a0d966dbda15a4e32d0efa492fb71aeb	tf	4	61180915be61455887ac261499455ac933cf976b292cab1a8180d759acc3ac2d	90.07	89.78	0.07	66980	8722	1475	211604	b789aa1bf6f5419b5a8394554aff285c9d2cac71bb9f5cb8b5fa493f7d969c0e	98853dd365a01830208ee02111760e3b1b780f29b64c56ae07fe87bdbf95cbf0	0
p1e-05	1e-05	0.2479512481172926	gpd-tail-extrapolation-below-held-out-range	7633ebb4a0d966dbda15a4e32d0efa492fb71aeb	tf	5	61180915be61455887ac261499455ac933cf976b292cab1a8180d759acc3ac2d	79.84	80.11	0.05	66972	8580	1494	208762	ff6388d5929d165101f268bd8fd0b8b5f09ffab4e6fd53446a040d2d3ec4a4ab	d2980474ad4a8ffb0df052a0b0e29a39b77a652dc500fcad322ee1a174a95eee	0
p1e-05	1e-05	0.2479512481172926	gpd-tail-extrapolation-below-held-out-range	7633ebb4a0d966dbda15a4e32d0efa492fb71aeb	tf	6	61180915be61455887ac261499455ac933cf976b292cab1a8180d759acc3ac2d	83.29	82.93	0.1	67064	9472	1563	229148	1163300de89842dd0431fbc070a194b9bc394ea6d59e63c73a04428dfe0242af	e052270fb3c22b3005366cad76ed416a151c9f7c9e17ed90cc2f6dd5fbc7068e	0
p1e-05	1e-05	0.2479512481172926	gpd-tail-extrapolation-below-held-out-range	7633ebb4a0d966dbda15a4e32d0efa492fb71aeb	tf	7	61180915be61455887ac261499455ac933cf976b292cab1a8180d759acc3ac2d	78.64	78.04	0.07	67108	9574	1451	229922	af28e3030480da7c82d149326e19ea621b026ac8f63416ef6e9076fd969a3ff2	fdc079a00e801786ccd99e270d9516e82cf50386c6298f11cb6ac8800d7f810c	0
p1e-05	1e-05	0.2479512481172926	gpd-tail-extrapolation-below-held-out-range	7633ebb4a0d966dbda15a4e32d0efa492fb71aeb	tf	8	61180915be61455887ac261499455ac933cf976b292cab1a8180d759acc3ac2d	78.44	78.72	0.05	67236	10103	1534	242610	0f50539474aa46c6589f0dc3a677ec842d2bccea0941283efcfae220e5d921f1	a0040f0e344c33d3241b78b3a447df56ef054be2697fc6e1e0cc688b5f7c4a92	0
p1e-05	1e-05	0.2479512481172926	gpd-tail-extrapolation-below-held-out-range	7633ebb4a0d966dbda15a4e32d0efa492fb71aeb	tf	9	61180915be61455887ac261499455ac933cf976b292cab1a8180d759acc3ac2d	77.32	77.52	0.03	67036	9478	1515	228665	a78fdba70f41b3bdfb5ce16a9a991e3e36aa5b6cdbacf9918dd6d2a7b7b01912	25fa75cfc7c01e66309f7265220c03f66e4937bdbfbae22f5ae55c8d4adba94e	0
p1e-05	1e-05	0.2479512481172926	gpd-tail-extrapolation-below-held-out-range	7633ebb4a0d966dbda15a4e32d0efa492fb71aeb	tf	10	61180915be61455887ac261499455ac933cf976b292cab1a8180d759acc3ac2d	76.74	77.05	0.04	67108	9034	1464	218259	3e5f8c35b4780ac7058b490205b57fe0c1a2a36b73b083fff14698330a3b1860	98e915fceebcb8bb66799f8c363edaffcdc023ae92abaefb9f28ef789b7aa1b0	0
p1e-05	1e-05	0.2479512481172926	gpd-tail-extrapolation-below-held-out-range	7633ebb4a0d966dbda15a4e32d0efa492fb71aeb	tf	11	61180915be61455887ac261499455ac933cf976b292cab1a8180d759acc3ac2d	74.99	74.17	0.08	67112	8666	1517	210880	f9f97c1d7be9535a69ec175c7c074bf210c5d14e3c1659662c5bbcb862b0ebd5	063f1b14180b925fac589ac221d072768f62fd40fadab0854baf58a8cca6c039	0
p1e-05	1e-05	0.2479512481172926	gpd-tail-extrapolation-below-held-out-range	7633ebb4a0d966dbda15a4e32d0efa492fb71aeb	tf	12	61180915be61455887ac261499455ac933cf976b292cab1a8180d759acc3ac2d	80.21	79.54	0.07	67108	9223	1470	222546	a92528b8ac6d063b31b1165dd078aad2dfae8282163a18fe75edaaf29a6fd9ce	c8be1e6cb8e61c7f7f9f8237b7a3d5643466d31d126e03dc7ff84351e921be8a	0
p1e-05	1e-05	0.2479512481172926	gpd-tail-extrapolation-below-held-out-range	7633ebb4a0d966dbda15a4e32d0efa492fb71aeb	tf	13	61180915be61455887ac261499455ac933cf976b292cab1a8180d759acc3ac2d	77.54	78.01	0.07	66920	8401	1447	204185	fb32cc1b53bd62f2889df089f17692d1b8ab0a733f001ac3ad9b378e6d958c89	18d8cb2958497a7f59ceeb73f86f23b3f1515ca8ad8643f5176a1ec97c037117	0
p1e-05	1e-05	0.2479512481172926	gpd-tail-extrapolation-below-held-out-range	7633ebb4a0d966dbda15a4e32d0efa492fb71aeb	tf	14	61180915be61455887ac261499455ac933cf976b292cab1a8180d759acc3ac2d	82.9	82.05	0.08	67236	8368	1466	203739	c7154a577032693e60d3ef5c19553dcf62a13abdbb6b6ccf237456bc7f980e8e	a6166742605e98bd556fbe6394b417c291ee33b42445c51ddbeebaa79bc8cce8	0
p1e-05	1e-05	0.2479512481172926	gpd-tail-extrapolation-below-held-out-range	7633ebb4a0d966dbda15a4e32d0efa492fb71aeb	tf	15	61180915be61455887ac261499455ac933cf976b292cab1a8180d759acc3ac2d	72.46	74.89	0.04	67108	9394	1501	226570	1e4c7b094f5f300306abc12fda48ad948750ddd8286834482294326721842792	c9b7c849148d7ebab8184692cf11120eff0e2adfacb5d221466d7b9598451c97	0
p1e-05	1e-05	0.2479512481172926	gpd-tail-extrapolation-below-held-out-range	7633ebb4a0d966dbda15a4e32d0efa492fb71aeb	tf	16	61180915be61455887ac261499455ac933cf976b292cab1a8180d759acc3ac2d	75.82	75.7	0.05	67112	9263	1514	223917	4da34a890efb4cd6aecfee401b5b2ef7e9b2808ec9e115f645f1cf713e0732d0	3f892cd65b3d40d302489e197e45f2869b51d7435f20b291ca90c6b547215ee4	0
p1e-05	1e-05	0.2479512481172926	gpd-tail-extrapolation-below-held-out-range	7633ebb4a0d966dbda15a4e32d0efa492fb71aeb	tf	17	61180915be61455887ac261499455ac933cf976b292cab1a8180d759acc3ac2d	74.11	74.2	0.05	67108	9012	1481	218014	5500fb05c9f282b344ca28c7282a6b17a094fe989fe1938ecf62e7933a1031a8	ecd67aaef5e4fddf93120efd78d948fe2f242ce76d9c8fdc8907d055cc988a3b	0
p1e-05	1e-05	0.2479512481172926	gpd-tail-extrapolation-below-held-out-range	7633ebb4a0d966dbda15a4e32d0efa492fb71aeb	tf	18	61180915be61455887ac261499455ac933cf976b292cab1a8180d759acc3ac2d	75.47	74.49	0.09	66984	8510	1496	207198	b726efd505e123dcaced8cb43a3e61f441c414ce4a8caa5274db9d121a7bfcc7	94d5f8f7b21625d094c28d222fd0946f17ccfff8d867b1ca41a11a26d831caf5	0
p1e-05	1e-05	0.2479512481172926	gpd-tail-extrapolation-below-held-out-range	7633ebb4a0d966dbda15a4e32d0efa492fb71aeb	tf	19	61180915be61455887ac261499455ac933cf976b292cab1a8180d759acc3ac2d	75.38	75.57	0.04	67236	9024	1510	218655	10eb5cd23e5ba171a18815dc800657dcdc299001a74ca6fa241b5b7347d36dc2	c23543fe0751204617e3c68f9a83175a7e55ef1d3169787aa897cce83e6325db	0
p1e-05	1e-05	0.2479512481172926	gpd-tail-extrapolation-below-held-out-range	7633ebb4a0d966dbda15a4e32d0efa492fb71aeb	tf	20	61180915be61455887ac261499455ac933cf976b292cab1a8180d759acc3ac2d	74.96	75.13	0.08	67108	9007	1497	218115	c055ebfb7431ee066aaf9a59bf988d1b33ae9e04559e4efc59214c4bb1075387	6cc18b2f0ebb63dddc2362ebe864297b2e9869740eadbf2642efa50b318dea69	0
p1e-05	1e-05	0.2479512481172926	gpd-tail-extrapolation-below-held-out-range	7633ebb4a0d966dbda15a4e32d0efa492fb71aeb	tf	21	61180915be61455887ac261499455ac933cf976b292cab1a8180d759acc3ac2d	87.63	87.01	0.09	66980	9235	1519	223339	86932e697c3059529ba1e43c11a13fa86bf282ae04cd0b6fa53ecf4bf0d34ff0	7280e8907219128ac0f6a5758e6ddb4c5919b3ff7a35a585e2c3e5127ec10f01	0
p1e-05	1e-05	0.2479512481172926	gpd-tail-extrapolation-below-held-out-range	7633ebb4a0d966dbda15a4e32d0efa492fb71aeb	tf	22	61180915be61455887ac261499455ac933cf976b292cab1a8180d759acc3ac2d	75.11	75.31	0.07	67108	9198	1499	222295	1a3ab41c7b1927618fb755421188c3543a09bcd880ea0d11aae74ecd2259e3f5	6dd0e683de2d7351991b5d8643afb34e177fe703c38e1784216552c81b16e52f	0
p1e-05	1e-05	0.2479512481172926	gpd-tail-extrapolation-below-held-out-range	7633ebb4a0d966dbda15a4e32d0efa492fb71aeb	tf	23	61180915be61455887ac261499455ac933cf976b292cab1a8180d759acc3ac2d	76.03	76.26	0.04	66984	9172	1459	221134	b5d8d269453cbc93c65a908c888466936551deb8dee27f24a66856cf1fbb697f	ec357b7f68f1952ea254ee7834366f43ffdd8d3d62cc906f6b42d9051cffb48a	0
p1e-05	1e-05	0.2479512481172926	gpd-tail-extrapolation-below-held-out-range	7633ebb4a0d966dbda15a4e32d0efa492fb71aeb	tf	24	61180915be61455887ac261499455ac933cf976b292cab1a8180d759acc3ac2d	79.36	79.72	0.04	67108	8533	1502	207777	2a572aade6647fc155e0873408c6b70dc3d84251b6e65b1200602f22fcad4d46	5e92ec22d1f03e1ec75e20ffcb926465ab70614b2d31a9c8210361c51083ae01	0
p1e-05	1e-05	0.2479512481172926	gpd-tail-extrapolation-below-held-out-range	7633ebb4a0d966dbda15a4e32d0efa492fb71aeb	tf	25	61180915be61455887ac261499455ac933cf976b292cab1a8180d759acc3ac2d	75.26	75.38	0.06	66972	8882	1530	215705	47065638d88ea4f242802c398c3e17538c084722865cb8dd600d7e28a2a6dd43	9068987aa584fd167303bf6c832ac94fef9d51cce474349cf595af16fd917e04	0
p1e-05	1e-05	0.2479512481172926	gpd-tail-extrapolation-below-held-out-range	7633ebb4a0d966dbda15a4e32d0efa492fb71aeb	tf	26	61180915be61455887ac261499455ac933cf976b292cab1a8180d759acc3ac2d	77.23	77.43	0.09	67236	8728	1479	211722	1e0f9e9b7480f84da7952456c9868fd66276bb563c6549c53e2a9fbfee1a91f7	760d1f7ec993a4f6831d6af436e420fd256e95caa29b02b507170ac7687359fb	0
p1e-05	1e-05	0.2479512481172926	gpd-tail-extrapolation-below-held-out-range	7633ebb4a0d966dbda15a4e32d0efa492fb71aeb	tf	27	61180915be61455887ac261499455ac933cf976b292cab1a8180d759acc3ac2d	76.76	77.07	0.03	67108	8616	1508	209654	481c368bfd2f97ed6f79651b65013a086a46c3477187ac51973d934cc0f9a285	4632aecae5ecf5e439ea2a88595d812c382b392ad58e623a0b07a7d80ee20ab4	0
p1e-05	1e-05	0.2479512481172926	gpd-tail-extrapolation-below-held-out-range	7633ebb4a0d966dbda15a4e32d0efa492fb71aeb	tf	28	61180915be61455887ac261499455ac933cf976b292cab1a8180d759acc3ac2d	76.47	76.74	0.06	67108	9295	1465	223931	acab43303992ffcb6d66150e35eeaafd7b6bd3509ac8c21cf591cb9843b0f889	0075c4b4a6e903ef57f1f01a08b4ef9afc87709d3dbc5161f9d3803d794a033d	0
p1e-05	1e-05	0.2479512481172926	gpd-tail-extrapolation-below-held-out-range	7633ebb4a0d966dbda15a4e32d0efa492fb71aeb	tf	29	61180915be61455887ac261499455ac933cf976b292cab1a8180d759acc3ac2d	76.82	77.0	0.08	67236	9080	1493	219663	fb3e29769436fde22da5700c11beece5ca73c6d2835aa7f5a85eeaeb0af4c32b	76eec16515570d181d777d248c024711a3401e3e020a95959d58dc73a28b7fda	0
p1e-05	1e-05	0.2479512481172926	gpd-tail-extrapolation-below-held-out-range	7633ebb4a0d966dbda15a4e32d0efa492fb71aeb	tf	30	61180915be61455887ac261499455ac933cf976b292cab1a8180d759acc3ac2d	79.17	78.3	0.07	67044	9291	1530	224729	66420de5bd1058f254093b5893e992a5d971522b439dbdb899261efea26a2158	3ea28199eaf1f04eb1579711bf0c646152ad9203670d5c40838cebb0406f43f4	0
p1e-05	1e-05	0.2479512481172926	gpd-tail-extrapolation-below-held-out-range	7633ebb4a0d966dbda15a4e32d0efa492fb71aeb	tf	31	61180915be61455887ac261499455ac933cf976b292cab1a8180d759acc3ac2d	79.01	78.19	0.07	67236	9288	1497	224234	0f2b098e2d8e14b7195c4a2e33aa82e0a299a91ee52f8b2481abd2302d03427d	ce1ee4a1d4b9ac7020d71437695c9da9aa2fa82c9f15eb2306c82a2e25518073	0
p1e-05	1e-05	0.2479512481172926	gpd-tail-extrapolation-below-held-out-range	7633ebb4a0d966dbda15a4e32d0efa492fb71aeb	tf	32	61180915be61455887ac261499455ac933cf976b292cab1a8180d759acc3ac2d	79.29	78.45	0.06	67108	9208	1514	222706	0273ae8a1820c1c5e8ae9027484dba90b54b68194acb609259e1e16f9e47c61f	dd7c6ed6b7b147bc7be373a77b2c1bcfbbeefba59fa439a6205c72c3a7c00333	0
p1e-05	1e-05	0.2479512481172926	gpd-tail-extrapolation-below-held-out-range	7633ebb4a0d966dbda15a4e32d0efa492fb71aeb	tf	33	61180915be61455887ac261499455ac933cf976b292cab1a8180d759acc3ac2d	79.74	80.19	0.07	66980	8819	1485	213885	3b8f3ff5c703a4419d34b78953340038c35986cc6caab64869d33844e6b88030	058ee6bbfc65577bd0d574a93d1a4f58a5291218a4fb86eceb54cf67a5e45770	0
p1e-05	1e-05	0.2479512481172926	gpd-tail-extrapolation-below-held-out-range	7633ebb4a0d966dbda15a4e32d0efa492fb71aeb	tf	34	61180915be61455887ac261499455ac933cf976b292cab1a8180d759acc3ac2d	79.11	78.15	0.04	67236	9557	1550	230806	7a5573aa4593a4235f8e072ade5348007cf4514dc5a1c911561c8f760deef79d	3acf4d393876f5d2580bdfc66b36f4a9ffb06d066360548cab8fc22165acd99b	0
p1e-05	1e-05	0.2479512481172926	gpd-tail-extrapolation-below-held-out-range	7633ebb4a0d966dbda15a4e32d0efa492fb71aeb	tf	35	61180915be61455887ac261499455ac933cf976b292cab1a8180d759acc3ac2d	79.15	78.42	0.06	67100	8385	1413	203405	7c6121681bb0ec96f96d7d4e23baf797463609a0699f1b40dd65c60f645280c5	b89e6d3d764acb926aca4e1d61387401bf5a0d9558e74cc0c875c710c74a2b72	0
p1e-05	1e-05	0.2479512481172926	gpd-tail-extrapolation-below-held-out-range	7633ebb4a0d966dbda15a4e32d0efa492fb71aeb	tf	36	61180915be61455887ac261499455ac933cf976b292cab1a8180d759acc3ac2d	76.69	76.98	0.05	67236	9041	1504	218947	79c92b8e7554862c277cdc95140f251f446becf8937bb8b4d60a5a00305544cc	eec06c9b99b07d7535b5beb754eed65d13bbb531b1e810f8a125b4382aaac351	0
p1e-05	1e-05	0.2479512481172926	gpd-tail-extrapolation-below-held-out-range	7633ebb4a0d966dbda15a4e32d0efa492fb71aeb	tf	37	61180915be61455887ac261499455ac933cf976b292cab1a8180d759acc3ac2d	76.87	77.15	0.06	67236	9081	1499	219793	28bf2e32595987337c359b622c631c482527e751a137d38a4624267c4098a6d3	8fd0f91b8d77fe1efa767b71d76a33d94632e4aff3edb297dd442ae5fad73366	0
p1e-05	1e-05	0.2479512481172926	gpd-tail-extrapolation-below-held-out-range	7633ebb4a0d966dbda15a4e32d0efa492fb71aeb	tf	38	61180915be61455887ac261499455ac933cf976b292cab1a8180d759acc3ac2d	77.89	76.78	0.04	67108	9675	1558	233461	5729b1446fa219c5506b0d8fbd5f429ae5e832cb7693045f14e4c7c565d6844f	9e26bf0cb2ac29e89b2bd227cf2c36999c403dadd293291a416b3330a2e0f9a1	0
p1e-05	1e-05	0.2479512481172926	gpd-tail-extrapolation-below-held-out-range	7633ebb4a0d966dbda15a4e32d0efa492fb71aeb	tf	39	61180915be61455887ac261499455ac933cf976b292cab1a8180d759acc3ac2d	78.39	77.56	0.04	67236	9616	1533	231918	0c9dfe11c62e9e135a336933c99e01efa9f3849109a323461a9c5b7220d971c4	8606b52b6867babe24af149a2e26325120a53bab9d5e7e951887cc439afece82	0
p1e-05	1e-05	0.2479512481172926	gpd-tail-extrapolation-below-held-out-range	7633ebb4a0d966dbda15a4e32d0efa492fb71aeb	tf	40	61180915be61455887ac261499455ac933cf976b292cab1a8180d759acc3ac2d	77.21	77.5	0.04	66980	8879	1480	215140	42649e6a8aaa432a6fa363792968f1242159d98ca04c9e982bc4e6137a3006f2	60d9ebaae4a49fa582c2bc2e599048f1d2513c544a62f988a3b35fe46687c48f	0
p1e-05	1e-05	0.2479512481172926	gpd-tail-extrapolation-below-held-out-range	7633ebb4a0d966dbda15a4e32d0efa492fb71aeb	tf	41	61180915be61455887ac261499455ac933cf976b292cab1a8180d759acc3ac2d	77.19	77.52	0.05	66980	9360	1475	225541	118ef6c457473be70feb77f875d6bff3b7618d0ec863bbda5c80fdfa7de2ac8f	5a9f6357bf8eb04369df7a5e56ec8defb01bf0394f5e24ed89034b0e59f1f19c	0
p1e-05	1e-05	0.2479512481172926	gpd-tail-extrapolation-below-held-out-range	7633ebb4a0d966dbda15a4e32d0efa492fb71aeb	tf	42	61180915be61455887ac261499455ac933cf976b292cab1a8180d759acc3ac2d	78.32	77.28	0.08	66980	9211	1465	222180	5994420daca922aa6abf56d448216fa5b3f6bdbbece78b9a4140dd00221909d4	b670c4372949f69e67e0ade7bd3938229c0422da1800105d3a10b0e0f04dbb30	0
p1e-05	1e-05	0.2479512481172926	gpd-tail-extrapolation-below-held-out-range	7633ebb4a0d966dbda15a4e32d0efa492fb71aeb	tf	43	61180915be61455887ac261499455ac933cf976b292cab1a8180d759acc3ac2d	77.85	76.92	0.07	66984	9783	1513	235274	b1efe937527fea4515716b3435a34b5224cab487a05b555dd1953cb972e300bc	911f366975a146a52c2912387adda0e655c82137d3a6051af0e95c00bbb16121	0
p1e-05	1e-05	0.2479512481172926	gpd-tail-extrapolation-below-held-out-range	7633ebb4a0d966dbda15a4e32d0efa492fb71aeb	tf	44	61180915be61455887ac261499455ac933cf976b292cab1a8180d759acc3ac2d	78.03	78.36	0.07	66976	9501	1521	229238	7230fdddac1bdc89628390846814a43b204ef407b78a3a2ec45e33438397a93d	81be6b8c51200fac3c5b407007a4f8dd361a19d8a20d427c75a2272388b92bb0	0
p1e-05	1e-05	0.2479512481172926	gpd-tail-extrapolation-below-held-out-range	7633ebb4a0d966dbda15a4e32d0efa492fb71aeb	tf	45	61180915be61455887ac261499455ac933cf976b292cab1a8180d759acc3ac2d	74.42	74.62	0.07	67108	8807	1491	213590	d037b0a76574c961227e3a7192ef3502580b6f010e2738df0ccf44830afd434c	87ff46c1a2fb0fd4d6ed86b2a3fd5dfdf8087137fc1b268f5eaaa8ac13959877	0
p1e-05	1e-05	0.2479512481172926	gpd-tail-extrapolation-below-held-out-range	7633ebb4a0d966dbda15a4e32d0efa492fb71aeb	tf	46	61180915be61455887ac261499455ac933cf976b292cab1a8180d759acc3ac2d	78.34	78.78	0.05	66984	9224	1523	223204	c4d30be37f6452ba7da0ee5774a502cd450c901c4e721c01c543e85d85a3c987	3dd397478c782b4e63dd71bc432448de9f8c6f91842c8967120ddfd3c01f5617	0
p1e-05	1e-05	0.2479512481172926	gpd-tail-extrapolation-below-held-out-range	7633ebb4a0d966dbda15a4e32d0efa492fb71aeb	tf	47	61180915be61455887ac261499455ac933cf976b292cab1a8180d759acc3ac2d	79.9	78.98	0.08	67108	8705	1485	211364	6c015cbb7be1b2556dd05150c82a48a8b63a856cf32c1d1122c8b94d5f706bec	2d254eb4889b654e55950b15f50c2f1b61a85d036d734140bb00a16849fac162	0
p1e-05	1e-05	0.2479512481172926	gpd-tail-extrapolation-below-held-out-range	7633ebb4a0d966dbda15a4e32d0efa492fb71aeb	tf	48	61180915be61455887ac261499455ac933cf976b292cab1a8180d759acc3ac2d	78.47	77.58	0.07	67236	8672	1504	210839	73979148ef1e5eaeb77fee3d5486587aae868874c2d6f71594f56d49208ecdac	a39042bf628ba806c7783cee3e7d4f835ec0f885d5c3126c4074a4d7404864cb	0
p1e-05	1e-05	0.2479512481172926	gpd-tail-extrapolation-below-held-out-range	7633ebb4a0d966dbda15a4e32d0efa492fb71aeb	tf	49	61180915be61455887ac261499455ac933cf976b292cab1a8180d759acc3ac2d	79.1	78.21	0.06	66972	9139	1492	220890	8e6a3ea2c9c6c3397d76c1c0512ec68972db461884b9c77f6ac5ea9ca81502a9	1af3c8d8fa135f0f94316ad02d8364867689ccb358ecf46db9cae8673792562a	0
p1e-05	1e-05	0.2479512481172926	gpd-tail-extrapolation-below-held-out-range	7633ebb4a0d966dbda15a4e32d0efa492fb71aeb	tf	50	61180915be61455887ac261499455ac933cf976b292cab1a8180d759acc3ac2d	78.41	78.86	0.07	66980	8854	1497	214719	88c5efad263351f85777892b0bf60ad0b60b33180ea9f773dff5ffebf09ddd09	32defb566b651bc6de70f2eec5ba4f81a3f074ae9a6e61ba9a8c93d40465e87e	0
p1e-05	1e-05	0.2479512481172926	gpd-tail-extrapolation-below-held-out-range	7633ebb4a0d966dbda15a4e32d0efa492fb71aeb	tf	51	61180915be61455887ac261499455ac933cf976b292cab1a8180d759acc3ac2d	75.12	75.55	0.04	67108	9677	1582	233918	ed3c6d9d1505c8360655925ca880be69b43ee090d1513b6a8c8aec4349376cb5	1bf94db10641051023234acfb1109a71e8a8fb6d6dd4695ed64b928aefea167c	0
p1e-05	1e-05	0.2479512481172926	gpd-tail-extrapolation-below-held-out-range	7633ebb4a0d966dbda15a4e32d0efa492fb71aeb	tf	52	61180915be61455887ac261499455ac933cf976b292cab1a8180d759acc3ac2d	78.29	78.65	0.04	67108	8654	1482	210207	1cacaf35ed49284c341957cd4d71aaad9e7781d61ae58c23e567c2d1ec32a99d	0be24551529ff9ef18b5896493e5ed6994b1954f6a27111198dc37f5b24af659	0
p1e-05	1e-05	0.2479512481172926	gpd-tail-extrapolation-below-held-out-range	7633ebb4a0d966dbda15a4e32d0efa492fb71aeb	tf	53	61180915be61455887ac261499455ac933cf976b292cab1a8180d759acc3ac2d	75.02	75.2	0.09	67108	8857	1462	214347	f3839bc86dbb46785bf90de8c7bb5538feef2f074d45fedabaf3d2145dcb1bf3	736f77501dd4ebe2fc69a5a983f35456f71d9538ea85c0ecaadc940e190d0280	0
p1e-05	1e-05	0.2479512481172926	gpd-tail-extrapolation-below-held-out-range	7633ebb4a0d966dbda15a4e32d0efa492fb71aeb	tf	54	61180915be61455887ac261499455ac933cf976b292cab1a8180d759acc3ac2d	75.07	75.35	0.06	67108	9097	1497	220098	a83463c6b75c3b8a366fd08aeaa676fea42725a4e7e67a5c0dc8af67ed55a94c	6e7fb4ef0e0a8229c5020dd2c5b83e70348cb4fa931c270f1058127f007ccc8b	0
p1e-05	1e-05	0.2479512481172926	gpd-tail-extrapolation-below-held-out-range	7633ebb4a0d966dbda15a4e32d0efa492fb71aeb	tf	55	61180915be61455887ac261499455ac933cf976b292cab1a8180d759acc3ac2d	74.37	74.53	0.06	67108	8529	1494	207607	168456398a443c6fcc0d612e2b41a4f0f69968e2fb3ce764de4de7d327a8d589	70667a175e3d7f798632672f73def3945a66572e53bc2c693fbcedd2fed255fc	0
p1e-05	1e-05	0.2479512481172926	gpd-tail-extrapolation-below-held-out-range	7633ebb4a0d966dbda15a4e32d0efa492fb71aeb	tf	56	61180915be61455887ac261499455ac933cf976b292cab1a8180d759acc3ac2d	74.57	74.75	0.09	67108	8760	1472	212365	e83b72a3405dfaa68b9876249babf96b2e1dfb245e84e1fc27205b9435d984ad	67921bd29b49965489cde2456610bd7626ff07c7de5ef9c14b76ac1bcfc592c2	0
p1e-05	1e-05	0.2479512481172926	gpd-tail-extrapolation-below-held-out-range	7633ebb4a0d966dbda15a4e32d0efa492fb71aeb	tf	57	61180915be61455887ac261499455ac933cf976b292cab1a8180d759acc3ac2d	74.67	74.86	0.06	66936	9490	1468	228257	7fe819d30c594b64e35e7fe78a03ccd682f6663324853e00a7133fbc9e7a5486	9a962f5007e85d31b3f188e9452e359b03ec7598e8be9e6d8dd7b618fa9dc06c	0
p1e-05	1e-05	0.2479512481172926	gpd-tail-extrapolation-below-held-out-range	7633ebb4a0d966dbda15a4e32d0efa492fb71aeb	tf	58	61180915be61455887ac261499455ac933cf976b292cab1a8180d759acc3ac2d	74.3	74.49	0.06	67240	8608	1501	209440	bfe5ad62b0262b17f1080981f7003c71f0dfc8dd153dac2c9c50f91a34b60a3c	95679bd63e4d552585a2d5596e10774ff7b11e966a149d929d4884198995de99	0
p1e-05	1e-05	0.2479512481172926	gpd-tail-extrapolation-below-held-out-range	7633ebb4a0d966dbda15a4e32d0efa492fb71aeb	tf	59	61180915be61455887ac261499455ac933cf976b292cab1a8180d759acc3ac2d	75.99	74.81	0.05	67108	9027	1494	218505	36c06b1940d293a49380f4a3e90bb68f391d9ffdf308b3780dd9ccabc10e3db9	e5d5bab11c27103f7bb00bf6e7604e64f1867da1c184943a2065bf09c4cb01cc	0
p1e-05	1e-05	0.2479512481172926	gpd-tail-extrapolation-below-held-out-range	7633ebb4a0d966dbda15a4e32d0efa492fb71aeb	tf	60	61180915be61455887ac261499455ac933cf976b292cab1a8180d759acc3ac2d	73.01	73.24	0.07	67236	9540	1530	230159	7a8c6d2e6cc371959ae4e864942e96f2b4c310f5e9c16dd1882eefbd87829a4c	efe1fcc1f41571fdaabe856e994c05ba82fff4911197cc596ee3027611aed3c9	0
p1e-05	1e-05	0.2479512481172926	gpd-tail-extrapolation-below-held-out-range	7633ebb4a0d966dbda15a4e32d0efa492fb71aeb	tf	61	61180915be61455887ac261499455ac933cf976b292cab1a8180d759acc3ac2d	74.36	74.57	0.04	67112	9329	1525	225515	ed216325e83d268ec7a4fcb84139f938cf8bb73551d76afffb33f6d92aeef1a5	8a3bc666952ec2f9d789b4dbb670cabb0f3fd143b3b6769e3787a017bb15d516	0
p1e-05	1e-05	0.2479512481172926	gpd-tail-extrapolation-below-held-out-range	7633ebb4a0d966dbda15a4e32d0efa492fb71aeb	tf	62	61180915be61455887ac261499455ac933cf976b292cab1a8180d759acc3ac2d	73.55	73.73	0.06	67108	8934	1452	215836	6a5bc05881ecd1915d1e4a729b65efa74614f2c952cb51ae87c88e6755170796	d6bcfa21369c769b4195f8ad83d6535be8a9254e9201b8c28c84ed8fbb552959	0
p1e-05	1e-05	0.2479512481172926	gpd-tail-extrapolation-below-held-out-range	7633ebb4a0d966dbda15a4e32d0efa492fb71aeb	tf	63	61180915be61455887ac261499455ac933cf976b292cab1a8180d759acc3ac2d	73.67	73.89	0.06	67112	9014	1527	218683	527b4d352e5590ed86333e6a7328dec241659146b61016a9b716c4be83ae5460	3b85f406a7e071c792ebb0c6bab66e39fc0ce2d12197b2aef8d2852aa1c96f44	0
p1e-05	1e-05	0.2479512481172926	gpd-tail-extrapolation-below-held-out-range	7633ebb4a0d966dbda15a4e32d0efa492fb71aeb	tf	64	61180915be61455887ac261499455ac933cf976b292cab1a8180d759acc3ac2d	73.46	73.74	0.04	67108	8704	1477	211184	55663f6f503023cf781c6ac4f86bcae53ab76fdea419c14167c46c96214e0721	21b33fdd680b3b58fbd8781b0aa2593aa7e830cf8db4c224791f9caed02655f3	0
p1e-05	1e-05	0.2479512481172926	gpd-tail-extrapolation-below-held-out-range	7633ebb4a0d966dbda15a4e32d0efa492fb71aeb	tf	65	61180915be61455887ac261499455ac933cf976b292cab1a8180d759acc3ac2d	73.64	73.82	0.06	67112	8910	1518	216212	be52afdbc21d5f498a18c4881f655a90ac0ec9df74584efcd7931fa1c7243468	048787fb5d6236e97af28bc0c669572729048b0305495e13f9d47cc701c1587f	0
p1e-05	1e-05	0.2479512481172926	gpd-tail-extrapolation-below-held-out-range	7633ebb4a0d966dbda15a4e32d0efa492fb71aeb	tf	66	61180915be61455887ac261499455ac933cf976b292cab1a8180d759acc3ac2d	73.9	74.1	0.04	67112	8999	1533	218364	89646003f3496f8c37002adc2fa7c1c7f983d096c54eaa3153978ae0fe32c6e6	09133551fa87a745b614b215b5e295f12f3053cf61289bc6e5f3da37ee973052	0
p1e-05	1e-05	0.2479512481172926	gpd-tail-extrapolation-below-held-out-range	7633ebb4a0d966dbda15a4e32d0efa492fb71aeb	tf	67	61180915be61455887ac261499455ac933cf976b292cab1a8180d759acc3ac2d	74.99	73.87	0.06	67108	8691	1543	211793	cc0bcedd8707b40c08caa76ee77a7a835ef66842bb4fe204c7eb182c5bf749da	2c3c864e3762114a4de106b8231f239742df054862bccb81a2e252488f20ffe8	0
p1e-05	1e-05	0.2479512481172926	gpd-tail-extrapolation-below-held-out-range	7633ebb4a0d966dbda15a4e32d0efa492fb71aeb	tf	68	61180915be61455887ac261499455ac933cf976b292cab1a8180d759acc3ac2d	73.87	74.1	0.04	66980	9456	1549	228595	1cac8d269e3a17ae0301725e993965cd6ece4725d1f2ff1dccc4d99bbcfa5340	41d958b8f622a7ddeed809fa9e8206a25a16cad998cfa4d6c64f690fce2ef728	0
p1e-05	1e-05	0.2479512481172926	gpd-tail-extrapolation-below-held-out-range	7633ebb4a0d966dbda15a4e32d0efa492fb71aeb	tf	69	61180915be61455887ac261499455ac933cf976b292cab1a8180d759acc3ac2d	73.11	73.28	0.05	67100	9310	1465	224317	480a8e8f7e165785409758eca34eff3044260ce1d3394a20d6e7eb8fda51f844	23e118634e1d9998455dd9270112be3cd46615cc14030d781694b29fa1243fd2	0
p1e-05	1e-05	0.2479512481172926	gpd-tail-extrapolation-below-held-out-range	7633ebb4a0d966dbda15a4e32d0efa492fb71aeb	tf	70	61180915be61455887ac261499455ac933cf976b292cab1a8180d759acc3ac2d	74.88	73.83	0.07	66980	9252	1508	223583	4f5163ec0a631ef8d55309b0c18943f01150ec1b33b16f638cfd43cf670c12b4	c3fcde26a1de16abf1dbdaa1015b68a9abcfc06f2f05e4c94d77a468963c08d3	0
p1e-05	1e-05	0.2479512481172926	gpd-tail-extrapolation-below-held-out-range	7633ebb4a0d966dbda15a4e32d0efa492fb71aeb	tf	71	61180915be61455887ac261499455ac933cf976b292cab1a8180d759acc3ac2d	72.9	73.09	0.03	66980	9009	1506	218257	328dfdb5050ec196c27ecef690db8a00b259af72148265f544eba8010ad0cc3b	4aedd119d995fdd4fa518b4cb49252d2985ed3dabe109bcf18936505d08c9d4b	0
p1e-05	1e-05	0.2479512481172926	gpd-tail-extrapolation-below-held-out-range	7633ebb4a0d966dbda15a4e32d0efa492fb71aeb	tf	72	61180915be61455887ac261499455ac933cf976b292cab1a8180d759acc3ac2d	74.9	73.77	0.06	66984	8917	1478	215855	933c173a641036bbe721c09d33f863135b85826a7a9b09468d32e60d366d1fd9	cbf39566a22cc19193eadd696e810dad454653b265b7b81f6e3ad62546eb313a	0
p1e-05	1e-05	0.2479512481172926	gpd-tail-extrapolation-below-held-out-range	7633ebb4a0d966dbda15a4e32d0efa492fb71aeb	tf	73	61180915be61455887ac261499455ac933cf976b292cab1a8180d759acc3ac2d	73.92	74.02	0.07	67108	9232	1510	223204	d3f9ae4877e17ce3d16d1dfdd9fd6fd7dd1118dd298cd4b2d18547a41da2f8b6	03aeeaf1a8093539b5d7ae1c7b20877c147c0dc56922c05885d754b2bd8222d6	0
p1e-05	1e-05	0.2479512481172926	gpd-tail-extrapolation-below-held-out-range	7633ebb4a0d966dbda15a4e32d0efa492fb71aeb	tf	74	61180915be61455887ac261499455ac933cf976b292cab1a8180d759acc3ac2d	74.13	74.36	0.02	67108	9098	1506	220254	42a2c5e1736a334253e2743ce26a2c7c71a6f4b777a53d233272246b40f2a551	0e8849d6631b9226870183b12a674880d3a5c1180741b7b3d502e6eed9a32fe2	0
p1e-05	1e-05	0.2479512481172926	gpd-tail-extrapolation-below-held-out-range	7633ebb4a0d966dbda15a4e32d0efa492fb71aeb	tf	75	61180915be61455887ac261499455ac933cf976b292cab1a8180d759acc3ac2d	74.66	73.67	0.04	66980	8434	1488	205394	a16164799be461174349aabd7cde2f22077b4d3fab2e346d95bfbc25d7db240b	5309e17d47b5284ecaaedb7a67a8a5e7afa9ee504c2237bf1b43b7a457ecbddb	0
p1e-05	1e-05	0.2479512481172926	gpd-tail-extrapolation-below-held-out-range	7633ebb4a0d966dbda15a4e32d0efa492fb71aeb	tf	76	61180915be61455887ac261499455ac933cf976b292cab1a8180d759acc3ac2d	74.58	73.54	0.06	67236	8551	1515	208375	a5c154263fc041ce61ca15fce006b0e86203ab386c510572b134e462d2a6950b	b8de8886719ffb130c2d27f8b3ee8bad3634a82d20a114815bfc13dbaa093cd1	0
p1e-05	1e-05	0.2479512481172926	gpd-tail-extrapolation-below-held-out-range	7633ebb4a0d966dbda15a4e32d0efa492fb71aeb	tf	77	61180915be61455887ac261499455ac933cf976b292cab1a8180d759acc3ac2d	73.51	73.76	0.04	67108	9479	1481	228230	f90eb774c675bef94271dc55898142d4787643996494de3fca2bbd29aadd171e	686460b23f185fb7ae474f240448d65b135649737854fbab8d15658aecba7094	0
p1e-05	1e-05	0.2479512481172926	gpd-tail-extrapolation-below-held-out-range	7633ebb4a0d966dbda15a4e32d0efa492fb71aeb	tf	78	61180915be61455887ac261499455ac933cf976b292cab1a8180d759acc3ac2d	75.05	75.13	0.07	67096	9396	1466	226272	279311c0552f81f72070e8f7a25c7b1badab64270d7252752b4b91ed65f55240	d530cc09bfc0f85299353c3f295d0f8f84c3c55c2d0bf49a313e7fe8f047abdb	0
p1e-05	1e-05	0.2479512481172926	gpd-tail-extrapolation-below-held-out-range	7633ebb4a0d966dbda15a4e32d0efa492fb71aeb	tf	79	61180915be61455887ac261499455ac933cf976b292cab1a8180d759acc3ac2d	76.23	76.53	0.04	67108	9791	1547	235903	c59f70a3e2dd067322a80a0dd44be8983d65594e4043f362d385bb63fb7bbe6e	0bb2f9653f35d8c94b60c5dea91532771658b4235bd1709ca8f010922285ed73	0
p1e-05	1e-05	0.2479512481172926	gpd-tail-extrapolation-below-held-out-range	7633ebb4a0d966dbda15a4e32d0efa492fb71aeb	tf	80	61180915be61455887ac261499455ac933cf976b292cab1a8180d759acc3ac2d	75.45	75.73	0.04	67108	9429	1510	227463	eef6597ff32fd0ea9924f385c34fc3dc35619671d24c68dd3bc2f770d85b26df	d08ead00d2a1983e6b619a2ed60f87f939c9f6b73d1a815bc6aa8d78dd9ac3ea	0
p1e-05	1e-05	0.2479512481172926	gpd-tail-extrapolation-below-held-out-range	7633ebb4a0d966dbda15a4e32d0efa492fb71aeb	tf	81	61180915be61455887ac261499455ac933cf976b292cab1a8180d759acc3ac2d	75.52	75.79	0.05	67108	8830	1471	213835	0ee92a8d9e89db54a88446c3cdf05ad142811003d4ff243e9d50e3650e5d0e69	6f9549967bf923e2dad0457aac0871543b5dcddcfa7e35be78248498b0025ad9	0
p1e-05	1e-05	0.2479512481172926	gpd-tail-extrapolation-below-held-out-range	7633ebb4a0d966dbda15a4e32d0efa492fb71aeb	tf	82	61180915be61455887ac261499455ac933cf976b292cab1a8180d759acc3ac2d	75.94	76.22	0.06	67108	8745	1502	212449	69433b776cd0a367a0b94be221f34db82d93fbc707eda427330e5b56e87d4636	652f1dc6cd404ff6b0c3d8470d208749c2c8d351b19eb7df6de06adf5df25038	0
p1e-05	1e-05	0.2479512481172926	gpd-tail-extrapolation-below-held-out-range	7633ebb4a0d966dbda15a4e32d0efa492fb71aeb	tf	83	61180915be61455887ac261499455ac933cf976b292cab1a8180d759acc3ac2d	80.0	79.19	0.06	67112	9007	1492	218087	4afecc967b8ef2bc44e8711984aa29976dc9c01d1c38be919c6fd1458f3012bc	35619efd6b5e058997bc956afc930851d1fa15a118ff69a6742c9ff0ec308746	0
p1e-05	1e-05	0.2479512481172926	gpd-tail-extrapolation-below-held-out-range	7633ebb4a0d966dbda15a4e32d0efa492fb71aeb	tf	84	61180915be61455887ac261499455ac933cf976b292cab1a8180d759acc3ac2d	74.09	74.48	0.06	67108	9974	1570	240187	7ffefedf9a1c08c883a7081a1e95791115efd9930600a50ac597e60b7779e95b	bae49e72944769f872abd8f63833a5e0ab35d4cc21fa11d090b4aa15bc98887d	0
p1e-05	1e-05	0.2479512481172926	gpd-tail-extrapolation-below-held-out-range	7633ebb4a0d966dbda15a4e32d0efa492fb71aeb	tf	85	61180915be61455887ac261499455ac933cf976b292cab1a8180d759acc3ac2d	73.55	73.75	0.02	67108	8133	1490	198898	e04561d8714638ab95b6f3a7ab359ee330f886ebefc47fa75d60bbc8e0ff7224	6c971c986d39b67d5c90862b86f97936c7229b62d033939913ffe10c9bd91252	0
p1e-05	1e-05	0.2479512481172926	gpd-tail-extrapolation-below-held-out-range	7633ebb4a0d966dbda15a4e32d0efa492fb71aeb	tf	86	61180915be61455887ac261499455ac933cf976b292cab1a8180d759acc3ac2d	74.68	74.02	0.06	66980	8857	1489	214683	975d3fe58b9c15cbfbd2be2bfc9303dd205ca23fb1b15b13407b69a23255a5da	bd29f197ac4a7aee3f5556301c019cb74f8c88e14b51f14467794d273770cc2d	0
p1e-05	1e-05	0.2479512481172926	gpd-tail-extrapolation-below-held-out-range	7633ebb4a0d966dbda15a4e32d0efa492fb71aeb	tf	87	61180915be61455887ac261499455ac933cf976b292cab1a8180d759acc3ac2d	74.3	74.19	0.06	66980	8691	1494	211157	363b40290f54a8c87c22d220a245d7421e0c724510d12126360ddf12ebb22505	664dfb2dcd3fb5b98a7b74408e9c03a5c8d038e41a8bef2da45b0bec03b94fc2	0
p1e-05	1e-05	0.2479512481172926	gpd-tail-extrapolation-below-held-out-range	7633ebb4a0d966dbda15a4e32d0efa492fb71aeb	tf	88	61180915be61455887ac261499455ac933cf976b292cab1a8180d759acc3ac2d	74.45	74.55	0.08	66980	9335	1481	225095	81ecfa09b86038dd5c9ee80498cbf617f15eb25ca14eae2c53dc3af8f6d60021	926457ce76ce84811963bc711a5dfc8b9801a5081ad785143d47029ee2024879	0
p1e-05	1e-05	0.2479512481172926	gpd-tail-extrapolation-below-held-out-range	7633ebb4a0d966dbda15a4e32d0efa492fb71aeb	tf	89	61180915be61455887ac261499455ac933cf976b292cab1a8180d759acc3ac2d	73.99	74.39	0.04	67108	9301	1517	224790	03d05db53ba49c8a8ef01bfbbad35eee6882fbd457b563cbf7b5e930cb1a5152	6a27bb323d888ba4d04289769b8b643bdc57bda8f1faf957c3420a03c0547e41	0
p1e-05	1e-05	0.2479512481172926	gpd-tail-extrapolation-below-held-out-range	7633ebb4a0d966dbda15a4e32d0efa492fb71aeb	tf	90	61180915be61455887ac261499455ac933cf976b292cab1a8180d759acc3ac2d	74.05	74.17	0.04	67240	8673	1526	211134	fc819c254c1aadc00e3a39c401ae662cf1654a9ded6dd71b9b9387cbcca67125	b10d208508ebf8b4575875fb8e835665350dafab6437d9c1d2936e3cca255704	0
p1e-05	1e-05	0.2479512481172926	gpd-tail-extrapolation-below-held-out-range	7633ebb4a0d966dbda15a4e32d0efa492fb71aeb	tf	91	61180915be61455887ac261499455ac933cf976b292cab1a8180d759acc3ac2d	73.67	74.03	0.04	67108	9086	1514	220046	65f5bd182b261e0daf54db1930c05cfa363b0a439d1ce791b42eace94b783a3f	960f338bdfb9d8a5600189b2a0c18b1da39291c757105b868224ac19b9103b58	0
p1e-05	1e-05	0.2479512481172926	gpd-tail-extrapolation-below-held-out-range	7633ebb4a0d966dbda15a4e32d0efa492fb71aeb	tf	92	61180915be61455887ac261499455ac933cf976b292cab1a8180d759acc3ac2d	74.34	74.53	0.03	67108	9613	1500	231359	eba3f44ef6544a2dce7555b153e7542457a92e9fccaceb237f96f1f4291a5b40	665429f12e09959b19a4576dd31291cfc5f45bd088b31534359d8d401576050d	0
p1e-05	1e-05	0.2479512481172926	gpd-tail-extrapolation-below-held-out-range	7633ebb4a0d966dbda15a4e32d0efa492fb71aeb	tf	93	61180915be61455887ac261499455ac933cf976b292cab1a8180d759acc3ac2d	73.72	73.82	0.06	67108	9071	1469	219138	460b35e821a35e4d8a34812add793a59f6cd982d1c5af412f85e17d34f0c9779	e8fe4afbedcac0f2f5ec7a8ecc10be011ad67d38f7e8ab50396426123701aee2	0
p1e-05	1e-05	0.2479512481172926	gpd-tail-extrapolation-below-held-out-range	7633ebb4a0d966dbda15a4e32d0efa492fb71aeb	tf	94	61180915be61455887ac261499455ac933cf976b292cab1a8180d759acc3ac2d	74.15	74.39	0.04	67112	8406	1501	204999	5eac938e68f55619c391c51adf38e74d8a3932ca020841c3b80e4652cbe7561d	de1473a23a26e42da4cbb43741834902d7416f94325646ac96a4e223806c26b9	0
p1e-05	1e-05	0.2479512481172926	gpd-tail-extrapolation-below-held-out-range	7633ebb4a0d966dbda15a4e32d0efa492fb71aeb	tf	95	61180915be61455887ac261499455ac933cf976b292cab1a8180d759acc3ac2d	73.52	73.75	0.08	66964	8848	1495	214620	c415c61181f812702b5b038b77f415203606eb9f4bbfde4902aeaa905ddd4f66	e35b8be47f521b9589f5bdc6eae38227c678fb262bac9c1b1765b61b2c76bea6	0
p1e-05	1e-05	0.2479512481172926	gpd-tail-extrapolation-below-held-out-range	7633ebb4a0d966dbda15a4e32d0efa492fb71aeb	tf	96	61180915be61455887ac261499455ac933cf976b292cab1a8180d759acc3ac2d	80.68	79.93	0.06	66980	9625	1481	231376	0a10b7e2510b6d7b88a3e26d96c2bfb82565009d87bf45594baf372775229852	e12f8f64cbf97bb8217f4bbac001ba508df3b7255424effa463a35d66526bc87	0
p1e-05	1e-05	0.2479512481172926	gpd-tail-extrapolation-below-held-out-range	7633ebb4a0d966dbda15a4e32d0efa492fb71aeb	tf	97	61180915be61455887ac261499455ac933cf976b292cab1a8180d759acc3ac2d	77.27	76.37	0.07	67108	9296	1559	225232	5ef8cfe25ebefe169feffe150d46134ebf71367b5a8cddc79d729f83572f0dec	cf2ef1e3a1f2edbf35dcc642a6cd51baf8a23ecd3da338175d18bd4f6d37b333	0
p1e-05	1e-05	0.2479512481172926	gpd-tail-extrapolation-below-held-out-range	7633ebb4a0d966dbda15a4e32d0efa492fb71aeb	tf	98	61180915be61455887ac261499455ac933cf976b292cab1a8180d759acc3ac2d	76.8	75.79	0.06	67108	9633	1488	231760	b32be4fa238e20313a9fc3f01c63a791786b5cc1679dfeecc79e85bc33c5e69e	0a03fe90f528dfd3a146039d2a4b75093e362516d1719e97708f1904b8deb76e	0
p1e-05	1e-05	0.2479512481172926	gpd-tail-extrapolation-below-held-out-range	7633ebb4a0d966dbda15a4e32d0efa492fb71aeb	tf	99	61180915be61455887ac261499455ac933cf976b292cab1a8180d759acc3ac2d	77.28	76.29	0.05	67108	9478	1523	228721	3438204bdb7e15bfec9e6d4ebdae3c6b718372fafd14d501acc6aa1e504fa1c9	4ce0600b3f641a516b1af73bc1493564111b41cb33ac29b2764c513a8ca24f82	0
p1e-05	1e-05	0.2479512481172926	gpd-tail-extrapolation-below-held-out-range	7633ebb4a0d966dbda15a4e32d0efa492fb71aeb	tf	100	61180915be61455887ac261499455ac933cf976b292cab1a8180d759acc3ac2d	75.52	75.6	0.07	67108	9176	1523	222107	b15c252282e416201a368d828fe5c0a9d781cfcd52310fc2b1199e8fa5530e9c	80f24bbf90beaeca4aae378ae02186bfc07bba2b58664399b976315b49cabca6	0
p1e-05	1e-05	0.2479512481172926	gpd-tail-extrapolation-below-held-out-range	7633ebb4a0d966dbda15a4e32d0efa492fb71aeb	sig	1	61180915be61455887ac261499455ac933cf976b292cab1a8180d759acc3ac2d	309.97	309.9	0.08	68936	26177	6389	657461	b6a6b27502d10d8168914a32fdd86168820ca80c34039f2a54b892fde916e529	c528b87f49a5e3bf89071251debc617b84bbe068e3cdc823e23ba4502f6cfaef	0
p1e-05	1e-05	0.2479512481172926	gpd-tail-extrapolation-below-held-out-range	7633ebb4a0d966dbda15a4e32d0efa492fb71aeb	sig	2	61180915be61455887ac261499455ac933cf976b292cab1a8180d759acc3ac2d	318.49	318.04	0.1	68936	25838	6329	649368	d6673c94624d84affef5ab3babb00e3ef05b51663e566a73a58f3c9e66058b03	6bb2ff0d4876a26124b4b4a93a3093440dbcdae47cbece38c73adcb7d1882b43	0
p1e-05	1e-05	0.2479512481172926	gpd-tail-extrapolation-below-held-out-range	7633ebb4a0d966dbda15a4e32d0efa492fb71aeb	sig	3	61180915be61455887ac261499455ac933cf976b292cab1a8180d759acc3ac2d	342.01	342.25	0.09	68684	24219	6265	613086	457739ffa9cefd3c69baa256af4ba678bc55d08b7e3784f3d386d9b6e51fc3ca	20aff27315217c5091122cf07f98aac551caabdccd42272cccafa15998cd0ff6	0
p1e-05	1e-05	0.2479512481172926	gpd-tail-extrapolation-below-held-out-range	7633ebb4a0d966dbda15a4e32d0efa492fb71aeb	sig	4	61180915be61455887ac261499455ac933cf976b292cab1a8180d759acc3ac2d	332.25	332.01	0.09	68808	25738	6315	646944	2781f487176f045d3988acb3c2acebfa3a15155564f9c7bd1fd4429c25bc9eae	1773268d01647ceb2c1960e0d7339d351a8674d36de0d67d6da28cb888701b4e	0
p1e-05	1e-05	0.2479512481172926	gpd-tail-extrapolation-below-held-out-range	7633ebb4a0d966dbda15a4e32d0efa492fb71aeb	sig	5	61180915be61455887ac261499455ac933cf976b292cab1a8180d759acc3ac2d	331.81	331.65	0.13	68812	24794	6353	626783	dd6d09272765744ac12d06bbf2c59cf724f19ca167737c9c9591a63b71d3f4f6	c50688235233a00452b407afda149141dee6bb34504f360dc30f3fd536602c89	0
p1e-05	1e-05	0.2479512481172926	gpd-tail-extrapolation-below-held-out-range	7633ebb4a0d966dbda15a4e32d0efa492fb71aeb	sig	6	61180915be61455887ac261499455ac933cf976b292cab1a8180d759acc3ac2d	321.47	321.14	0.09	68940	25796	6383	649118	92a2631570e36b5bfb765531d1c293a211f044a15108aab915777fec3be81959	862c4b5532e3e9da43e64c52644d8ca6fd38bc2be90760df455c4da52d680fd8	0
p1e-05	1e-05	0.2479512481172926	gpd-tail-extrapolation-below-held-out-range	7633ebb4a0d966dbda15a4e32d0efa492fb71aeb	sig	7	61180915be61455887ac261499455ac933cf976b292cab1a8180d759acc3ac2d	316.76	316.48	0.09	69192	27007	6347	675221	0300270ed1780392525cc74a240ffa0359115065a83369df1677ecc1af8b464e	fd16a1ff9e69e84ab4d8f2b964b0d368846526fff7cc99d808115f44da6cdb98	0
p1e-05	1e-05	0.2479512481172926	gpd-tail-extrapolation-below-held-out-range	7633ebb4a0d966dbda15a4e32d0efa492fb71aeb	sig	8	61180915be61455887ac261499455ac933cf976b292cab1a8180d759acc3ac2d	311.28	311.54	0.09	69312	28196	6395	701802	34676a39bfe8ea269f72f0bd9bbe752b4a8ea996a0ee8222828ff5eaa38e9689	493d81853d319dd00e16fe5d44557d6957d9a2797e5bc0113a25ee469770f26a	0
p1e-05	1e-05	0.2479512481172926	gpd-tail-extrapolation-below-held-out-range	7633ebb4a0d966dbda15a4e32d0efa492fb71aeb	sig	9	61180915be61455887ac261499455ac933cf976b292cab1a8180d759acc3ac2d	313.01	312.11	0.08	69192	26111	6408	656376	9853d8cd9a94ba102a07030c9860972f034d1f4b7a8da227f37f92a0959ad835	6a58123f20c26092bee9a8803d2e52576c44788d00a6b2e525cc7274c637e64e	0
p1e-05	1e-05	0.2479512481172926	gpd-tail-extrapolation-below-held-out-range	7633ebb4a0d966dbda15a4e32d0efa492fb71aeb	sig	10	61180915be61455887ac261499455ac933cf976b292cab1a8180d759acc3ac2d	313.16	313.49	0.08	68936	26210	6378	658107	4901da53aefa81521cca48a6cf6eefb8da19f7eecffdb270edf450157af16a85	bd64bb8635ea93df07ae6fe693afead1535bb029da45be9f9a6acf4f0741ad04	0
p1e-05	1e-05	0.2479512481172926	gpd-tail-extrapolation-below-held-out-range	7633ebb4a0d966dbda15a4e32d0efa492fb71aeb	sig	11	61180915be61455887ac261499455ac933cf976b292cab1a8180d759acc3ac2d	320.65	320.11	0.07	69064	25506	6413	643166	13423d86cdf01abfe48da879d8e707faa18241b16e1b35603ee0c13a7c99931b	48ce11d9fc46aa16c676b1f07938a6f17695f02aeec9e78e3ea8219c7f1a0a46	0
p1e-05	1e-05	0.2479512481172926	gpd-tail-extrapolation-below-held-out-range	7633ebb4a0d966dbda15a4e32d0efa492fb71aeb	sig	12	61180915be61455887ac261499455ac933cf976b292cab1a8180d759acc3ac2d	312.34	311.44	0.09	68936	26338	6357	660703	19781f5979b0f4534f4d4379450371e7b4077c32529079d4ba83e969bd3707dc	87727e1c11480eea974aad8a9b65bfa6ac67f5264b9cf02f79989f6992557994	0
p1e-05	1e-05	0.2479512481172926	gpd-tail-extrapolation-below-held-out-range	7633ebb4a0d966dbda15a4e32d0efa492fb71aeb	sig	13	61180915be61455887ac261499455ac933cf976b292cab1a8180d759acc3ac2d	308.72	310.06	0.09	68684	23646	6181	599404	2aea5ad82dc59190c09c77ef744a24b3a1f8f59496fab81447753715c78ac527	14b8a70f3f5cae220403be2cf8c124ef7b3997c3c9b3d70bd7886df89a53d648	0
p1e-05	1e-05	0.2479512481172926	gpd-tail-extrapolation-below-held-out-range	7633ebb4a0d966dbda15a4e32d0efa492fb71aeb	sig	14	61180915be61455887ac261499455ac933cf976b292cab1a8180d759acc3ac2d	307.18	306.92	0.06	68684	24014	6207	607825	6ebe41e0bd1b1e3e9e107680883e52d1fb88569659b56e1abc568da0b70e34c1	25895fc742dd34a32a4fa307b025f1887baee8a43c7a21a1246c55167eab8f0d	0
p1e-05	1e-05	0.2479512481172926	gpd-tail-extrapolation-below-held-out-range	7633ebb4a0d966dbda15a4e32d0efa492fb71aeb	sig	15	61180915be61455887ac261499455ac933cf976b292cab1a8180d759acc3ac2d	307.06	306.77	0.08	68984	26556	6353	665287	3c32e6aa715c54f60faad2de52f6689e94cf4961a9380f81f9556a20b91b9dba	a0931b58f6d75a980d7cdaec8e311283784a038618f57740ea642a4122f35ea8	0
p1e-05	1e-05	0.2479512481172926	gpd-tail-extrapolation-below-held-out-range	7633ebb4a0d966dbda15a4e32d0efa492fb71aeb	sig	16	61180915be61455887ac261499455ac933cf976b292cab1a8180d759acc3ac2d	305.93	306.24	0.06	69184	26880	6370	672749	a5d6bb0edc13834be086cb59af8429d2241eafe821ca683466c49303cf6e9ba5	590334c9d9941f5dd2e6deb8a7fb2300c380f458df679d677beb62a585899d87	0
p1e-05	1e-05	0.2479512481172926	gpd-tail-extrapolation-below-held-out-range	7633ebb4a0d966dbda15a4e32d0efa492fb71aeb	sig	17	61180915be61455887ac261499455ac933cf976b292cab1a8180d759acc3ac2d	306.03	305.92	0.09	69196	25121	6268	632817	9788c87f427e47795e1d606cfe4b49500497ca9f445a724ded3576af25a93ffd	316a93cd56baacf347ba3dd8c1a9387580373210b675449c4dd3e9505e79ceb7	0
p1e-05	1e-05	0.2479512481172926	gpd-tail-extrapolation-below-held-out-range	7633ebb4a0d966dbda15a4e32d0efa492fb71aeb	sig	18	61180915be61455887ac261499455ac933cf976b292cab1a8180d759acc3ac2d	307.08	306.31	0.08	68680	24434	6206	617097	394aa77a9fc10c73ac2f7bd69ec0dea0434e2e16296a71c4599c981cc44b34e3	dbc6273ae0bbd20af2ee47cbcf85122dd24758b055b5b5ae497aa31252d0b22b	0
p1e-05	1e-05	0.2479512481172926	gpd-tail-extrapolation-below-held-out-range	7633ebb4a0d966dbda15a4e32d0efa492fb71aeb	sig	19	61180915be61455887ac261499455ac933cf976b292cab1a8180d759acc3ac2d	317.56	316.98	0.05	68808	25517	6363	642769	9c84e3696133f418e6e222aaa9547f8d035a8459d3fd03310ac6348401a485f1	b6126bd571e192798874e5da5310c7ad8d0a6e353d43b33c246fbcc9e1a242b7	0
p1e-05	1e-05	0.2479512481172926	gpd-tail-extrapolation-below-held-out-range	7633ebb4a0d966dbda15a4e32d0efa492fb71aeb	sig	20	61180915be61455887ac261499455ac933cf976b292cab1a8180d759acc3ac2d	349.75	350.28	0.11	68752	26693	6349	668283	01ec170bd824d135001f5965b82dddeb3b98e20114a6a41a64b0c2823911b38a	94d8e6cb5885d4646afb03096d8b359d9204e1bef08fddf0158f6358388b615d	0
p1e-05	1e-05	0.2479512481172926	gpd-tail-extrapolation-below-held-out-range	7633ebb4a0d966dbda15a4e32d0efa492fb71aeb	sig	21	61180915be61455887ac261499455ac933cf976b292cab1a8180d759acc3ac2d	310.99	310.21	0.07	68936	27112	6390	677985	e0760b7068cd49b214b890d26924b06553d0d1588012b554cc187d12894b15f5	cf044e691494a650576574d70829695c787549f30e85fd803ac68b0019fc88cb	0
p1e-05	1e-05	0.2479512481172926	gpd-tail-extrapolation-below-held-out-range	7633ebb4a0d966dbda15a4e32d0efa492fb71aeb	sig	22	61180915be61455887ac261499455ac933cf976b292cab1a8180d759acc3ac2d	309.79	310.0	0.09	68808	24997	6267	630005	05a64699088d39c2a87872ed205a23d0f55e350b1adb225d4d1f3f3f5174738e	9225cbb37304a3feb7301c30b95395d31a06415dc899ecde8bce4b93960f76c0	0
p1e-05	1e-05	0.2479512481172926	gpd-tail-extrapolation-below-held-out-range	7633ebb4a0d966dbda15a4e32d0efa492fb71aeb	sig	23	61180915be61455887ac261499455ac933cf976b292cab1a8180d759acc3ac2d	317.32	317.83	0.07	69068	25596	6280	643367	b3e947c8f9a7bf9880ba6b2b79061633fba514dac3359358920a8890f70e605b	1c2804b362f489ec0ec3821b5d46bdd2921349e51005b8cf5b5ad505a789e221	0
p1e-05	1e-05	0.2479512481172926	gpd-tail-extrapolation-below-held-out-range	7633ebb4a0d966dbda15a4e32d0efa492fb71aeb	sig	24	61180915be61455887ac261499455ac933cf976b292cab1a8180d759acc3ac2d	315.38	314.58	0.08	68936	25312	6422	638970	c3aa3c41ab52d116ba12a41785ed525db61a435a846642ece92d09f3a6c019b1	cc0697ccfd927459bc5efb37582fc197d01876dcf3083fb25b365334cb081ecd	0
p1e-05	1e-05	0.2479512481172926	gpd-tail-extrapolation-below-held-out-range	7633ebb4a0d966dbda15a4e32d0efa492fb71aeb	sig	25	61180915be61455887ac261499455ac933cf976b292cab1a8180d759acc3ac2d	313.89	314.28	0.07	69192	25478	6404	642443	887b099ba8f4e95e32185f45cbe98b73bcec261e76934f56c6a8d59c66589910	d4101ec26d7bde30d741ba0e7d8d05656d753f3aaf810272ec56a4307372d99d	0
p1e-05	1e-05	0.2479512481172926	gpd-tail-extrapolation-below-held-out-range	7633ebb4a0d966dbda15a4e32d0efa492fb71aeb	sig	26	61180915be61455887ac261499455ac933cf976b292cab1a8180d759acc3ac2d	312.19	312.51	0.07	69192	25090	6393	633871	476ec173b8d3e9ecfae0029daeedb4e502fe05c9ee90ee06d49eba647e4f0875	db85a832cd5128b265a3b74e0ccefb58992b2828450cbd9a8b9edc352d8ac5a2	0
p1e-05	1e-05	0.2479512481172926	gpd-tail-extrapolation-below-held-out-range	7633ebb4a0d966dbda15a4e32d0efa492fb71aeb	sig	27	61180915be61455887ac261499455ac933cf976b292cab1a8180d759acc3ac2d	314.44	313.68	0.08	68936	24837	6219	626090	10c89b8ba9edff0c1deb864a9ef5dbbb69c6a1db3a323dcab1db59bbfb71559b	93c78c46e4a2257b86dcc74501bcea17f04c4df068c95386761f06dd195d1e18	0
p1e-05	1e-05	0.2479512481172926	gpd-tail-extrapolation-below-held-out-range	7633ebb4a0d966dbda15a4e32d0efa492fb71aeb	sig	28	61180915be61455887ac261499455ac933cf976b292cab1a8180d759acc3ac2d	312.55	311.68	0.07	69064	25290	6296	636828	e1fb7ebccc660c2a2d494996c4b65b33ed8eeb59594524c27e796f6565d82eb0	3131951470fbaf77b51df26b232d973a2c237c9ae9a1be71954123cd7b1971f8	0
p1e-05	1e-05	0.2479512481172926	gpd-tail-extrapolation-below-held-out-range	7633ebb4a0d966dbda15a4e32d0efa492fb71aeb	sig	29	61180915be61455887ac261499455ac933cf976b292cab1a8180d759acc3ac2d	316.06	316.51	0.09	68808	24989	6219	629466	5f89672bb4cbc0b753f4ec19dab15aeeec94cda76435a5fdd4ba4d884c1d1631	aa404ce80a9494867c7e1688927403c5d2051c7641e69a80873cd343c1b9158e	0
p1e-05	1e-05	0.2479512481172926	gpd-tail-extrapolation-below-held-out-range	7633ebb4a0d966dbda15a4e32d0efa492fb71aeb	sig	30	61180915be61455887ac261499455ac933cf976b292cab1a8180d759acc3ac2d	311.47	312.01	0.07	68936	27500	6429	687045	98c76044adddb700738250ce6d0a70d4f89a7db94bdc747863e6ca4c23700bca	2301147790ff8c936cc7fae4a200d72eb8d8ccc23bda01bf597f9d49b52c1304	0
p1e-05	1e-05	0.2479512481172926	gpd-tail-extrapolation-below-held-out-range	7633ebb4a0d966dbda15a4e32d0efa492fb71aeb	sig	31	61180915be61455887ac261499455ac933cf976b292cab1a8180d759acc3ac2d	313.13	312.05	0.06	68936	26319	6363	660270	1b36ed4f23e60501ad00c41737f57965390fda54905f329bb3b8fb7c06ddc648	3768c39bb25cee85cdce8aba9f63607efb55ab480204638f7853f42a7b31a3b4	0
p1e-05	1e-05	0.2479512481172926	gpd-tail-extrapolation-below-held-out-range	7633ebb4a0d966dbda15a4e32d0efa492fb71aeb	sig	32	61180915be61455887ac261499455ac933cf976b292cab1a8180d759acc3ac2d	313.03	312.12	0.07	69064	26560	6394	666093	371c498fe04781b2bf9f6f126300651703a98a98a89b2b6794760b072c3955e2	6d11f38c334d580de613a22f0dfbcb853096fd8f77bddcacbcf2e36b6bec9677	0
p1e-05	1e-05	0.2479512481172926	gpd-tail-extrapolation-below-held-out-range	7633ebb4a0d966dbda15a4e32d0efa492fb71aeb	sig	33	61180915be61455887ac261499455ac933cf976b292cab1a8180d759acc3ac2d	311.82	312.21	0.07	68808	25302	6287	636978	88e4bce2c821203aa32b2054b494b5a6e7531ed9206c254ae58be7f11adc1b46	518125470f7299964b22db5d9cc2c2b5656e36ce9873c08e60e5bf3a691ddfb5	0
p1e-05	1e-05	0.2479512481172926	gpd-tail-extrapolation-below-held-out-range	7633ebb4a0d966dbda15a4e32d0efa492fb71aeb	sig	34	61180915be61455887ac261499455ac933cf976b292cab1a8180d759acc3ac2d	325.67	325.09	0.08	68680	26941	6389	674134	d8d224a74addf90f40f92160cb1bff4a834a2e4faaccd80667c0db32a1c6a59a	41d183d9a40c0ed05b4a8fda34125f0c39553bc2a9b07d476c7571c6b2db6566	0
p1e-05	1e-05	0.2479512481172926	gpd-tail-extrapolation-below-held-out-range	7633ebb4a0d966dbda15a4e32d0efa492fb71aeb	sig	35	61180915be61455887ac261499455ac933cf976b292cab1a8180d759acc3ac2d	312.82	312.06	0.09	68812	23567	6217	598004	787309c2bde0cb9f0c7eeb167c3a990bca33a7e1dd80bb621deeec0d5ad04011	8a155dbe48670d0eebd8784aed2f7eb5f607fae0dd5b6e54628a009dedc000d8	0
p1e-05	1e-05	0.2479512481172926	gpd-tail-extrapolation-below-held-out-range	7633ebb4a0d966dbda15a4e32d0efa492fb71aeb	sig	36	61180915be61455887ac261499455ac933cf976b292cab1a8180d759acc3ac2d	308.82	308.92	0.09	68808	26406	6447	663275	1ab4dffb331e18331606a7c7397f350ef44c09da0be1cb9755a75fa77c083122	174246b5b9dc8dd7412b553417bd04ef350c3d8a42a58e2df9cee301b7df72bd	0
p1e-05	1e-05	0.2479512481172926	gpd-tail-extrapolation-below-held-out-range	7633ebb4a0d966dbda15a4e32d0efa492fb71aeb	sig	37	61180915be61455887ac261499455ac933cf976b292cab1a8180d759acc3ac2d	311.96	312.39	0.08	69064	25365	6333	639043	3a2658ef7163945e7a034942abcedd3a94ab4a7f47e0c85bbc509b6c1950eedc	6f87fe1605a3c52aa3d0a30088979ada7ee993918935a0a8437ee9153ef246dd	0
p1e-05	1e-05	0.2479512481172926	gpd-tail-extrapolation-below-held-out-range	7633ebb4a0d966dbda15a4e32d0efa492fb71aeb	sig	38	61180915be61455887ac261499455ac933cf976b292cab1a8180d759acc3ac2d	311.2	310.35	0.04	69064	28431	6469	707758	25660dd6aa4d57ff57e9b2bc2e74919de36929efbcd09d77873d81d919e6f3e5	6e74a12578571447f49e55d59f569093c286c4aee1c1147d8279a071b2f33c09	0
p1e-05	1e-05	0.2479512481172926	gpd-tail-extrapolation-below-held-out-range	7633ebb4a0d966dbda15a4e32d0efa492fb71aeb	sig	39	61180915be61455887ac261499455ac933cf976b292cab1a8180d759acc3ac2d	312.02	311.12	0.06	68708	26201	6396	658270	32d4a97f89d77f047f89e9eabc35e265829295fae7c342b23d3f4a69f964d846	952b351f52bd54975c02d89fc4f1aa3addade67006bc639ee3b884ea8ed81f1e	0
p1e-05	1e-05	0.2479512481172926	gpd-tail-extrapolation-below-held-out-range	7633ebb4a0d966dbda15a4e32d0efa492fb71aeb	sig	40	61180915be61455887ac261499455ac933cf976b292cab1a8180d759acc3ac2d	310.89	311.06	0.07	69056	25765	6276	647065	b285adf402fc16751be1aeac985b662b597a651dd9138589594d85b4bc1bb59b	7d96fe3871dc4b953b9efc2cb3c78234f2a43fa372d76283fc59fd4cdcab8904	0
p1e-05	1e-05	0.2479512481172926	gpd-tail-extrapolation-below-held-out-range	7633ebb4a0d966dbda15a4e32d0efa492fb71aeb	sig	41	61180915be61455887ac261499455ac933cf976b292cab1a8180d759acc3ac2d	312.19	312.75	0.09	68940	25851	6262	648665	37a765778ca8ef274ce2f4dce5c681c297d1cb42f73631eb6fd09ae30d1bb634	bf5a8b3f01ea79f263a434b92cd917620df9349aa8f611bb7be1489c68c82697	0
p1e-05	1e-05	0.2479512481172926	gpd-tail-extrapolation-below-held-out-range	7633ebb4a0d966dbda15a4e32d0efa492fb71aeb	sig	42	61180915be61455887ac261499455ac933cf976b292cab1a8180d759acc3ac2d	318.81	318.09	0.08	68808	25237	6212	634661	6f5cee132a20973aa5c1c80264d126a6de9ccce12634b45384690578694ec364	aeffceb18bcd8eae00e691d012f32fd7ece9d0abe8513590de2107f74d2885bd	0
p1e-05	1e-05	0.2479512481172926	gpd-tail-extrapolation-below-held-out-range	7633ebb4a0d966dbda15a4e32d0efa492fb71aeb	sig	43	61180915be61455887ac261499455ac933cf976b292cab1a8180d759acc3ac2d	314.57	315.01	0.05	69064	28091	6548	701528	ab9e0a5dce603fd5d4e20b6fc4b6d3c17a7b53d46500dc5e3418a4b1aeeec92e	c37c62ff382d6045ef13e8c5fa92c24ba6b465fc3e7d0ec5138fd6095d5e7975	0
p1e-05	1e-05	0.2479512481172926	gpd-tail-extrapolation-below-held-out-range	7633ebb4a0d966dbda15a4e32d0efa492fb71aeb	sig	44	61180915be61455887ac261499455ac933cf976b292cab1a8180d759acc3ac2d	301.21	301.09	0.06	69320	26490	6337	663710	2edfd7e300231ebf4544dc8447382b4851c459eb61c81bff48847705c1873a07	b514a79c0bd58b1a74bbbede7759c6f30de1b95273866a9b859be9d9a62b43be	0
p1e-05	1e-05	0.2479512481172926	gpd-tail-extrapolation-below-held-out-range	7633ebb4a0d966dbda15a4e32d0efa492fb71aeb	sig	45	61180915be61455887ac261499455ac933cf976b292cab1a8180d759acc3ac2d	342.61	342.92	0.08	68936	25644	6357	645462	e87ea3b4467aa16ea2ddec370472f1694d13ef3fe104e11534ad408a8fd98470	d14ba30809485a7b55ea1445f4740b9f3f5dcd400ef325e4df870ba89817cdc8	0
p1e-05	1e-05	0.2479512481172926	gpd-tail-extrapolation-below-held-out-range	7633ebb4a0d966dbda15a4e32d0efa492fb71aeb	sig	46	61180915be61455887ac261499455ac933cf976b292cab1a8180d759acc3ac2d	364.85	364.7	0.14	69080	25491	6304	641493	f7ff453d981a874e76c48d22a552af11d8c84a45a74a7ed6cef02ad558d20677	792bcbe91b041850fc2400f8b5e0a93ae41109e3252945d420eef2297d60fdc9	0
p1e-05	1e-05	0.2479512481172926	gpd-tail-extrapolation-below-held-out-range	7633ebb4a0d966dbda15a4e32d0efa492fb71aeb	sig	47	61180915be61455887ac261499455ac933cf976b292cab1a8180d759acc3ac2d	308.66	308.78	0.06	68808	25465	6335	641245	6cfe9ae5e6e56b3d47f2403a0aaeb92cf3e0707e6ce885941b62b9b3db6d7661	d329f8fb127a9f3f99259a99ddd7755fa1e8abd697269f9f32c89db6a08d9b33	0
p1e-05	1e-05	0.2479512481172926	gpd-tail-extrapolation-below-held-out-range	7633ebb4a0d966dbda15a4e32d0efa492fb71aeb	sig	48	61180915be61455887ac261499455ac933cf976b292cab1a8180d759acc3ac2d	328.01	327.62	0.08	68684	24407	6207	616477	28d78416ffa2df9b913739d8521ba0c4002e8456b55123b2be46c8cceb86d46f	542dbae56e6e12db63935339fd7c3a4a59a8627c0dfa94ee0b2c1e760dfa3af7	0
p1e-05	1e-05	0.2479512481172926	gpd-tail-extrapolation-below-held-out-range	7633ebb4a0d966dbda15a4e32d0efa492fb71aeb	sig	49	61180915be61455887ac261499455ac933cf976b292cab1a8180d759acc3ac2d	330.27	330.03	0.07	68940	25218	6243	634681	8d9b20d7aea77aaeee3194f4e583ef0b90ddfcdc6ea980fe5a5631c8de4809b9	37a6e21eece4be900c546e9b9d6d03dfa9f60dfde7868ef234129d51c919ccf3	0
p1e-05	1e-05	0.2479512481172926	gpd-tail-extrapolation-below-held-out-range	7633ebb4a0d966dbda15a4e32d0efa492fb71aeb	sig	50	61180915be61455887ac261499455ac933cf976b292cab1a8180d759acc3ac2d	304.19	304.13	0.09	68812	25296	6437	638917	c322cf58e30f0b35735b5219d71657bbd9467c0c30b93196cf09dbc6e504871f	bd01b3a2ff4ad5f4c990773642554b0ce2ef26c284d6a2fbca5320ad6753caf6	0
p1e-05	1e-05	0.2479512481172926	gpd-tail-extrapolation-below-held-out-range	7633ebb4a0d966dbda15a4e32d0efa492fb71aeb	sig	51	61180915be61455887ac261499455ac933cf976b292cab1a8180d759acc3ac2d	313.1	313.48	0.04	69064	27126	6419	678709	2a3fefea7c837b26035e265f6913f5b413c1e4fe61cfd95303b44b291d25b01f	beb513e2b7b06d7bc011c42362d7e78bef656515bd562bd5f3ac7187125cbc40	0
p1e-05	1e-05	0.2479512481172926	gpd-tail-extrapolation-below-held-out-range	7633ebb4a0d966dbda15a4e32d0efa492fb71aeb	sig	52	61180915be61455887ac261499455ac933cf976b292cab1a8180d759acc3ac2d	304.56	304.62	0.06	68808	24214	6231	612594	bc84949448d220f31aca93e8f3fc94ae6efd588c1bf2fd9f20cb9ca4c47649a3	1d86ef081a942fba89da2d05e6fd1f99a142123405b5f3d3e7ef696d4ac79761	0
p1e-05	1e-05	0.2479512481172926	gpd-tail-extrapolation-below-held-out-range	7633ebb4a0d966dbda15a4e32d0efa492fb71aeb	sig	53	61180915be61455887ac261499455ac933cf976b292cab1a8180d759acc3ac2d	300.77	300.59	0.06	68680	26233	6348	658209	f67a564a097c7bfd34c984a696dfc483e2447e165c2614e3e0c44de0cbc22ce4	5caa1c466ebf4758f4cfd40adaadbe1b3a529b97ed0145ccf473df9c7c57a5bc	0
p1e-05	1e-05	0.2479512481172926	gpd-tail-extrapolation-below-held-out-range	7633ebb4a0d966dbda15a4e32d0efa492fb71aeb	sig	54	61180915be61455887ac261499455ac933cf976b292cab1a8180d759acc3ac2d	302.76	302.79	0.07	68808	25564	6296	642896	c0931d2e79b97c6022bfac562cdd4e0dcce268d16e4291881a8f22bbae7d8c83	779ceaad0b388bb18bc013183364d4c08cb626bff73315d592f4fd9f8c5b3d84	0
p1e-05	1e-05	0.2479512481172926	gpd-tail-extrapolation-below-held-out-range	7633ebb4a0d966dbda15a4e32d0efa492fb71aeb	sig	55	61180915be61455887ac261499455ac933cf976b292cab1a8180d759acc3ac2d	302.91	303.05	0.04	68808	25439	6338	640686	2d79f97f5d53609d37d4651ee4b9c5e88c36710e55b0bdbbf7560975b6577029	8cd3f74b785817f70162025585e7fc80353f0597a21f1ee093b57cab8f4eb802	0
p1e-05	1e-05	0.2479512481172926	gpd-tail-extrapolation-below-held-out-range	7633ebb4a0d966dbda15a4e32d0efa492fb71aeb	sig	56	61180915be61455887ac261499455ac933cf976b292cab1a8180d759acc3ac2d	301.7	301.64	0.03	68636	24681	6261	623108	8026a3e77f98c6b155ce68981fc9d2cdd6d751ad649824446f475e9796fc067c	02f8c9f55e6ea73ee68555911e443c6808a0657a83b020fcaf0b921696badab5	0
p1e-05	1e-05	0.2479512481172926	gpd-tail-extrapolation-below-held-out-range	7633ebb4a0d966dbda15a4e32d0efa492fb71aeb	sig	57	61180915be61455887ac261499455ac933cf976b292cab1a8180d759acc3ac2d	305.19	305.05	0.08	69320	26162	6248	655285	2f77bf91b668514dc540f5f014c8dfab455c335fc7b01b816718eedc02ce7cfc	ac9184cd38a63aa4a55a1968b27f37a4b88e3f91742ff3180a71c4875c5f3721	0
p1e-05	1e-05	0.2479512481172926	gpd-tail-extrapolation-below-held-out-range	7633ebb4a0d966dbda15a4e32d0efa492fb71aeb	sig	58	61180915be61455887ac261499455ac933cf976b292cab1a8180d759acc3ac2d	307.11	306.06	0.08	68808	25134	6420	635124	a9578f94ef14be4dd63675a9b8b9baeb0ac16d03e1fdc8a4ed674bf33811bbb2	954208d0c2173e28dfe8ede844ce6688550bc9c66109c9b325f17922076024af	0
p1e-05	1e-05	0.2479512481172926	gpd-tail-extrapolation-below-held-out-range	7633ebb4a0d966dbda15a4e32d0efa492fb71aeb	sig	59	61180915be61455887ac261499455ac933cf976b292cab1a8180d759acc3ac2d	297.32	297.1	0.06	69064	25446	6365	641096	8ef8a60838d0732e006ba50b73a24b8c8d64fefd3eb6bbbeee9c4cdc102a54d8	6dd108b7cf2e3f7f9f48ca89de61106b714d65b95154959ed12a4f61528b837f	0
p1e-05	1e-05	0.2479512481172926	gpd-tail-extrapolation-below-held-out-range	7633ebb4a0d966dbda15a4e32d0efa492fb71aeb	sig	60	61180915be61455887ac261499455ac933cf976b292cab1a8180d759acc3ac2d	299.46	299.36	0.05	69064	27126	6378	678231	7b5efabec71ed2898523ec0eb3b05eec8059988bbda2d87101ee17f63a74bd48	0638919edd190c3d80d6766e44593d1cb69254093b247c03f439f4fb81ee9fe5	0
p1e-05	1e-05	0.2479512481172926	gpd-tail-extrapolation-below-held-out-range	7633ebb4a0d966dbda15a4e32d0efa492fb71aeb	sig	61	61180915be61455887ac261499455ac933cf976b292cab1a8180d759acc3ac2d	297.42	297.17	0.04	69068	26264	6384	659430	524a1ef76d8b244e3a4dee7f9b2ef1f54e2b93321931d962daf140874da89e52	0a9bb79ebaee9168ba2dcc66651d8d0ad6a03736ac97245367592c17678aaec8	0
p1e-05	1e-05	0.2479512481172926	gpd-tail-extrapolation-below-held-out-range	7633ebb4a0d966dbda15a4e32d0efa492fb71aeb	sig	62	61180915be61455887ac261499455ac933cf976b292cab1a8180d759acc3ac2d	298.32	298.26	0.05	69184	24896	6218	627293	438ccc75f3bacda3b71764a39025174e67afeb42f6a21c21e27feb7c65048743	1f1946a96edb70dc54ba5c710edad2cf252c76f9f9cbc9a68ae803d1e5cd68f5	0
p1e-05	1e-05	0.2479512481172926	gpd-tail-extrapolation-below-held-out-range	7633ebb4a0d966dbda15a4e32d0efa492fb71aeb	sig	63	61180915be61455887ac261499455ac933cf976b292cab1a8180d759acc3ac2d	298.22	298.23	0.05	69068	24580	6185	619833	fa9e578b020ba255e6dfd222ef003a56eddd8dc5434f0dfc06294b32adb843cc	1dc1fb0e90486634fbb2728d9266bc1fa3ed891a53967ad351936e9f06b971b8	0
p1e-05	1e-05	0.2479512481172926	gpd-tail-extrapolation-below-held-out-range	7633ebb4a0d966dbda15a4e32d0efa492fb71aeb	sig	64	61180915be61455887ac261499455ac933cf976b292cab1a8180d759acc3ac2d	298.5	298.18	0.06	69064	25107	6327	633330	739d4a782dde5cb52ebffdab644bbf26baaa108dc0ee5136b8d2bb770c11873e	9b54b4bbb7d7f8eccd0b765e83968b7b809e434dd42c97d4ed37031732964e0e	0
p1e-05	1e-05	0.2479512481172926	gpd-tail-extrapolation-below-held-out-range	7633ebb4a0d966dbda15a4e32d0efa492fb71aeb	sig	65	61180915be61455887ac261499455ac933cf976b292cab1a8180d759acc3ac2d	297.47	297.29	0.08	68808	27054	6429	677227	d559f2efc1b2f7abc27d66eeb94f3cd511ee3822aa359fdfcd9767f6cb37ce5a	4b8442c4f3f0dd9f5c88fa3581371eb10e5528af008e08ca0db71413f0907bfa	0
p1e-05	1e-05	0.2479512481172926	gpd-tail-extrapolation-below-held-out-range	7633ebb4a0d966dbda15a4e32d0efa492fb71aeb	sig	66	61180915be61455887ac261499455ac933cf976b292cab1a8180d759acc3ac2d	298.79	298.58	0.05	68936	25116	6326	633483	285782f0ab76a230d720f5e07285b0e9ada6f17f364bda24d5bbb50195ea69a2	f60101412c31c64ab218655d64e66834286e8cb09cb83bebfb036f97e299faa0	0
p1e-05	1e-05	0.2479512481172926	gpd-tail-extrapolation-below-held-out-range	7633ebb4a0d966dbda15a4e32d0efa492fb71aeb	sig	67	61180915be61455887ac261499455ac933cf976b292cab1a8180d759acc3ac2d	298.03	297.82	0.07	68808	25424	6300	639838	6da71dccff50d9f626f5cb056b2039e1d5757592255bb2f3bf59e8317763b42f	9c85bc9c57c475b941ae9956a778cae47cf0fa10209ce12070e3e5cc91740b46	0
p1e-05	1e-05	0.2479512481172926	gpd-tail-extrapolation-below-held-out-range	7633ebb4a0d966dbda15a4e32d0efa492fb71aeb	sig	68	61180915be61455887ac261499455ac933cf976b292cab1a8180d759acc3ac2d	299.43	299.29	0.07	69064	27284	6407	682043	975bcac7697bd5368cf6d17663f17ba86cb7b364aa4d7e32919e91054ec19149	5e02b9cb50841a01708af5de82b20a9908e22756487b7bea101d625600166f78	0
p1e-05	1e-05	0.2479512481172926	gpd-tail-extrapolation-below-held-out-range	7633ebb4a0d966dbda15a4e32d0efa492fb71aeb	sig	69	61180915be61455887ac261499455ac933cf976b292cab1a8180d759acc3ac2d	296.45	296.22	0.05	68936	25510	6326	642151	f32d505f424540f7f506f41c60f62896efea485d17f11a6655d3700c4d1d52f5	a73e52d5d66ce83ed74e8eee2cb0ce2e5704987c9f802ea418ab1677490660e2	0
p1e-05	1e-05	0.2479512481172926	gpd-tail-extrapolation-below-held-out-range	7633ebb4a0d966dbda15a4e32d0efa492fb71aeb	sig	70	61180915be61455887ac261499455ac933cf976b292cab1a8180d759acc3ac2d	297.43	297.08	0.05	68936	26042	6335	653816	86a5face163803483e029edbfcec5f1b139d32a83afce2fc78f5837f7e41560c	4991e9decf72f88257ccd499513861b5cde8b8b7003185e0e7d987be26cff82e	0
p1e-05	1e-05	0.2479512481172926	gpd-tail-extrapolation-below-held-out-range	7633ebb4a0d966dbda15a4e32d0efa492fb71aeb	sig	71	61180915be61455887ac261499455ac933cf976b292cab1a8180d759acc3ac2d	294.98	296.0	0.06	68892	25854	6377	650283	2a66b6d78fa0ed17037d95fd27216c8e6b47c9ddd1ceb461af8e81cb411a165e	d76454487c2512eb4fb2700b5122914e73dc16866cd8a8ab435a7eb3c50fdc73	0
p1e-05	1e-05	0.2479512481172926	gpd-tail-extrapolation-below-held-out-range	7633ebb4a0d966dbda15a4e32d0efa492fb71aeb	sig	72	61180915be61455887ac261499455ac933cf976b292cab1a8180d759acc3ac2d	297.06	296.82	0.06	68940	25529	6355	642911	e90e3ca5972226b44dadc8a45a6ae982fe3eee05201c991e97db51a9a994add6	595fd364beceaa73d0750e6835c0c370bb6350fa708e44a6eea808278a22b214	0
p1e-05	1e-05	0.2479512481172926	gpd-tail-extrapolation-below-held-out-range	7633ebb4a0d966dbda15a4e32d0efa492fb71aeb	sig	73	61180915be61455887ac261499455ac933cf976b292cab1a8180d759acc3ac2d	297.61	297.43	0.06	68812	26088	6431	656089	61a49fac17b96dccef2818eebe45d979b4da788a90f9ee695826e6329deff0e8	433f276aa0d480227ff5c4aabc60c68e0eee3f6b9bab56d7caed857bd4b2de46	0
p1e-05	1e-05	0.2479512481172926	gpd-tail-extrapolation-below-held-out-range	7633ebb4a0d966dbda15a4e32d0efa492fb71aeb	sig	74	61180915be61455887ac261499455ac933cf976b292cab1a8180d759acc3ac2d	298.95	299.45	0.05	68808	25518	6371	642913	8a0795bca768fc992379d095241f19c9a90b23eaf9397a15d436a59c00cf0d1d	af5fbd53bbeb6bf9e3c9bb02886c5f637768348979a04d8ca0b6a99624e8f156	0
p1e-05	1e-05	0.2479512481172926	gpd-tail-extrapolation-below-held-out-range	7633ebb4a0d966dbda15a4e32d0efa492fb71aeb	sig	75	61180915be61455887ac261499455ac933cf976b292cab1a8180d759acc3ac2d	299.24	299.13	0.06	68940	24892	6281	628128	346f3674606ed2e828bd749cf75722eaa4c0dd8ead37980cd2e5aaae490962c0	f52d444124982e9cb8d7dcee45620b44eb08332a3edd37e545043765ad69ea2b	0
p1e-05	1e-05	0.2479512481172926	gpd-tail-extrapolation-below-held-out-range	7633ebb4a0d966dbda15a4e32d0efa492fb71aeb	sig	76	61180915be61455887ac261499455ac933cf976b292cab1a8180d759acc3ac2d	301.1	301.14	0.05	69020	24099	6333	611370	dd590d4fd46ab952d53a221b4689e24348a7f35d9dfb9aab4f981fcbe4bab7c0	0debd7b0db2303b7cf66ab6dd14eb4adaf153ac4e0ea4f61c991c6610c3db908	0
p1e-05	1e-05	0.2479512481172926	gpd-tail-extrapolation-below-held-out-range	7633ebb4a0d966dbda15a4e32d0efa492fb71aeb	sig	77	61180915be61455887ac261499455ac933cf976b292cab1a8180d759acc3ac2d	322.24	322.98	0.09	69064	26690	6422	669145	228cd7df068f7d4761f723e04da3e8ce2cbe186679e859443667316f8f158e43	11e361e316d2742cbcee97e8784acca7374e39ebfa6e38518813c8a84c635997	0
p1e-05	1e-05	0.2479512481172926	gpd-tail-extrapolation-below-held-out-range	7633ebb4a0d966dbda15a4e32d0efa492fb71aeb	sig	78	61180915be61455887ac261499455ac933cf976b292cab1a8180d759acc3ac2d	304.95	304.99	0.07	69064	26582	6335	665765	aff847693b15b0b8a642ffaad96015b4dbddfd6f6dd1094bad658b642f321618	f1f72d27e1e93e7185a6d90a5833faa0f56ad2bf01cf98bcfd4d88add5304eb7	0
p1e-05	1e-05	0.2479512481172926	gpd-tail-extrapolation-below-held-out-range	7633ebb4a0d966dbda15a4e32d0efa492fb71aeb	sig	79	61180915be61455887ac261499455ac933cf976b292cab1a8180d759acc3ac2d	302.85	302.73	0.07	69064	27339	6538	684883	eee87f85be8ffd4347bdca09cb5df4ae53905f45c0aefd629fd89ef9f6286465	c9259199223130baf17dd24b6f8a93558442e469727f88b1d33a34a107e44ffe	0
p1e-05	1e-05	0.2479512481172926	gpd-tail-extrapolation-below-held-out-range	7633ebb4a0d966dbda15a4e32d0efa492fb71aeb	sig	80	61180915be61455887ac261499455ac933cf976b292cab1a8180d759acc3ac2d	308.26	308.55	0.06	69064	26537	6355	665012	f1e0efd358c39042b9cbed4779a15013eb7449e337a2c6d7d8b506c31a89c522	f9d5bb2ee8b20a7abf700217d5a5349640045b4f608ac8aef25d8bb5fa5fb0de	0
p1e-05	1e-05	0.2479512481172926	gpd-tail-extrapolation-below-held-out-range	7633ebb4a0d966dbda15a4e32d0efa492fb71aeb	sig	81	61180915be61455887ac261499455ac933cf976b292cab1a8180d759acc3ac2d	310.49	309.4	0.07	68940	25846	6306	649265	ccc2894c48610bb0999786cec38c3ead8a800cfa06db2bad68d8dd6601238aa4	850a648676db05bf7a6064bc1d2517323807e68aeae314bd88b79f850c66e8af	0
p1e-05	1e-05	0.2479512481172926	gpd-tail-extrapolation-below-held-out-range	7633ebb4a0d966dbda15a4e32d0efa492fb71aeb	sig	82	61180915be61455887ac261499455ac933cf976b292cab1a8180d759acc3ac2d	310.56	310.81	0.09	68808	25135	6303	633610	0359b1448ad1d0e8f9839c310c9f820d9ef7ec1016a76f839ff81358a56d9a5b	402e41077ff59da26bd1720fe233aa7716013bcf42d2450ef84019642e1d553d	0
p1e-05	1e-05	0.2479512481172926	gpd-tail-extrapolation-below-held-out-range	7633ebb4a0d966dbda15a4e32d0efa492fb71aeb	sig	83	61180915be61455887ac261499455ac933cf976b292cab1a8180d759acc3ac2d	301.23	301.1	0.05	68936	25531	6358	643070	e44bddbac08ba7b2ffcd8d61518e385247c960ca586beeead0a9acc86923295b	489cee7dadc8a53a0564d8b4e9b19c6364a329a5b02b8c3b1d2998e1e15f33db	0
p1e-05	1e-05	0.2479512481172926	gpd-tail-extrapolation-below-held-out-range	7633ebb4a0d966dbda15a4e32d0efa492fb71aeb	sig	84	61180915be61455887ac261499455ac933cf976b292cab1a8180d759acc3ac2d	304.84	305.05	0.08	68936	28420	6411	706860	dd7d6d947ebb8c7048a678bbdbcfcacd86436e87fd8ed9a3c60a54826c759c70	1fed94cdfe1718c06276770e4a5d8ee02fcbcbc01850db3a5a66be38a27c1717	0
p1e-05	1e-05	0.2479512481172926	gpd-tail-extrapolation-below-held-out-range	7633ebb4a0d966dbda15a4e32d0efa492fb71aeb	sig	85	61180915be61455887ac261499455ac933cf976b292cab1a8180d759acc3ac2d	299.43	298.77	0.07	68552	23838	6376	606150	87ecee31d1dbadbe9428887ce7d24cfe4fec9c6fb43831a854912da8a4ba66bf	9e018455ddd250a5877e7866f465cff5812fa082d7d0c57b59094d635c7d9929	0
p1e-05	1e-05	0.2479512481172926	gpd-tail-extrapolation-below-held-out-range	7633ebb4a0d966dbda15a4e32d0efa492fb71aeb	sig	86	61180915be61455887ac261499455ac933cf976b292cab1a8180d759acc3ac2d	298.29	298.1	0.07	68800	24326	6176	614218	7a2388c12ef78aeff8f39e1e7404a0c4133f3dbd7c4a0b0e25624f22171659b3	9d82f626ffe6457eedbbc5fb7a269b4fdd9413866ea4039e083c6304152b2662	0
p1e-05	1e-05	0.2479512481172926	gpd-tail-extrapolation-below-held-out-range	7633ebb4a0d966dbda15a4e32d0efa492fb71aeb	sig	87	61180915be61455887ac261499455ac933cf976b292cab1a8180d759acc3ac2d	298.22	298.28	0.06	68680	25031	6273	631082	aec83aa40d0d47ed4a5170c507f425ea78d3357ccbf8351876c9a7c38f9a33de	ea7af923eb20c018d8c527eaf3c12c7b2e2b7cfd12f18a70a90a87c858781ed0	0
p1e-05	1e-05	0.2479512481172926	gpd-tail-extrapolation-below-held-out-range	7633ebb4a0d966dbda15a4e32d0efa492fb71aeb	sig	88	61180915be61455887ac261499455ac933cf976b292cab1a8180d759acc3ac2d	300.2	300.5	0.06	69192	26431	6379	662874	f7ce1f81e86bf3e6f721fdf76abc03ec5430377e1ffe8eb8818688ddd44269a8	1348179664d975d8e33986642adabc26600a58cd3833baec03e97e466a67dde3	0
p1e-05	1e-05	0.2479512481172926	gpd-tail-extrapolation-below-held-out-range	7633ebb4a0d966dbda15a4e32d0efa492fb71aeb	sig	89	61180915be61455887ac261499455ac933cf976b292cab1a8180d759acc3ac2d	297.54	297.46	0.06	69064	26057	6365	654605	bf4c69f6116ec9ecefd8a44508744b2326e55f243eebee2cc63c19ee7438ff0b	658c4e63a6321ad3ca95b41d6db1999a670caad4e6bc2d5ee5f4e04c674d82b8	0
p1e-05	1e-05	0.2479512481172926	gpd-tail-extrapolation-below-held-out-range	7633ebb4a0d966dbda15a4e32d0efa492fb71aeb	sig	90	61180915be61455887ac261499455ac933cf976b292cab1a8180d759acc3ac2d	300.23	299.98	0.07	68936	25773	6347	648158	4b884b975aecb0c1c8d1186ca15b33695e978dff350b09d891813fe2d184b28d	83d8456de0559ec6deef17ce5506c8f95f6b59200cac12a687f6b09a9f210d8c	0
p1e-05	1e-05	0.2479512481172926	gpd-tail-extrapolation-below-held-out-range	7633ebb4a0d966dbda15a4e32d0efa492fb71aeb	sig	91	61180915be61455887ac261499455ac933cf976b292cab1a8180d759acc3ac2d	303.42	302.51	0.06	68936	26244	6252	657249	e868f6c85da87ce758311c731b9c8542fab5ffa25c5c7ec1037ca35d15dd6f27	b4b2cdf33fc5ebd98ef97a91b8e04c3aa9f1727b72180cbe475dc0777b8d9941	0
p1e-05	1e-05	0.2479512481172926	gpd-tail-extrapolation-below-held-out-range	7633ebb4a0d966dbda15a4e32d0efa492fb71aeb	sig	92	61180915be61455887ac261499455ac933cf976b292cab1a8180d759acc3ac2d	298.33	298.37	0.05	69320	26453	6351	662972	585bdafaf01c13a3ffe2dba2a91961f8ef4f7a69b5895ee88f87e35a45e479a4	5142e7927afb60daf07865ba1e2bdfb0ac22b02c74502610b31e1e8d25b64689	0
p1e-05	1e-05	0.2479512481172926	gpd-tail-extrapolation-below-held-out-range	7633ebb4a0d966dbda15a4e32d0efa492fb71aeb	sig	93	61180915be61455887ac261499455ac933cf976b292cab1a8180d759acc3ac2d	297.75	297.51	0.07	68936	25827	6422	650288	8ad55984dd493c0ec53ce8a9cf749b97a51c38f7093aaf3e61392c709aae25e4	ad5cb2b3213c18f49db7e06e25b58445ea31ef6cdbb8cd502ef47a8f8a559767	0
p1e-05	1e-05	0.2479512481172926	gpd-tail-extrapolation-below-held-out-range	7633ebb4a0d966dbda15a4e32d0efa492fb71aeb	sig	94	61180915be61455887ac261499455ac933cf976b292cab1a8180d759acc3ac2d	298.88	298.91	0.07	68936	24439	6326	618739	e2fc17bb49cde20e29a22990c940fe230c730f47c221b8b264f4626b17af925b	3d8df762ed9539082858b87f9512ffdb482a2c9e04f989815b73a2ef8421e5c6	0
p1e-05	1e-05	0.2479512481172926	gpd-tail-extrapolation-below-held-out-range	7633ebb4a0d966dbda15a4e32d0efa492fb71aeb	sig	95	61180915be61455887ac261499455ac933cf976b292cab1a8180d759acc3ac2d	316.18	315.49	0.08	68928	24816	6238	625589	829366984c145ed09a82aaa620e5fa98ddb95affc20b17572b14fc7b2120f7b4	e2811b88d7d0c5340d7235fd651873e27f2be69758b8f445e7476d3db3fd373c	0
p1e-05	1e-05	0.2479512481172926	gpd-tail-extrapolation-below-held-out-range	7633ebb4a0d966dbda15a4e32d0efa492fb71aeb	sig	96	61180915be61455887ac261499455ac933cf976b292cab1a8180d759acc3ac2d	307.79	306.76	0.08	68808	26969	6313	673845	ed874150f1ddb22af6f0366438ae4b4b303e571e6948e1490d9f8f91e724fdce	910732e916dda306f334d44ea8a930fb0cd710c5da174345b6b2ac761ba6c6bd	0
p1e-05	1e-05	0.2479512481172926	gpd-tail-extrapolation-below-held-out-range	7633ebb4a0d966dbda15a4e32d0efa492fb71aeb	sig	97	61180915be61455887ac261499455ac933cf976b292cab1a8180d759acc3ac2d	319.6	318.89	0.07	68908	26042	6476	655794	09d5755461a2028300fbf161deb7f6ddf3fcb82da7360c61dbc9c0c2eed4d9e4	e343c475e301da636fa255c7121cb3eab81ee20c1cdbb220526af1b9abbe4e47	0
p1e-05	1e-05	0.2479512481172926	gpd-tail-extrapolation-below-held-out-range	7633ebb4a0d966dbda15a4e32d0efa492fb71aeb	sig	98	61180915be61455887ac261499455ac933cf976b292cab1a8180d759acc3ac2d	303.87	304.01	0.04	69020	26613	6299	666028	7308d1618e0a794529f240697bcae5f2f29c5488ab23501ba28f287334ee22e3	d4744edac9720fc38d772e6d7a76c84b5b962a6464751985d4e9e27109328748	0
p1e-05	1e-05	0.2479512481172926	gpd-tail-extrapolation-below-held-out-range	7633ebb4a0d966dbda15a4e32d0efa492fb71aeb	sig	99	61180915be61455887ac261499455ac933cf976b292cab1a8180d759acc3ac2d	301.32	301.21	0.05	69068	26098	6268	654209	a2cd98a1a249f353111164359cc2d25f30b085d360d500b7887f4a64facf04b8	463a0b05f0cfd3d6176ac04a1120d709fa896b02ad9fa4b1c7befcdf1e21c63a	0
p1e-05	1e-05	0.2479512481172926	gpd-tail-extrapolation-below-held-out-range	7633ebb4a0d966dbda15a4e32d0efa492fb71aeb	sig	100	61180915be61455887ac261499455ac933cf976b292cab1a8180d759acc3ac2d	269.34	269.16	0.07	68808	26419	6416	663228	ac93b852754aa3c550b9c26e57fd9d44a71351b4cdfe4398e30648846eb091f8	3e38ee5b590c7154fb05ae84ba53123479ac4396ce65b85ece3a0af17b43e3a3	0
p2e-05	2e-05	0.2346686268305	independent-held-out-validated	7633ebb4a0d966dbda15a4e32d0efa492fb71aeb	tf	1	61180915be61455887ac261499455ac933cf976b292cab1a8180d759acc3ac2d	50.06	49.09	0.06	67060	11826	1890	284911	0e075fa9d55b9083e0d4208eae60719a191ecb4e710cf447826407ce5521e94f	f81873e925b496118f8cdccec691858409e4c7afd821666b3a6756fda014a6d2	0
p2e-05	2e-05	0.2346686268305	independent-held-out-validated	7633ebb4a0d966dbda15a4e32d0efa492fb71aeb	tf	2	61180915be61455887ac261499455ac933cf976b292cab1a8180d759acc3ac2d	78.67	78.41	0.06	67108	11645	1830	280156	49c9c571357daf7776194ff475fa88252c94b2aaa1c53d7465b88f31b8599ab2	a7f7054ee2a37f12ae136e221e53a04b0a6b2923c1f8bd98cb76294d448240e8	0
p2e-05	2e-05	0.2346686268305	independent-held-out-validated	7633ebb4a0d966dbda15a4e32d0efa492fb71aeb	tf	3	61180915be61455887ac261499455ac933cf976b292cab1a8180d759acc3ac2d	76.66	76.75	0.05	67112	11179	1863	270435	87f22c19835183dd279e4f417f3e7389c3ba14da844d034ae93f7add42fab424	d037d07686355d3a718e342829163d0dd88545ff2499ddcf7d7f5de1a37e4cc6	0
p2e-05	2e-05	0.2346686268305	independent-held-out-validated	7633ebb4a0d966dbda15a4e32d0efa492fb71aeb	tf	4	61180915be61455887ac261499455ac933cf976b292cab1a8180d759acc3ac2d	86.93	86.36	0.08	67112	11350	1823	273678	23da829e82fc09af043729eb865cac21a021ff2e5958acc29e67f9b03f4d4fac	24509502b3065503f8a675781ecc6c0241f49eb87f8114b8c78805d62265b494	0
p2e-05	2e-05	0.2346686268305	independent-held-out-validated	7633ebb4a0d966dbda15a4e32d0efa492fb71aeb	tf	5	61180915be61455887ac261499455ac933cf976b292cab1a8180d759acc3ac2d	81.71	81.96	0.06	66928	11185	1870	270673	f9a7d1f9e21a105f3c85760d5ac06de28cd86b664d601e52c44961d165a7de61	09a1932cdd714b22967000ca9db262eb446aca7f96d607cb9869f28221943bb4	0
p2e-05	2e-05	0.2346686268305	independent-held-out-validated	7633ebb4a0d966dbda15a4e32d0efa492fb71aeb	tf	6	61180915be61455887ac261499455ac933cf976b292cab1a8180d759acc3ac2d	82.31	82.5	0.05	66980	12156	1926	292645	65d0602b9a1e9f089f30e9a3d7baff0c5530178f272df213e72de5e0e35b100e	8979fe948820d301654949de65ed8c51b3fd1ea5de46a5f12e9944dec33e13d7	0
p2e-05	2e-05	0.2346686268305	independent-held-out-validated	7633ebb4a0d966dbda15a4e32d0efa492fb71aeb	tf	7	61180915be61455887ac261499455ac933cf976b292cab1a8180d759acc3ac2d	78.12	78.37	0.04	67108	12442	1826	297627	85eb997a609d2fa7532f68f57c0f75dd8d03955b1e9933f5ce64d502bff3faad	edcb685d64fb3c6ef14b7c31cd84bf5bfc97d14ff111b48e564ba9dba83131ce	0
p2e-05	2e-05	0.2346686268305	independent-held-out-validated	7633ebb4a0d966dbda15a4e32d0efa492fb71aeb	tf	8	61180915be61455887ac261499455ac933cf976b292cab1a8180d759acc3ac2d	77.53	77.85	0.03	67112	13098	1924	313269	d141e1bd020e4274ef1ac66e27d440724c7b0eb016824d22887ff1e37d64f875	aa08595af743c34c4a8c283a966afb62f497266fb715e923ccbad1d14f291c55	0
p2e-05	2e-05	0.2346686268305	independent-held-out-validated	7633ebb4a0d966dbda15a4e32d0efa492fb71aeb	tf	9	61180915be61455887ac261499455ac933cf976b292cab1a8180d759acc3ac2d	77.98	77.25	0.97	67108	12283	1897	295072	d2577b2d72e957056cb53dfd5f2aa44f7e3df93f8368658ef8a1b30dad455a4e	5e09df927e3f3d323fa450795cbd2df5b340b1478ae5e6bf564179bfce3ba6f5	0
p2e-05	2e-05	0.2346686268305	independent-held-out-validated	7633ebb4a0d966dbda15a4e32d0efa492fb71aeb	tf	10	61180915be61455887ac261499455ac933cf976b292cab1a8180d759acc3ac2d	78.98	79.29	0.05	67108	11839	1855	284794	8d86ee49a29775dbbbe9bced067a5e81555edbeb02060ff58780a1b569416ebd	a4d13b26b0f97bae582af8e462266d6476ca3ce705644035ef661e3b9eaf9cd9	0
p2e-05	2e-05	0.2346686268305	independent-held-out-validated	7633ebb4a0d966dbda15a4e32d0efa492fb71aeb	tf	11	61180915be61455887ac261499455ac933cf976b292cab1a8180d759acc3ac2d	78.14	78.37	0.07	66980	11429	1901	276369	b23b7a1f2550264433f668fbda7c3aaf3635de8ce4b3e4574445b32a78cd57e4	118c5fba789e8e05591d0203bbfb93cc9cd2154c4bde296c63ffa75805f6c212	0
p2e-05	2e-05	0.2346686268305	independent-held-out-validated	7633ebb4a0d966dbda15a4e32d0efa492fb71aeb	tf	12	61180915be61455887ac261499455ac933cf976b292cab1a8180d759acc3ac2d	77.65	78.03	0.03	67108	12017	1847	288681	258de5e27887234083c1117e137c419b99dd83aa2f277f60a28b98dc8188fb06	cc6901b111d042d55523fb9221abe025b9bd58d75da8b7836fdb82f609a1154c	0
p2e-05	2e-05	0.2346686268305	independent-held-out-validated	7633ebb4a0d966dbda15a4e32d0efa492fb71aeb	tf	13	61180915be61455887ac261499455ac933cf976b292cab1a8180d759acc3ac2d	79.02	78.07	0.03	66980	10847	1834	262764	1741129d9ae3ab8ee95aedeb45dac552233b9ec4c3c6b43fff89cf8dfb7a6f14	04f2f927af606951753837e96672d792018aa28c8164b632c5c6852857b54fa0	0
p2e-05	2e-05	0.2346686268305	independent-held-out-validated	7633ebb4a0d966dbda15a4e32d0efa492fb71aeb	tf	14	61180915be61455887ac261499455ac933cf976b292cab1a8180d759acc3ac2d	76.0	75.19	0.06	67012	10856	1853	263287	838db85d0534a5547faac3b8d5b21e65368027b44332750427cef807244c56ce	f7391649c60360a52a8da13c5975ac9a1772ce4f8bc9824a775e9baa16a8d3c0	0
p2e-05	2e-05	0.2346686268305	independent-held-out-validated	7633ebb4a0d966dbda15a4e32d0efa492fb71aeb	tf	15	61180915be61455887ac261499455ac933cf976b292cab1a8180d759acc3ac2d	83.54	79.8	0.06	67112	12183	1895	292829	7b650d0daf5ff7767e00bbbefc6bee657479874f0c9fabebd1f2c2df91449a8c	aec46c4844b04fde3681f2bb1a70a7e76944163c58c1fe77afece7f6f3fa91b3	0
p2e-05	2e-05	0.2346686268305	independent-held-out-validated	7633ebb4a0d966dbda15a4e32d0efa492fb71aeb	tf	16	61180915be61455887ac261499455ac933cf976b292cab1a8180d759acc3ac2d	75.31	75.48	0.05	67112	12115	1910	291530	1ab9266b4db1eae8a161b881a8f3792d95cdf8706ccfe4dd0791bef1c92b78fe	7f493a30c859b1752d5180e8e673df97388e5ca0ad0deeb94f7adc63ddcf43a7	0
p2e-05	2e-05	0.2346686268305	independent-held-out-validated	7633ebb4a0d966dbda15a4e32d0efa492fb71aeb	tf	17	61180915be61455887ac261499455ac933cf976b292cab1a8180d759acc3ac2d	74.88	75.01	0.04	67076	11675	1883	281594	e92cefa6854c312f8f9ad5973d7823388a0260f4e7bd2e818449642999cf02cd	b8f93f45b86c2c44c0743893eb1ef5ea60cd35013f3a4a98abcc9bb5d200295e	0
p2e-05	2e-05	0.2346686268305	independent-held-out-validated	7633ebb4a0d966dbda15a4e32d0efa492fb71aeb	tf	18	61180915be61455887ac261499455ac933cf976b292cab1a8180d759acc3ac2d	74.1	74.3	0.06	67108	11006	1853	266484	9ad1097c177c653364ff156c296749db22fa78376fdb6f0d3a64b27c5e8ca659	8bb4d538f5969573b6cabf8c4a5ea3a827c78eff43109d4dc5d2cfbb07fa8a27	0
p2e-05	2e-05	0.2346686268305	independent-held-out-validated	7633ebb4a0d966dbda15a4e32d0efa492fb71aeb	tf	19	61180915be61455887ac261499455ac933cf976b292cab1a8180d759acc3ac2d	74.52	74.67	0.06	67112	11683	1882	281723	ec3640752b89576cbdc70b272df232073228a1b7c88b7a1c90fbada203078619	4d9c284f81f130dfe16b462e71417fc82b3a0441bbce96972517557fdfb480a2	0
p2e-05	2e-05	0.2346686268305	independent-held-out-validated	7633ebb4a0d966dbda15a4e32d0efa492fb71aeb	tf	20	61180915be61455887ac261499455ac933cf976b292cab1a8180d759acc3ac2d	79.28	79.64	0.06	67108	11834	1879	284971	4199833327710164be056d1bf692ede64a7ad34d314c064b67bc5aed0629c0f6	2401cadce0f9b2fbd86bab91d875f051ec7aff8e45d48d82045825482a62df39	0
p2e-05	2e-05	0.2346686268305	independent-held-out-validated	7633ebb4a0d966dbda15a4e32d0efa492fb71aeb	tf	21	61180915be61455887ac261499455ac933cf976b292cab1a8180d759acc3ac2d	88.32	87.96	0.07	67072	12119	1859	290961	ac0e22ac26e60189c554b4c9df3c568df8df8cdb4b1bfd27e7080bd527ec9c89	9c12cd141a65803c903a09ccfe5440dc8e34c5bb47768af892a1189d2d2d66fe	0
p2e-05	2e-05	0.2346686268305	independent-held-out-validated	7633ebb4a0d966dbda15a4e32d0efa492fb71aeb	tf	22	61180915be61455887ac261499455ac933cf976b292cab1a8180d759acc3ac2d	76.78	77.03	0.06	67236	11837	1866	284894	9e6bf398702d2b0d220e4fe8c26c1ea291771ef4b949b3689dc79d0cae6beb74	223a825c99f2bede14e89eec833354f5ef642b2910a2df8836d8af170e0d1038	0
p2e-05	2e-05	0.2346686268305	independent-held-out-validated	7633ebb4a0d966dbda15a4e32d0efa492fb71aeb	tf	23	61180915be61455887ac261499455ac933cf976b292cab1a8180d759acc3ac2d	78.23	78.5	0.06	67108	11945	1828	286693	8dde26a3af27c11f5e79598981ac6a0ad6e094afce4a6f2c78a9589616ec6727	b2ef776f811a1a4a836585a25c849ca492db0e71bdae890a8296185b6789aac9	0
p2e-05	2e-05	0.2346686268305	independent-held-out-validated	7633ebb4a0d966dbda15a4e32d0efa492fb71aeb	tf	24	61180915be61455887ac261499455ac933cf976b292cab1a8180d759acc3ac2d	76.59	75.75	0.07	66980	11202	1891	271271	0b813d920746b682a7ae622dd275da8b1539902a84fb97197731ca13391c1e50	67d2a4f475593789d8de427551a5abeaccdcc03cca9f2abb60ee1461c0d14f41	0
p2e-05	2e-05	0.2346686268305	independent-held-out-validated	7633ebb4a0d966dbda15a4e32d0efa492fb71aeb	tf	25	61180915be61455887ac261499455ac933cf976b292cab1a8180d759acc3ac2d	76.11	76.55	0.04	67108	11514	1907	278240	39e810568db7e7a9e9761c59318594684900229263518652d763391cabb23edf	a87e833c18917b3521bf380ee748e3b7ef35cfe93be7d94842d0d49f1edfbf28	0
p2e-05	2e-05	0.2346686268305	independent-held-out-validated	7633ebb4a0d966dbda15a4e32d0efa492fb71aeb	tf	26	61180915be61455887ac261499455ac933cf976b292cab1a8180d759acc3ac2d	78.63	77.8	0.06	67108	11289	1870	272872	2c510e716bb18ad230f015d2b4d1dc20d91c79d642e6ef516b2a8b5deb55c081	d10bf26bff72b95c29a056e63dab5af67463d72db47ca1aefbfd271e88ffcb61	0
p2e-05	2e-05	0.2346686268305	independent-held-out-validated	7633ebb4a0d966dbda15a4e32d0efa492fb71aeb	tf	27	61180915be61455887ac261499455ac933cf976b292cab1a8180d759acc3ac2d	78.09	77.14	0.04	67108	11170	1887	270512	e91d8e4c3a58d33fa027f63999726992e8e5c37d9e7097655d0032985ffa13b9	c521e77a5670ef6265d9ef4f61567905d70082148b0b18765e27c42b02a64378	0
p2e-05	2e-05	0.2346686268305	independent-held-out-validated	7633ebb4a0d966dbda15a4e32d0efa492fb71aeb	tf	28	61180915be61455887ac261499455ac933cf976b292cab1a8180d759acc3ac2d	76.55	76.83	0.05	67236	11925	1835	286348	83535b623f3978b90b9926588cbd09b5867de8d6c52c4e804e7a39223449ef97	e1d4361b963f55c5bc0c49043e7b4ecc39816c2a4056d81ca4f2598f8cf44582	0
p2e-05	2e-05	0.2346686268305	independent-held-out-validated	7633ebb4a0d966dbda15a4e32d0efa492fb71aeb	tf	29	61180915be61455887ac261499455ac933cf976b292cab1a8180d759acc3ac2d	76.14	76.45	0.08	67112	11771	1875	283575	2171feb531d2e0d33d6d9fab7bd5f91ff84ecf5812b02f79698e310462f0327b	bb6038d93886ffb8e988ea18e80d053f32f8057f2d069c08c6d33261c5c69489	0
p2e-05	2e-05	0.2346686268305	independent-held-out-validated	7633ebb4a0d966dbda15a4e32d0efa492fb71aeb	tf	30	61180915be61455887ac261499455ac933cf976b292cab1a8180d759acc3ac2d	78.13	77.32	0.07	66980	12118	1902	291521	ee763415a2353d6083fa2048b08de9ff7bc91add76737b6dbf9eea2967f97bb2	81a5f7b44c8afe702b0b76f51da99dd687b5f090f99370b6d1b409c8c9d74254	0
p2e-05	2e-05	0.2346686268305	independent-held-out-validated	7633ebb4a0d966dbda15a4e32d0efa492fb71aeb	tf	31	61180915be61455887ac261499455ac933cf976b292cab1a8180d759acc3ac2d	78.47	77.64	0.05	67236	12220	1893	293583	742f82d8f82d7b8b3419a25636fb034ddb90ccde7cf02d849b4ee4ccf16b75ad	494e5a982946e7985ca892fc929d8b4b576abfa99985bb864d27f94323955b4f	0
p2e-05	2e-05	0.2346686268305	independent-held-out-validated	7633ebb4a0d966dbda15a4e32d0efa492fb71aeb	tf	32	61180915be61455887ac261499455ac933cf976b292cab1a8180d759acc3ac2d	76.98	77.29	0.05	66964	12063	1920	290494	273857302881b9377591237738ee2ec6c753c1f17d443c020e25772f8a37b206	ae5eae8cc3053f5a6f3aa1114ae41895851491c4504e62758077eba2e8b71dee	0
p2e-05	2e-05	0.2346686268305	independent-held-out-validated	7633ebb4a0d966dbda15a4e32d0efa492fb71aeb	tf	33	61180915be61455887ac261499455ac933cf976b292cab1a8180d759acc3ac2d	78.16	77.27	0.07	67112	11529	1890	278515	0be891bcc62c10da5c0f1ea2542e41d4768169bee69573afe0ed8c2e1c87733b	65c54265c04fd3aac98cda91141b96cebbd5ea4d8f3e0c2cee2b19e8a04ff9b5	0
p2e-05	2e-05	0.2346686268305	independent-held-out-validated	7633ebb4a0d966dbda15a4e32d0efa492fb71aeb	tf	34	61180915be61455887ac261499455ac933cf976b292cab1a8180d759acc3ac2d	77.93	76.9	0.03	67108	12302	1916	295659	e2efd4f75cebed5de687ac0b791b5de92905ffcb4850548d284cf49e3ba5e682	c5e38f3d7fc3cdff97213f410b1f062c4d29c2e4977fd039c65fbcc102d21176	0
p2e-05	2e-05	0.2346686268305	independent-held-out-validated	7633ebb4a0d966dbda15a4e32d0efa492fb71aeb	tf	35	61180915be61455887ac261499455ac933cf976b292cab1a8180d759acc3ac2d	76.94	77.21	0.05	66984	10936	1825	264648	65040fb8f7d8a2983f7aa869400701a26e75226a5e8d87f0f3f3b4ac94e8197e	93b9e7b578d0d018f7e76421235401dabbb2ea0a4d21764b0066b9d2a12cefde	0
p2e-05	2e-05	0.2346686268305	independent-held-out-validated	7633ebb4a0d966dbda15a4e32d0efa492fb71aeb	tf	36	61180915be61455887ac261499455ac933cf976b292cab1a8180d759acc3ac2d	77.48	77.8	0.04	66980	11798	1872	284115	6a6c9cb18e973a42d08bc733d85a3975451bf705f7cc54e722e210a1684fe0e1	ac0bc7f57e2c887ef8f66828f3e27d773d83d707b6ed4fc3021361d1074e0f57	0
p2e-05	2e-05	0.2346686268305	independent-held-out-validated	7633ebb4a0d966dbda15a4e32d0efa492fb71aeb	tf	37	61180915be61455887ac261499455ac933cf976b292cab1a8180d759acc3ac2d	77.12	76.16	0.05	67112	11906	1885	286660	989b68b48d8999b50cef170b938f3840781cf716704d8e1b079dee3b11886322	02a554ebf2e99dcf4472021e7d3bf455e806f032dbc969b2ed2e9e722d9602b7	0
p2e-05	2e-05	0.2346686268305	independent-held-out-validated	7633ebb4a0d966dbda15a4e32d0efa492fb71aeb	tf	38	61180915be61455887ac261499455ac933cf976b292cab1a8180d759acc3ac2d	78.73	77.67	0.06	67236	12630	1950	303252	5e6e10e51e67898fea644c9d8d09ac0d6d3d7dfa9dc3e2c094b6756b57d73501	433ae2834683df9baeca403bce3a6f9318a4b240f130999255f6de06a3766f2a	0
p2e-05	2e-05	0.2346686268305	independent-held-out-validated	7633ebb4a0d966dbda15a4e32d0efa492fb71aeb	tf	39	61180915be61455887ac261499455ac933cf976b292cab1a8180d759acc3ac2d	76.0	76.26	0.04	67236	12560	1902	301196	d1d22c9e01efff9908deece8958034094f341ced1f657072825a9a345146c684	0d9de91ebde42e3fe9ec44a69361e5584bfd0020c632c6fb066f5f0ec6a99ac7	0
p2e-05	2e-05	0.2346686268305	independent-held-out-validated	7633ebb4a0d966dbda15a4e32d0efa492fb71aeb	tf	40	61180915be61455887ac261499455ac933cf976b292cab1a8180d759acc3ac2d	77.17	77.52	0.04	67240	11596	1828	279177	bd3ad7bd21f9273a48b008d31eb57f98ef7bf41dc76563be9ccabab51cf2476b	55bdb4370cc9a67989acecc73bd28c80fa0f8ae0a4212801d759a0a034f97e7d	0
p2e-05	2e-05	0.2346686268305	independent-held-out-validated	7633ebb4a0d966dbda15a4e32d0efa492fb71aeb	tf	41	61180915be61455887ac261499455ac933cf976b292cab1a8180d759acc3ac2d	77.97	76.98	0.05	67112	12025	1878	289163	379a3c7e85c64debf38b295d9ddd735e24c79fab5e773ce5139f3984e98b8cc6	a622256862c3940b95db891ec34f340c162ab8414cefbaff85b1287f9183a95e	0
p2e-05	2e-05	0.2346686268305	independent-held-out-validated	7633ebb4a0d966dbda15a4e32d0efa492fb71aeb	tf	42	61180915be61455887ac261499455ac933cf976b292cab1a8180d759acc3ac2d	78.31	77.27	0.05	67112	11736	1841	282377	1215e864c46d12c37d4e45731e527df4bbaf8420bea6e458d33778d5e293b6c1	ba8861c3025ea5216f1c34facd0d5c88bb2d075c4f34aa307bf6c9628d7ebbab	0
p2e-05	2e-05	0.2346686268305	independent-held-out-validated	7633ebb4a0d966dbda15a4e32d0efa492fb71aeb	tf	43	61180915be61455887ac261499455ac933cf976b292cab1a8180d759acc3ac2d	78.33	78.68	0.04	67108	12653	1863	302671	f24048ad8a711d2c5f127dfcc8c23af7a9572afa59bbe3c42b3bd4c3ed62c361	90baf10c26e391f425f1d6c5887b968f142801f9fc983a210fe58e28dbfe3b12	0
p2e-05	2e-05	0.2346686268305	independent-held-out-validated	7633ebb4a0d966dbda15a4e32d0efa492fb71aeb	tf	44	61180915be61455887ac261499455ac933cf976b292cab1a8180d759acc3ac2d	81.09	80.27	0.1	67108	12246	1896	294225	bcc0507f85fb4ee01640ed5da7a5ba611747a63429b0a2fca81956f93e1ed96f	e7e5aa4d29865eb557d40b802d14944844dc1a6d52b6473578dcff77aa4942ee	0
p2e-05	2e-05	0.2346686268305	independent-held-out-validated	7633ebb4a0d966dbda15a4e32d0efa492fb71aeb	tf	45	61180915be61455887ac261499455ac933cf976b292cab1a8180d759acc3ac2d	74.31	74.53	0.04	66980	11472	1904	277334	2cce652b29f35272b9b2f813179265f3fdf288ad40a8d518466f2bf28f594315	59afd9faed50afd6fe3e650aadc470bd8da257d4ca2b68c69ecf7bb0a4c5fd6a	0
p2e-05	2e-05	0.2346686268305	independent-held-out-validated	7633ebb4a0d966dbda15a4e32d0efa492fb71aeb	tf	46	61180915be61455887ac261499455ac933cf976b292cab1a8180d759acc3ac2d	78.31	77.35	0.05	67024	11860	1876	285498	9e987a73ab1f74287d1511fbd57179b622eef435124f339b4e3b2e21d7f0b213	ec163603c6eca8c0bda2c8e38ce7c304c5f25125705bd47ed45cdb53128bea33	0
p2e-05	2e-05	0.2346686268305	independent-held-out-validated	7633ebb4a0d966dbda15a4e32d0efa492fb71aeb	tf	47	61180915be61455887ac261499455ac933cf976b292cab1a8180d759acc3ac2d	80.81	81.27	0.06	66980	11304	1866	273269	571a5a176aac6508cafc42502932d125db8632148de689aa0351c09e16066cc1	b035c82fdb770b727dbae7058eae0f53dcbf5cf0c802c4b72bf23f35f1ac54c7	0
p2e-05	2e-05	0.2346686268305	independent-held-out-validated	7633ebb4a0d966dbda15a4e32d0efa492fb71aeb	tf	48	61180915be61455887ac261499455ac933cf976b292cab1a8180d759acc3ac2d	74.36	74.43	0.07	67108	11359	1899	274840	d6fdab87e2793aca5fa4fbf4fb1806f4d33ba19e53c7c01264cbc7da93ccb9bb	05887e1e94bc518b9771192a35d054aec2eea819d9a60e73daa1720dcf719025	0
p2e-05	2e-05	0.2346686268305	independent-held-out-validated	7633ebb4a0d966dbda15a4e32d0efa492fb71aeb	tf	49	61180915be61455887ac261499455ac933cf976b292cab1a8180d759acc3ac2d	76.69	75.72	0.06	67108	11680	1850	281222	6fb88a6d37b28406453ed626cbcf1d1564dd8f468cf8c8289678e120bde8a4af	3940f1b1eed6cd6fab5a3cc0312dda8c64c87a2c4181835428cb5d93a24dad2d	0
p2e-05	2e-05	0.2346686268305	independent-held-out-validated	7633ebb4a0d966dbda15a4e32d0efa492fb71aeb	tf	50	61180915be61455887ac261499455ac933cf976b292cab1a8180d759acc3ac2d	80.83	81.38	0.06	67108	11617	1864	280028	43413a0c84d425a1f63e240d27013278a9d8de8745a6662f3adb515188241747	5178459998a5727e4fe64e6d165000936c1751650ce0247826c93a53c1a9bc1f	0
p2e-05	2e-05	0.2346686268305	independent-held-out-validated	7633ebb4a0d966dbda15a4e32d0efa492fb71aeb	tf	51	61180915be61455887ac261499455ac933cf976b292cab1a8180d759acc3ac2d	75.8	76.23	0.06	67108	12550	1916	301175	83c42a362a02f93208d724edf33d8c7f77e68c03c45ecd7de8cff3c57e442c6f	e6612649e08388ac4f788ac29a42c7c85db3c0cd2cd859ca3fe04127f010923b	0
p2e-05	2e-05	0.2346686268305	independent-held-out-validated	7633ebb4a0d966dbda15a4e32d0efa492fb71aeb	tf	52	61180915be61455887ac261499455ac933cf976b292cab1a8180d759acc3ac2d	80.56	79.77	0.08	67236	11258	1871	272260	4f5fc0fb99fbb406558935bb732335412a208e7027099f62413f7ad485a4d6d8	0de9d72d7509021cf1293314d6dc3a569b531085a89cacd33ab3dbbef5b8c5de	0
p2e-05	2e-05	0.2346686268305	independent-held-out-validated	7633ebb4a0d966dbda15a4e32d0efa492fb71aeb	tf	53	61180915be61455887ac261499455ac933cf976b292cab1a8180d759acc3ac2d	75.58	75.8	0.05	67108	11622	1832	279686	d1bba5b1997638bf4642448744937f91825fe50fc7e7dbfd794d563c58067c6f	32b505e5121d67d6162321002dc7c4da20996a5b8297c6763d0eac4d6a850a2d	0
p2e-05	2e-05	0.2346686268305	independent-held-out-validated	7633ebb4a0d966dbda15a4e32d0efa492fb71aeb	tf	54	61180915be61455887ac261499455ac933cf976b292cab1a8180d759acc3ac2d	74.84	75.13	0.06	67236	11721	1872	282439	de0f5b40e51ae0b3dda6334799d65d45b899f4d79a2b29e1b087bb429f633ac8	687090d2fe4a193f559a282a5119ab290bda7ffd468e4dbafb7328368500cb1c	0
p2e-05	2e-05	0.2346686268305	independent-held-out-validated	7633ebb4a0d966dbda15a4e32d0efa492fb71aeb	tf	55	61180915be61455887ac261499455ac933cf976b292cab1a8180d759acc3ac2d	76.43	75.4	0.09	67108	11169	1862	270219	0a39b2768e6923cba54d745ad273cf63cbc35790843c35aecd667f98168200f6	22381d2f1f088309188ed21e7aebc319472791fb75fa526144765396846fdc61	0
p2e-05	2e-05	0.2346686268305	independent-held-out-validated	7633ebb4a0d966dbda15a4e32d0efa492fb71aeb	tf	56	61180915be61455887ac261499455ac933cf976b292cab1a8180d759acc3ac2d	75.95	74.99	0.05	67236	11351	1829	273792	29af114f69b4e35a4947385801406d64f458e7e6767411e8b09e1d4aaf1629cb	e8131db3c040eedd69f4520566286210e2ae62003bebae62cccc134701d1450a	0
p2e-05	2e-05	0.2346686268305	independent-held-out-validated	7633ebb4a0d966dbda15a4e32d0efa492fb71aeb	tf	57	61180915be61455887ac261499455ac933cf976b292cab1a8180d759acc3ac2d	73.78	73.95	0.04	67112	12188	1845	292256	d127be338b74cf252f59033e026fc0bb13cc604cf29376eeaa2eb3a55a2e9214	489d14e631e49b9bfe9dc84c70efbe2cf595acb9d4f2ffff4dfca70304e20874	0
p2e-05	2e-05	0.2346686268305	independent-held-out-validated	7633ebb4a0d966dbda15a4e32d0efa492fb71aeb	tf	58	61180915be61455887ac261499455ac933cf976b292cab1a8180d759acc3ac2d	74.34	74.48	0.05	66980	11285	1878	272935	f70a24811ae016375e5c1808df37ff88a9fb464880067d912f3adb9b4544602c	e5727ec91914a397341a8f0db22a45da750873cb7f6548f72022e2120fc2c881	0
p2e-05	2e-05	0.2346686268305	independent-held-out-validated	7633ebb4a0d966dbda15a4e32d0efa492fb71aeb	tf	59	61180915be61455887ac261499455ac933cf976b292cab1a8180d759acc3ac2d	74.67	74.81	0.07	66980	11801	1862	284026	585d868ccb583dc9e9d7f7cba63bc6a43a9a44cfc9b2e9a2e2034b8c8dae8616	3299334b182490611a1a1d3bca73fd0b749622db548755bbdfd826e720ca2217	0
p2e-05	2e-05	0.2346686268305	independent-held-out-validated	7633ebb4a0d966dbda15a4e32d0efa492fb71aeb	tf	60	61180915be61455887ac261499455ac933cf976b292cab1a8180d759acc3ac2d	74.27	74.47	0.05	67108	12482	1903	299443	5ba7516b2d9d5364946934fb482af4e46a42ded403bd5ce29044c6643872a45d	585b882835a20a4b517d2ee644befe85f78a242f633385ef8aa317de7cae09fb	0
p2e-05	2e-05	0.2346686268305	independent-held-out-validated	7633ebb4a0d966dbda15a4e32d0efa492fb71aeb	tf	61	61180915be61455887ac261499455ac933cf976b292cab1a8180d759acc3ac2d	73.36	73.59	0.07	67108	12039	1899	289718	31523197ee35b5026ce6cf052228259087a897f6408da41199ceab9a96dabe55	8e51e0d462e59ecc3b71cc91c80a3a68f2b18573a77032abf14fd2f4a0a43a44	0
p2e-05	2e-05	0.2346686268305	independent-held-out-validated	7633ebb4a0d966dbda15a4e32d0efa492fb71aeb	tf	62	61180915be61455887ac261499455ac933cf976b292cab1a8180d759acc3ac2d	74.36	73.33	0.05	67236	11469	1849	276499	bfe4c93ee53319fcbdb007428cf3e1f258ae5bb090787596333c27234d8dca8f	af46dabbf1db9ff3106cd980ba5beeb1b9931c84ee32eed6f2ecd90cab667961	0
p2e-05	2e-05	0.2346686268305	independent-held-out-validated	7633ebb4a0d966dbda15a4e32d0efa492fb71aeb	tf	63	61180915be61455887ac261499455ac933cf976b292cab1a8180d759acc3ac2d	73.95	74.23	0.06	67112	11616	1900	280528	ce0491df4787d3d39de89e6b448bc17c34a0f6c79623326cea20572584149c24	e2c9b45b139a6f2aa0283c56d07ec584840a1ef88583aa14028c92da4f844fdd	0
p2e-05	2e-05	0.2346686268305	independent-held-out-validated	7633ebb4a0d966dbda15a4e32d0efa492fb71aeb	tf	64	61180915be61455887ac261499455ac933cf976b292cab1a8180d759acc3ac2d	73.07	73.22	0.07	67108	11294	1860	272925	58460d592207f5f770f3bc26fb162d89f745e0940a9a690cce8aef15b1b0aaa9	1451576f5ec0b56a233c8de4f30f59295c4a477685572be0f227785583ef2a20	0
p2e-05	2e-05	0.2346686268305	independent-held-out-validated	7633ebb4a0d966dbda15a4e32d0efa492fb71aeb	tf	65	61180915be61455887ac261499455ac933cf976b292cab1a8180d759acc3ac2d	73.58	73.76	0.04	66980	11749	1862	282878	c11eac0757799554346ffba028be5192264a1cd1d40ead527c35a9e52c0b1a7c	0532f9d8df28ca48ad26b3b8549be90764cde4684c4fafbe6335733003c21822	0
p2e-05	2e-05	0.2346686268305	independent-held-out-validated	7633ebb4a0d966dbda15a4e32d0efa492fb71aeb	tf	66	61180915be61455887ac261499455ac933cf976b292cab1a8180d759acc3ac2d	72.81	72.98	0.04	66936	11625	1878	280376	d1b5c5112cbfe9997f834e4e2612e1b7aa73434a09bb8a5974d35b46287ee25b	e889e3e0d665d7211aaf0a8e0a167ecf32aa1c363ca1e8650cfb4f64000cba4b	0
p2e-05	2e-05	0.2346686268305	independent-held-out-validated	7633ebb4a0d966dbda15a4e32d0efa492fb71aeb	tf	67	61180915be61455887ac261499455ac933cf976b292cab1a8180d759acc3ac2d	74.94	73.92	0.04	66980	11408	1910	276112	cfb353b7e00742f962f85e41e6be8f8a8b0798f69b3bf387053959c9fdd7ea40	2b7b548cb4fb45e86019f311618830e0320f090394cc833ddb2912207fb70409	0
p2e-05	2e-05	0.2346686268305	independent-held-out-validated	7633ebb4a0d966dbda15a4e32d0efa492fb71aeb	tf	68	61180915be61455887ac261499455ac933cf976b292cab1a8180d759acc3ac2d	74.23	74.46	0.06	67108	12260	1918	294810	8055f54f3cff21398c208949101b59d063ce82798da6dc6f97d00273fc654a37	5e578a34b33bf1ff9c8418075e3bd8d358ac0bc3bfd298ad24784fa934e87bc4	0
p2e-05	2e-05	0.2346686268305	independent-held-out-validated	7633ebb4a0d966dbda15a4e32d0efa492fb71aeb	tf	69	61180915be61455887ac261499455ac933cf976b292cab1a8180d759acc3ac2d	73.29	73.47	0.04	66980	11855	1852	285091	e267dd8384d7c1fa6f9b8c9c4c5de667803cd25c9d47651a872b4ffc2a6bc066	52ef2532eaee90d9714d8c0f68ab191df8a9771e71b281f6f312c82b04a388a1	0
p2e-05	2e-05	0.2346686268305	independent-held-out-validated	7633ebb4a0d966dbda15a4e32d0efa492fb71aeb	tf	70	61180915be61455887ac261499455ac933cf976b292cab1a8180d759acc3ac2d	73.32	73.46	0.04	67108	12041	1862	289287	b1b7c7abe5d880644e81cbd4ef47f5170072c5d5230823ff00176358eeb8dc09	cc17c55c234027e681154e980a412dbeebf31fef7bfcde091526a8f57a67faf1	0
p2e-05	2e-05	0.2346686268305	independent-held-out-validated	7633ebb4a0d966dbda15a4e32d0efa492fb71aeb	tf	71	61180915be61455887ac261499455ac933cf976b292cab1a8180d759acc3ac2d	73.74	73.87	0.05	67108	11715	1878	282368	52d202578ecac1ebe215a6e2f74545867b55ae1db141a6fdd13feb1302c27a7a	a04bf7821cfa9f34367ccb3ae425a33b354834a59edf725a2a77a96c5ef63f56	0
p2e-05	2e-05	0.2346686268305	independent-held-out-validated	7633ebb4a0d966dbda15a4e32d0efa492fb71aeb	tf	72	61180915be61455887ac261499455ac933cf976b292cab1a8180d759acc3ac2d	73.76	73.85	0.04	67108	11558	1857	278622	903c74ae2290713c3b5118e7789f256d8f78eb86bf347f4b87ba40a0f98d70cd	f43ae8ee5b492e822a2d6f7cb408f85c7be9ce27146eab4d5d220071beaa958d	0
p2e-05	2e-05	0.2346686268305	independent-held-out-validated	7633ebb4a0d966dbda15a4e32d0efa492fb71aeb	tf	73	61180915be61455887ac261499455ac933cf976b292cab1a8180d759acc3ac2d	73.92	74.08	0.04	67108	12083	1885	290501	5b00bf92527544f92f1126c4d18e36b25756f2da47e2573f61e87fe7ab55bf08	1cb1f4eaa78211781ffc3570a65ee368bec854ce4360f5953acffeabf416ed3f	0
p2e-05	2e-05	0.2346686268305	independent-held-out-validated	7633ebb4a0d966dbda15a4e32d0efa492fb71aeb	tf	74	61180915be61455887ac261499455ac933cf976b292cab1a8180d759acc3ac2d	72.97	73.14	0.04	67108	11941	1875	287339	3e8baf72b65e2d639f8ce370a5d6281b041a41941dabe5b98e8a07fae702273e	a5302da5c4ecfb60d59e22be79f971b8b9cb377ada2eb5155ad3e7c5eecf46d0	0
p2e-05	2e-05	0.2346686268305	independent-held-out-validated	7633ebb4a0d966dbda15a4e32d0efa492fb71aeb	tf	75	61180915be61455887ac261499455ac933cf976b292cab1a8180d759acc3ac2d	73.49	73.37	0.05	67112	11039	1870	267385	932db42da03311a2951d072f995783fd7d3f28be88f4c0c6b5c264a6978f558f	4d555680491fa75226b2fadb6e5bf9f5ccaae70381a1f5403c390682a842c36f	0
p2e-05	2e-05	0.2346686268305	independent-held-out-validated	7633ebb4a0d966dbda15a4e32d0efa492fb71aeb	tf	76	61180915be61455887ac261499455ac933cf976b292cab1a8180d759acc3ac2d	73.81	73.93	0.03	67240	11053	1896	268130	c38d6a84bf513c085ce0d1db2183aac0527aeccc4f57adbec995070b85bb625e	dd5ddc09f3ba8c2bbd3ef0e1ff27a1f0f623da03480ece63b1becb99c7ebdcc5	0
p2e-05	2e-05	0.2346686268305	independent-held-out-validated	7633ebb4a0d966dbda15a4e32d0efa492fb71aeb	tf	77	61180915be61455887ac261499455ac933cf976b292cab1a8180d759acc3ac2d	76.28	75.18	0.06	67236	12272	1884	294621	2d17110fa4a66b11196689cca0fa2f385853820488bdb5ed73deb4b8c2d79e59	336b8a757300a2dc46797191aad2b7816b6a0a04141da0fb1fbaaebaa6ec40b9	0
p2e-05	2e-05	0.2346686268305	independent-held-out-validated	7633ebb4a0d966dbda15a4e32d0efa492fb71aeb	tf	78	61180915be61455887ac261499455ac933cf976b292cab1a8180d759acc3ac2d	76.67	77.41	0.04	66984	12203	1862	292907	acfd00df362c302092e22a7f7c84526e33a651a39d5092dd0c130627c107ba15	572a86ac4143e0a78fbdfc5f09a094137a6130bdd798a930c8da7be8c06229c0	0
p2e-05	2e-05	0.2346686268305	independent-held-out-validated	7633ebb4a0d966dbda15a4e32d0efa492fb71aeb	tf	79	61180915be61455887ac261499455ac933cf976b292cab1a8180d759acc3ac2d	74.04	74.26	0.04	67108	12700	1939	304726	dc6b04b45be208262aa28df35a8b2a3639d7a8d7d12e980d101c9448dfde83ca	4da1ad3cafdde425c7ada286dfeccaa5d397304774c16884fb1c0651731be9ae	0
p2e-05	2e-05	0.2346686268305	independent-held-out-validated	7633ebb4a0d966dbda15a4e32d0efa492fb71aeb	tf	80	61180915be61455887ac261499455ac933cf976b292cab1a8180d759acc3ac2d	74.23	74.45	0.05	66980	12070	1890	290228	9871d7bceae23d3a9def9e3c229e197bd0bc99ccb2a56a6502b10b834ccb8c11	50f6cb93a7b8446f34325f9f820adfd38e0cfb0de403934eaae54b71746d5c76	0
p2e-05	2e-05	0.2346686268305	independent-held-out-validated	7633ebb4a0d966dbda15a4e32d0efa492fb71aeb	tf	81	61180915be61455887ac261499455ac933cf976b292cab1a8180d759acc3ac2d	74.84	75.28	0.05	67108	11606	1870	279829	b96d7511131f4303da17e6444473172425e03085181427a20fe7662ed0ac9523	fd09d20e731ef17b6ae66809640accc51efa9d0421173849a41cafae8fe2efb7	0
p2e-05	2e-05	0.2346686268305	independent-held-out-validated	7633ebb4a0d966dbda15a4e32d0efa492fb71aeb	tf	82	61180915be61455887ac261499455ac933cf976b292cab1a8180d759acc3ac2d	78.17	77.17	0.07	67108	11365	1861	274496	f19ed2924f70d1a276c56f85c6981cb00f2381651a9324735e989f567aa7b332	17947787e864b0917ac4e92dbcb1a0a6ac4ebb09bed2dacc5b8fb7e47a1c9869	0
p2e-05	2e-05	0.2346686268305	independent-held-out-validated	7633ebb4a0d966dbda15a4e32d0efa492fb71aeb	tf	83	61180915be61455887ac261499455ac933cf976b292cab1a8180d759acc3ac2d	74.54	74.75	0.04	67064	11674	1887	281612	92fb668d23fe643d6f096444a43c00b460df5cf875331f26a182c3982d120a54	99753bdb94f686fe844defd2afacd4188904df040c7776e9aa2f142b270359f1	0
p2e-05	2e-05	0.2346686268305	independent-held-out-validated	7633ebb4a0d966dbda15a4e32d0efa492fb71aeb	tf	84	61180915be61455887ac261499455ac933cf976b292cab1a8180d759acc3ac2d	74.98	74.87	0.05	67236	13006	1930	311285	9caa22f373d34cd1317bc0014b01670044d0ab8ea23eb507f59c8e88506c4dc1	a9f21d48858eb7faf07a2ab53da5b5122095021228ec02beccad38f405e9173b	0
p2e-05	2e-05	0.2346686268305	independent-held-out-validated	7633ebb4a0d966dbda15a4e32d0efa492fb71aeb	tf	85	61180915be61455887ac261499455ac933cf976b292cab1a8180d759acc3ac2d	74.98	75.29	0.05	67108	10785	1882	262075	d47dacf2f03383bfb2df4ef1487c28969a5766e695e335d544fae06f506828c9	21ba0d02a4fba3d46c6ba51cd35870554be9337245ada781d58bbfbd257c4174	0
p2e-05	2e-05	0.2346686268305	independent-held-out-validated	7633ebb4a0d966dbda15a4e32d0efa492fb71aeb	tf	86	61180915be61455887ac261499455ac933cf976b292cab1a8180d759acc3ac2d	74.85	74.27	0.06	67108	11399	1845	275008	30c1cf64d21a642338d639850f0fe128d4526431b7e52d3b2792ce7b1c3dc5dc	f993665b5f41ee9bd104d5dc197ba5fbd78cfafc6abcfc85ba8fe99697d0359b	0
p2e-05	2e-05	0.2346686268305	independent-held-out-validated	7633ebb4a0d966dbda15a4e32d0efa492fb71aeb	tf	87	61180915be61455887ac261499455ac933cf976b292cab1a8180d759acc3ac2d	74.18	74.34	0.06	67108	11338	1884	274178	7820716be5a3cdd341dce6bde22ba7e7aa23155d14f663f44dd06c228ff91097	1bdad259ba0c341348da1aa6028c30322cc8dee203aa501fb4423c2b9153a9f4	0
p2e-05	2e-05	0.2346686268305	independent-held-out-validated	7633ebb4a0d966dbda15a4e32d0efa492fb71aeb	tf	88	61180915be61455887ac261499455ac933cf976b292cab1a8180d759acc3ac2d	74.7	74.82	0.06	66980	12113	1863	290919	444ad64ac823a3f264cdb9dfd27e2c455fa7e41ef527743a739d4dcad8465440	ce996a997d6c708e416f0fd67552b52a0967680d8e3f92854c7398dcc264deaa	0
p2e-05	2e-05	0.2346686268305	independent-held-out-validated	7633ebb4a0d966dbda15a4e32d0efa492fb71aeb	tf	89	61180915be61455887ac261499455ac933cf976b292cab1a8180d759acc3ac2d	73.95	74.12	0.06	67108	12078	1896	290511	a499d374de83ca347bc1ac03e50287440820f6fb905060498a54745959dcddfe	5da6a25aff555c2a68c4dd89bd9558d3ebb7dd0f41b7ef7185f789b1b01bd0d5	0
p2e-05	2e-05	0.2346686268305	independent-held-out-validated	7633ebb4a0d966dbda15a4e32d0efa492fb71aeb	tf	90	61180915be61455887ac261499455ac933cf976b292cab1a8180d759acc3ac2d	73.43	73.53	0.05	67028	11318	1898	273881	650bdd062d2c8d6ec77eadd9c8beff1c01838a0bd08da40817a2a3ccd93761cc	1147fd18e07a584f5c4d8a10393e268fe87192e5e76f8285d3a69bdf8cb726d2	0
p2e-05	2e-05	0.2346686268305	independent-held-out-validated	7633ebb4a0d966dbda15a4e32d0efa492fb71aeb	tf	91	61180915be61455887ac261499455ac933cf976b292cab1a8180d759acc3ac2d	74.62	74.57	0.04	67100	11925	1867	286833	7624ff2ad04c37b665ef3a0d8d2a5a8e3d8706293ee0c6ff2c4b4e296cf1340e	8bceecefab9b51db99c52f1f86313e62d9dffd5244b2c453b88094eca793e637	0
p2e-05	2e-05	0.2346686268305	independent-held-out-validated	7633ebb4a0d966dbda15a4e32d0efa492fb71aeb	tf	92	61180915be61455887ac261499455ac933cf976b292cab1a8180d759acc3ac2d	74.7	73.93	0.03	66980	12341	1861	295805	4da710e70c9296eeffcbecfbe01b65cd37125f8065352567ad252e2c589314c6	2a4564bf3fd9258fe65712c6136290d2cb904ab329cfc45e2a8d3c10c93de33d	0
p2e-05	2e-05	0.2346686268305	independent-held-out-validated	7633ebb4a0d966dbda15a4e32d0efa492fb71aeb	tf	93	61180915be61455887ac261499455ac933cf976b292cab1a8180d759acc3ac2d	90.73	90.38	0.08	67028	11835	1877	285011	c79a6f6101608e8717ca8d1f5a9ed612e664970a9d75a19d13564f1a8372b094	e1bab2051088c4ee1d9670991060ce4559968483f897311f9bc536fc39026ea6	0
p2e-05	2e-05	0.2346686268305	independent-held-out-validated	7633ebb4a0d966dbda15a4e32d0efa492fb71aeb	tf	94	61180915be61455887ac261499455ac933cf976b292cab1a8180d759acc3ac2d	73.69	73.81	0.04	67108	11015	1907	267431	8091d6c0d5efe1299ad8f64e41954af2ce65fc861152374a7a4ee90665125d95	82217b007512a3f982953d71c0602eb014f373a0e2f66f5c137d543349d87510	0
p2e-05	2e-05	0.2346686268305	independent-held-out-validated	7633ebb4a0d966dbda15a4e32d0efa492fb71aeb	tf	95	61180915be61455887ac261499455ac933cf976b292cab1a8180d759acc3ac2d	73.46	73.77	0.05	67108	11505	1875	277753	558d65e387e9b8461963ad59f8ba502f359f62de199ea7ce698e6a2752cbf77e	f2b09e3017333235479ef85648a6d51fab3b8af85c874ca5f268959af1b2a246	0
p2e-05	2e-05	0.2346686268305	independent-held-out-validated	7633ebb4a0d966dbda15a4e32d0efa492fb71aeb	tf	96	61180915be61455887ac261499455ac933cf976b292cab1a8180d759acc3ac2d	77.34	76.51	0.03	67108	12527	1874	300089	6342dd6ae160e0d0735087f4d4bebfbfe1c00aa966b5985692f7b86ec932cd08	802874b6e9d6e86383e6ae611916f2f8dadc38d79bdf895442e751cc9d7d88f1	0
p2e-05	2e-05	0.2346686268305	independent-held-out-validated	7633ebb4a0d966dbda15a4e32d0efa492fb71aeb	tf	97	61180915be61455887ac261499455ac933cf976b292cab1a8180d759acc3ac2d	77.58	76.7	0.05	67108	11977	1923	288688	29a9f5c0944a5547ad3f353c719c836fd6c5e2c662002ac30ee868e870f5c32a	9bd7a4efe9d54b936d7a15ee18e9c9f212729838fc01e8ce256dc71950cc920c	0
p2e-05	2e-05	0.2346686268305	independent-held-out-validated	7633ebb4a0d966dbda15a4e32d0efa492fb71aeb	tf	98	61180915be61455887ac261499455ac933cf976b292cab1a8180d759acc3ac2d	75.33	75.54	0.05	66984	12394	1849	296934	efd37636f29769890cc16481adf29b23bd0b8fbd14819bff781e748c1bbacf32	ca21bcb9ed9079e819360d9a4f03a7a2e5241d4b3acc8560c5c62b0721e32844	0
p2e-05	2e-05	0.2346686268305	independent-held-out-validated	7633ebb4a0d966dbda15a4e32d0efa492fb71aeb	tf	99	61180915be61455887ac261499455ac933cf976b292cab1a8180d759acc3ac2d	75.92	74.77	0.04	67240	12247	1924	294579	441ddc2a9ab5d1c00c76f3f80b60106e4fbdbd1b9dbf854d198aeed945a39336	e8bab5041bca40e31262b276bb383260310fc854385510e46209818e83da9b6e	0
p2e-05	2e-05	0.2346686268305	independent-held-out-validated	7633ebb4a0d966dbda15a4e32d0efa492fb71aeb	tf	100	61180915be61455887ac261499455ac933cf976b292cab1a8180d759acc3ac2d	75.39	75.64	0.03	66972	11997	1888	288630	59473255d8317dd7226c2977a15f1e0ac4a9abf39b45b52d6d67ab62749a6285	9db36a29d6f58de54227af79715d649b9c46f6e1d815e5f43d5b8adec2356cc6	0
p2e-05	2e-05	0.2346686268305	independent-held-out-validated	7633ebb4a0d966dbda15a4e32d0efa492fb71aeb	sig	1	61180915be61455887ac261499455ac933cf976b292cab1a8180d759acc3ac2d	314.95	314.94	0.08	69320	35708	7889	885657	f23d3d3faec732f6f38a62f48e956ac4fdd2fa7c99c542c69ff4caba1d54a106	bc323095e06a98e7bedaabe695b0bafdc37d92ff8196cd95718ea23de5e09789	0
p2e-05	2e-05	0.2346686268305	independent-held-out-validated	7633ebb4a0d966dbda15a4e32d0efa492fb71aeb	sig	2	61180915be61455887ac261499455ac933cf976b292cab1a8180d759acc3ac2d	319.46	318.99	0.1	69452	34920	7836	867865	b6f87b79e9e9e21c490a2206c3300e256081037d249c54f246183a413f7d5e5b	409f926649637bfbd627ccce43592e38805bfd0aaf75b6414601172a2d6b7a25	0
p2e-05	2e-05	0.2346686268305	independent-held-out-validated	7633ebb4a0d966dbda15a4e32d0efa492fb71aeb	sig	3	61180915be61455887ac261499455ac933cf976b292cab1a8180d759acc3ac2d	338.28	338.48	0.08	69068	33310	7775	831834	021e66801f1a4b3e1f71bbbabf95595cebcc81f51d25f7720e1af0219b7e0c76	123d793931b6a8678451290401a27c5832f6e7c995c46d4100bc590de9a3772f	0
p2e-05	2e-05	0.2346686268305	independent-held-out-validated	7633ebb4a0d966dbda15a4e32d0efa492fb71aeb	sig	4	61180915be61455887ac261499455ac933cf976b292cab1a8180d759acc3ac2d	335.6	335.31	0.11	69036	35277	7826	875435	092d5ebc33eafac842499ee49a0767075132bf4cc0af348722833ab853c5b83a	cd3df9a945bda4254d64cbbe87f369c95a347ef6b373cd68c84f49775a351f05	0
p2e-05	2e-05	0.2346686268305	independent-held-out-validated	7633ebb4a0d966dbda15a4e32d0efa492fb71aeb	sig	5	61180915be61455887ac261499455ac933cf976b292cab1a8180d759acc3ac2d	331.51	331.4	0.09	69448	34043	7779	847850	7161b9c1313340cfa976e4398ebf11cd97766111496dc28b417d4c225be0bcb1	2e6699812ba92642965b6dea86a99a20ce9f1c125460e94d1d3b1c7835f3cb84	0
p2e-05	2e-05	0.2346686268305	independent-held-out-validated	7633ebb4a0d966dbda15a4e32d0efa492fb71aeb	sig	6	61180915be61455887ac261499455ac933cf976b292cab1a8180d759acc3ac2d	318.93	318.53	0.08	69448	35005	7812	869333	7bd554ce1106ff7b52875a9d7fd96405669fa3766f921617e558573826d9c1f1	47a57aa6c2b6fd119dca91db0c678e69cadf6a7f4b60f5a0deb833b01005cee2	0
p2e-05	2e-05	0.2346686268305	independent-held-out-validated	7633ebb4a0d966dbda15a4e32d0efa492fb71aeb	sig	7	61180915be61455887ac261499455ac933cf976b292cab1a8180d759acc3ac2d	313.39	313.88	0.08	69580	36836	7760	908784	0598562024436ad957a494a072e755c63c94e678d750e95bdbfdb6a4e51a1286	e934d12527a32f59e2b2bf9e262082f420b5c5c62bc17d0e1146c4919dc0a7a1	0
p2e-05	2e-05	0.2346686268305	independent-held-out-validated	7633ebb4a0d966dbda15a4e32d0efa492fb71aeb	sig	8	61180915be61455887ac261499455ac933cf976b292cab1a8180d759acc3ac2d	311.35	311.64	0.06	69576	38341	7898	943471	e5188084272cf5667a77cd14c85710ffea523072982a41950a1acd7fc078c84f	c291c9c28c585db5fc8b7b13531149948f06d72dd4f7d5728d8f6681fef68b73	0
p2e-05	2e-05	0.2346686268305	independent-held-out-validated	7633ebb4a0d966dbda15a4e32d0efa492fb71aeb	sig	9	61180915be61455887ac261499455ac933cf976b292cab1a8180d759acc3ac2d	313.2	312.26	0.1	69448	35576	7926	883362	ae66f0b4ecdd8f28f45f0ff920f27c9982cde9821f4ef32736a9f8dc64ffe448	4bc2bd319a1088dd21175f98a27c09f432fb4a5dc2245fdd3f7ee2c98276e748	0
p2e-05	2e-05	0.2346686268305	independent-held-out-validated	7633ebb4a0d966dbda15a4e32d0efa492fb71aeb	sig	10	61180915be61455887ac261499455ac933cf976b292cab1a8180d759acc3ac2d	318.61	319.12	0.07	69704	35651	7909	884716	ccb8e04a7fd9f7ad0dda890ecade184f351545a7f8165040ee363df1a931f621	12ce0de10ae30f1bdbb9d336f617e41c41cfd22cd39d30eb48a570e5585ab828	0
p2e-05	2e-05	0.2346686268305	independent-held-out-validated	7633ebb4a0d966dbda15a4e32d0efa492fb71aeb	sig	11	61180915be61455887ac261499455ac933cf976b292cab1a8180d759acc3ac2d	320.43	319.8	0.1	69704	34717	7897	864122	990ba60826e898cefb17becdc6baa417f4969336f0cc688752684281f0e9ded2	410e221218d27740daf948d27b6550882b7715f1f7b1ea0ed08dc3a0a81c1c59	0
p2e-05	2e-05	0.2346686268305	independent-held-out-validated	7633ebb4a0d966dbda15a4e32d0efa492fb71aeb	sig	12	61180915be61455887ac261499455ac933cf976b292cab1a8180d759acc3ac2d	315.08	314.31	0.09	69452	35978	7884	891626	fdb3e51e0839317361a73a46ff23ab5090a00aa5b71e0125c5e891c7a5d2018a	1cf606f5b7f012b7a29ed278e838a4e20690a8e15deb658231468700700e218f	0
p2e-05	2e-05	0.2346686268305	independent-held-out-validated	7633ebb4a0d966dbda15a4e32d0efa492fb71aeb	sig	13	61180915be61455887ac261499455ac933cf976b292cab1a8180d759acc3ac2d	310.83	312.24	0.09	69192	32328	7714	809422	fcc7273393998d557b8b4292b95334976e455b81124c489ae27eea34f9284eb9	40cc69fc863f691a4b741ad2175b4f7ff9dd43858f161b82433e546c152b52ed	0
p2e-05	2e-05	0.2346686268305	independent-held-out-validated	7633ebb4a0d966dbda15a4e32d0efa492fb71aeb	sig	14	61180915be61455887ac261499455ac933cf976b292cab1a8180d759acc3ac2d	309.02	308.74	0.09	69196	32996	7752	824569	b4e04ff7babcb3a3557491cf83ba2e9109beea29567db631a882e7d8e1e9da67	b652a54849254c360e7e1dec4a2a2c283eb9748f817f96b1c0ab7e4a8624f9bf	0
p2e-05	2e-05	0.2346686268305	independent-held-out-validated	7633ebb4a0d966dbda15a4e32d0efa492fb71aeb	sig	15	61180915be61455887ac261499455ac933cf976b292cab1a8180d759acc3ac2d	306.86	306.59	0.06	69576	36294	7869	898222	97d58f0ac9cf318b345a104c891c2ed86a32264d6524f709f28879752f789734	367c2ed498365836771799a808c97537f5da5dcb14143937f904333c043d306a	0
p2e-05	2e-05	0.2346686268305	independent-held-out-validated	7633ebb4a0d966dbda15a4e32d0efa492fb71aeb	sig	16	61180915be61455887ac261499455ac933cf976b292cab1a8180d759acc3ac2d	307.29	307.61	0.06	69448	36492	7906	903126	bcdd314c9e40c21fb87320e5e308e976af7ab98f1d2fbab0fbfadc5b823613da	d5869495519bc02d5dbf71fe6e8485cc2f2af7492dc3a5a37c0c15c921eb036b	0
p2e-05	2e-05	0.2346686268305	independent-held-out-validated	7633ebb4a0d966dbda15a4e32d0efa492fb71aeb	sig	17	61180915be61455887ac261499455ac933cf976b292cab1a8180d759acc3ac2d	309.84	309.91	0.06	69704	33986	7731	846005	c71976b0b6e418b1bdae0ef107d6730837697b3aeb87737957b7386cb951f7b9	00302bb1b43a081eeefbdf7f45bd3228603b5272d315560f5ab760852774a0a2	0
p2e-05	2e-05	0.2346686268305	independent-held-out-validated	7633ebb4a0d966dbda15a4e32d0efa492fb71aeb	sig	18	61180915be61455887ac261499455ac933cf976b292cab1a8180d759acc3ac2d	305.47	304.65	0.09	69192	33262	7695	829778	27bdd6d83e7ddbcc2da1f0cfeb3644eeaed885f057bd3cae84c7c83c5427d3a9	2fe85017d8e56e6bddd1da937fd16ff6bdb370ef056d852d3f58f0d0b6b8cd74	0
p2e-05	2e-05	0.2346686268305	independent-held-out-validated	7633ebb4a0d966dbda15a4e32d0efa492fb71aeb	sig	19	61180915be61455887ac261499455ac933cf976b292cab1a8180d759acc3ac2d	316.23	315.57	0.08	69196	35012	7875	870334	f46e1678e7881b7fda33e2f77788f4ae240f0f75853f206be1cea18a7b7ee819	4c2e4506feccd9c3afbe313f373d36932467954236c9ccb7e81cb33a08696b86	0
p2e-05	2e-05	0.2346686268305	independent-held-out-validated	7633ebb4a0d966dbda15a4e32d0efa492fb71aeb	sig	20	61180915be61455887ac261499455ac933cf976b292cab1a8180d759acc3ac2d	346.21	346.64	0.09	69192	36350	7852	899241	32069f51aad4d140aa8c6ae70c9a98df6692f8ceb8708d883dbdadd43c4fb801	449812f19ce0b03ede28971db26e8c82785e69c1e7fb9458a48ff8cd18e36f4f	0
p2e-05	2e-05	0.2346686268305	independent-held-out-validated	7633ebb4a0d966dbda15a4e32d0efa492fb71aeb	sig	21	61180915be61455887ac261499455ac933cf976b292cab1a8180d759acc3ac2d	311.07	310.28	0.08	69192	36898	7881	911585	dd16ecf1db2871e78570656c4925b2ab92572d3fc38bc7033ce2abe4c534e16d	5ca5d9b2ffa78478a8b456de08c723b3df59e3a0dce24a189152aa3ec7848e92	0
p2e-05	2e-05	0.2346686268305	independent-held-out-validated	7633ebb4a0d966dbda15a4e32d0efa492fb71aeb	sig	22	61180915be61455887ac261499455ac933cf976b292cab1a8180d759acc3ac2d	311.95	312.27	0.04	69320	34248	7792	852442	7bc39e9628914d854828934616503153d5df397ead7ba5db849d19335c456a13	c793215935f8e24119ff65638ccee81472c31f77208d71d41339fe5992e78093	0
p2e-05	2e-05	0.2346686268305	independent-held-out-validated	7633ebb4a0d966dbda15a4e32d0efa492fb71aeb	sig	23	61180915be61455887ac261499455ac933cf976b292cab1a8180d759acc3ac2d	317.93	318.48	0.06	69576	34758	7756	863162	3dd17a66ab468f222995fc2563a43ed61f24747a6bebf70a0db8d33f67c133aa	c368a81a019e70330a9ac14fa95ec11feaa8a9eee9f813a454b7662f3993cc21	0
p2e-05	2e-05	0.2346686268305	independent-held-out-validated	7633ebb4a0d966dbda15a4e32d0efa492fb71aeb	sig	24	61180915be61455887ac261499455ac933cf976b292cab1a8180d759acc3ac2d	314.64	313.8	0.09	69320	34958	7929	869780	99cd0e750431b9f9b69e86fea6ff577715de4e989bd54dfd7f60102fcc39b320	79b84a45c771311deb4d068cdd25dadfd12f7a17c96158a72db427bd53f6362a	0
p2e-05	2e-05	0.2346686268305	independent-held-out-validated	7633ebb4a0d966dbda15a4e32d0efa492fb71aeb	sig	25	61180915be61455887ac261499455ac933cf976b292cab1a8180d759acc3ac2d	311.52	311.84	0.08	69452	34716	7879	863890	b950be61d229721d23e01da10828cac901aaea5bd47c15355e85f03b7c217342	1f4bf45c534e1fca8112686ea8ea1486e25c917de06cc09b7930ec45cf9bf21b	0
p2e-05	2e-05	0.2346686268305	independent-held-out-validated	7633ebb4a0d966dbda15a4e32d0efa492fb71aeb	sig	26	61180915be61455887ac261499455ac933cf976b292cab1a8180d759acc3ac2d	311.36	311.64	0.07	69448	34096	7782	849097	b59cff92af7ec5f3b98eec424d988941a1fad30fa170528ffd63d8b703d72835	3d91082b665ab2e53a4315dd721a9dacceafc46808fd9e62862bf609200cf9d7	0
p2e-05	2e-05	0.2346686268305	independent-held-out-validated	7633ebb4a0d966dbda15a4e32d0efa492fb71aeb	sig	27	61180915be61455887ac261499455ac933cf976b292cab1a8180d759acc3ac2d	312.65	311.8	0.07	69320	33919	7700	844170	0133aeb15f91b671e6c62158e9f24c77bbbcd88c5bdc0c431523cc7c9b0aa80c	1eb02bfec6ff7919e6b4503a79b694653763d0914070b8b71bc53e1608ac74b0	0
p2e-05	2e-05	0.2346686268305	independent-held-out-validated	7633ebb4a0d966dbda15a4e32d0efa492fb71aeb	sig	28	61180915be61455887ac261499455ac933cf976b292cab1a8180d759acc3ac2d	311.83	310.94	0.07	69580	34429	7804	856589	79f31534b1ed026f549302531468e820d84194243d49dd7977d95947acb26378	8a54300375c35452f2f9172c9e51ca999489575378ef3efc49fa47a913ab9499	0
p2e-05	2e-05	0.2346686268305	independent-held-out-validated	7633ebb4a0d966dbda15a4e32d0efa492fb71aeb	sig	29	61180915be61455887ac261499455ac933cf976b292cab1a8180d759acc3ac2d	311.24	311.61	0.1	69196	34301	7744	853181	6d9caf706d89ff7a7551467ae4a6a4911851607a35ad0c592b5e9e5072d6561d	0e5cb6d897edd8416837122a706e6bdedbe22162975debf9c8761ad7c0296d06	0
p2e-05	2e-05	0.2346686268305	independent-held-out-validated	7633ebb4a0d966dbda15a4e32d0efa492fb71aeb	sig	30	61180915be61455887ac261499455ac933cf976b292cab1a8180d759acc3ac2d	311.31	310.45	0.05	69324	37686	7882	929007	6921187524c718ddf342b4d02df2e2f205de706f3584000af236e3a53cefabb1	e7660ee6e3db4ffd3d2aa6bd2d5dcf103bef45c0731e49971e68c05e64681636	0
p2e-05	2e-05	0.2346686268305	independent-held-out-validated	7633ebb4a0d966dbda15a4e32d0efa492fb71aeb	sig	31	61180915be61455887ac261499455ac933cf976b292cab1a8180d759acc3ac2d	312.88	311.78	0.07	69320	35975	7862	891087	73e8c8fb9604f008fb0218b04e60621af3d37ca2e1333097bc9f3024fe1f108b	7975f77c73dd65b81b651ced4cf3e477697f7535a58fb219d3a577dc0c4a2577	0
p2e-05	2e-05	0.2346686268305	independent-held-out-validated	7633ebb4a0d966dbda15a4e32d0efa492fb71aeb	sig	32	61180915be61455887ac261499455ac933cf976b292cab1a8180d759acc3ac2d	313.73	312.88	0.07	69448	36428	7910	901835	591ea171409efb8b2554cba2bc1f5153639a774f520e16a6ab70b93ca2c4eaa2	b2bb0651b60c49a4eea5f9fd21476fc005d57ed2ba76d4989bbd208ff75cb4e7	0
p2e-05	2e-05	0.2346686268305	independent-held-out-validated	7633ebb4a0d966dbda15a4e32d0efa492fb71aeb	sig	33	61180915be61455887ac261499455ac933cf976b292cab1a8180d759acc3ac2d	315.44	315.94	0.05	69192	34654	7879	862441	a65a94d7467f7277bf0e33f6799c2c6865e4ee5441ad1e91cdd7baa9070f8def	59342d73994dbdfae44ff587acbf2b584a24f4feb88a5f1f2016f0fab5d3b3cf	0
p2e-05	2e-05	0.2346686268305	independent-held-out-validated	7633ebb4a0d966dbda15a4e32d0efa492fb71aeb	sig	34	61180915be61455887ac261499455ac933cf976b292cab1a8180d759acc3ac2d	314.82	313.95	0.07	69448	36487	7869	902379	d1aea75201d3a5da9b25e75a1069c0422d5e1b08fb5f944a0c9af9778a172541	22cb70592f431dfc15ebf7808166c222bd09df8782d9db9271bbb513ec0eb2b4	0
p2e-05	2e-05	0.2346686268305	independent-held-out-validated	7633ebb4a0d966dbda15a4e32d0efa492fb71aeb	sig	35	61180915be61455887ac261499455ac933cf976b292cab1a8180d759acc3ac2d	312.17	311.42	0.06	69332	32095	7700	803978	88e234c1048e40d9c8ff511698cfcd9ed6f21dc45954834e510216a29612d5ff	2078df4f1c814419a09e762c4944cad0f2c30343a7816a6e12c3d5f6b7b83d46	0
p2e-05	2e-05	0.2346686268305	independent-held-out-validated	7633ebb4a0d966dbda15a4e32d0efa492fb71aeb	sig	36	61180915be61455887ac261499455ac933cf976b292cab1a8180d759acc3ac2d	308.38	308.51	0.05	69320	35969	7925	891941	e002336405382dc1188c81dc99da8bad2e95d4ba097164efd2e1e20bfd1e323b	9baa3d3d7ada0039d66b16b1dd4078e1c949415e525568ab973a3e3d952e90f3	0
p2e-05	2e-05	0.2346686268305	independent-held-out-validated	7633ebb4a0d966dbda15a4e32d0efa492fb71aeb	sig	37	61180915be61455887ac261499455ac933cf976b292cab1a8180d759acc3ac2d	311.33	311.75	0.07	69704	34606	7816	860574	9fe34646cc1fec224f515195a125a76de51cedf5afd7d709c036cf34ce694f00	2813d8d45656b136262179e40b0feb05c81dd85b07c19064c4c5898fdee4edfd	0
p2e-05	2e-05	0.2346686268305	independent-held-out-validated	7633ebb4a0d966dbda15a4e32d0efa492fb71aeb	sig	38	61180915be61455887ac261499455ac933cf976b292cab1a8180d759acc3ac2d	310.76	309.86	0.07	69576	38512	7877	946862	8e589f8ffef93e1bcadd2f804609fce3f6909ba5b11c799d7ca5cf27aba0fc2b	5aac5aaf2c363382ed93b02e4d13e15a0492c818aa274bd8e1a80fb12ecdabb9	0
p2e-05	2e-05	0.2346686268305	independent-held-out-validated	7633ebb4a0d966dbda15a4e32d0efa492fb71aeb	sig	39	61180915be61455887ac261499455ac933cf976b292cab1a8180d759acc3ac2d	312.83	311.95	0.07	69324	36106	7895	894661	b920a70f0f9d42e9d945dd61f4d8a549cda9fc9739c2f6bbde60cce2e990b154	371c42af7623325237158abbf495bf7c45f680199ed0f26349c4551590ac267e	0
p2e-05	2e-05	0.2346686268305	independent-held-out-validated	7633ebb4a0d966dbda15a4e32d0efa492fb71aeb	sig	40	61180915be61455887ac261499455ac933cf976b292cab1a8180d759acc3ac2d	309.98	310.1	0.09	69452	35391	7827	878005	5928b629d9e362c761882b6da7dcb2e547ea7ac0e470042c6637747972fb2b3d	591b8237dfcf82eca77a6eaed6cb5426743c722ce309639e1c00234eee16ba18	0
p2e-05	2e-05	0.2346686268305	independent-held-out-validated	7633ebb4a0d966dbda15a4e32d0efa492fb71aeb	sig	41	61180915be61455887ac261499455ac933cf976b292cab1a8180d759acc3ac2d	310.95	311.46	0.08	69448	34984	7800	868687	9c40faff321720fe0805f23541880561d81a672e8eb945a9bf1bec53f2495a5c	a5914e78b942097e9d8eb618860dc496aa8bff464c47ae3eb0976678f88bef65	0
p2e-05	2e-05	0.2346686268305	independent-held-out-validated	7633ebb4a0d966dbda15a4e32d0efa492fb71aeb	sig	42	61180915be61455887ac261499455ac933cf976b292cab1a8180d759acc3ac2d	319.21	318.52	0.07	69320	34237	7765	851896	348e9bc071605557b23baef4624464980971471951ad4e2aa6c211d2ee5e1f85	f6880ba52a55ec6247accd6ef466bbf79402bf00dc11d7ff0f0aeb7e70c70f0d	0
p2e-05	2e-05	0.2346686268305	independent-held-out-validated	7633ebb4a0d966dbda15a4e32d0efa492fb71aeb	sig	43	61180915be61455887ac261499455ac933cf976b292cab1a8180d759acc3ac2d	315.49	315.9	0.11	69576	38212	8015	942251	661efc18c4aec1f731aa09ebaed3bf34ff6db01f9422c5ade3f08e464a63f4e1	36063ae0c139e7de6656b2f7e1d9aa37d32a4f3fca4577a5c0f0ba54838d0f0a	0
p2e-05	2e-05	0.2346686268305	independent-held-out-validated	7633ebb4a0d966dbda15a4e32d0efa492fb71aeb	sig	44	61180915be61455887ac261499455ac933cf976b292cab1a8180d759acc3ac2d	300.61	300.46	0.07	69708	36047	7797	892010	24ac666c7cb0c0a77f2c35dcfab17b4be61247d844c0fcea090eb03c5e360aef	063d3256eb9f7d105b725f217e6317880754aa75283494c0d5d0e8a684a69148	0
p2e-05	2e-05	0.2346686268305	independent-held-out-validated	7633ebb4a0d966dbda15a4e32d0efa492fb71aeb	sig	45	61180915be61455887ac261499455ac933cf976b292cab1a8180d759acc3ac2d	345.91	346.32	0.09	69448	35040	7934	871728	0d5c3595d1d305d1ef76b52357fe1f6a40637dbf78aa318b5a3073c25576ae9d	26026bc2271a47c35f06cc7e161dbd5ffa14ab98f3f6c64d409d6f22a645b103	0
p2e-05	2e-05	0.2346686268305	independent-held-out-validated	7633ebb4a0d966dbda15a4e32d0efa492fb71aeb	sig	46	61180915be61455887ac261499455ac933cf976b292cab1a8180d759acc3ac2d	343.31	342.27	0.1	69568	34650	7840	861959	579cc77a34305d1fb5f706ee6ee58a53578059ce9d469bbd08f93714897752ec	80df614692804776dbdca619cd002ef15c3f6aefe83e466d8a53e56b1ab89c83	0
p2e-05	2e-05	0.2346686268305	independent-held-out-validated	7633ebb4a0d966dbda15a4e32d0efa492fb71aeb	sig	47	61180915be61455887ac261499455ac933cf976b292cab1a8180d759acc3ac2d	307.19	307.2	0.1	69320	34766	7875	864963	c0185f55e5153cc3c5b1d26ff379d72fe840740f199f2d928bd35ebfce0be61c	8e66d20a09e4c2c2c1619e89e0e34134ce11c6c85e397239637a42b164db6db4	0
p2e-05	2e-05	0.2346686268305	independent-held-out-validated	7633ebb4a0d966dbda15a4e32d0efa492fb71aeb	sig	48	61180915be61455887ac261499455ac933cf976b292cab1a8180d759acc3ac2d	326.31	325.88	0.06	69064	33421	7759	834037	9b849c940c71d33606fa29d5b14c61e93d358e6e86abb5216ad15f86c869ae0a	8881868866357a62101679e723c9eed009f1c2907bdeccf3991ad38f5ab4d529	0
p2e-05	2e-05	0.2346686268305	independent-held-out-validated	7633ebb4a0d966dbda15a4e32d0efa492fb71aeb	sig	49	61180915be61455887ac261499455ac933cf976b292cab1a8180d759acc3ac2d	323.46	324.36	0.08	69576	34245	7745	851917	85651825db4ffadd0004fc6e45e0941ad37033e13c26b6dbb1d72f2d910b3e76	9aa63d4e10481d7de7019287432b241f308da09d6714e2c392303f52ecf2112e	0
p2e-05	2e-05	0.2346686268305	independent-held-out-validated	7633ebb4a0d966dbda15a4e32d0efa492fb71aeb	sig	50	61180915be61455887ac261499455ac933cf976b292cab1a8180d759acc3ac2d	304.07	303.97	0.07	69320	34658	7933	863416	d9df8d4da4110ce420922671c92bc12c4e01f2d505cc076e49b141673f8c24bb	246a32cf1a74923ce992e5cdcf21cbaa5660d55c785dbd37a97ea34e38a19cfe	0
p2e-05	2e-05	0.2346686268305	independent-held-out-validated	7633ebb4a0d966dbda15a4e32d0efa492fb71aeb	sig	51	61180915be61455887ac261499455ac933cf976b292cab1a8180d759acc3ac2d	312.06	312.33	0.07	69448	37007	7877	914026	7fc44f0b2af8db9be5512fea6791ee232ab8fe5d05794e09dfeb5598e6318159	339e3f4284567a8f90647bbd816220dcc16b5f043ba239db0c6230f7fd403157	0
p2e-05	2e-05	0.2346686268305	independent-held-out-validated	7633ebb4a0d966dbda15a4e32d0efa492fb71aeb	sig	52	61180915be61455887ac261499455ac933cf976b292cab1a8180d759acc3ac2d	302.16	302.1	0.07	68936	33018	7736	825013	35225da5acbbd4b152b6c58a4b715dee6939272d7e1934669fa9ec944e608969	74ebc3cbd278df804a8572c1caa8f27736ccccf12087d04859903b6053422beb	0
p2e-05	2e-05	0.2346686268305	independent-held-out-validated	7633ebb4a0d966dbda15a4e32d0efa492fb71aeb	sig	53	61180915be61455887ac261499455ac933cf976b292cab1a8180d759acc3ac2d	303.29	303.28	0.08	69064	35820	7839	887482	29330459c6493ae51c22776a744df499fbcb949b5adb001891900c6f3028a7f1	9eb843d0c4c8adc31c9a2a34507fcad3219edc3abc5ae62d40104059d755a158	0
p2e-05	2e-05	0.2346686268305	independent-held-out-validated	7633ebb4a0d966dbda15a4e32d0efa492fb71aeb	sig	54	61180915be61455887ac261499455ac933cf976b292cab1a8180d759acc3ac2d	302.85	302.99	0.05	69192	35171	7853	873484	b5f335c6d6809d017b40f26b7ed7d1e5b84cd9bf16abbb57a8d05884cce180ef	6f3bf6f715bbc599038c4cafc7c190a249573751a02a43c63813e9458dcb9efb	0
p2e-05	2e-05	0.2346686268305	independent-held-out-validated	7633ebb4a0d966dbda15a4e32d0efa492fb71aeb	sig	55	61180915be61455887ac261499455ac933cf976b292cab1a8180d759acc3ac2d	301.76	301.88	0.07	69448	34832	7953	867344	c81ff74182859f02ace6ba06ad5a57ba61f88206728688207fa89f40c6561d59	c4eb6458975922a1892928e518eb8eb3de203e18a8aa033f422740bc93bf5f1f	0
p2e-05	2e-05	0.2346686268305	independent-held-out-validated	7633ebb4a0d966dbda15a4e32d0efa492fb71aeb	sig	56	61180915be61455887ac261499455ac933cf976b292cab1a8180d759acc3ac2d	301.58	301.45	0.1	69192	33679	7746	839400	abf8af6f4962d24d0b11065de5d22b21feb5091d42554a8131532163cfe292af	c5d1e6ce4be61d16c18595607d454e45c6ceb711d7c669eb21b0bd0d56cfd536	0
p2e-05	2e-05	0.2346686268305	independent-held-out-validated	7633ebb4a0d966dbda15a4e32d0efa492fb71aeb	sig	57	61180915be61455887ac261499455ac933cf976b292cab1a8180d759acc3ac2d	303.33	303.32	0.08	69832	35531	7764	880179	893d8067e6eefd102902aed4c2f1d44bedd01c72b9f06894cebb0a7031486086	38e1cd4177bc07c73b994fdadb667123892fc1ccee3812402a90190385589907	0
p2e-05	2e-05	0.2346686268305	independent-held-out-validated	7633ebb4a0d966dbda15a4e32d0efa492fb71aeb	sig	58	61180915be61455887ac261499455ac933cf976b292cab1a8180d759acc3ac2d	299.42	299.41	0.06	69064	34349	7905	856161	e1b56c6c8488ac0bf8c82519276f0aed28e5921c3adba548925d19a87be6d275	2717f7b2df041653bda414b43ded1dbb0e2a01f8346be4e3aafa2821dcc2e710	0
p2e-05	2e-05	0.2346686268305	independent-held-out-validated	7633ebb4a0d966dbda15a4e32d0efa492fb71aeb	sig	59	61180915be61455887ac261499455ac933cf976b292cab1a8180d759acc3ac2d	298.72	298.54	0.06	69704	34656	7835	861833	baea8e91c96a04dcef4bdeb2f05b59ce8adb15a4aaef64a9c06fabb369396eca	fd71a14711380d987706fab75e094896ba382a3617e11eb1e42d62e47a7ae1f4	0
p2e-05	2e-05	0.2346686268305	independent-held-out-validated	7633ebb4a0d966dbda15a4e32d0efa492fb71aeb	sig	60	61180915be61455887ac261499455ac933cf976b292cab1a8180d759acc3ac2d	300.78	300.69	0.08	69448	36824	7866	909960	37646d187ca390262fdf353933b2eccce78fa790e8a1b8241a519d0ac28e9a34	31ac0909d5c7f5d89ba83780e56fb11b82b1134817df38cd738806e50351562d	0
p2e-05	2e-05	0.2346686268305	independent-held-out-validated	7633ebb4a0d966dbda15a4e32d0efa492fb71aeb	sig	61	61180915be61455887ac261499455ac933cf976b292cab1a8180d759acc3ac2d	299.06	298.87	0.1	69448	35514	7832	880781	929c26c2b04d4908351db78d738a1dd8a595cd890cc798a7c7dcb25e2e34c33a	1b9efbeb42d9745a1458b3419ff6cd7205ec14379aaa23854ad72ca9e6b8024e	0
p2e-05	2e-05	0.2346686268305	independent-held-out-validated	7633ebb4a0d966dbda15a4e32d0efa492fb71aeb	sig	62	61180915be61455887ac261499455ac933cf976b292cab1a8180d759acc3ac2d	297.38	297.24	0.09	69448	33777	7706	841110	6fe27aae6cb9f4cb4079a5fa567241bca151763e532e48493624e324418f9953	940f543a586aabcc3f84e793a99c246c417fa2b8f315c57983da7810f01522d0	0
p2e-05	2e-05	0.2346686268305	independent-held-out-validated	7633ebb4a0d966dbda15a4e32d0efa492fb71aeb	sig	63	61180915be61455887ac261499455ac933cf976b292cab1a8180d759acc3ac2d	297.98	297.95	0.08	69568	33736	7738	840502	d51dc36b63957ab2ad1677933a3617e2091308cde295348d3b222b28197d903c	97ca3ce816a64d0e36ad975c69e1f2ec4d10fca2151b2427fd57d7289ddea1bd	0
p2e-05	2e-05	0.2346686268305	independent-held-out-validated	7633ebb4a0d966dbda15a4e32d0efa492fb71aeb	sig	64	61180915be61455887ac261499455ac933cf976b292cab1a8180d759acc3ac2d	297.07	296.71	0.06	69320	34412	7806	856256	9f0625997ee6095b8e6e5225c72b6afdc6e96b511679d218d48a71ceea658f64	a94b55e59d40e8aa2ea4152e402b1e1d9ca7e833947223b401973eefa167aae1	0
p2e-05	2e-05	0.2346686268305	independent-held-out-validated	7633ebb4a0d966dbda15a4e32d0efa492fb71aeb	sig	65	61180915be61455887ac261499455ac933cf976b292cab1a8180d759acc3ac2d	297.32	297.15	0.07	69324	37042	7928	915411	14faec63c828be3527e173158ba82cd27933483f8fc8f8f790d1c4c626199026	47f7cd0713b0015b96ca55ffa9d7e55d8c3d129d8ab110ac80ed845bd2e08a1d	0
p2e-05	2e-05	0.2346686268305	independent-held-out-validated	7633ebb4a0d966dbda15a4e32d0efa492fb71aeb	sig	66	61180915be61455887ac261499455ac933cf976b292cab1a8180d759acc3ac2d	299.91	299.73	0.07	69320	34573	7848	860322	24a2813e02c2beead16247dbd3ee88589564b056a55d418ea85701ca06ad4d2a	661dae868eec924ba02dd5208be2b06b0360bfbcbc3e7c61610fbc385591b9a5	0
p2e-05	2e-05	0.2346686268305	independent-held-out-validated	7633ebb4a0d966dbda15a4e32d0efa492fb71aeb	sig	67	61180915be61455887ac261499455ac933cf976b292cab1a8180d759acc3ac2d	297.76	297.54	0.06	69192	34685	7801	862184	5747514ec5aeeaa884c19ce1f6764dcb44607bd2d713f9e1fcf45eaf5bf28288	010c9ea871de087e86077e8095f16bbcdb5fce803f1e7362baefc74ac2158697	0
p2e-05	2e-05	0.2346686268305	independent-held-out-validated	7633ebb4a0d966dbda15a4e32d0efa492fb71aeb	sig	68	61180915be61455887ac261499455ac933cf976b292cab1a8180d759acc3ac2d	299.11	298.98	0.05	69320	37063	7871	915211	1e52bf563179c7f052f6fc35083b101d5c075820e731061826b10ba72f229244	b6c2bede34a4e45ae37e35a29a9457a4781012ccd218ec73ee7606fad171c9a1	0
p2e-05	2e-05	0.2346686268305	independent-held-out-validated	7633ebb4a0d966dbda15a4e32d0efa492fb71aeb	sig	69	61180915be61455887ac261499455ac933cf976b292cab1a8180d759acc3ac2d	297.85	297.67	0.06	69448	34707	7836	863060	fef483aa8f1c1623fa162419b6a010c5c6601de450ed947d0760cebfc1ee6b6d	190eb76ccf866cf72d523cf235c0c157f03b23f18161e85db6a946c2b983acdf	0
p2e-05	2e-05	0.2346686268305	independent-held-out-validated	7633ebb4a0d966dbda15a4e32d0efa492fb71aeb	sig	70	61180915be61455887ac261499455ac933cf976b292cab1a8180d759acc3ac2d	298.3	298.06	0.04	69448	35373	7821	877402	d95efcd660c57b50a4c8675a87de51daec9aae85d8bb59fdec0c6d6a22360342	a7955fc620e6d3faf8fd9252bd6102b05f1e13c47cb25d83997ffcccf4620bb1	0
p2e-05	2e-05	0.2346686268305	independent-held-out-validated	7633ebb4a0d966dbda15a4e32d0efa492fb71aeb	sig	71	61180915be61455887ac261499455ac933cf976b292cab1a8180d759acc3ac2d	294.21	295.21	0.08	69452	35456	7895	880211	576b13a98eb96775883ae66fe17e52dc59a67ef5877b99c20b2c30a0c3642318	2b81ba72b8148a80829202711fef0b6b9feca85b773cb973db475053c24b0f58	0
p2e-05	2e-05	0.2346686268305	independent-held-out-validated	7633ebb4a0d966dbda15a4e32d0efa492fb71aeb	sig	72	61180915be61455887ac261499455ac933cf976b292cab1a8180d759acc3ac2d	298.35	298.12	0.06	69448	34869	7858	866977	634fe41bb9a9a196869cc09ac5f73d4be93c1195eeb45300ef2f3e1f6f7ea677	7d95e97f83591ee13310535ce7f8420862973a106e2b892a52f3ce9127c59091	0
p2e-05	2e-05	0.2346686268305	independent-held-out-validated	7633ebb4a0d966dbda15a4e32d0efa492fb71aeb	sig	73	61180915be61455887ac261499455ac933cf976b292cab1a8180d759acc3ac2d	299.42	299.29	0.05	69320	35679	7878	884956	a81d6b2c86ce8e20f61f4684c3ea7da3ffce13fa64f688a6bf2233148feb5bf1	2e89401816dee75f31960e5f5cdbf09035e88c0c63df847ea94a7b3b4df8caeb	0
p2e-05	2e-05	0.2346686268305	independent-held-out-validated	7633ebb4a0d966dbda15a4e32d0efa492fb71aeb	sig	74	61180915be61455887ac261499455ac933cf976b292cab1a8180d759acc3ac2d	295.7	296.07	0.07	69248	34949	7897	869243	da0ba4134b31f30e07d2ff5e18a071eecd8f08b55be93b380526f9ffbf82c1f8	fd175b48a6cdf9fb142ec6bf97dc99d00e359c63d7b97c5a4832045d6ee028f3	0
p2e-05	2e-05	0.2346686268305	independent-held-out-validated	7633ebb4a0d966dbda15a4e32d0efa492fb71aeb	sig	75	61180915be61455887ac261499455ac933cf976b292cab1a8180d759acc3ac2d	296.68	296.49	0.06	69324	34139	7816	850531	a3a7751713ecbeac81f66a87996dc42b7a8981a74ee88b653a400180d5dfd71e	492ffcb4b03c46e7c78e68c11735da0b10aabf59d90d6508ebce7b06356a0a6e	0
p2e-05	2e-05	0.2346686268305	independent-held-out-validated	7633ebb4a0d966dbda15a4e32d0efa492fb71aeb	sig	76	61180915be61455887ac261499455ac933cf976b292cab1a8180d759acc3ac2d	301.78	301.88	0.05	69576	32637	7821	817660	5e5c0d710be65b1b5b508e9c66c5334b0e322cbe2032b7adeb41e31387dd48b6	dbe85b43928e97760cb6ba7c0e64744312a7e6913ca7bc5ba97074fbb61b698b	0
p2e-05	2e-05	0.2346686268305	independent-held-out-validated	7633ebb4a0d966dbda15a4e32d0efa492fb71aeb	sig	77	61180915be61455887ac261499455ac933cf976b292cab1a8180d759acc3ac2d	324.83	324.31	0.06	69448	36216	7920	897194	1cb1da78c8955e2b281a09301a7fe5bbbf0b595349d6b68fc76137265b03502c	ee5cd6cae0ef53300907197c2b112adedce34fabbc36207716994d505f3a9531	0
p2e-05	2e-05	0.2346686268305	independent-held-out-validated	7633ebb4a0d966dbda15a4e32d0efa492fb71aeb	sig	78	61180915be61455887ac261499455ac933cf976b292cab1a8180d759acc3ac2d	301.74	301.66	0.06	69320	36063	7825	892661	d0eea572964a573ecc1239a81d69b1e3cfee36356551dfa5e5b0c2438bd35ce4	c052a1b0744ffb756f92e7879e4d1ac2ed18271f18979993d104c89ee76f629a	0
p2e-05	2e-05	0.2346686268305	independent-held-out-validated	7633ebb4a0d966dbda15a4e32d0efa492fb71aeb	sig	79	61180915be61455887ac261499455ac933cf976b292cab1a8180d759acc3ac2d	302.78	302.66	0.08	69580	37116	7968	917560	3fe1d99e8a755cc6df03a3459884379c2335d6c2de17ee7af6c2760da6dc19c7	eb48386c87b19068c04eee13762c1890de9983f801bdf441e15b2c71c5b23fb0	0
p2e-05	2e-05	0.2346686268305	independent-held-out-validated	7633ebb4a0d966dbda15a4e32d0efa492fb71aeb	sig	80	61180915be61455887ac261499455ac933cf976b292cab1a8180d759acc3ac2d	304.13	304.3	0.06	69448	36131	7889	894950	92be9dfbf53627d267f7d125c7568af2ec39ef99660f22c922c52c113d347dbb	f9f0d97d1a763fbf8c4f4916584af523871f2da8d09377a92fe0453e2c2ef2b8	0
p2e-05	2e-05	0.2346686268305	independent-held-out-validated	7633ebb4a0d966dbda15a4e32d0efa492fb71aeb	sig	81	61180915be61455887ac261499455ac933cf976b292cab1a8180d759acc3ac2d	310.17	309.11	0.06	68936	35398	7805	877862	27fc861bbb0ed57bddd00f412c9ce040f7b4a0c5e22ebd007b8829467b3bbbad	08cbff6b862e90ac6f57e093f23886fe21a9b2974dc0a125a1a0a7f6e7bce16d	0
p2e-05	2e-05	0.2346686268305	independent-held-out-validated	7633ebb4a0d966dbda15a4e32d0efa492fb71aeb	sig	82	61180915be61455887ac261499455ac933cf976b292cab1a8180d759acc3ac2d	310.8	311.1	0.04	69320	34200	7835	852021	f6e9c8eae67cbfec025c854e116eadb67fe11fbf93584641c979240397a19a35	6ce9df12360eadd9d4ca81c08601ded16ba80fa8b3cbc2c662a80c6aa03d47b0	0
p2e-05	2e-05	0.2346686268305	independent-held-out-validated	7633ebb4a0d966dbda15a4e32d0efa492fb71aeb	sig	83	61180915be61455887ac261499455ac933cf976b292cab1a8180d759acc3ac2d	300.48	300.3	0.06	69320	34908	7914	868655	a45b14f1757c04d38565ec533b9d94f0993b3795525ca9e96dd2a1d5eb378c59	f8c06303bee99848dc8053dbf439306d282fee1d081652225f6bf7aa17e4800c	0
p2e-05	2e-05	0.2346686268305	independent-held-out-validated	7633ebb4a0d966dbda15a4e32d0efa492fb71aeb	sig	84	61180915be61455887ac261499455ac933cf976b292cab1a8180d759acc3ac2d	301.3	301.37	0.05	69320	38555	7905	948239	8c48a15a9c3c9b6dbd4d774580b882641322d3df0b1e6297b2e51bd12b0e0ff7	e9fa6382c324faaeeddfa53ecbaa8d820e8cba4bd617afce1f874dc61914987c	0
p2e-05	2e-05	0.2346686268305	independent-held-out-validated	7633ebb4a0d966dbda15a4e32d0efa492fb71aeb	sig	85	61180915be61455887ac261499455ac933cf976b292cab1a8180d759acc3ac2d	298.0	298.5	0.07	68940	32906	7902	824518	a45cd3e6f8ae5d6b0ea7d7db694c087eb6a2186e3f6ce12550d4f179a660ca13	1047817c3778c84ae3874aad3b4307e3ddfdba8549104185c0e7516331dac1d0	0
p2e-05	2e-05	0.2346686268305	independent-held-out-validated	7633ebb4a0d966dbda15a4e32d0efa492fb71aeb	sig	86	61180915be61455887ac261499455ac933cf976b292cab1a8180d759acc3ac2d	299.38	299.22	0.08	69448	33302	7710	830665	4a46b41b934f0871bc4c72bbf237a1fdfc435e8260a27d769a9c3adb3f525f48	7c5140a5e21cac76b18ed810a4a990a1d8474343b8f57f74932b1ccc7154ee0e	0
p2e-05	2e-05	0.2346686268305	independent-held-out-validated	7633ebb4a0d966dbda15a4e32d0efa492fb71aeb	sig	87	61180915be61455887ac261499455ac933cf976b292cab1a8180d759acc3ac2d	298.51	298.58	0.06	69064	34320	7821	854620	c01e1c92aa32ea04c80223d06335993b7a3570c5f56e1af345850e7c65f1baa0	ac334e4844412b8c5822875a0f79e9b57d43fb7e1fc3f7d7c64eda1bd0fd01a0	0
p2e-05	2e-05	0.2346686268305	independent-held-out-validated	7633ebb4a0d966dbda15a4e32d0efa492fb71aeb	sig	88	61180915be61455887ac261499455ac933cf976b292cab1a8180d759acc3ac2d	301.21	300.36	0.07	69708	36031	7860	892346	81555e26fc62ecd2db0429d685a9fe74ae88aac915b091941aeb3823bb99b09c	0ec18d8ed75f9e9f17bc7b71e2ff35fd641dcbfc7b11588b1b94ec54cad765a9	0
p2e-05	2e-05	0.2346686268305	independent-held-out-validated	7633ebb4a0d966dbda15a4e32d0efa492fb71aeb	sig	89	61180915be61455887ac261499455ac933cf976b292cab1a8180d759acc3ac2d	299.64	299.58	0.09	69448	35294	7876	876486	90264d02c1e01ad281db887431fd4a3eee53084a8a2b33ca1ac635b6fd7a9895	4b0c12f1b1e0814e9b8363decebef3fc998087d2373bc2bd42080fdb7b042ece	0
p2e-05	2e-05	0.2346686268305	independent-held-out-validated	7633ebb4a0d966dbda15a4e32d0efa492fb71aeb	sig	90	61180915be61455887ac261499455ac933cf976b292cab1a8180d759acc3ac2d	298.39	298.11	0.05	69320	35101	7865	872132	38e8ded4d36573c113edc4709ff12bfee560b68218345e73dc303161e14e1af8	3a812ae4b207a4a3ac1909e7ca451d2b96e9d9cd7ae8c3059a9b5285b1c40f24	0
p2e-05	2e-05	0.2346686268305	independent-held-out-validated	7633ebb4a0d966dbda15a4e32d0efa492fb71aeb	sig	91	61180915be61455887ac261499455ac933cf976b292cab1a8180d759acc3ac2d	301.9	301.9	0.07	69320	35715	7759	884249	9dab25523c2527ca8d53e8f4ed8532fcc3cae67c72883a8839a3e4df3956af1c	becd61d96416ccd364435de5b3729195b312582caecd1181f3bda6ee7d2c88f2	0
p2e-05	2e-05	0.2346686268305	independent-held-out-validated	7633ebb4a0d966dbda15a4e32d0efa492fb71aeb	sig	92	61180915be61455887ac261499455ac933cf976b292cab1a8180d759acc3ac2d	302.15	301.02	0.07	69448	36056	7856	892837	f910f6a42a155496cadffbefbf4b322315d742d4d08e21bc3f523eb46d715541	30a91f4052b9e0856619d57cafc9067493344705015caa577aed6aec1ed94015	0
p2e-05	2e-05	0.2346686268305	independent-held-out-validated	7633ebb4a0d966dbda15a4e32d0efa492fb71aeb	sig	93	61180915be61455887ac261499455ac933cf976b292cab1a8180d759acc3ac2d	297.91	297.68	0.05	69452	35173	7875	873806	9f88d6e311d1955505324f7cfea1d9607369e50f80926dcab9830f4f8149c928	096cdb975cbf82ec52b5777a9b4ca6c46c78d466fbfeea4b4ca5a8c152d8dc31	0
p2e-05	2e-05	0.2346686268305	independent-held-out-validated	7633ebb4a0d966dbda15a4e32d0efa492fb71aeb	sig	94	61180915be61455887ac261499455ac933cf976b292cab1a8180d759acc3ac2d	308.33	307.42	0.06	69064	33664	7881	840988	401e599d9626166b05fecd376d237ae0b6da91da6754ac2b55738f4210316b4d	7381ee9f242d6d850450453af1ac59cda6195645da21aa17e4f083b2a66dccd0	0
p2e-05	2e-05	0.2346686268305	independent-held-out-validated	7633ebb4a0d966dbda15a4e32d0efa492fb71aeb	sig	95	61180915be61455887ac261499455ac933cf976b292cab1a8180d759acc3ac2d	316.58	315.9	0.07	69320	33865	7759	843436	6cc83e3dbf61f797852b5470844923150e79888448c54ac4169ea7e83f7107ff	9e817abdd9c8b4909b73da55f244a2433d22a63ee0bab265f4fb3e97a1a40c72	0
p2e-05	2e-05	0.2346686268305	independent-held-out-validated	7633ebb4a0d966dbda15a4e32d0efa492fb71aeb	sig	96	61180915be61455887ac261499455ac933cf976b292cab1a8180d759acc3ac2d	307.28	307.39	0.11	69448	36774	7791	907780	a470a910657ba10012b8ac9c6173599b84609f8f28aafed45727ca9aa8a71a04	0d26935e61f017a876ba4b764aabc8db178345131b31efd314c9b50c3daf9016	0
p2e-05	2e-05	0.2346686268305	independent-held-out-validated	7633ebb4a0d966dbda15a4e32d0efa492fb71aeb	sig	97	61180915be61455887ac261499455ac933cf976b292cab1a8180d759acc3ac2d	305.24	305.22	0.04	69452	35473	7885	880619	e02c0a0cf5a427a6c63b1659bc5302f6facbb19e9689be5e3f0867e425e4d621	b0db30a60c7f0dbc065d60491c9377da849d10b2b3bf5d3184ca5038274d0460	0
p2e-05	2e-05	0.2346686268305	independent-held-out-validated	7633ebb4a0d966dbda15a4e32d0efa492fb71aeb	sig	98	61180915be61455887ac261499455ac933cf976b292cab1a8180d759acc3ac2d	304.34	304.4	0.08	69448	36309	7774	897468	5434fc28792e1a483abf3c027c128c33f364e9a9fd3f4997d8d2fbf5ed973a42	9432a8240dde7cfc7ba2af489d19c68418cdc83d74edd6476507f51630bc3729	0
p2e-05	2e-05	0.2346686268305	independent-held-out-validated	7633ebb4a0d966dbda15a4e32d0efa492fb71aeb	sig	99	61180915be61455887ac261499455ac933cf976b292cab1a8180d759acc3ac2d	304.41	304.31	0.06	69320	35684	7807	884187	1777426aa9456358710ebeaa98dbe4502c0c8a1eb47b0683d94a73593977623b	e9b82b0eaf1904c6f202583480d25b2baf53023711d31c2dcf1b46b3e093fa97	0
p2e-05	2e-05	0.2346686268305	independent-held-out-validated	7633ebb4a0d966dbda15a4e32d0efa492fb71aeb	sig	100	61180915be61455887ac261499455ac933cf976b292cab1a8180d759acc3ac2d	269.88	269.73	0.05	69448	36072	7890	893760	836a3a9279330fc29000ca07163722e562487af7a6b10e4a5014945216bb3531	d0581bbbba3788d4baadeba60a3b345a0db3d8f393d6fd067a51b57d86013cae	0
p5e-05	5e-05	0.21616228011976657	independent-held-out-validated	7633ebb4a0d966dbda15a4e32d0efa492fb71aeb	tf	1	61180915be61455887ac261499455ac933cf976b292cab1a8180d759acc3ac2d	72.95	73.18	0.07	67064	18364	2356	434031	b784329d937801ad0dbaa27c88c55750da1def45412bb5c04f3d0fcbdd92452a	65a0054bd8a09026e433af04b5f453eff66e269b56872e9e1f84871c1b31709e	0
p5e-05	5e-05	0.21616228011976657	independent-held-out-validated	7633ebb4a0d966dbda15a4e32d0efa492fb71aeb	tf	2	61180915be61455887ac261499455ac933cf976b292cab1a8180d759acc3ac2d	79.01	78.79	0.06	67048	17978	2332	425286	f2fac644e5f5bea6b823adefa34090288ee533585d8ab1e1c9f402ef1890a526	9dadbffc517b8aca05584688de139c4149f233c46b1ee51626ccf07a03cb414d	0
p5e-05	5e-05	0.21616228011976657	independent-held-out-validated	7633ebb4a0d966dbda15a4e32d0efa492fb71aeb	tf	3	61180915be61455887ac261499455ac933cf976b292cab1a8180d759acc3ac2d	76.63	76.73	0.08	66980	17286	2341	410299	c9274fc3fc3bb68e63ada9fb4b36417004db1a5b51843dad617af1211dfa9a62	383412ffd8cb78fc49ac2984d739e2832a915554cf3e8df6f6d09b8b614897e2	0
p5e-05	5e-05	0.21616228011976657	independent-held-out-validated	7633ebb4a0d966dbda15a4e32d0efa492fb71aeb	tf	4	61180915be61455887ac261499455ac933cf976b292cab1a8180d759acc3ac2d	86.32	85.89	0.07	67048	17567	2336	416407	8a85cdc52e61bc111cca23b961d4c21bb2e16866197adf78546c24e10d8516f7	d78c8e9952dee81e189ef4173345af5703d1cff996a1341bacee1bfb1f10a1dc	0
p5e-05	5e-05	0.21616228011976657	independent-held-out-validated	7633ebb4a0d966dbda15a4e32d0efa492fb71aeb	tf	5	61180915be61455887ac261499455ac933cf976b292cab1a8180d759acc3ac2d	81.61	81.87	0.05	66980	17340	2368	411842	e0066cfa860be8b6892fbbc5afc9ab412891f5b0773995c2f889d05393f152d3	a5f7a4158fef75a7ae7e3ad2be8371f6b252232919096225fefa8b2837f77953	0
p5e-05	5e-05	0.21616228011976657	independent-held-out-validated	7633ebb4a0d966dbda15a4e32d0efa492fb71aeb	tf	6	61180915be61455887ac261499455ac933cf976b292cab1a8180d759acc3ac2d	81.5	81.64	0.06	66984	18445	2377	436177	d1a7e767447c2763512dc743072d65042b5e448a10168ffd2826cdcf15090978	8d04b55699c9df1371dee2bb8565967903d7da62d11a2e143503520f7cbd49f8	0
p5e-05	5e-05	0.21616228011976657	independent-held-out-validated	7633ebb4a0d966dbda15a4e32d0efa492fb71aeb	tf	7	61180915be61455887ac261499455ac933cf976b292cab1a8180d759acc3ac2d	81.54	81.86	0.06	67236	19072	2340	449393	d61cc833d278db1f70594c9fa4af13c5cc7528cea89685e77f07ee3ff42feba1	0baadae1c2d58e75a5bd7755b001b521b2f14de88e95cfb859ccbf2d78a4c7fc	0
p5e-05	5e-05	0.21616228011976657	independent-held-out-validated	7633ebb4a0d966dbda15a4e32d0efa492fb71aeb	tf	8	61180915be61455887ac261499455ac933cf976b292cab1a8180d759acc3ac2d	78.65	78.04	0.05	67108	19811	2384	466159	59fb409def5e3ed08d2cbab87e5930f0659067b349c79ccfbdcaedaa3b2d6b2d	f5e490f1faa74dd354531fc7b3d8ac3622a32d0c37374e326b74eab7846d9b7f	0
p5e-05	5e-05	0.21616228011976657	independent-held-out-validated	7633ebb4a0d966dbda15a4e32d0efa492fb71aeb	tf	9	61180915be61455887ac261499455ac933cf976b292cab1a8180d759acc3ac2d	76.79	77.29	0.04	67236	18652	2363	440515	eebc2f999813a7d9eba792b143578bf5a97b3b0ef6c6988964e3fd6db7c6d37c	089c81fe2d91bb01086d7882734061edbe5846142c6e774bb685df14125688d5	0
p5e-05	5e-05	0.21616228011976657	independent-held-out-validated	7633ebb4a0d966dbda15a4e32d0efa492fb71aeb	tf	10	61180915be61455887ac261499455ac933cf976b292cab1a8180d759acc3ac2d	78.27	78.48	0.07	67044	18390	2348	434555	c42e9d7025884752dc9d891577bfd9748dc326a2cbed6f92d438e9149db8902b	e1f224e72c052ae8198058680298f678a2ddc3d0d03a1612c8cbdf6bca133fda	0
p5e-05	5e-05	0.21616228011976657	independent-held-out-validated	7633ebb4a0d966dbda15a4e32d0efa492fb71aeb	tf	11	61180915be61455887ac261499455ac933cf976b292cab1a8180d759acc3ac2d	79.7	79.02	0.08	66980	17713	2351	419754	01666e8892c97115d9eadfb87086cb61874c99ad20b65532f5fad601cd311ac6	58f695b8c4a266de3fa0d4625bc1db191ff8b6429be28691b00d91864eb55702	0
p5e-05	5e-05	0.21616228011976657	independent-held-out-validated	7633ebb4a0d966dbda15a4e32d0efa492fb71aeb	tf	12	61180915be61455887ac261499455ac933cf976b292cab1a8180d759acc3ac2d	78.12	78.52	0.07	67108	18368	2353	434254	7f9a503889055b3645637c809f038fa6b0422e78198a9210a4dd1467347cd467	e311e12909839d19de302c7f3515d6d6f05b8d28f69c59bd83df84bfe113d14c	0
p5e-05	5e-05	0.21616228011976657	independent-held-out-validated	7633ebb4a0d966dbda15a4e32d0efa492fb71aeb	tf	13	61180915be61455887ac261499455ac933cf976b292cab1a8180d759acc3ac2d	77.48	77.7	0.05	67108	16856	2327	400637	21ad65048bd76035215eb1bf74354c5e45d1a1e6e8269da0951902c931d8c817	348b898776b51755b023cf07a1624e7a8c8a41ebd308dacf2449f94f15e11c84	0
p5e-05	5e-05	0.21616228011976657	independent-held-out-validated	7633ebb4a0d966dbda15a4e32d0efa492fb71aeb	tf	14	61180915be61455887ac261499455ac933cf976b292cab1a8180d759acc3ac2d	74.48	74.74	0.04	67108	16641	2328	396041	5284735d31465a9c2be854cd971bfe0aa44f5714879947859e5ca394bf6c0c1b	73ace125774f00071d10fd64dd549135b286d4027ad69ce41e3cd4316b348510	0
p5e-05	5e-05	0.21616228011976657	independent-held-out-validated	7633ebb4a0d966dbda15a4e32d0efa492fb71aeb	tf	15	61180915be61455887ac261499455ac933cf976b292cab1a8180d759acc3ac2d	82.76	78.99	0.06	67112	18729	2385	442430	3fb050dd22a712e2189caea5fc59f3c4e55f566015622635e21f3a5a0e9c3795	7988fb0d12bd7bd495b44d9d4974d555d4f997789111eeb7b3bc2396761c58f9	0
p5e-05	5e-05	0.21616228011976657	independent-held-out-validated	7633ebb4a0d966dbda15a4e32d0efa492fb71aeb	tf	16	61180915be61455887ac261499455ac933cf976b292cab1a8180d759acc3ac2d	76.71	76.1	0.06	67108	18693	2358	441279	4d210c1a8b1d1c874b5c652100559127928053e227efc51905dfa3ce538ca52c	5ca3482d6191a92f5e2348b5f05887899cdba5317f2572332738e31b3cea84a7	0
p5e-05	5e-05	0.21616228011976657	independent-held-out-validated	7633ebb4a0d966dbda15a4e32d0efa492fb71aeb	tf	17	61180915be61455887ac261499455ac933cf976b292cab1a8180d759acc3ac2d	74.05	74.31	0.04	67112	17889	2337	423461	f140a17b02845b6a413f1b7e657dadec0f08b2bae347e1688d4b4da1a3cba690	afbb3b0108fa1bdee37983c7a304bebfca6efd24affb4f6a73033951713f9014	0
p5e-05	5e-05	0.21616228011976657	independent-held-out-validated	7633ebb4a0d966dbda15a4e32d0efa492fb71aeb	tf	18	61180915be61455887ac261499455ac933cf976b292cab1a8180d759acc3ac2d	74.21	74.43	0.04	67108	17125	2350	406909	de969134b3761d3b62149fc07adf99b776da5d55a6e6b736360ec5dd448978e5	264bc70bf65c211abbf2e1c2ad454bb96a2dce279911474448e5775b67561e48	0
p5e-05	5e-05	0.21616228011976657	independent-held-out-validated	7633ebb4a0d966dbda15a4e32d0efa492fb71aeb	tf	19	61180915be61455887ac261499455ac933cf976b292cab1a8180d759acc3ac2d	75.44	75.63	0.04	66920	17787	2347	421293	948a9d258ceb6e546449751044b43fff85da1bdb2e29af72de5a5527ef5f2679	66bca3652cfabff7b600664c6d911898c5b619396294b8cb10f64fa89902f843	0
p5e-05	5e-05	0.21616228011976657	independent-held-out-validated	7633ebb4a0d966dbda15a4e32d0efa492fb71aeb	tf	20	61180915be61455887ac261499455ac933cf976b292cab1a8180d759acc3ac2d	78.39	78.7	0.08	67108	18125	2335	428574	e35a1de3de452a9fed8765020b9277f897a006d0852fa4ce2aa8cdb85bdf97e8	bc6e402afaf80dc62a84b2780bce18d255e685c1b41a020571672cf645c56cee	0
p5e-05	5e-05	0.21616228011976657	independent-held-out-validated	7633ebb4a0d966dbda15a4e32d0efa492fb71aeb	tf	21	61180915be61455887ac261499455ac933cf976b292cab1a8180d759acc3ac2d	89.33	88.76	0.04	67108	18693	2361	441303	8209356634e6b77b1dc8e4cdb8a56e2be47ca1c359c067e57c0c9a9efc2775dd	58b801f0a5f673ebb689b37fe46906a5ab2afd71816b1b3ddcb178e59c72b99b	0
p5e-05	5e-05	0.21616228011976657	independent-held-out-validated	7633ebb4a0d966dbda15a4e32d0efa492fb71aeb	tf	22	61180915be61455887ac261499455ac933cf976b292cab1a8180d759acc3ac2d	76.47	76.71	0.06	67236	18096	2335	427984	53135d7407f80caa39f5ba888876001efe8b99ed26ce75483942bc9d3a5db6e0	4323bd7c53d8ec395759a600e9ec406cfe3009f05b5b45e9cbab6b8a5db31503	0
p5e-05	5e-05	0.21616228011976657	independent-held-out-validated	7633ebb4a0d966dbda15a4e32d0efa492fb71aeb	tf	23	61180915be61455887ac261499455ac933cf976b292cab1a8180d759acc3ac2d	77.8	78.08	0.05	67240	18149	2329	428969	67625b5822b33269eee7f849fd4c4fcf6bead06ab76afd0f58ba35a25b7da449	a33ace8b4460fbdb6e4653481df1cb85e23c5f82b49476a7f3cc7c32ae8133ae	0
p5e-05	5e-05	0.21616228011976657	independent-held-out-validated	7633ebb4a0d966dbda15a4e32d0efa492fb71aeb	tf	24	61180915be61455887ac261499455ac933cf976b292cab1a8180d759acc3ac2d	76.46	75.61	0.07	66976	17494	2358	415031	dc89f8dd94e077063e26b660d30c42e4fc86cb18c47e0db6da5074639e644a61	29dbde17a544b41bedb0b3d5975dd36073c35127b90ef177e5e890a365a3b117	0
p5e-05	5e-05	0.21616228011976657	independent-held-out-validated	7633ebb4a0d966dbda15a4e32d0efa492fb71aeb	tf	25	61180915be61455887ac261499455ac933cf976b292cab1a8180d759acc3ac2d	76.91	77.19	0.07	67240	17716	2384	420101	8f6b7075e8c827a87348c13251119af87c8069e5dd51a41066ed1ddebff80c4c	3f5655f7722325472aadb56a40107459fcb9c37fc45b5c12eb38e8622f12cbf6	0
p5e-05	5e-05	0.21616228011976657	independent-held-out-validated	7633ebb4a0d966dbda15a4e32d0efa492fb71aeb	tf	26	61180915be61455887ac261499455ac933cf976b292cab1a8180d759acc3ac2d	78.34	77.5	0.07	67108	17434	2338	413408	8d0eb95cdfdb8f14e2d46ac471e7595e1654c6055839cbab354446b158f69f78	ba9f9b45ae45e0ab4fc221365a803c949f0338cd5d4ccf689212ad8d80ed5246	0
p5e-05	5e-05	0.21616228011976657	independent-held-out-validated	7633ebb4a0d966dbda15a4e32d0efa492fb71aeb	tf	27	61180915be61455887ac261499455ac933cf976b292cab1a8180d759acc3ac2d	78.11	77.16	0.04	66980	17005	2341	404101	87c0bcd312fc3eadc9fdf69a01fd90853511a68cb82e187095c8cc1bbf1d0cd6	b370513bb0f954f9c7522d4c1c887341f543d2af15747e01534fc1e62f003059	0
p5e-05	5e-05	0.21616228011976657	independent-held-out-validated	7633ebb4a0d966dbda15a4e32d0efa492fb71aeb	tf	28	61180915be61455887ac261499455ac933cf976b292cab1a8180d759acc3ac2d	76.47	76.76	0.05	66988	18365	2358	434094	4c737b33948d27ea28b42a59d15943805a8c75c2231950c22d8f8debfcd06c69	d65f73ca14ac352dd33e26f4472c7a92b986460e7a47233152954ff153202015	0
p5e-05	5e-05	0.21616228011976657	independent-held-out-validated	7633ebb4a0d966dbda15a4e32d0efa492fb71aeb	tf	29	61180915be61455887ac261499455ac933cf976b292cab1a8180d759acc3ac2d	77.67	76.61	0.08	67112	17896	2347	423740	88d7857d927cd734de595d9f6b895baeaec72222bcbb9c641519a94e243bbeaf	72d04f6d25ac8ea5083f3aed6be3c31c727180341ac49fcaa8a3823a4dfd6a9d	0
p5e-05	5e-05	0.21616228011976657	independent-held-out-validated	7633ebb4a0d966dbda15a4e32d0efa492fb71aeb	tf	30	61180915be61455887ac261499455ac933cf976b292cab1a8180d759acc3ac2d	78.04	77.24	0.05	66980	18675	2347	440773	ce9e7977b4138d07767f27f4acbcbab130da3002cb3fad5e4cadbef71d69f686	381dabc12e5da42b6d0739c84e2cd7d051704fcdfac5b97790076533423c7ba6	0
p5e-05	5e-05	0.21616228011976657	independent-held-out-validated	7633ebb4a0d966dbda15a4e32d0efa492fb71aeb	tf	31	61180915be61455887ac261499455ac933cf976b292cab1a8180d759acc3ac2d	77.03	77.31	0.07	67108	18755	2360	442691	4a7b97ee8821b353c73c1d52b1062c247d96994c5b21cd7cb2570615bb2ec227	a49894639134e10762b2ebdd3d5cf264746918d6546a84b2a823c1b66af129e8	0
p5e-05	5e-05	0.21616228011976657	independent-held-out-validated	7633ebb4a0d966dbda15a4e32d0efa492fb71aeb	tf	32	61180915be61455887ac261499455ac933cf976b292cab1a8180d759acc3ac2d	77.03	77.34	0.06	67108	18611	2363	439520	b1515cd6fabb13078efad6e4f18c96922c03117cbafd57b5ef90dafd8404fb4a	ea3e54028f73fc7e42c7a8b187fdea2bfbbd8fb81c1d53c403d499fe3e360c80	0
p5e-05	5e-05	0.21616228011976657	independent-held-out-validated	7633ebb4a0d966dbda15a4e32d0efa492fb71aeb	tf	33	61180915be61455887ac261499455ac933cf976b292cab1a8180d759acc3ac2d	78.06	77.12	0.04	66964	17816	2352	422092	5a632b4e4702e4e268638c00fa2e5cd48a32f6fa7f2724d228d374f1e63f01d4	88bfa773020884ce2e33a2951f9213fc3c2d13e8100ff74caeeca3c6d3d78cad	0
p5e-05	5e-05	0.21616228011976657	independent-held-out-validated	7633ebb4a0d966dbda15a4e32d0efa492fb71aeb	tf	34	61180915be61455887ac261499455ac933cf976b292cab1a8180d759acc3ac2d	78.44	77.43	0.05	67108	18801	2358	443618	d7fe87759d5bf3c5cad9455c6f039c471db06362d6cfce427e4c41f203746092	712cdbe9b37ecec5b90ec4751b41fdcc7cb29ee6733c32033f7d5547e35889d3	0
p5e-05	5e-05	0.21616228011976657	independent-held-out-validated	7633ebb4a0d966dbda15a4e32d0efa492fb71aeb	tf	35	61180915be61455887ac261499455ac933cf976b292cab1a8180d759acc3ac2d	77.26	77.53	0.05	67108	16841	2343	400588	fe713957cf4272445b814af25f816ade138247466146ed3ca0012fc085883365	8fc52ce3b9ab0b785503a386071d2feaa092c1576c253f9fc3fae63468b7b134	0
p5e-05	5e-05	0.21616228011976657	independent-held-out-validated	7633ebb4a0d966dbda15a4e32d0efa492fb71aeb	tf	36	61180915be61455887ac261499455ac933cf976b292cab1a8180d759acc3ac2d	78.68	79.02	0.07	67108	18477	2359	436585	64fdc20fe3d7eb9b013eb4e9fc82698effbc3dd53ec0a3ba3d2153b0f4156213	72b378c44e414c267071b02bbeae8a8d31f7797b1ae0eab9351675f55fae185d	0
p5e-05	5e-05	0.21616228011976657	independent-held-out-validated	7633ebb4a0d966dbda15a4e32d0efa492fb71aeb	tf	37	61180915be61455887ac261499455ac933cf976b292cab1a8180d759acc3ac2d	75.88	76.12	0.05	67240	18132	2346	428901	e2407d366c8a9576dafc795a0e3811a5cf04123b9d949fe72cf3e29cac46d568	98e8dc1b86de3955f2db08ce77f9532dc22613dce878e1ae097f72d3e02e8b51	0
p5e-05	5e-05	0.21616228011976657	independent-held-out-validated	7633ebb4a0d966dbda15a4e32d0efa492fb71aeb	tf	38	61180915be61455887ac261499455ac933cf976b292cab1a8180d759acc3ac2d	77.59	77.92	0.06	67040	19275	2383	454281	ac42a1bc9aa6bed639e2077feebdfbce5d7a545d1bc0e17b7bc9569b17e07b34	18b6e1a7dfe3f58f2bc62e0a1e9886a0d0f3b5748d4c4c559a092868dd91b7bd	0
p5e-05	5e-05	0.21616228011976657	independent-held-out-validated	7633ebb4a0d966dbda15a4e32d0efa492fb71aeb	tf	39	61180915be61455887ac261499455ac933cf976b292cab1a8180d759acc3ac2d	76.21	76.49	0.04	67236	19136	2356	451024	4d9617b7df3f75cf3a590d6a4098045d4fd93a76ff31245e2947f50d7db58f1a	0cb4f8269a895189b7d7489d204f3a7c75b634872dce14bddfaf8dfa5fc0ca30	0
p5e-05	5e-05	0.21616228011976657	independent-held-out-validated	7633ebb4a0d966dbda15a4e32d0efa492fb71aeb	tf	40	61180915be61455887ac261499455ac933cf976b292cab1a8180d759acc3ac2d	77.29	77.65	0.04	67108	17925	2322	424054	1e4682326cf6737e27d5bfb6e25b789d05b5d4d8284d5330c76f64343eeaff78	512047df80af93f159164dab0d826260b3e9488ab227d08bab3adf0708dbf2c3	0
p5e-05	5e-05	0.21616228011976657	independent-held-out-validated	7633ebb4a0d966dbda15a4e32d0efa492fb71aeb	tf	41	61180915be61455887ac261499455ac933cf976b292cab1a8180d759acc3ac2d	77.13	77.3	0.06	67108	18171	2368	429965	29cd2207c759bc322f73650e052fb7c5f9efae0be2f6be8f02be5ae157f17023	677b7e7637816f6c623c1029d00e452203cbe0318520bb0db4e5820a68d9da33	0
p5e-05	5e-05	0.21616228011976657	independent-held-out-validated	7633ebb4a0d966dbda15a4e32d0efa492fb71aeb	tf	42	61180915be61455887ac261499455ac933cf976b292cab1a8180d759acc3ac2d	78.06	77.05	0.06	67108	17756	2330	420477	183dd056878a52cb413532c47099188685067cfcb6ec5a655101a411917f85a9	f25966b4da915bc5939d327a7c6c93ffe474a3decd827259d5b308ff6e6dbb7e	0
p5e-05	5e-05	0.21616228011976657	independent-held-out-validated	7633ebb4a0d966dbda15a4e32d0efa492fb71aeb	tf	43	61180915be61455887ac261499455ac933cf976b292cab1a8180d759acc3ac2d	79.22	79.56	0.09	66980	19299	2355	454588	9b017de7505ad4b1040a004ea7bb6d535fb8cd189af99366f3d5550da23c5b08	856c80bbc8bfe5501b40cfcf2ec45be548fc15263da4aeadd2b51b933ffde79e	0
p5e-05	5e-05	0.21616228011976657	independent-held-out-validated	7633ebb4a0d966dbda15a4e32d0efa492fb71aeb	tf	44	61180915be61455887ac261499455ac933cf976b292cab1a8180d759acc3ac2d	81.05	80.24	0.08	67100	18542	2350	437916	9f1c729ebbe2fccfc0a6e07fbc594bdaed0418c5b612fa3062271afb81748241	3e6bfe5105c4808b80915f7a355e526fbc5eedc07b5bc7de521ef5e76c7e64e5	0
p5e-05	5e-05	0.21616228011976657	independent-held-out-validated	7633ebb4a0d966dbda15a4e32d0efa492fb71aeb	tf	45	61180915be61455887ac261499455ac933cf976b292cab1a8180d759acc3ac2d	73.82	74.0	0.06	66984	17633	2375	418277	899f214eb0f21f1afeb55decc55cdf71593a2420dc4467801c869e463e085281	ebe63637defce97973f9993bf276592addd04140f16aaaaf9376e7cf3c2d7419	0
p5e-05	5e-05	0.21616228011976657	independent-held-out-validated	7633ebb4a0d966dbda15a4e32d0efa492fb71aeb	tf	46	61180915be61455887ac261499455ac933cf976b292cab1a8180d759acc3ac2d	78.95	78.03	0.05	67108	18076	2356	427813	b066ce213e5272c012f4630f47394a39023b857e9a1d43ffafb54e013e1644a3	c9de2869ad9a6515276ff0fd1ff34fb4aca3288633aef7f885251851eda84ae0	0
p5e-05	5e-05	0.21616228011976657	independent-held-out-validated	7633ebb4a0d966dbda15a4e32d0efa492fb71aeb	tf	47	61180915be61455887ac261499455ac933cf976b292cab1a8180d759acc3ac2d	80.09	80.54	0.05	67108	17590	2359	417259	82b280671da87017209b8215862b8e68686b7f4e81bf9e0e77dfd639de2eb6e3	d640ad74301aa6a1f3f6e37cd1e51f415061032c6f49e194dd3a2572f0dd6044	0
p5e-05	5e-05	0.21616228011976657	independent-held-out-validated	7633ebb4a0d966dbda15a4e32d0efa492fb71aeb	tf	48	61180915be61455887ac261499455ac933cf976b292cab1a8180d759acc3ac2d	74.59	74.69	0.06	67112	17617	2362	417861	3f70f8ef25e34042e4350e73a6eda5fa550296f52b8df48e436d46c346638c92	61e66adfb95b6eea5accbdb17e86b24f744973888346f45ffd3d8e837c4a48db	0
p5e-05	5e-05	0.21616228011976657	independent-held-out-validated	7633ebb4a0d966dbda15a4e32d0efa492fb71aeb	tf	49	61180915be61455887ac261499455ac933cf976b292cab1a8180d759acc3ac2d	76.92	77.23	0.06	67240	17834	2350	422432	1445ea28e4b3d8b52f9791f3be7fafe74a4672d6441ee1b31cd7535b3aa32465	11350ae9ceed8ef5c7e36a248dfb5891ea0973123ef29f3fe02645823b32af31	0
p5e-05	5e-05	0.21616228011976657	independent-held-out-validated	7633ebb4a0d966dbda15a4e32d0efa492fb71aeb	tf	50	61180915be61455887ac261499455ac933cf976b292cab1a8180d759acc3ac2d	91.36	92.41	0.1	67236	18070	2321	427213	521865bb8f9f3c5a5e73fe561beedf2b933bda1575db1c3ab5cb030273351b24	46301a32b043552fa0de3cc0e939d22c1792eac88f54c3115df1ca6db3739752	0
p5e-05	5e-05	0.21616228011976657	independent-held-out-validated	7633ebb4a0d966dbda15a4e32d0efa492fb71aeb	tf	51	61180915be61455887ac261499455ac933cf976b292cab1a8180d759acc3ac2d	75.78	75.93	0.04	67108	19214	2371	452862	47b8054ed4f3ef19bce8c33fc72722df1d91237f2caeeb5c820ca8e51f76b5b4	f7b49059abdf6cffaaa281e278aade222026a48e8d7da06877b36d6277eb7531	0
p5e-05	5e-05	0.21616228011976657	independent-held-out-validated	7633ebb4a0d966dbda15a4e32d0efa492fb71aeb	tf	52	61180915be61455887ac261499455ac933cf976b292cab1a8180d759acc3ac2d	79.55	78.75	0.05	67108	17205	2359	408753	d4e914ba0006c6f78f57a91c0db10b68dd1a4efeec0bbe01daca216257a05345	6d0dd227515dffedb84924391e6dd01b37ff26b143b353b11a7d4d4d0340a6d6	0
p5e-05	5e-05	0.21616228011976657	independent-held-out-validated	7633ebb4a0d966dbda15a4e32d0efa492fb71aeb	tf	53	61180915be61455887ac261499455ac933cf976b292cab1a8180d759acc3ac2d	73.93	74.13	0.04	67236	17964	2364	425322	7808a36501bcc35138ae9b90f82074cac7dcc1ec9a9998ee59b8b3337a95ea77	60297ab97a62f6d948f7e88bd7f28e9e5c4eeba96c4bb4c63c01138407083856	0
p5e-05	5e-05	0.21616228011976657	independent-held-out-validated	7633ebb4a0d966dbda15a4e32d0efa492fb71aeb	tf	54	61180915be61455887ac261499455ac933cf976b292cab1a8180d759acc3ac2d	75.06	75.38	0.03	67108	18020	2344	426381	dad849ac0f56e789924ac4e9b48c4faa75c63a0496fa5e25323e0173cd7f8281	2deb6f1253ccf6e5eba8a0786b6736f2094998e6fe93162d548e59d5b5decc6b	0
p5e-05	5e-05	0.21616228011976657	independent-held-out-validated	7633ebb4a0d966dbda15a4e32d0efa492fb71aeb	tf	55	61180915be61455887ac261499455ac933cf976b292cab1a8180d759acc3ac2d	76.46	75.36	0.07	67108	17456	2336	413998	1dd8e06dfaef30c357474d5c07343a05a56a27af6995c58e9b120b181b614b23	dafad5ac02c2ac9b7b3e9c637a23cdba57c5438eb10cfdaae071a2d404bfee3a	0
p5e-05	5e-05	0.21616228011976657	independent-held-out-validated	7633ebb4a0d966dbda15a4e32d0efa492fb71aeb	tf	56	61180915be61455887ac261499455ac933cf976b292cab1a8180d759acc3ac2d	75.65	74.69	0.04	66980	17590	2334	416886	7f50ca8b2084570f07d14f9d1c1f54edf77d8f7fa4a12a0cbbc3fff7051dfb35	f57b7ec9474ef7792e484a156f38bfa99067836768eef1561e74a23eb01fff24	0
p5e-05	5e-05	0.21616228011976657	independent-held-out-validated	7633ebb4a0d966dbda15a4e32d0efa492fb71aeb	tf	57	61180915be61455887ac261499455ac933cf976b292cab1a8180d759acc3ac2d	74.77	75.03	0.05	66980	18483	2328	436365	c26ad338e01995569688a6731a86e4a0c2b72d25295163252865f6be9017361c	373d1f248090f46810b7fcfa318db619c5821f0b6ffd2ab131cb43383cccf18b	0
p5e-05	5e-05	0.21616228011976657	independent-held-out-validated	7633ebb4a0d966dbda15a4e32d0efa492fb71aeb	tf	58	61180915be61455887ac261499455ac933cf976b292cab1a8180d759acc3ac2d	74.34	74.49	0.05	67108	17541	2347	415925	6725dfd561bbad55892528e1aeaab5822d59e74f5e10556b913e30e0c0ca8b9c	90e88fc4fd504da246ee30e2c60ec769488c74391c129e7cb1e85a8fc68f6b05	0
p5e-05	5e-05	0.21616228011976657	independent-held-out-validated	7633ebb4a0d966dbda15a4e32d0efa492fb71aeb	tf	59	61180915be61455887ac261499455ac933cf976b292cab1a8180d759acc3ac2d	74.16	74.22	0.08	67108	17831	2355	422376	8defab51704594cf159bf7c51f5c2e96a85def22a3fde385eb27e1c975b212f9	36363de136ed8cf695c56279da6b3ff4c5fcdbe17cca430fef3ab90c4216e5a7	0
p5e-05	5e-05	0.21616228011976657	independent-held-out-validated	7633ebb4a0d966dbda15a4e32d0efa492fb71aeb	tf	60	61180915be61455887ac261499455ac933cf976b292cab1a8180d759acc3ac2d	75.95	74.98	0.07	67108	19081	2368	449871	907d5441061691bbef246c4045a1742ae8188b359360340103e34035ea0b5a32	62d466134f381ea9a1f945404974c8955532f6a0e10c7d78f5a5fc2294bde419	0
p5e-05	5e-05	0.21616228011976657	independent-held-out-validated	7633ebb4a0d966dbda15a4e32d0efa492fb71aeb	tf	61	61180915be61455887ac261499455ac933cf976b292cab1a8180d759acc3ac2d	73.95	74.25	0.03	67108	18225	2355	431031	d4fbaea9a650a746428feed792fdb2dcd9321072e0594cdda8f91f9a7f46ab5c	da41d080b42732b34a5bb7aca9a0005483a52d7c3751a6a66fc122f7e7735846	0
p5e-05	5e-05	0.21616228011976657	independent-held-out-validated	7633ebb4a0d966dbda15a4e32d0efa492fb71aeb	tf	62	61180915be61455887ac261499455ac933cf976b292cab1a8180d759acc3ac2d	73.9	73.99	0.07	66980	17406	2356	412989	36c9f8e8652918781e00e8ec37448406f6ad5355509971ce4acc860f2248e0cd	096d67d2821bfb089accb0c7001e76652ffa4430aff2cedb868d2bde692c94ca	0
p5e-05	5e-05	0.21616228011976657	independent-held-out-validated	7633ebb4a0d966dbda15a4e32d0efa492fb71aeb	tf	63	61180915be61455887ac261499455ac933cf976b292cab1a8180d759acc3ac2d	73.99	74.25	0.07	67108	17653	2363	418624	77903ebcb0dacb2ed01cdda2efddad44f9e53fba9ab103bcc0c5c326b8fa1c52	bca55b970743a71debf075770c2c4fc97d207972d4885f418adaaa87460d1923	0
p5e-05	5e-05	0.21616228011976657	independent-held-out-validated	7633ebb4a0d966dbda15a4e32d0efa492fb71aeb	tf	64	61180915be61455887ac261499455ac933cf976b292cab1a8180d759acc3ac2d	72.77	72.93	0.04	66980	17417	2341	413167	b00f4568137845084c5861cd69f1a7a59d2bb362205c6d42cac4f1690e31b5e3	b5d44dbc1c132ac66e00504f3177daba875a01c303b2f6dc198e72af29cfdddf	0
p5e-05	5e-05	0.21616228011976657	independent-held-out-validated	7633ebb4a0d966dbda15a4e32d0efa492fb71aeb	tf	65	61180915be61455887ac261499455ac933cf976b292cab1a8180d759acc3ac2d	74.74	73.77	0.03	67040	18162	2360	429716	078bbbdf0fdc99c4bbdad7030c9b5eed408ca6569c0b57c70e9ae8c517fb26bf	7c652b3c96983ddf927c93ceb9b4d0b0b605e73270d9fa4957d847ba7f8c9059	0
p5e-05	5e-05	0.21616228011976657	independent-held-out-validated	7633ebb4a0d966dbda15a4e32d0efa492fb71aeb	tf	66	61180915be61455887ac261499455ac933cf976b292cab1a8180d759acc3ac2d	73.38	73.59	0.03	66980	17974	2345	425317	4239f2e66bb9f04c7dff2688468e857b2d4012bc29210962a0623ca7ab59e699	5392795f17bc9e921436c860f640dd6fda857cabe4ef20546c3008c80671624a	0
p5e-05	5e-05	0.21616228011976657	independent-held-out-validated	7633ebb4a0d966dbda15a4e32d0efa492fb71aeb	tf	67	61180915be61455887ac261499455ac933cf976b292cab1a8180d759acc3ac2d	74.25	74.39	0.03	67236	17636	2373	418449	663628bd5b1d7dd7ebb48c8ccfbe05b4bb57963010271fe0363258e153ed0640	5449278441bbc3424eb30f70b4e07e31a2be7c3a00c72683d5e9e0c7d45b7f68	0
p5e-05	5e-05	0.21616228011976657	independent-held-out-validated	7633ebb4a0d966dbda15a4e32d0efa492fb71aeb	tf	68	61180915be61455887ac261499455ac933cf976b292cab1a8180d759acc3ac2d	73.59	73.78	0.06	66984	18866	2364	445175	f3f950e896392a11f085f80c0faa21c3b7acf5e25ffeea86eedb059fe8dd486d	2a0bcdfbbd72ddbffed24570d5f8f377487b2f1c7a454ae7657e4a8ac8ec04ec	0
p5e-05	5e-05	0.21616228011976657	independent-held-out-validated	7633ebb4a0d966dbda15a4e32d0efa492fb71aeb	tf	69	61180915be61455887ac261499455ac933cf976b292cab1a8180d759acc3ac2d	73.1	73.25	0.07	66984	17880	2362	423534	5db740a3e8b825a91229ebc6ffa7e8b02cd921e8f07bf591f8677bc7699054a8	2f21d15b90503d1b5bf917d8edbf0ce5ab8c2de34efbec36e7e43d09c7b75da3	0
p5e-05	5e-05	0.21616228011976657	independent-held-out-validated	7633ebb4a0d966dbda15a4e32d0efa492fb71aeb	tf	70	61180915be61455887ac261499455ac933cf976b292cab1a8180d759acc3ac2d	74.41	73.32	0.05	66980	18385	2363	434666	a39e98b6c8208e62ba433e003e0c4eda772a29af6ff45f998b5c3d6bca99b995	bf7e5ec075b1421ade2f3413fe099108878cc5892db01dec62ed1cc684fc5caa	0
p5e-05	5e-05	0.21616228011976657	independent-held-out-validated	7633ebb4a0d966dbda15a4e32d0efa492fb71aeb	tf	71	61180915be61455887ac261499455ac933cf976b292cab1a8180d759acc3ac2d	73.14	73.31	0.04	66980	18009	2399	426886	785178ffdde18e45663fbbb454927f28f7ff4d890a9ade18be84a02a797714ac	e67cc1da1da63711e0dd0b611f9c7e114041a5bcef4e7008e94d130d3fe7881b	0
p5e-05	5e-05	0.21616228011976657	independent-held-out-validated	7633ebb4a0d966dbda15a4e32d0efa492fb71aeb	tf	72	61180915be61455887ac261499455ac933cf976b292cab1a8180d759acc3ac2d	72.75	72.91	0.03	67108	17946	2346	424773	33697cffe9482edbfd352ad140ac29d555b2217d5cea2322baa409fe016036df	e974f4a8eabe1e2b7f09df6e31cb6924615eed73b425e50557f8bdd313f66e32	0
p5e-05	5e-05	0.21616228011976657	independent-held-out-validated	7633ebb4a0d966dbda15a4e32d0efa492fb71aeb	tf	73	61180915be61455887ac261499455ac933cf976b292cab1a8180d759acc3ac2d	74.14	74.2	0.04	67112	18420	2350	435304	2927951b999fa0e1081a66935280560739e042a79bf305dc8cb58e05bcaf8f31	70a00e393d8bf90a2054b145f238351dd43c81605a1ce6534a62eba764c68947	0
p5e-05	5e-05	0.21616228011976657	independent-held-out-validated	7633ebb4a0d966dbda15a4e32d0efa492fb71aeb	tf	74	61180915be61455887ac261499455ac933cf976b292cab1a8180d759acc3ac2d	73.36	73.55	0.04	67108	18296	2358	432755	d9cd419212d3292a662f69cf4eed8d9a457129a321f5fcbe8bd5d9593f12ffe3	7fa82ee1455dfcfd570622daa2dfd74794970e2cc249fa30b5abee77668bead8	0
p5e-05	5e-05	0.21616228011976657	independent-held-out-validated	7633ebb4a0d966dbda15a4e32d0efa492fb71aeb	tf	75	61180915be61455887ac261499455ac933cf976b292cab1a8180d759acc3ac2d	73.62	73.5	0.08	67236	16893	2353	401776	99eaf7c4f01fba15efa1f06223b75d6b171b88c3d2130601edcc1fa4a5d28138	5f011561b4a8d1e4954afcb64c965a543b2000e59ab519ca36d4c93e7c732692	0
p5e-05	5e-05	0.21616228011976657	independent-held-out-validated	7633ebb4a0d966dbda15a4e32d0efa492fb71aeb	tf	76	61180915be61455887ac261499455ac933cf976b292cab1a8180d759acc3ac2d	73.36	73.43	0.06	66980	17010	2378	404813	36551cfe8e3bcf6f0f0ae5791d2aaa11782d64d66d6f2629c995f15bd329c5e5	9d74d7e1ac7f92de3aadd6fde88c55426ee703faf6223ba19c8a2a1d7a603384	0
p5e-05	5e-05	0.21616228011976657	independent-held-out-validated	7633ebb4a0d966dbda15a4e32d0efa492fb71aeb	tf	77	61180915be61455887ac261499455ac933cf976b292cab1a8180d759acc3ac2d	75.68	75.87	0.06	66980	18922	2361	446362	af947c77ef96e64b654877d1dbe19157e242628dd25630158c303a94914529a0	e884a78de56d02d346abcf823e9735122af1caa32fdc7a03409efdb84ee7b585	0
p5e-05	5e-05	0.21616228011976657	independent-held-out-validated	7633ebb4a0d966dbda15a4e32d0efa492fb71aeb	tf	78	61180915be61455887ac261499455ac933cf976b292cab1a8180d759acc3ac2d	77.04	77.59	0.07	66920	18557	2335	438105	7cda7a5c8c7f7f3a1e20013419dc4f3df68b97dc72cd2f799ac895b313c33660	c66a836e78058f6fe480e408f97d7c2854a4bbec739f15f46176ec5669d43912	0
p5e-05	5e-05	0.21616228011976657	independent-held-out-validated	7633ebb4a0d966dbda15a4e32d0efa492fb71aeb	tf	79	61180915be61455887ac261499455ac933cf976b292cab1a8180d759acc3ac2d	78.15	77.21	0.07	67108	19133	2347	450785	adc57f819b588d2e71aa57d44f16c2fa59783364c2023f6f766aa49fac76a6b5	954a927a0376c2eb3a6bcaed26905fbf56ad8e51721d83009cfce50207166d2e	0
p5e-05	5e-05	0.21616228011976657	independent-held-out-validated	7633ebb4a0d966dbda15a4e32d0efa492fb71aeb	tf	80	61180915be61455887ac261499455ac933cf976b292cab1a8180d759acc3ac2d	74.36	74.6	0.06	67108	18403	2345	434722	1f1a6340e2d4cfa8abaeb630f5da7c0c983ef7a3f7ead63be3cff7eda8845acb	1bf69fa6eedf0b1893dd8549559cf6542d7ee420aae6e8e95a3b2eddd95bddfc	0
p5e-05	5e-05	0.21616228011976657	independent-held-out-validated	7633ebb4a0d966dbda15a4e32d0efa492fb71aeb	tf	81	61180915be61455887ac261499455ac933cf976b292cab1a8180d759acc3ac2d	74.83	75.19	0.06	66980	17913	2356	424150	d6fd6403ea8a0ef47bd6571034c1a7ad23333ea6ea637d8badefa259c5a188e4	a60b32a031a0c52eee5e06f546661bbbae04d511d313a9331e3dbd1ddee6702a	0
p5e-05	5e-05	0.21616228011976657	independent-held-out-validated	7633ebb4a0d966dbda15a4e32d0efa492fb71aeb	tf	82	61180915be61455887ac261499455ac933cf976b292cab1a8180d759acc3ac2d	76.84	77.25	0.06	67112	17481	2326	414345	c85dd5f0b1365f4b5b3255ba28be58ea115beeaa219e3ba7c1cddaed1357c4e9	a74631d246ee2b41f05df24d79bf83b9a2aa97c2bf37c63f6cb0b6e3ce65571a	0
p5e-05	5e-05	0.21616228011976657	independent-held-out-validated	7633ebb4a0d966dbda15a4e32d0efa492fb71aeb	tf	83	61180915be61455887ac261499455ac933cf976b292cab1a8180d759acc3ac2d	74.2	74.39	0.04	67108	17801	2346	421608	8d76c751b86683b9e45ce4150867c2822f5ccc751f3309663112dc3686e056a5	daea557d565b34c64ed836dc98ee1dc5b922d722a41e3af6402a61c87ba57882	0
p5e-05	5e-05	0.21616228011976657	independent-held-out-validated	7633ebb4a0d966dbda15a4e32d0efa492fb71aeb	tf	84	61180915be61455887ac261499455ac933cf976b292cab1a8180d759acc3ac2d	75.07	73.86	0.06	66980	19748	2379	464680	af837c568a8a785e9b2a4decb03c051597aaf41b955ce631c76d1946a16d9ece	6a754e48e2972e615ba489c424531f739d1d622589586531610cd6b7e9f54e3b	0
p5e-05	5e-05	0.21616228011976657	independent-held-out-validated	7633ebb4a0d966dbda15a4e32d0efa492fb71aeb	tf	85	61180915be61455887ac261499455ac933cf976b292cab1a8180d759acc3ac2d	75.06	75.45	0.07	66980	16947	2379	403422	b487d1c6ec1678011f2343cc741dac37d504734e06f83c42f0dcc777bb98bd5e	e155fc0cb068485dd8dc1cc13c1c667a9021b86fdaed59b8ad77a88a102477c2	0
p5e-05	5e-05	0.21616228011976657	independent-held-out-validated	7633ebb4a0d966dbda15a4e32d0efa492fb71aeb	tf	86	61180915be61455887ac261499455ac933cf976b292cab1a8180d759acc3ac2d	75.82	74.58	0.06	66984	17553	2313	415773	6478a92d0931d8a29f8364024d4ac20b103b527034b08f0a8fec055fd04bfbe0	b26b1736ff78022fb404bb1297d2c1c0f1c3c7ea0a236b38a8a51ab1e03b2ab8	0
p5e-05	5e-05	0.21616228011976657	independent-held-out-validated	7633ebb4a0d966dbda15a4e32d0efa492fb71aeb	tf	87	61180915be61455887ac261499455ac933cf976b292cab1a8180d759acc3ac2d	74.36	74.56	0.03	67108	17619	2360	417873	f23c630abd42c5df55694807f8a842b4991ad99176e6c9fa2083dde687e8e6a3	f134283073e4e22afe94ec560f6308e180d48d8b51c31154f73527291d1df210	0
p5e-05	5e-05	0.21616228011976657	independent-held-out-validated	7633ebb4a0d966dbda15a4e32d0efa492fb71aeb	tf	88	61180915be61455887ac261499455ac933cf976b292cab1a8180d759acc3ac2d	74.42	74.52	0.09	67108	18420	2360	435408	2e7c4c7f5413f229f1151fd99bbb28202f3e82c98e795158b27c0dfd2af55bea	683fd9bb9272b77e11e93943f08dbb5437b4e1470c304f29cdefafd002aed3ca	0
p5e-05	5e-05	0.21616228011976657	independent-held-out-validated	7633ebb4a0d966dbda15a4e32d0efa492fb71aeb	tf	89	61180915be61455887ac261499455ac933cf976b292cab1a8180d759acc3ac2d	75.64	74.71	0.07	67112	18507	2388	437582	99016deccd310f01d49ffac4eadaa5c78eaf39a1f13ab4d5b210823f240322ba	df1c12b7e0471e4f7b234ca2755209c7201808a3fc51b8b298e2665544e2bc01	0
p5e-05	5e-05	0.21616228011976657	independent-held-out-validated	7633ebb4a0d966dbda15a4e32d0efa492fb71aeb	tf	90	61180915be61455887ac261499455ac933cf976b292cab1a8180d759acc3ac2d	73.45	73.54	0.06	67076	17687	2377	419489	0c3b5d83f7045e559e4105ca536801c9179a118198874490b70f9375dde746af	7eac3785dff812807fca9af135e3f129e5475ee16adc171fd474d646069ec2f1	0
p5e-05	5e-05	0.21616228011976657	independent-held-out-validated	7633ebb4a0d966dbda15a4e32d0efa492fb71aeb	tf	91	61180915be61455887ac261499455ac933cf976b292cab1a8180d759acc3ac2d	73.7	73.63	0.04	67236	18338	2341	433356	92540c8b529df7466716a706bf8ee8d1508131f2ff0aa572709ce0626b9c41ee	d546d3ff2adecf6dc2d082441789ec09bb42f61eb842a207e88ea6359927be13	0
p5e-05	5e-05	0.21616228011976657	independent-held-out-validated	7633ebb4a0d966dbda15a4e32d0efa492fb71aeb	tf	92	61180915be61455887ac261499455ac933cf976b292cab1a8180d759acc3ac2d	73.99	74.15	0.06	67236	18933	2350	446414	3cfdb3e00b1c30f389e8cef7465ff7d019c79180c8a886fbfdb5dcb2c68e4b24	8087babfafb1987a9691bcd2f98eb56007858665a6df2096abb204863e1260bc	0
p5e-05	5e-05	0.21616228011976657	independent-held-out-validated	7633ebb4a0d966dbda15a4e32d0efa492fb71aeb	tf	93	61180915be61455887ac261499455ac933cf976b292cab1a8180d759acc3ac2d	74.58	73.76	0.04	67236	18255	2360	431855	658c4fa6f0553b828f3596d208793cb25a1157a9f631531329cf1d8cf2204bf4	09d2af99b909cf5680af734934c5984d1151cea19009a1d5dc77b3e8207af401	0
p5e-05	5e-05	0.21616228011976657	independent-held-out-validated	7633ebb4a0d966dbda15a4e32d0efa492fb71aeb	tf	94	61180915be61455887ac261499455ac933cf976b292cab1a8180d759acc3ac2d	74.29	74.44	0.04	67108	17134	2364	407220	13947985c519cf1251628b13cc12e1c83dbed8cf7846c0b75a3bfce93041d6af	60d82f95babd6861e7b35d702fb51033224e639a2302f2b8f36c87f6cdd7eeb8	0
p5e-05	5e-05	0.21616228011976657	independent-held-out-validated	7633ebb4a0d966dbda15a4e32d0efa492fb71aeb	tf	95	61180915be61455887ac261499455ac933cf976b292cab1a8180d759acc3ac2d	74.29	74.65	0.04	67112	17673	2344	418790	b251de64774c58281b3378b613a1152b37089e16e7dd19f315316a19727cd6df	596161b1ac5f71e508073ad47f947ab283ddcb376610a857a37fdbfff8cad146	0
p5e-05	5e-05	0.21616228011976657	independent-held-out-validated	7633ebb4a0d966dbda15a4e32d0efa492fb71aeb	tf	96	61180915be61455887ac261499455ac933cf976b292cab1a8180d759acc3ac2d	76.15	76.41	0.04	67108	18922	2344	446108	0201142083b17224fa71c7d4b6dac239d2b7c0260b2e66602706a57cba2ce6fb	a8462001a3069496d7d376f50ad4af1bbee277a565f1ae00cb6ea89c87ee76d6	0
p5e-05	5e-05	0.21616228011976657	independent-held-out-validated	7633ebb4a0d966dbda15a4e32d0efa492fb71aeb	tf	97	61180915be61455887ac261499455ac933cf976b292cab1a8180d759acc3ac2d	76.55	76.83	0.05	67108	18184	2362	430248	ac95d7e367342e3148494057df830b167e3ff5583b653204cbcdde4cae89e10d	fa6c8e0ef2cfbdee65c037dbd76e476ac3e5beafbce612c8f9c67242b0ac26f6	0
p5e-05	5e-05	0.21616228011976657	independent-held-out-validated	7633ebb4a0d966dbda15a4e32d0efa492fb71aeb	tf	98	61180915be61455887ac261499455ac933cf976b292cab1a8180d759acc3ac2d	75.55	75.82	0.04	67108	18952	2352	447000	0b7ac89b4cf8d388f0469d209e617213b7f03f42b32573ea01af732b233ebb56	2954b12dacc762c83cc7b89084d5afb286d74e0b403bba93861f45080453e437	0
p5e-05	5e-05	0.21616228011976657	independent-held-out-validated	7633ebb4a0d966dbda15a4e32d0efa492fb71aeb	tf	99	61180915be61455887ac261499455ac933cf976b292cab1a8180d759acc3ac2d	77.06	75.94	0.06	67108	18737	2368	442396	eccec3e1aa987fd010af7ac9a8bfdc0f9cbbfd6d6a454462a685e3f1072c3af5	d02af3264df462fe2049aefb255dbfe818e841b253ad860296d999f8c1a0191a	0
p5e-05	5e-05	0.21616228011976657	independent-held-out-validated	7633ebb4a0d966dbda15a4e32d0efa492fb71aeb	tf	100	61180915be61455887ac261499455ac933cf976b292cab1a8180d759acc3ac2d	74.71	74.94	0.04	67108	18393	2342	434522	10d229128592cd5f261584a8666ce45b43a055cbe5a1dd8938dc94ee3a711a7e	0a77ac1a78025146f1df74271b3a878c293269e6994cf0c4f192d2673319de09	0
p5e-05	5e-05	0.21616228011976657	independent-held-out-validated	7633ebb4a0d966dbda15a4e32d0efa492fb71aeb	sig	1	61180915be61455887ac261499455ac933cf976b292cab1a8180d759acc3ac2d	310.76	310.71	0.07	70344	58566	9745	1410036	4906f0bfd905a899929e1443e4f3c1d81d84bc00a2c294f68f5f139fd9acf3e3	8ebcc5a044100c41475af8352a92da474b0425bd3b96d053ca6fb4745787fd52	0
p5e-05	5e-05	0.21616228011976657	independent-held-out-validated	7633ebb4a0d966dbda15a4e32d0efa492fb71aeb	sig	2	61180915be61455887ac261499455ac933cf976b292cab1a8180d759acc3ac2d	320.07	319.63	0.11	70472	56972	9670	1374307	de5d49f003ef1a5bd104cd073af36184fb239508c6134076a0868d3a7c3a82d1	4a70259a5574800d07dff24e245921329ed17743232c2353e648aea57f0f34b3	0
p5e-05	5e-05	0.21616228011976657	independent-held-out-validated	7633ebb4a0d966dbda15a4e32d0efa492fb71aeb	sig	3	61180915be61455887ac261499455ac933cf976b292cab1a8180d759acc3ac2d	339.07	339.26	0.09	70088	55378	9663	1339184	4c498f266749f7e423687b46b79b3b26695abf4ae4d0da872f5986b8ae4b9970	df13343dfae54bb18a72b2bdbc4542cd33acc35328d18a0e4981c877a430f272	0
p5e-05	5e-05	0.21616228011976657	independent-held-out-validated	7633ebb4a0d966dbda15a4e32d0efa492fb71aeb	sig	4	61180915be61455887ac261499455ac933cf976b292cab1a8180d759acc3ac2d	332.06	331.74	0.11	70220	57927	9701	1395534	c68f6d807944162a64efc458ed48e0a60c0a3971cda55094c28cdf71000e0182	5c7ecab7a6c88289a75081f1f9bb0c39c47af17eee06023610f94bb6696d937c	0
p5e-05	5e-05	0.21616228011976657	independent-held-out-validated	7633ebb4a0d966dbda15a4e32d0efa492fb71aeb	sig	5	61180915be61455887ac261499455ac933cf976b292cab1a8180d759acc3ac2d	329.16	329.0	0.08	70216	56429	9692	1362490	f2c056c5ca24aba9b8450cbfa29fcc0cacef5a08a7f04f51cfba60f5ca18e5c2	bdce1df78636a999bc12aa076f668e73df18095749ec3414f46d10883f094eda	0
p5e-05	5e-05	0.21616228011976657	independent-held-out-validated	7633ebb4a0d966dbda15a4e32d0efa492fb71aeb	sig	6	61180915be61455887ac261499455ac933cf976b292cab1a8180d759acc3ac2d	322.93	322.62	0.1	70344	57206	9634	1378913	958c741382ab160380cec1ad9e047f8471de6458d6a9d6d3cfb1574010150247	1d92b3d720c23b3afdb2ed23dd998b0cbfeb965e11be84a4d080b2ea811fb45d	0
p5e-05	5e-05	0.21616228011976657	independent-held-out-validated	7633ebb4a0d966dbda15a4e32d0efa492fb71aeb	sig	7	61180915be61455887ac261499455ac933cf976b292cab1a8180d759acc3ac2d	315.68	316.24	0.06	70472	60296	9627	1446555	6337a087b18c56af2b2bb2e4014eaedca25ae6227f4dc7a3d7161b72c2adf002	c8074a1340779653676da4c5fafbaa370d63dc3175816291396c308f76c0d3d3	0
p5e-05	5e-05	0.21616228011976657	independent-held-out-validated	7633ebb4a0d966dbda15a4e32d0efa492fb71aeb	sig	8	61180915be61455887ac261499455ac933cf976b292cab1a8180d759acc3ac2d	316.41	316.8	0.07	70728	62148	9715	1488041	604f9bad97e92d289860c251e3de8d7d3edff131f0fbd586ecf22d2181f4294f	bf64f8cbd5e952fa863ff8b792ad03d792f9defc690a2b7c832492085425c4b1	0
p5e-05	5e-05	0.21616228011976657	independent-held-out-validated	7633ebb4a0d966dbda15a4e32d0efa492fb71aeb	sig	9	61180915be61455887ac261499455ac933cf976b292cab1a8180d759acc3ac2d	312.93	312.11	0.07	70316	58151	9704	1400533	0c15c38b36235eb2078e00a111bb4246be14234af05c37439663cfe74bcf43d6	55782494604d8242098d75f5ac758cf1370f40387b6d19546156c15c3e10e2f3	0
p5e-05	5e-05	0.21616228011976657	independent-held-out-validated	7633ebb4a0d966dbda15a4e32d0efa492fb71aeb	sig	10	61180915be61455887ac261499455ac933cf976b292cab1a8180d759acc3ac2d	314.22	314.6	0.08	70472	58728	9745	1413678	e535a10eb09f6c5d0e39da3bf56076e20d50f7d20bb716ff76375095649c3c0d	9f5c2ba01a82cf407f1cdabdb9e4177ff68f8f1d8db57e6909cabc6afe2d570e	0
p5e-05	5e-05	0.21616228011976657	independent-held-out-validated	7633ebb4a0d966dbda15a4e32d0efa492fb71aeb	sig	11	61180915be61455887ac261499455ac933cf976b292cab1a8180d759acc3ac2d	320.95	320.33	0.09	70476	57045	9674	1375794	543ea461663facc7231bb6b1ce2793169800f592e92b824dcdf3ab34ed5002e6	342b548d87ad39698be94251441afcb4c5f5c2adb8ec1aec93417cffcb918750	0
p5e-05	5e-05	0.21616228011976657	independent-held-out-validated	7633ebb4a0d966dbda15a4e32d0efa492fb71aeb	sig	12	61180915be61455887ac261499455ac933cf976b292cab1a8180d759acc3ac2d	315.32	315.87	0.09	70344	58819	9708	1415254	b344bd13d0cbe58a6c6f6abd09ce5258aebdf94e0ba3e657f0cab2e0fd9c7517	c68c6ca4e91f6089fe5d60dcde29c2896f7efc681c1dce8e80bdde571f242c3f	0
p5e-05	5e-05	0.21616228011976657	independent-held-out-validated	7633ebb4a0d966dbda15a4e32d0efa492fb71aeb	sig	13	61180915be61455887ac261499455ac933cf976b292cab1a8180d759acc3ac2d	313.46	314.93	0.07	70088	53792	9672	1304601	b27077139e6bbd97e7ffde64987903c42f33e89093369e04b6f784757799bd03	9b0c388334d05c69fd99229a5dc4e05f70223a1bed9591b722ddbc6a2db484c6	0
p5e-05	5e-05	0.21616228011976657	independent-held-out-validated	7633ebb4a0d966dbda15a4e32d0efa492fb71aeb	sig	14	61180915be61455887ac261499455ac933cf976b292cab1a8180d759acc3ac2d	307.24	306.77	0.06	69964	54554	9657	1321134	dbb9c0fe639c21e9fb37b854c83fbded915a0a14806c255dbe1b50f0afa22df4	99b7d84dafe290086a0c71e0e5497f4ff970399d1ae7f80473c5e6cb29bf3e5b	0
p5e-05	5e-05	0.21616228011976657	independent-held-out-validated	7633ebb4a0d966dbda15a4e32d0efa492fb71aeb	sig	15	61180915be61455887ac261499455ac933cf976b292cab1a8180d759acc3ac2d	306.29	306.04	0.08	70600	59147	9723	1422509	7ae915471f1d7984980fe8b56bd0c1b78d209af3d63b25863bf456d9c5b149a7	5aee818a719abd25538abed763ecdddb882119495fdeddd062d152d8efb4deba	0
p5e-05	5e-05	0.21616228011976657	independent-held-out-validated	7633ebb4a0d966dbda15a4e32d0efa492fb71aeb	sig	16	61180915be61455887ac261499455ac933cf976b292cab1a8180d759acc3ac2d	306.85	307.23	0.05	70472	59177	9740	1423440	ef75a03281fd44bb4bf3123aee129f95c12a399722bec5e4240ae47791021d5b	269e6bb752b287a7a8b40e3a55b14a997615d6d6a82250718f39ae6fd0c6a2e7	0
p5e-05	5e-05	0.21616228011976657	independent-held-out-validated	7633ebb4a0d966dbda15a4e32d0efa492fb71aeb	sig	17	61180915be61455887ac261499455ac933cf976b292cab1a8180d759acc3ac2d	306.55	306.5	0.09	70600	55959	9690	1352191	a2ee97fc9c42d2ef3247b55c9eee3ab2389ead00d22e69cd673cd19345b5e8e6	97915ebb17c2bd184f06fb2a0bb639b0835e51903cb57e547ce554c560885fe2	0
p5e-05	5e-05	0.21616228011976657	independent-held-out-validated	7633ebb4a0d966dbda15a4e32d0efa492fb71aeb	sig	18	61180915be61455887ac261499455ac933cf976b292cab1a8180d759acc3ac2d	304.52	304.61	0.07	69960	54888	9667	1328687	4923460943a820cfd7a0f6a45b5032aeac5d77149e51d938766b0e560b098991	877bf396a3127e38dd9d76966b05e6b4c7c28d7ce4b968cc28159f5a2d0f769d	0
p5e-05	5e-05	0.21616228011976657	independent-held-out-validated	7633ebb4a0d966dbda15a4e32d0efa492fb71aeb	sig	19	61180915be61455887ac261499455ac933cf976b292cab1a8180d759acc3ac2d	315.74	315.08	0.07	70092	57363	9706	1383175	6efe675d5ef0774464f2ad0fc9d2e3db7efc410f7938e983e2729f434fe476a0	92a79c21b0e5f400baa7f61fa57af0ff741f5cd8ef4a2d6959edaeb925a204b1	0
p5e-05	5e-05	0.21616228011976657	independent-held-out-validated	7633ebb4a0d966dbda15a4e32d0efa492fb71aeb	sig	20	61180915be61455887ac261499455ac933cf976b292cab1a8180d759acc3ac2d	356.56	356.21	0.15	70216	59176	9677	1422483	952a536b2799f33442ee107b87f901a30323434c2a22f4012efa9503d2521ed6	36eb366c999f08fa33452d155cb18bb3d4a4c4948d03d425d8b81031147c488e	0
p5e-05	5e-05	0.21616228011976657	independent-held-out-validated	7633ebb4a0d966dbda15a4e32d0efa492fb71aeb	sig	21	61180915be61455887ac261499455ac933cf976b292cab1a8180d759acc3ac2d	308.34	308.52	0.07	70472	60118	9748	1443936	edde3f7c3e2f5de764cf45a323973a96415ecff474032c8c2845bbfd6c813943	8a6fdbf9459aa695ce9ed1e71f334eea3c7adf2c378945da64ea57f935957e82	0
p5e-05	5e-05	0.21616228011976657	independent-held-out-validated	7633ebb4a0d966dbda15a4e32d0efa492fb71aeb	sig	22	61180915be61455887ac261499455ac933cf976b292cab1a8180d759acc3ac2d	310.41	310.67	0.05	70204	56454	9646	1362602	50bf5b1609218b2ac618088293fa2394d0a48be1c39088cab985653d2a446caa	126bb685c768572ec2d8b5582e1d4625b8fbf50ed9b8d7a40a02de0f9b1c5a7b	0
p5e-05	5e-05	0.21616228011976657	independent-held-out-validated	7633ebb4a0d966dbda15a4e32d0efa492fb71aeb	sig	23	61180915be61455887ac261499455ac933cf976b292cab1a8180d759acc3ac2d	323.83	323.36	0.08	70344	56605	9632	1365655	e49b38e70cf25f41d5fb2897e23e9967fd9a12315defd1544f1395e2e1432fdd	77ae2b9e3e28f5c4889997c18cc1c45ce88e06d0646765c349e3ee3f96bc56e0	0
p5e-05	5e-05	0.21616228011976657	independent-held-out-validated	7633ebb4a0d966dbda15a4e32d0efa492fb71aeb	sig	24	61180915be61455887ac261499455ac933cf976b292cab1a8180d759acc3ac2d	314.75	313.94	0.08	70216	57689	9738	1390767	bc8afd85f918c7a22ef5843a4f70d50a46f0487742250ee92a0000c3815c2b95	bf96628573f193fb6ce8afa5e4f81fddecd76ecd594ab622ed75a032e52b2305	0
p5e-05	5e-05	0.21616228011976657	independent-held-out-validated	7633ebb4a0d966dbda15a4e32d0efa492fb71aeb	sig	25	61180915be61455887ac261499455ac933cf976b292cab1a8180d759acc3ac2d	313.37	313.8	0.09	70576	56521	9719	1364945	3b5fc2541904be9b366af9cee6d4a097025f1f7613df3c1bc014afa168a970f4	2659c56ca01ca02cb308475b9764a622393370fc3b78e3066b107ab2c6a95967	0
p5e-05	5e-05	0.21616228011976657	independent-held-out-validated	7633ebb4a0d966dbda15a4e32d0efa492fb71aeb	sig	26	61180915be61455887ac261499455ac933cf976b292cab1a8180d759acc3ac2d	312.96	312.17	0.04	70236	55985	9679	1352723	97d079191971ece551dec08389b8d7a7b18f8fcddcdc72bdaa62a319028dd450	d6e9cf601e8e5c0cb4d1b85eeb40fa1d26edf63892fff76e2a630974e3c6cb0e	0
p5e-05	5e-05	0.21616228011976657	independent-held-out-validated	7633ebb4a0d966dbda15a4e32d0efa492fb71aeb	sig	27	61180915be61455887ac261499455ac933cf976b292cab1a8180d759acc3ac2d	312.51	311.57	0.09	70216	55937	9673	1351779	931c6ac3fac215f7be4a1355bdf3893eea4222933814f5c7c26a9eff2895f2c6	c7ef3c049123b560afb35bd0e72bacb692bd0e4a51d374ff382aa1e10c92fe08	0
p5e-05	5e-05	0.21616228011976657	independent-held-out-validated	7633ebb4a0d966dbda15a4e32d0efa492fb71aeb	sig	28	61180915be61455887ac261499455ac933cf976b292cab1a8180d759acc3ac2d	310.94	311.19	0.08	70472	56828	9701	1371495	8db2736b4274dc9ff3e74ff44088229fd1dba0e2550170a6caecd7402f552918	d01e0d2d84bc27bfe1eb2f755e9476e07c09a5f76bfaa958cf05529df1800b08	0
p5e-05	5e-05	0.21616228011976657	independent-held-out-validated	7633ebb4a0d966dbda15a4e32d0efa492fb71aeb	sig	29	61180915be61455887ac261499455ac933cf976b292cab1a8180d759acc3ac2d	311.13	311.53	0.06	70088	56739	9656	1369147	f533c0bf65fa837dac9652ae342f3e5dfcfc2aaf69b312d768f3efd1fa46cd69	67338b29e392bd60c69912623cb8ed623777296fa5decf1b6c750e53742fe92d	0
p5e-05	5e-05	0.21616228011976657	independent-held-out-validated	7633ebb4a0d966dbda15a4e32d0efa492fb71aeb	sig	30	61180915be61455887ac261499455ac933cf976b292cab1a8180d759acc3ac2d	313.25	312.43	0.08	70344	61608	9692	1476087	c08ea5b233d727fb1420097078154c327a24351cc7864e15cf63f341aa41026a	40ba99e5871b0fc846d2a203f5b91c5fbdd536b2b0cf430c473ba3f80f85b4fe	0
p5e-05	5e-05	0.21616228011976657	independent-held-out-validated	7633ebb4a0d966dbda15a4e32d0efa492fb71aeb	sig	31	61180915be61455887ac261499455ac933cf976b292cab1a8180d759acc3ac2d	313.97	312.88	0.09	70472	58805	9731	1414868	e7ba238309d40e7503265bbf630838d2a1c7c018d994b5396fe0fc534ef08aa6	1ac2f606a1e4aed172ddb2939382e311cbd0e1fd03bd59e539422bc4f662e1c4	0
p5e-05	5e-05	0.21616228011976657	independent-held-out-validated	7633ebb4a0d966dbda15a4e32d0efa492fb71aeb	sig	32	61180915be61455887ac261499455ac933cf976b292cab1a8180d759acc3ac2d	312.35	312.71	0.07	70344	59211	9739	1424159	90ba1e38fb692282dbadda0d14fe669f3e05cb3443db59781b66eeba441a338a	a38952d1813d93b08280fb239e3fa2411f2aec75f3617acb84c9c5b13c4c560e	0
p5e-05	5e-05	0.21616228011976657	independent-held-out-validated	7633ebb4a0d966dbda15a4e32d0efa492fb71aeb	sig	33	61180915be61455887ac261499455ac933cf976b292cab1a8180d759acc3ac2d	311.04	311.33	0.08	70088	57076	9681	1376537	75673e843cfefa5749a2434b17f5c9c51954f662c029d259ece2b1e93595de96	4086cfcdaf2ab7e13720df1a8d12afc0aea462203ade224060d3ba17c45bccbe	0
p5e-05	5e-05	0.21616228011976657	independent-held-out-validated	7633ebb4a0d966dbda15a4e32d0efa492fb71aeb	sig	34	61180915be61455887ac261499455ac933cf976b292cab1a8180d759acc3ac2d	314.6	313.72	0.07	70344	59358	9656	1426147	aace445d32670a3430acc2706bf186217ef2ea16093f9e96d50d0d9d964789e9	27b547c609ab762bf4d7a6d961fb20df936d267a9a2bf12dbc54abbd83591464	0
p5e-05	5e-05	0.21616228011976657	independent-held-out-validated	7633ebb4a0d966dbda15a4e32d0efa492fb71aeb	sig	35	61180915be61455887ac261499455ac933cf976b292cab1a8180d759acc3ac2d	312.23	312.51	0.11	69984	52872	9636	1283751	3dab49b8a0e81ddf97fca070c076de2ab6f8da657e5e7c76348127c72f0d320a	24908d751ee35d45dfe62d132844ca0525fc3c65a2e5ff1aa7a1bf105c861b0e	0
p5e-05	5e-05	0.21616228011976657	independent-held-out-validated	7633ebb4a0d966dbda15a4e32d0efa492fb71aeb	sig	36	61180915be61455887ac261499455ac933cf976b292cab1a8180d759acc3ac2d	310.06	310.28	0.09	70144	59180	9708	1423087	cef926933ed0d1b87e867a9aff26dc4df2765eef46d38ffe0b6d85154e55fb77	4327edbac9ca448c167c82818fbcf34fceec8d614192d5459bf886fde91fdbbc	0
p5e-05	5e-05	0.21616228011976657	independent-held-out-validated	7633ebb4a0d966dbda15a4e32d0efa492fb71aeb	sig	37	61180915be61455887ac261499455ac933cf976b292cab1a8180d759acc3ac2d	310.86	311.24	0.09	70344	56785	9655	1369843	4ca6da174768fc10ff39610ec90799838572ac30dd250f13c037ed28d81afce7	a034a1be48eb48e99d3da321590a4a546808994a86b44c10cbcbbaf0d2f45928	0
p5e-05	5e-05	0.21616228011976657	independent-held-out-validated	7633ebb4a0d966dbda15a4e32d0efa492fb71aeb	sig	38	61180915be61455887ac261499455ac933cf976b292cab1a8180d759acc3ac2d	310.51	310.75	0.09	70532	62169	9676	1488036	bba32961ef44d49fcd0528ccd4d35b4cd8cd39d02476cadd73d56644db2db8cf	9ee61b2d31c2d19425902fe18ec7acdbe1b724a443e04d7262540519bd7027b1	0
p5e-05	5e-05	0.21616228011976657	independent-held-out-validated	7633ebb4a0d966dbda15a4e32d0efa492fb71aeb	sig	39	61180915be61455887ac261499455ac933cf976b292cab1a8180d759acc3ac2d	312.04	311.1	0.1	70036	59109	9716	1421744	0c84d388fdf0b7bae143e92cc45a807558a882fc56689d4cc4dfb955b1616fb4	28619bb15184bf0231fd9bc5f64d9de5c2ebccc2c0e05de6dc7b4d53e7a7d33f	0
p5e-05	5e-05	0.21616228011976657	independent-held-out-validated	7633ebb4a0d966dbda15a4e32d0efa492fb71aeb	sig	40	61180915be61455887ac261499455ac933cf976b292cab1a8180d759acc3ac2d	313.85	314.18	0.1	70344	57846	9655	1393252	43847d5dda0166ec0e7751b3229c750c25be480763697e9e0bd6210ff1e60cfb	9876fec65ea56f37b155b60e01c22ab563ec6e0978986e53973f811a794a1e54	0
p5e-05	5e-05	0.21616228011976657	independent-held-out-validated	7633ebb4a0d966dbda15a4e32d0efa492fb71aeb	sig	41	61180915be61455887ac261499455ac933cf976b292cab1a8180d759acc3ac2d	312.01	312.55	0.07	70476	56907	9712	1373295	f28439bdd35d1f8887b9ed24decfdae717999c4d8fad62450303b0bb6fc3c5f5	1005298bb9f6fadf08ced2563cee9bd0154e77ade2926a894e0fb480cc3fea29	0
p5e-05	5e-05	0.21616228011976657	independent-held-out-validated	7633ebb4a0d966dbda15a4e32d0efa492fb71aeb	sig	42	61180915be61455887ac261499455ac933cf976b292cab1a8180d759acc3ac2d	320.18	320.8	0.08	70240	55812	9666	1348718	8cdfe8db21a6a7629a6dc9f8f0d39a5d38adbc782ecf7f9e2b5e6845e4ce12b3	47c17a5d740fa8d9d846e67c468e39682545b98a9a36bb9a8cb1c5dfc6703ffb	0
p5e-05	5e-05	0.21616228011976657	independent-held-out-validated	7633ebb4a0d966dbda15a4e32d0efa492fb71aeb	sig	43	61180915be61455887ac261499455ac933cf976b292cab1a8180d759acc3ac2d	313.06	313.4	0.09	70604	61812	9784	1481723	efb17960bc98bc2bcf3a3e43a97af8f03826c53dbaac38f04d60d7807a575207	e5f708c7de946158e2240cd8f1ed25e7e0854e6825296c4dbcd188e13e8266c5	0
p5e-05	5e-05	0.21616228011976657	independent-held-out-validated	7633ebb4a0d966dbda15a4e32d0efa492fb71aeb	sig	44	61180915be61455887ac261499455ac933cf976b292cab1a8180d759acc3ac2d	301.35	301.24	0.06	70600	58382	9624	1404585	b7ed951dd2fd8cfa813fc3c40641786e7d875176aaa2c8618c77c6e1b14e81ef	8dec87e068ed6d703f3fefd6543f823d1cd40d9cab2a6068bf977bc2b89311e7	0
p5e-05	5e-05	0.21616228011976657	independent-held-out-validated	7633ebb4a0d966dbda15a4e32d0efa492fb71aeb	sig	45	61180915be61455887ac261499455ac933cf976b292cab1a8180d759acc3ac2d	344.7	345.03	0.12	70344	57317	9712	1382306	54c529c0186f7e20682b680ae118084c1cc20e4294d2f6528fb332e44fc4b8ef	7cfb896062f68c41871f97a04e88c5ceacc9f77cfabc0d69265cb56e7ae17b42	0
p5e-05	5e-05	0.21616228011976657	independent-held-out-validated	7633ebb4a0d966dbda15a4e32d0efa492fb71aeb	sig	46	61180915be61455887ac261499455ac933cf976b292cab1a8180d759acc3ac2d	373.3	372.03	0.2	70600	56383	9668	1361303	fca5c763a710c9ee08adf2c01009038410aa6a4803c38f690bed10a6a19e8524	a069d74f9fc7bbf1db2a1acf9119fd6bf5e73f43dc1bacf395c57f3d01cab34d	0
p5e-05	5e-05	0.21616228011976657	independent-held-out-validated	7633ebb4a0d966dbda15a4e32d0efa492fb71aeb	sig	47	61180915be61455887ac261499455ac933cf976b292cab1a8180d759acc3ac2d	304.49	304.51	0.08	69960	56873	9730	1372891	bd233a091cc998d2a792b0e681b15ba22f1f6fb536171a4951ba697f7624de40	1c0b8a8ea40d9c3fa6c5fa2813fb6f13ca2a97e2bfbb7ee103be6fe5fb64ff6d	0
p5e-05	5e-05	0.21616228011976657	independent-held-out-validated	7633ebb4a0d966dbda15a4e32d0efa492fb71aeb	sig	48	61180915be61455887ac261499455ac933cf976b292cab1a8180d759acc3ac2d	326.9	326.52	0.07	69960	55413	9632	1339736	d88d897aa7b98b35d35a3dcc8bd354d6e44b3ff6daeb96df159f77b4f3694612	488952e02be4422c115bf4843a6b7484ea3e3b6f0091f80e2d6420dba57eb0cc	0
p5e-05	5e-05	0.21616228011976657	independent-held-out-validated	7633ebb4a0d966dbda15a4e32d0efa492fb71aeb	sig	49	61180915be61455887ac261499455ac933cf976b292cab1a8180d759acc3ac2d	326.26	325.86	0.07	70472	56077	9702	1355064	06a2d29586f934c1c966af24e4eda6098d0478f7f316bc76efd6320f330e907c	a3ccb5ad2fba5ac8db9aa4e7d1805b23ab5782cd4a1527aa15ad1565338dad77	0
p5e-05	5e-05	0.21616228011976657	independent-held-out-validated	7633ebb4a0d966dbda15a4e32d0efa492fb71aeb	sig	50	61180915be61455887ac261499455ac933cf976b292cab1a8180d759acc3ac2d	305.06	305.05	0.09	70088	57149	9747	1379178	4222bb199791683585736e7b50b43882b592e5d0156d31df6cf8950f4b51717d	88f62d046c7ac486593306cea3270acc9ad861acf141d0d8f5909b24a92a927d	0
p5e-05	5e-05	0.21616228011976657	independent-held-out-validated	7633ebb4a0d966dbda15a4e32d0efa492fb71aeb	sig	51	61180915be61455887ac261499455ac933cf976b292cab1a8180d759acc3ac2d	314.74	313.97	0.06	70600	60455	9710	1450938	f3c8198ecaa421619fe1f138e10a158463974426a28e394095add696df674905	bfdbbaafefc36720b295f3b1af67894559c242a6094bdc9ba125dc360cbef8cc	0
p5e-05	5e-05	0.21616228011976657	independent-held-out-validated	7633ebb4a0d966dbda15a4e32d0efa492fb71aeb	sig	52	61180915be61455887ac261499455ac933cf976b292cab1a8180d759acc3ac2d	319.77	319.15	0.08	69940	54330	9649	1316270	7c23260c2d9f28f39c2f1493a15b770a643b3b74320eac233a9f2c418637faf4	c9b4fb3dedd26e9a6251851f725431a15515f228dbddda7da5d06b6d9194f409	0
p5e-05	5e-05	0.21616228011976657	independent-held-out-validated	7633ebb4a0d966dbda15a4e32d0efa492fb71aeb	sig	53	61180915be61455887ac261499455ac933cf976b292cab1a8180d759acc3ac2d	302.97	303.0	0.03	69960	58487	9648	1406962	ac7e41615d27cca3df157f866583d7aa0d009f5147634fc77912415f18997d30	2ba15bf6e3d2b3ca1ab2f5fd33e165aa306a548f9e56fcd4a50db8f4e0e15189	0
p5e-05	5e-05	0.21616228011976657	independent-held-out-validated	7633ebb4a0d966dbda15a4e32d0efa492fb71aeb	sig	54	61180915be61455887ac261499455ac933cf976b292cab1a8180d759acc3ac2d	305.66	305.68	0.09	70216	57878	9720	1394665	d53f61677c2366f7c49d5001b54e874c647470d4de2026f524abbed195fc4823	532f10602079c6beaf079df6b6e181dd601e1e9b45e92388fd69afd023494972	0
p5e-05	5e-05	0.21616228011976657	independent-held-out-validated	7633ebb4a0d966dbda15a4e32d0efa492fb71aeb	sig	55	61180915be61455887ac261499455ac933cf976b292cab1a8180d759acc3ac2d	304.76	303.61	0.04	70344	57022	9679	1375482	a06df357d76224d7b5f1f374f7be838d53f4e9ee3848c3cd438695ca40994126	577f45a1457fa3fa1b965ef5bf732639af1921db177ecfbc9a500dcf24faa86a	0
p5e-05	5e-05	0.21616228011976657	independent-held-out-validated	7633ebb4a0d966dbda15a4e32d0efa492fb71aeb	sig	56	61180915be61455887ac261499455ac933cf976b292cab1a8180d759acc3ac2d	300.58	300.45	0.03	70088	55691	9679	1346228	0623407be701b73247b5cc753b0f94639818c6b36becfc6be5edc5f7cff23bca	d9950e6b52615c943c2260326a9637f336e4be75b750aa4c6489a2ae04702578	0
p5e-05	5e-05	0.21616228011976657	independent-held-out-validated	7633ebb4a0d966dbda15a4e32d0efa492fb71aeb	sig	57	61180915be61455887ac261499455ac933cf976b292cab1a8180d759acc3ac2d	303.67	303.69	0.08	70728	57754	9631	1390673	77de66bec45339416c8d32e15fcee10d141d74b7903c8226dc09fadf918ec06f	c4661306e487ffd0430dc6cad05c49ec9bc55d978756db4680eaa73e788c1800	0
p5e-05	5e-05	0.21616228011976657	independent-held-out-validated	7633ebb4a0d966dbda15a4e32d0efa492fb71aeb	sig	58	61180915be61455887ac261499455ac933cf976b292cab1a8180d759acc3ac2d	300.51	300.47	0.08	70036	57049	9721	1376523	9bc345e9dab0d1f5cafa89ab4c0e9e1943e595040871e4759ce2ec8d08df355f	359ec15256adb12d337b42c39da77e5978bcf74360ec60c1d6604949dc806e6d	0
p5e-05	5e-05	0.21616228011976657	independent-held-out-validated	7633ebb4a0d966dbda15a4e32d0efa492fb71aeb	sig	59	61180915be61455887ac261499455ac933cf976b292cab1a8180d759acc3ac2d	299.88	299.72	0.08	70600	56595	9686	1365890	595f3e457be323d6649501ca54a718b979905f1bf828e86b13f25d9107d9f593	298da938692cb8d5577c834a1d90eaa258819712adafc23321fd341bec80ff98	0
p5e-05	5e-05	0.21616228011976657	independent-held-out-validated	7633ebb4a0d966dbda15a4e32d0efa492fb71aeb	sig	60	61180915be61455887ac261499455ac933cf976b292cab1a8180d759acc3ac2d	298.96	298.83	0.06	70472	59851	9733	1438173	8d1293b39357fb16341e3153f2b0885693d488682fa5aaa8f61888f4403f3972	d7f11b5b2957286886e2c60a6b76a2532d0316d1956ac96e66a9df56992f8c92	0
p5e-05	5e-05	0.21616228011976657	independent-held-out-validated	7633ebb4a0d966dbda15a4e32d0efa492fb71aeb	sig	61	61180915be61455887ac261499455ac933cf976b292cab1a8180d759acc3ac2d	295.22	296.05	0.09	70344	57736	9692	1391339	37fb6fc4833cf4e1d339cc70734a821c84f0d16579b20ddbca32bf0a2bf81307	0e344f5675eeb22f3369b93df6dca0f26af11a4206f408f8d749648358253b92	0
p5e-05	5e-05	0.21616228011976657	independent-held-out-validated	7633ebb4a0d966dbda15a4e32d0efa492fb71aeb	sig	62	61180915be61455887ac261499455ac933cf976b292cab1a8180d759acc3ac2d	296.5	296.44	0.07	70348	55386	9643	1339183	9e2db28e6d7d0917bbaeb59a0fa84c24adb47266fae04a2b75ad3e0193351207	4252953ec2eaa08c1e07476a5a3af4bc3ba41f6b1485504ea92a7ed738e3b206	0
p5e-05	5e-05	0.21616228011976657	independent-held-out-validated	7633ebb4a0d966dbda15a4e32d0efa492fb71aeb	sig	63	61180915be61455887ac261499455ac933cf976b292cab1a8180d759acc3ac2d	302.26	302.26	0.06	70600	55877	9613	1349327	c570b297589a283a00347a363bfa63b5de6009249525aa65fe147d39bf60f1a9	75fefaea860b29efd7a91d55f7c69d1987f41aa1b4f1603e3dcdfa284b6125cd	0
p5e-05	5e-05	0.21616228011976657	independent-held-out-validated	7633ebb4a0d966dbda15a4e32d0efa492fb71aeb	sig	64	61180915be61455887ac261499455ac933cf976b292cab1a8180d759acc3ac2d	298.63	299.5	0.09	70472	56269	9633	1358301	6252bf854eeeec1efb8466c6cdc031e70a3808d4c5c7fe609c4b5be2ce7a9a38	d517a0a9a77456c5f62c1c6ddbbee35f83feb90c9bed8d9b71e6b813db75478f	0
p5e-05	5e-05	0.21616228011976657	independent-held-out-validated	7633ebb4a0d966dbda15a4e32d0efa492fb71aeb	sig	65	61180915be61455887ac261499455ac933cf976b292cab1a8180d759acc3ac2d	297.71	297.57	0.06	70216	60000	9744	1441435	923fd2bab016715662223d44d282728e4ef47c8887fdfcc8441ca1ff1ca4b03c	eb6594b2ea220b30492f0de019782704c47ae907c2b6836b111abfee7b18db53	0
p5e-05	5e-05	0.21616228011976657	independent-held-out-validated	7633ebb4a0d966dbda15a4e32d0efa492fb71aeb	sig	66	61180915be61455887ac261499455ac933cf976b292cab1a8180d759acc3ac2d	303.65	303.67	0.07	70344	56932	9712	1373804	8175e22134ef046a1bc23300b84e1d30bc0679403edc509a11b14176e8f7cc32	744089ab1b1060128f93eadb0ab93f2d1462c271ddf2e3295b6406df8351c0d4	0
p5e-05	5e-05	0.21616228011976657	independent-held-out-validated	7633ebb4a0d966dbda15a4e32d0efa492fb71aeb	sig	67	61180915be61455887ac261499455ac933cf976b292cab1a8180d759acc3ac2d	296.91	296.63	0.07	70088	57080	9666	1376584	c171642c709830e40861aa72b72d29fa89869e8fa05aec5c5941d6d4f3ad77f3	d68b2733904db964813bc4ac1c82a1d2cdbccce20a5f0c50cf9d3201e7ed0d58	0
p5e-05	5e-05	0.21616228011976657	independent-held-out-validated	7633ebb4a0d966dbda15a4e32d0efa492fb71aeb	sig	68	61180915be61455887ac261499455ac933cf976b292cab1a8180d759acc3ac2d	299.87	299.75	0.08	70472	60187	9713	1445139	ad4f8b51731023cef3758805206cdadc11e1967993961756fb2e18debe71976a	62374c0e230aaeb245b70a062c3c1a0f5a42a4a578aec5df4634212de7ca127a	0
p5e-05	5e-05	0.21616228011976657	independent-held-out-validated	7633ebb4a0d966dbda15a4e32d0efa492fb71aeb	sig	69	61180915be61455887ac261499455ac933cf976b292cab1a8180d759acc3ac2d	298.01	297.8	0.09	70344	56302	9654	1359289	595cb747c1902762563941dbe5ed75bee0e142d03cf72ccbea1d07d4cc519d41	0b9f86b4becb41daec668898701ba294145711af7737649b5b9cb19dc38e1cc1	0
p5e-05	5e-05	0.21616228011976657	independent-held-out-validated	7633ebb4a0d966dbda15a4e32d0efa492fb71aeb	sig	70	61180915be61455887ac261499455ac933cf976b292cab1a8180d759acc3ac2d	303.11	303.09	0.09	70472	57505	9696	1386156	6163c191c76af15137e2ad7c76d62afc796ba3e72b2ad7a2dd6f6ad8c0363001	614e95989a7a279f8fa053d1769051bf5c680531d273ca41a52d6e7b07ceea5e	0
p5e-05	5e-05	0.21616228011976657	independent-held-out-validated	7633ebb4a0d966dbda15a4e32d0efa492fb71aeb	sig	71	61180915be61455887ac261499455ac933cf976b292cab1a8180d759acc3ac2d	297.24	297.16	0.07	70344	58420	9724	1406532	f36dc51c9e684e5c69b8d1d6fd900de00d8c1466b46a63febfcc9d94f694a5ca	52d79f0e2e68a2bcc34d746fe9e546b21a7bf8f5bb4ed18221829e3b9f5cacbf	0
p5e-05	5e-05	0.21616228011976657	independent-held-out-validated	7633ebb4a0d966dbda15a4e32d0efa492fb71aeb	sig	72	61180915be61455887ac261499455ac933cf976b292cab1a8180d759acc3ac2d	297.51	297.27	0.04	70344	57430	9735	1385100	506b28b88f3d6d3e97659cc66bb810385e0501c1b78ae45e335d98ba53f2e723	a6bcaae134ef947ea6c951b2ef8d3441304eec41396cd9a962417ce68ff5564f	0
p5e-05	5e-05	0.21616228011976657	independent-held-out-validated	7633ebb4a0d966dbda15a4e32d0efa492fb71aeb	sig	73	61180915be61455887ac261499455ac933cf976b292cab1a8180d759acc3ac2d	300.18	300.09	0.06	70212	58593	9708	1410371	6144ed1df09068b590f9e28505d2362bf8c0b77cfbe129db48c8dcf74e28f677	b9ed90949de4c6837c8263f1e7c43517f46f8e7bdc22053673cae91bf30ba974	0
p5e-05	5e-05	0.21616228011976657	independent-held-out-validated	7633ebb4a0d966dbda15a4e32d0efa492fb71aeb	sig	74	61180915be61455887ac261499455ac933cf976b292cab1a8180d759acc3ac2d	296.56	296.97	0.06	70336	57548	9744	1387823	7ff123d9e5ad4471e10e97ca0d2affe58f58ec32a5d6232008e1165627650727	875375aab7fb7d474e76a4631fbc54fa44c3b7e456841f4f2fefded832c40c15	0
p5e-05	5e-05	0.21616228011976657	independent-held-out-validated	7633ebb4a0d966dbda15a4e32d0efa492fb71aeb	sig	75	61180915be61455887ac261499455ac933cf976b292cab1a8180d759acc3ac2d	297.42	297.07	0.07	70344	55981	9653	1352460	b8ef9a84c37e928b528f9c696f36bd2416d849b55f868887ceba1167f5d8f0cc	6de7c24f238cd60db4d292cfe310abf24e460538f7d7d615a0841a8472f754f9	0
p5e-05	5e-05	0.21616228011976657	independent-held-out-validated	7633ebb4a0d966dbda15a4e32d0efa492fb71aeb	sig	76	61180915be61455887ac261499455ac933cf976b292cab1a8180d759acc3ac2d	301.61	301.63	0.08	70472	53734	9679	1303519	d9a7fd321fe650d01c0d3e1062f2a5958f4c675b737eaa28f5c060e5ce8f2349	c6298473c08b3685d9c861c5af76878c2a111aed2ad09c4a97822b29a30b3b3b	0
p5e-05	5e-05	0.21616228011976657	independent-held-out-validated	7633ebb4a0d966dbda15a4e32d0efa492fb71aeb	sig	77	61180915be61455887ac261499455ac933cf976b292cab1a8180d759acc3ac2d	321.21	320.55	0.07	70728	58824	9717	1415271	c96a44c08ba6afa31471ae80969572d5b89fec49abedf40d7be89949e133bb06	e81deede55f4513377d20f55819eadc9024d0709e1e494bcc2fa5ac226427d07	0
p5e-05	5e-05	0.21616228011976657	independent-held-out-validated	7633ebb4a0d966dbda15a4e32d0efa492fb71aeb	sig	78	61180915be61455887ac261499455ac933cf976b292cab1a8180d759acc3ac2d	302.71	302.69	0.04	70472	58758	9656	1413007	0708123d9b9546189f6ff167e45a92fe56f886f74a672aeea4831f44a071f824	3cb18c85442d956e279dacabbdae994338a296b39520223ae5ddc5fcc16ab50f	0
p5e-05	5e-05	0.21616228011976657	independent-held-out-validated	7633ebb4a0d966dbda15a4e32d0efa492fb71aeb	sig	79	61180915be61455887ac261499455ac933cf976b292cab1a8180d759acc3ac2d	301.25	301.07	0.1	70600	60270	9728	1447151	484217616ee3039049168c248f44bc5e384df9cb94d8956356c82e20d3402a43	d2c3014447d07eaba3cb2d8604bf8659d0e0e3670957704aebebfa833218b653	0
p5e-05	5e-05	0.21616228011976657	independent-held-out-validated	7633ebb4a0d966dbda15a4e32d0efa492fb71aeb	sig	80	61180915be61455887ac261499455ac933cf976b292cab1a8180d759acc3ac2d	304.9	305.03	0.08	70592	58854	9746	1416294	f8ce764d1a3e0223327f006dd52fe08c3de0f847addd488c703984a342b6bc18	785ca53dc581316668ffc2ec5d9db884136b6b795c69f9180fd4a2a4f5f56644	0
p5e-05	5e-05	0.21616228011976657	independent-held-out-validated	7633ebb4a0d966dbda15a4e32d0efa492fb71aeb	sig	81	61180915be61455887ac261499455ac933cf976b292cab1a8180d759acc3ac2d	311.0	311.29	0.07	69932	57885	9681	1394289	22ca05a297c55ec543776600554b0397afd314625b44550e61af042c63c4ccb3	5115534e02a606c62da69147eb8a16db92a9469b75f098b35bda019c473b2638	0
p5e-05	5e-05	0.21616228011976657	independent-held-out-validated	7633ebb4a0d966dbda15a4e32d0efa492fb71aeb	sig	82	61180915be61455887ac261499455ac933cf976b292cab1a8180d759acc3ac2d	309.06	308.02	0.05	70216	56611	9690	1366572	c48eed4ebe69a5e16c8f691562a8e99812c017aeeb544f8152d717ec130cd4ff	bef02c372e2a0670d3c3c0ddfbd929ac37ef1bb270aee80c34d74b0105c6751a	0
p5e-05	5e-05	0.21616228011976657	independent-held-out-validated	7633ebb4a0d966dbda15a4e32d0efa492fb71aeb	sig	83	61180915be61455887ac261499455ac933cf976b292cab1a8180d759acc3ac2d	301.38	301.25	0.05	70216	57257	9788	1382048	975fff7faed228be574c4d461b1069209c8b8fbea4beebe2ec4a8303bd26bf5c	3792dca1c7b1b583974c4939d4174672ed4de3112c74f6a24417c2a7095134f0	0
p5e-05	5e-05	0.21616228011976657	independent-held-out-validated	7633ebb4a0d966dbda15a4e32d0efa492fb71aeb	sig	84	61180915be61455887ac261499455ac933cf976b292cab1a8180d759acc3ac2d	301.07	301.18	0.04	70216	62882	9734	1504462	bc916eff37d9c36660a548da077c89242517aaa7a2822cf9beb6d96c0112937e	77f96465224cda0a6b6d6d6b3103d02f6391b92e2db51ec22d94d5b89a8f8f8d	0
p5e-05	5e-05	0.21616228011976657	independent-held-out-validated	7633ebb4a0d966dbda15a4e32d0efa492fb71aeb	sig	85	61180915be61455887ac261499455ac933cf976b292cab1a8180d759acc3ac2d	297.38	297.72	0.06	69832	54864	9736	1328817	4649e39e6050e370bfb39558b1ab62edd3b70bdd8b475cf4bfe15d8eb8d19150	f3770569ab0c20d8d244d53d44f90163c66dc310b38ebfdc0fe76f56c50412dd	0
p5e-05	5e-05	0.21616228011976657	independent-held-out-validated	7633ebb4a0d966dbda15a4e32d0efa492fb71aeb	sig	86	61180915be61455887ac261499455ac933cf976b292cab1a8180d759acc3ac2d	299.8	299.61	0.08	70348	54869	9622	1327459	55b577b764a25d47be6bb9e24cc6d44fb9eaa39e16fdeaa4282f2b1337fcaa5a	bce2a8c1137c2b0db469e0b006aff156cf805fbeec2b1002c13e53c95c7783f9	0
p5e-05	5e-05	0.21616228011976657	independent-held-out-validated	7633ebb4a0d966dbda15a4e32d0efa492fb71aeb	sig	87	61180915be61455887ac261499455ac933cf976b292cab1a8180d759acc3ac2d	298.4	298.48	0.07	69964	56453	9679	1363226	c77beaaae6bc58032b29a71f11dbe5df60b97a7e4e83f6ec65fb8362e832aa93	6f7d901f68678a8beb2714afae12416705acfa3f049d071e06ad4156d9242bdf	0
p5e-05	5e-05	0.21616228011976657	independent-held-out-validated	7633ebb4a0d966dbda15a4e32d0efa492fb71aeb	sig	88	61180915be61455887ac261499455ac933cf976b292cab1a8180d759acc3ac2d	300.14	299.89	0.06	70728	58751	9728	1413819	4860e9f90160eb8541340bf548bae3f91b976416d1920e47d24ab221f22bea37	b537f0ab6326a5ff3b18b927a4ad45782fa696c047041a5560f8621a385d4685	0
p5e-05	5e-05	0.21616228011976657	independent-held-out-validated	7633ebb4a0d966dbda15a4e32d0efa492fb71aeb	sig	89	61180915be61455887ac261499455ac933cf976b292cab1a8180d759acc3ac2d	315.13	314.26	0.08	70472	57584	9747	1388685	632748687c2ca92d45d1556be2970bd266c52445f85b487e342b1cb3befd05ce	0c8188f35658c4571d0d430c1abd023a6e6f41ce7717e078fa766f3f9a21d7a3	0
p5e-05	5e-05	0.21616228011976657	independent-held-out-validated	7633ebb4a0d966dbda15a4e32d0efa492fb71aeb	sig	90	61180915be61455887ac261499455ac933cf976b292cab1a8180d759acc3ac2d	300.78	300.56	0.06	70348	57580	9720	1388204	23dac40365edd9f01dd9f09f5b74b05e6fb53d4392babb5cfe09f5e7b60c9e6b	a8b44fd90d9ba03088422356164fb8153d82c23801fef2de75b3d63c62f308a2	0
p5e-05	5e-05	0.21616228011976657	independent-held-out-validated	7633ebb4a0d966dbda15a4e32d0efa492fb71aeb	sig	91	61180915be61455887ac261499455ac933cf976b292cab1a8180d759acc3ac2d	301.02	301.0	0.07	70220	57945	9605	1394707	a30c0843ff060e16b9e38e54f7067fa15aaf19a1ed15c09fedd9959572c46c4e	8e456ab99c2c70b62eec0db69b7fe5e7f909dbf0a93057794dab1f23bda800af	0
p5e-05	5e-05	0.21616228011976657	independent-held-out-validated	7633ebb4a0d966dbda15a4e32d0efa492fb71aeb	sig	92	61180915be61455887ac261499455ac933cf976b292cab1a8180d759acc3ac2d	298.59	298.45	0.09	70472	58515	9647	1407595	edde32af7ed9bf62be103f5b2e8eb3e9234350e4ce27bec56021be291cf15691	69edd432af7be8a7e9d82b5b709496cf3405944bc50088ecaec7c125fa40df33	0
p5e-05	5e-05	0.21616228011976657	independent-held-out-validated	7633ebb4a0d966dbda15a4e32d0efa492fb71aeb	sig	93	61180915be61455887ac261499455ac933cf976b292cab1a8180d759acc3ac2d	298.89	298.83	0.07	70344	57749	9663	1391145	79ccaf85cc21e990878021489d6c24f68d9df7714b605cbc2079a2677e91219d	08ef71ce986eb87076dd63e98f0c82e9ecc8d65257526217f2f75d51c2744bac	0
p5e-05	5e-05	0.21616228011976657	independent-held-out-validated	7633ebb4a0d966dbda15a4e32d0efa492fb71aeb	sig	94	61180915be61455887ac261499455ac933cf976b292cab1a8180d759acc3ac2d	300.36	300.39	0.07	70088	55517	9708	1342955	7df2c6915b52192abc46f809f55cb6df52cc3fa1748d3c1ec7e84b701d5341dc	4a122c1b55b42ca98534317e30b1d225351e5318c00c78aaad570672d983fa0d	0
p5e-05	5e-05	0.21616228011976657	independent-held-out-validated	7633ebb4a0d966dbda15a4e32d0efa492fb71aeb	sig	95	61180915be61455887ac261499455ac933cf976b292cab1a8180d759acc3ac2d	316.54	316.98	0.1	70252	55643	9693	1345062	a5f8ab5a584d9df040ce664d8c0f8388b7f56a8dc03420cd57ee2d260f134f47	2321221c2d6afdbd86328dc06d873e31abfa0ccccb0d454fd8943659fa4661e2	0
p5e-05	5e-05	0.21616228011976657	independent-held-out-validated	7633ebb4a0d966dbda15a4e32d0efa492fb71aeb	sig	96	61180915be61455887ac261499455ac933cf976b292cab1a8180d759acc3ac2d	308.36	308.58	0.04	70600	59390	9632	1426660	8bac46bb28817973fcbdf3f11e0b7c4261b4b0d6e0c7bce321ca935b1c06c74a	252d40c454d9936b22b644bc679a2949b0dd7d2802c3855a3c94189929b0b889	0
p5e-05	5e-05	0.21616228011976657	independent-held-out-validated	7633ebb4a0d966dbda15a4e32d0efa492fb71aeb	sig	97	61180915be61455887ac261499455ac933cf976b292cab1a8180d759acc3ac2d	304.86	304.82	0.08	70472	58027	9725	1398047	6602954e12a8a39c5dee3379e9b34108e978d4f05f62686d48f7d7a7f27979eb	95c20667c3d2bb71ab960c160648df39664ca23bdff07789b9c78552245ed4d8	0
p5e-05	5e-05	0.21616228011976657	independent-held-out-validated	7633ebb4a0d966dbda15a4e32d0efa492fb71aeb	sig	98	61180915be61455887ac261499455ac933cf976b292cab1a8180d759acc3ac2d	302.32	302.26	0.06	70472	59288	9690	1425231	55437ddf7fc95be1200d9df3bccadcba3e4f5d8106c238dfc4b5d50a53147614	3b995f145457881bf2492de6f54f43895dbe0e4cd1e878f6468946c99c6885d5	0
p5e-05	5e-05	0.21616228011976657	independent-held-out-validated	7633ebb4a0d966dbda15a4e32d0efa492fb71aeb	sig	99	61180915be61455887ac261499455ac933cf976b292cab1a8180d759acc3ac2d	302.99	302.84	0.07	70472	58383	9631	1404566	9137b2766495403703908b4226716e59e67f8117d926db8c4a951d92e1f3e458	d6d91c2de6597551c12b5fa7872e1d41c2f0cacb2ae05279dc03a45426b965a9	0
p5e-05	5e-05	0.21616228011976657	independent-held-out-validated	7633ebb4a0d966dbda15a4e32d0efa492fb71aeb	sig	100	61180915be61455887ac261499455ac933cf976b292cab1a8180d759acc3ac2d	268.7	268.51	0.05	70216	58951	9736	1418394	7978634168a25f62f246a341fbae7b56664a632193d678fda71bc9ab59909ffc	01bf183df9f4ded98bbd280e1ae18caa8ee75fca5d519e8d02996e8cc77828ae	0
p1e-04	0.0001	0.20140906722089846	independent-held-out-validated	7633ebb4a0d966dbda15a4e32d0efa492fb71aeb	tf	1	61180915be61455887ac261499455ac933cf976b292cab1a8180d759acc3ac2d	73.09	73.36	0.06	67112	26075	2554	605554	667230974023dd62d7b88e59735f28be1a9efa31f2571d269b27b80f22aafa0d	7a242b4c954dae6dc15e55bfe60c7dff216bfad9c36f22a220c3fcb7722d0156	0
p1e-04	0.0001	0.20140906722089846	independent-held-out-validated	7633ebb4a0d966dbda15a4e32d0efa492fb71aeb	tf	2	61180915be61455887ac261499455ac933cf976b292cab1a8180d759acc3ac2d	77.12	77.46	0.08	67108	25527	2536	593388	d25855893502b6aaabcd242f3ea9cb134ea705326eb14ad58bd24388f586ffcc	da3d3b297865328d15679ac8a5090687cd121be69091326af7ed57dfb3f4ec6e	0
p1e-04	0.0001	0.20140906722089846	independent-held-out-validated	7633ebb4a0d966dbda15a4e32d0efa492fb71aeb	tf	3	61180915be61455887ac261499455ac933cf976b292cab1a8180d759acc3ac2d	82.27	81.78	0.05	67236	24725	2547	575945	9fcabd17b566082bb0e808055a42377ef10223e1fbcecbd7d507e59cd3e85e40	8e7ef596ad66d0a1c3bf84df9a97074966e3af56047f6c5688383ef9094fc77e	0
p1e-04	0.0001	0.20140906722089846	independent-held-out-validated	7633ebb4a0d966dbda15a4e32d0efa492fb71aeb	tf	4	61180915be61455887ac261499455ac933cf976b292cab1a8180d759acc3ac2d	85.49	85.03	0.04	67044	25131	2537	584743	6bf3554cb3eb8e9287ab39c1072a759e6e03b01b923cb25420716d595c726e99	8bc4d3d754d16f437948a1167b75a057f10230c6bdef719f1b572781eba305a9	0
p1e-04	0.0001	0.20140906722089846	independent-held-out-validated	7633ebb4a0d966dbda15a4e32d0efa492fb71aeb	tf	5	61180915be61455887ac261499455ac933cf976b292cab1a8180d759acc3ac2d	83.53	83.04	0.08	67108	25063	2556	583505	5edc25501e5c393bc4e1a173bdfb9681926e6b07788bd0be2bc7b2e327464e02	23db9f34c66e3297a663d3018aa268b9942cdf300020ee547d5ecb5cc1e87a29	0
p1e-04	0.0001	0.20140906722089846	independent-held-out-validated	7633ebb4a0d966dbda15a4e32d0efa492fb71aeb	tf	6	61180915be61455887ac261499455ac933cf976b292cab1a8180d759acc3ac2d	81.3	81.43	0.06	67228	26093	2555	606034	746cf80ef4973f43096fe9d22e9bcffd783c2adbbdc198e0530b018c73755a26	1f25d23eb661b0b98fde618298a52348cdb49133d3cfb95e3e21d2fc74c6a20c	0
p1e-04	0.0001	0.20140906722089846	independent-held-out-validated	7633ebb4a0d966dbda15a4e32d0efa492fb71aeb	tf	7	61180915be61455887ac261499455ac933cf976b292cab1a8180d759acc3ac2d	78.17	78.4	0.06	67236	27083	2540	627533	f0cf4ede084eb9115bdde3f89f84feee8fe3127baa77f2427b64497f0d04246a	11d4a0b9089c672cad231e663cf5a9165ec4be129180888a5a06f860cbe984c2	0
p1e-04	0.0001	0.20140906722089846	independent-held-out-validated	7633ebb4a0d966dbda15a4e32d0efa492fb71aeb	tf	8	61180915be61455887ac261499455ac933cf976b292cab1a8180d759acc3ac2d	78.29	77.68	0.04	67364	27861	2553	644775	b161f54a513e93de9fca4fca82a6c143bf811f8b83710988ddf7efb1d49aa5df	154cdb483d920587c1e47950bdcb3d48a1521219cde90d099f9d5ced50e31580	0
p1e-04	0.0001	0.20140906722089846	independent-held-out-validated	7633ebb4a0d966dbda15a4e32d0efa492fb71aeb	tf	9	61180915be61455887ac261499455ac933cf976b292cab1a8180d759acc3ac2d	78.11	77.22	0.05	67112	26285	2536	610012	b88fc054c86194398af61aa7f4a473c1c532864f7426a79c9529655921ba8203	166ee1ec7889ab4c516a76dc904db758e60702e9c288fac9670d3c65d12aaa4f	0
p1e-04	0.0001	0.20140906722089846	independent-held-out-validated	7633ebb4a0d966dbda15a4e32d0efa492fb71aeb	tf	10	61180915be61455887ac261499455ac933cf976b292cab1a8180d759acc3ac2d	78.69	78.87	0.09	67236	26324	2551	611055	a9488d382082780e395884f36ff90f111dd32fbc937cf5b3c80a396f0c1d0092	ff2529cb65b920ce6d0f51fe3bacff46f78b8a67ec8cb45ed35e9655d018c2a5	0
p1e-04	0.0001	0.20140906722089846	independent-held-out-validated	7633ebb4a0d966dbda15a4e32d0efa492fb71aeb	tf	11	61180915be61455887ac261499455ac933cf976b292cab1a8180d759acc3ac2d	80.41	80.71	0.08	67240	25450	2554	591966	53da7668cba27144f90d5c3b1320dc2f11ef73713a56b9877c28076139eca8f9	35d56fc78b175abf2a935615192c238de1f78cd5313d61f3141a749716db6c35	0
p1e-04	0.0001	0.20140906722089846	independent-held-out-validated	7633ebb4a0d966dbda15a4e32d0efa492fb71aeb	tf	12	61180915be61455887ac261499455ac933cf976b292cab1a8180d759acc3ac2d	77.72	78.12	0.06	67108	26153	2539	607287	99a3264feabf91a6c03a1a1be14baf8e785673f34f54d89a47281bf10882f685	50ca2b1646a61c4709ec51176656a99cdc3120a9d179325d32bffea4b05b3ad4	0
p1e-04	0.0001	0.20140906722089846	independent-held-out-validated	7633ebb4a0d966dbda15a4e32d0efa492fb71aeb	tf	13	61180915be61455887ac261499455ac933cf976b292cab1a8180d759acc3ac2d	75.37	75.69	0.05	67108	24393	2543	568602	22a2b84ca819e625c53c5cc6d2d17e34830bc501f2d7593d02bac977d008dd67	72fda6c97f52f89bd1147911917eee874df13fc651bbc7eb3c86b0c9146579ec	0
p1e-04	0.0001	0.20140906722089846	independent-held-out-validated	7633ebb4a0d966dbda15a4e32d0efa492fb71aeb	tf	14	61180915be61455887ac261499455ac933cf976b292cab1a8180d759acc3ac2d	74.95	75.23	0.05	67112	24261	2537	565706	046bdb65096987bdfcb8ac1da30dec26e870d21c2cb03d5ae6ea5b13ad227e9c	53f4b4f775d2ae61995a79948497292cbedc04f4e9b3084d5f147b80bd87e61f	0
p1e-04	0.0001	0.20140906722089846	independent-held-out-validated	7633ebb4a0d966dbda15a4e32d0efa492fb71aeb	tf	15	61180915be61455887ac261499455ac933cf976b292cab1a8180d759acc3ac2d	83.12	79.16	0.07	67240	26539	2558	615794	666123846877eb866d21723ba47f4a78f8357f95f62f3d4ed675b6d84732dd4f	f599c47f9dc201119cecda7f4f24e91cd17b0b37ecc9b531b19dc16879d96aeb	0
p1e-04	0.0001	0.20140906722089846	independent-held-out-validated	7633ebb4a0d966dbda15a4e32d0efa492fb71aeb	tf	16	61180915be61455887ac261499455ac933cf976b292cab1a8180d759acc3ac2d	76.24	75.62	0.06	67240	26712	2551	619485	53fee3bb1f2951d7861eb85e2dea5056fbc684e22e8290c2fb9e96b737d10807	dc1a0394bad968ced7130d712fd26bf760e6cb65c2020c248c9ad4f06082fad6	0
p1e-04	0.0001	0.20140906722089846	independent-held-out-validated	7633ebb4a0d966dbda15a4e32d0efa492fb71aeb	tf	17	61180915be61455887ac261499455ac933cf976b292cab1a8180d759acc3ac2d	75.66	74.79	0.05	67108	25403	2540	590720	05546bbe34f6b48e1b22fc7f8f1f97b39b6f78b43f4750b6260c99da609bff2b	c606413ba314d6799d29b6e74351dd764561dd330cea5bd442bce5604d3d1ed7	0
p1e-04	0.0001	0.20140906722089846	independent-held-out-validated	7633ebb4a0d966dbda15a4e32d0efa492fb71aeb	tf	18	61180915be61455887ac261499455ac933cf976b292cab1a8180d759acc3ac2d	74.71	74.98	0.05	67236	24550	2543	572068	7630f1c22253510e86bd8a4434545d2335dce98d373c0c1935e50e0dcdf045be	fa15846add4848ef3cdb7d5d3fa22579ab2b21ecedb99fd6c2da54a9309fb30e	0
p1e-04	0.0001	0.20140906722089846	independent-held-out-validated	7633ebb4a0d966dbda15a4e32d0efa492fb71aeb	tf	19	61180915be61455887ac261499455ac933cf976b292cab1a8180d759acc3ac2d	74.6	74.76	0.05	67240	25446	2550	591760	6158461e399369986d7786acebbeac09c4ad36567e200b3b4b1677988bf5270f	be0ea5113c49523edb6846157cd24b3569643853b1297deef4ddbed371213e60	0
p1e-04	0.0001	0.20140906722089846	independent-held-out-validated	7633ebb4a0d966dbda15a4e32d0efa492fb71aeb	tf	20	61180915be61455887ac261499455ac933cf976b292cab1a8180d759acc3ac2d	79.87	80.25	0.06	67236	26019	2535	604121	5d09ff09d7f38bb06f7e4eef557786b51434e07cf0fd7dee30674254adbadfb0	01a340341b88cae667cb97f98bcf87e293e9ea064877f05fd9fc2296a2871376	0
p1e-04	0.0001	0.20140906722089846	independent-held-out-validated	7633ebb4a0d966dbda15a4e32d0efa492fb71aeb	tf	21	61180915be61455887ac261499455ac933cf976b292cab1a8180d759acc3ac2d	92.26	91.88	0.08	67236	26526	2553	615460	be5dd8b97f7cb401dba1edb366a868c1d064d89914f4b5858a4042a6005807a4	4357b51fe6272a8a4abcaba6019d4aac0334000c8d014b808f02e72b25b56ed7	0
p1e-04	0.0001	0.20140906722089846	independent-held-out-validated	7633ebb4a0d966dbda15a4e32d0efa492fb71aeb	tf	22	61180915be61455887ac261499455ac933cf976b292cab1a8180d759acc3ac2d	76.83	77.1	0.04	67236	25663	2545	596502	53f01afeecb7130b92323412ee8338732be9adecdb4428134ea2d8f96ce695ac	639e0941d6b87b1c2eacc3b4d67ab8958bc5e1b88c5d08b9eceac99e33ecdc83	0
p1e-04	0.0001	0.20140906722089846	independent-held-out-validated	7633ebb4a0d966dbda15a4e32d0efa492fb71aeb	tf	23	61180915be61455887ac261499455ac933cf976b292cab1a8180d759acc3ac2d	78.13	78.43	0.05	67236	25732	2542	597855	b4375ff29228fc1fdb0fb1ffb4253e366799ac2df4c50170e44ac665d09b3632	05f37ec43d2ead68212880e8b418b8f594ec51ff81827f9de0a8a0e5b6249033	0
p1e-04	0.0001	0.20140906722089846	independent-held-out-validated	7633ebb4a0d966dbda15a4e32d0efa492fb71aeb	tf	24	61180915be61455887ac261499455ac933cf976b292cab1a8180d759acc3ac2d	76.7	75.82	0.05	67236	25168	2551	585690	5217760f6b7a334949af195c7562303b2cc67fecfbf462d3d65c5d8a8237da11	1e6f3e850133471b008a69fdce98209df74f90c2414f3c59feca958f5a7de5c4	0
p1e-04	0.0001	0.20140906722089846	independent-held-out-validated	7633ebb4a0d966dbda15a4e32d0efa492fb71aeb	tf	25	61180915be61455887ac261499455ac933cf976b292cab1a8180d759acc3ac2d	75.42	75.87	0.05	67236	25367	2552	589944	2db0cd915b57a8b87be5801bef6f49cc77618d169abfa62affd522917cc9ac1f	1bc980dbd07e2456c7927407a79c5832f77d4492e05d0879529e7f0cc06f9441	0
p1e-04	0.0001	0.20140906722089846	independent-held-out-validated	7633ebb4a0d966dbda15a4e32d0efa492fb71aeb	tf	26	61180915be61455887ac261499455ac933cf976b292cab1a8180d759acc3ac2d	77.5	76.65	0.05	67364	25066	2539	583220	15f2b21713d23ca7759555f7685425177cbabe26bb7c3483c1049545c6abfbc7	564ef658f9d29af370b4c4763fceb5f1752f45f967b5d3d31fe0cdedb8844970	0
p1e-04	0.0001	0.20140906722089846	independent-held-out-validated	7633ebb4a0d966dbda15a4e32d0efa492fb71aeb	tf	27	61180915be61455887ac261499455ac933cf976b292cab1a8180d759acc3ac2d	78.69	77.67	0.05	67108	24383	2546	568390	0d05ee9e4ed82ea06c0c6ef60f2e6fb4fed0326523a49b728e638b98d2c01cc9	3aaa2da98541c16d313c5b664ff3c6cad5af85c352eb063eef9e1b02463aa186	0
p1e-04	0.0001	0.20140906722089846	independent-held-out-validated	7633ebb4a0d966dbda15a4e32d0efa492fb71aeb	tf	28	61180915be61455887ac261499455ac933cf976b292cab1a8180d759acc3ac2d	76.35	76.61	0.07	67364	26152	2554	607312	847b295a3d81be925178de0777068a41ea529176947e281f908abafea020ab9b	5a75280e5098ae2c557adadd1e2579aa27d305dcf76fca79293784ee4a055e6c	0
p1e-04	0.0001	0.20140906722089846	independent-held-out-validated	7633ebb4a0d966dbda15a4e32d0efa492fb71aeb	tf	29	61180915be61455887ac261499455ac933cf976b292cab1a8180d759acc3ac2d	76.02	76.43	0.09	67236	25805	2547	599659	44b80a3de1151bb2e11d5c12ade58e806293d2a75ebb230fed01bb96cbd311b2	4824d000cbbd8af9bd1a50020f84a7051f90607eb2329c4ee47f921f7a312cf3	0
p1e-04	0.0001	0.20140906722089846	independent-held-out-validated	7633ebb4a0d966dbda15a4e32d0efa492fb71aeb	tf	30	61180915be61455887ac261499455ac933cf976b292cab1a8180d759acc3ac2d	76.84	77.04	0.07	67108	26710	2539	619299	7a581d96c9200d25bd9921b790ed9914e1b8a0bc0aa591e7bae31e129f47adb6	41d36287b8f3de3ca32ccc135f2964d2d20f77ef62661b1db3baef1826761fb7	0
p1e-04	0.0001	0.20140906722089846	independent-held-out-validated	7633ebb4a0d966dbda15a4e32d0efa492fb71aeb	tf	31	61180915be61455887ac261499455ac933cf976b292cab1a8180d759acc3ac2d	76.79	77.08	0.06	67368	26578	2543	616473	81427a36ef334d7ad1172692dc9dafb5a97f40e2ae3e3ff753a8b1862e1f4371	256f01ed611a94057531eb7151c3a336d5cbddeb3dd0bb814e395f02d2b6a2f2	0
p1e-04	0.0001	0.20140906722089846	independent-held-out-validated	7633ebb4a0d966dbda15a4e32d0efa492fb71aeb	tf	32	61180915be61455887ac261499455ac933cf976b292cab1a8180d759acc3ac2d	76.76	77.07	0.04	67236	26737	2559	620113	cb57d4ae6546ae7bb21c298d2712be48ad203b37696439139c869e5d51adcad3	8756d10f4d42aa97f77df1db7e74a33d35c3161161b6ae55c0366d72c155ae36	0
p1e-04	0.0001	0.20140906722089846	independent-held-out-validated	7633ebb4a0d966dbda15a4e32d0efa492fb71aeb	tf	33	61180915be61455887ac261499455ac933cf976b292cab1a8180d759acc3ac2d	76.58	76.96	0.04	67236	25675	2546	596810	c425256027a20966e72e1308d0e2d4f0d6afb206f20583c184bb1c8b64dbbb38	68ccebaab6498021611c61ea07e313bb21cb97a794c67c05b63654495d0de3b1	0
p1e-04	0.0001	0.20140906722089846	independent-held-out-validated	7633ebb4a0d966dbda15a4e32d0efa492fb71aeb	tf	34	61180915be61455887ac261499455ac933cf976b292cab1a8180d759acc3ac2d	76.7	77.08	0.07	67196	26731	2549	619832	70787414f5ac89cba19e3f4e17c70d666ce471c27e1b5d608765e8b8dcf2a341	80e7e4f0ad663736d9daa3631924ad8771bc25361e1d8360683335796ffa651c	0
p1e-04	0.0001	0.20140906722089846	independent-held-out-validated	7633ebb4a0d966dbda15a4e32d0efa492fb71aeb	tf	35	61180915be61455887ac261499455ac933cf976b292cab1a8180d759acc3ac2d	77.38	77.65	0.05	67364	24078	2534	561703	5370b4df799af722ff05f64bc0cf9a5cbd92859b8fb7c6ee1e05e6db142dd8d6	b4cdee029eb67e0d3cb036e4d9c20ddfddbdce2f475e90c3bfd59c9269c1bafe	0
p1e-04	0.0001	0.20140906722089846	independent-held-out-validated	7633ebb4a0d966dbda15a4e32d0efa492fb71aeb	tf	36	61180915be61455887ac261499455ac933cf976b292cab1a8180d759acc3ac2d	77.44	77.72	0.08	67236	26409	2543	612778	8369c31efce707a15713b47da71543ab763866b597030575b9242b07806f5e0f	74658c4a66cdca1d8845536764b69f39fdf8cb1b121ac920de334044ad459f3b	0
p1e-04	0.0001	0.20140906722089846	independent-held-out-validated	7633ebb4a0d966dbda15a4e32d0efa492fb71aeb	tf	37	61180915be61455887ac261499455ac933cf976b292cab1a8180d759acc3ac2d	77.74	76.89	0.05	67236	25804	2548	599594	6b6ba27fa11be37ff1ddb3ddca0ddfbe75b2ac67bbb1512821dd68a5a31d9487	59e472880d46205bf27f8961e9a4679d6a3d5fbf87f7c5586777e58f9a5999ab	0
p1e-04	0.0001	0.20140906722089846	independent-held-out-validated	7633ebb4a0d966dbda15a4e32d0efa492fb71aeb	tf	38	61180915be61455887ac261499455ac933cf976b292cab1a8180d759acc3ac2d	77.26	77.75	0.09	67228	27608	2559	639179	0b1e3f6d7f229e6f7337caa34da99e1d6c3c4f6de393a9175c3aacdd5338a00b	7137525c1e3fdce04e12ebfea55ee7dec8e4883878a868fc1cbf2f402fdc2303	0
p1e-04	0.0001	0.20140906722089846	independent-held-out-validated	7633ebb4a0d966dbda15a4e32d0efa492fb71aeb	tf	39	61180915be61455887ac261499455ac933cf976b292cab1a8180d759acc3ac2d	76.35	76.61	0.07	67240	27087	2544	627684	2410ce380ae9a8efa284378182707f0f9b4825ddb2eb140f1b2fb7c8e981233f	a5f34715ffa909017ef5cb52d0a3f70ebd74cf0e689c5ca74b4dd2b7b942dd6e	0
p1e-04	0.0001	0.20140906722089846	independent-held-out-validated	7633ebb4a0d966dbda15a4e32d0efa492fb71aeb	tf	40	61180915be61455887ac261499455ac933cf976b292cab1a8180d759acc3ac2d	77.02	77.36	0.05	67120	25960	2536	602931	654ca3ed495be2f0ad41648a66e733cc34825b82bc285da03e8c9229d7ce475a	dc58cef35cce9703323130b58442ce49f3b5486f445812c720241f2573504eff	0
p1e-04	0.0001	0.20140906722089846	independent-held-out-validated	7633ebb4a0d966dbda15a4e32d0efa492fb71aeb	tf	41	61180915be61455887ac261499455ac933cf976b292cab1a8180d759acc3ac2d	78.76	77.79	0.05	67108	25831	2548	600169	b479da3206f568e3b898e36616c6519a94fa9e7520572bd14e21b587c3b67cb1	2bca72ceb203fe394bb07c8f43ac192991dac184578b06938f72e04f5a060931	0
p1e-04	0.0001	0.20140906722089846	independent-held-out-validated	7633ebb4a0d966dbda15a4e32d0efa492fb71aeb	tf	42	61180915be61455887ac261499455ac933cf976b292cab1a8180d759acc3ac2d	76.67	77.12	0.07	67236	25223	2542	586807	c2d9dae9868b76e2cf0daaa4e0e4e01251164dbeb09eb32ecaed1ee148638438	12763f35139a06a239d8d6cad871d2b3365b0e88393d36a67e4e75fd84976e17	0
p1e-04	0.0001	0.20140906722089846	independent-held-out-validated	7633ebb4a0d966dbda15a4e32d0efa492fb71aeb	tf	43	61180915be61455887ac261499455ac933cf976b292cab1a8180d759acc3ac2d	79.08	79.47	0.04	67236	27310	2559	632815	66618ee7b5dada72bc0717702013b39d9c0a5ea46c57ad1f6891e0d9eb990c4e	57f354e746836ec82308fd506bfa0160d405cc830448ced2b3fd03d9126b2cfc	0
p1e-04	0.0001	0.20140906722089846	independent-held-out-validated	7633ebb4a0d966dbda15a4e32d0efa492fb71aeb	tf	44	61180915be61455887ac261499455ac933cf976b292cab1a8180d759acc3ac2d	80.65	79.83	0.09	67064	26325	2551	611063	97093010ebd43814599b1cc6fb9f34879e2d752da47f005b4c497ff6cc4e8070	64783587e672d6c58ead6fe2ace524d28b834c00dd7a692f6aae3caac0dd4a62	0
p1e-04	0.0001	0.20140906722089846	independent-held-out-validated	7633ebb4a0d966dbda15a4e32d0efa492fb71aeb	tf	45	61180915be61455887ac261499455ac933cf976b292cab1a8180d759acc3ac2d	75.5	74.5	0.04	67236	25263	2566	587909	5b2389d12e54b993d2a11805067dc09ca49b146c1450ab25df09267a5bc7f408	2c2290c74e8390494623af4d737fc6628e6f7ff43586bae74a33a8dd87dabd16	0
p1e-04	0.0001	0.20140906722089846	independent-held-out-validated	7633ebb4a0d966dbda15a4e32d0efa492fb71aeb	tf	46	61180915be61455887ac261499455ac933cf976b292cab1a8180d759acc3ac2d	77.79	78.14	0.05	67228	25665	2532	596390	55e0ae2e4d126130d243a8ebfcf296959289dfa295ff6edc15e75203c39af1df	b245bff562d01b390e3331546bba901f2f7fe8014e0a0bbbceeafdbc520554dc	0
p1e-04	0.0001	0.20140906722089846	independent-held-out-validated	7633ebb4a0d966dbda15a4e32d0efa492fb71aeb	tf	47	61180915be61455887ac261499455ac933cf976b292cab1a8180d759acc3ac2d	87.18	87.89	0.08	67364	25277	2547	588098	4983ff3ef618e3cd1ce1b3d4b04de2dda62300564fe980dd5be52e8fe748bd5f	208f66eb2611cd12904b92fb595631b7748b0bd097059d3aae4b5ddacaeab0a7	0
p1e-04	0.0001	0.20140906722089846	independent-held-out-validated	7633ebb4a0d966dbda15a4e32d0efa492fb71aeb	tf	48	61180915be61455887ac261499455ac933cf976b292cab1a8180d759acc3ac2d	75.61	75.83	0.04	67108	24954	2550	581012	1cc74310c12b229b11466cacec0438791e36354c5defc7cec0fb1dea2ace41c0	b64ef5c0f8ecc3628f162ba1a1aef17823c1459a603344141042edc51469e539	0
p1e-04	0.0001	0.20140906722089846	independent-held-out-validated	7633ebb4a0d966dbda15a4e32d0efa492fb71aeb	tf	49	61180915be61455887ac261499455ac933cf976b292cab1a8180d759acc3ac2d	82.06	82.57	0.05	67108	25469	2549	592356	496639371b531d9b2b1943bc048a500c245807ca053339a61143c09852d673c7	964b41d59a445cd786055b008f7081deb10ec0653c3e0719639a3d25bd0abf46	0
p1e-04	0.0001	0.20140906722089846	independent-held-out-validated	7633ebb4a0d966dbda15a4e32d0efa492fb71aeb	tf	50	61180915be61455887ac261499455ac933cf976b292cab1a8180d759acc3ac2d	87.25	86.51	0.09	67108	25748	2551	598439	fc7d1a450da42d232aa870e7ae6036a447c927d267e2eedc2b1b7506926e8568	f0f8d570deb66915004680c0b2b5b40b1ae7ad656df2b5aa9c2b2e27e7b22a5f	0
p1e-04	0.0001	0.20140906722089846	independent-held-out-validated	7633ebb4a0d966dbda15a4e32d0efa492fb71aeb	tf	51	61180915be61455887ac261499455ac933cf976b292cab1a8180d759acc3ac2d	75.45	75.58	0.04	67108	27256	2561	631555	6f6586cc8973ee442cfd0c5556301d8eec136c9d9d5ae8a1f77bb4ce0a500823	0f24bf9cb41f0789e4cea214ee783952bde053cffc9f290c2d7a05c0364eba99	0
p1e-04	0.0001	0.20140906722089846	independent-held-out-validated	7633ebb4a0d966dbda15a4e32d0efa492fb71aeb	tf	52	61180915be61455887ac261499455ac933cf976b292cab1a8180d759acc3ac2d	80.54	79.77	0.07	67108	24753	2559	576742	8e3e48d76a6abdca6ec6f88ed5afe79475aba10dc452dd0cce8834816f8db55c	e608e75035703de3a739dbcd6be5de2669fc6268a011e8f769316a2249370630	0
p1e-04	0.0001	0.20140906722089846	independent-held-out-validated	7633ebb4a0d966dbda15a4e32d0efa492fb71aeb	tf	53	61180915be61455887ac261499455ac933cf976b292cab1a8180d759acc3ac2d	74.84	75.07	0.05	67108	25725	2547	597749	fcd149b6f28293999226736cb8273306b9032bcde338f06eb2456bd154dac586	7717537f27fff99fc0410dd0dc083f51d6151ca9113c2e9af675a775c00fc902	0
p1e-04	0.0001	0.20140906722089846	independent-held-out-validated	7633ebb4a0d966dbda15a4e32d0efa492fb71aeb	tf	54	61180915be61455887ac261499455ac933cf976b292cab1a8180d759acc3ac2d	75.14	75.4	0.05	67364	26012	2547	604109	e8d9c421d1f5cac2c836e849d887f431af50ac2b89021b9df0a67ed6162d5bcd	9ea01d2f804746f382cb0b300d43e1fb3541deb8489aae9e18dac7064be44709	0
p1e-04	0.0001	0.20140906722089846	independent-held-out-validated	7633ebb4a0d966dbda15a4e32d0efa492fb71aeb	tf	55	61180915be61455887ac261499455ac933cf976b292cab1a8180d759acc3ac2d	75.73	74.63	0.06	67364	25161	2536	585388	7533a3ddd81ce0204dde81d6f36bf40c3a9f6466b1d6c07a1329c1e12e589e82	6c52363d3604c6279b0362f15a88b55163a9b77903f9b1cee8ee53825b3a8c3e	0
p1e-04	0.0001	0.20140906722089846	independent-held-out-validated	7633ebb4a0d966dbda15a4e32d0efa492fb71aeb	tf	56	61180915be61455887ac261499455ac933cf976b292cab1a8180d759acc3ac2d	76.2	75.26	0.04	67176	25237	2539	587186	c9279897600e73763b0380642d1696da1d969dbf1058fb1455ec48763097690a	113452d36a67e73b2ac4a3fb3054fe8b330bc294bee4013a35edb3eadda19f18	0
p1e-04	0.0001	0.20140906722089846	independent-held-out-validated	7633ebb4a0d966dbda15a4e32d0efa492fb71aeb	tf	57	61180915be61455887ac261499455ac933cf976b292cab1a8180d759acc3ac2d	74.58	74.83	0.07	67236	26092	2543	605849	6160fb12b3010d6dbc0afbcab4ef7309a890ead8aee3b3d3ff3c9b7b9b593e09	68e241b8fe509d463977724b3c6dcc1a08bb9803ef44a7a632900dfe3f35495c	0
p1e-04	0.0001	0.20140906722089846	independent-held-out-validated	7633ebb4a0d966dbda15a4e32d0efa492fb71aeb	tf	58	61180915be61455887ac261499455ac933cf976b292cab1a8180d759acc3ac2d	75.08	75.27	0.07	67236	25436	2553	591612	cca006fd82c17679ca505f9f11462ea583c1df0e18d86571f97ccf565b269f74	497834daa21a584f272cd76b6d909c357bbfe7dd70e5075786454facb07907e8	0
p1e-04	0.0001	0.20140906722089846	independent-held-out-validated	7633ebb4a0d966dbda15a4e32d0efa492fb71aeb	tf	59	61180915be61455887ac261499455ac933cf976b292cab1a8180d759acc3ac2d	74.7	75.05	0.03	67236	25320	2549	589034	bb64399303e72bcb1f1b0d6ac29e35697cf22c4451c74f3bd0f28d7ff89af86d	cda279abfb5d284ef235be8615889f8cc22ea7fa0732f16efd34500edc4648ee	0
p1e-04	0.0001	0.20140906722089846	independent-held-out-validated	7633ebb4a0d966dbda15a4e32d0efa492fb71aeb	tf	60	61180915be61455887ac261499455ac933cf976b292cab1a8180d759acc3ac2d	75.62	74.67	0.04	67176	27064	2553	627184	611bfe1e4cd71de14fd5ec13f213fd1977e24d0f7612fe5f9370576b9e059952	42d99e9ab68d96f8e977b7e1f2b22eab6efda383b138190e4b9379583d1fd524	0
p1e-04	0.0001	0.20140906722089846	independent-held-out-validated	7633ebb4a0d966dbda15a4e32d0efa492fb71aeb	tf	61	61180915be61455887ac261499455ac933cf976b292cab1a8180d759acc3ac2d	73.35	73.62	0.05	67368	25874	2556	601294	385f8081d34427c1246ec2a1617806f2ba1fe2e8bd00851317f47686ab5bd872	96582754899caa15307e26830670ca7d973a8c28c7c33bbe276b464e449ca309	0
p1e-04	0.0001	0.20140906722089846	independent-held-out-validated	7633ebb4a0d966dbda15a4e32d0efa492fb71aeb	tf	62	61180915be61455887ac261499455ac933cf976b292cab1a8180d759acc3ac2d	73.32	73.48	0.06	67236	24747	2532	576115	15272020c4d991e44132c243e1075787f4a19b648d19b9cec40a0bba9fc89039	d7075e67c6dd098c0ada7415f582f82bc8d7a5084e270939ea71f60613528112	0
p1e-04	0.0001	0.20140906722089846	independent-held-out-validated	7633ebb4a0d966dbda15a4e32d0efa492fb71aeb	tf	63	61180915be61455887ac261499455ac933cf976b292cab1a8180d759acc3ac2d	73.81	74.03	0.06	67364	25231	2566	587314	a6d1504fb5d75fa0f3ead2848ecbb74251a4ff1f82201a745736ce0ab0a3b764	700ca5b972b0b68aeb15a8c8b6c86f44e79f422479f7471ee5caf1fcc2427612	0
p1e-04	0.0001	0.20140906722089846	independent-held-out-validated	7633ebb4a0d966dbda15a4e32d0efa492fb71aeb	tf	64	61180915be61455887ac261499455ac933cf976b292cab1a8180d759acc3ac2d	73.74	73.91	0.07	67112	24976	2547	581483	6c33260e378d329a0eea3bb9421a7a3fe18a43dd00d0a09b4b458a0c3cb03ebb	01df82cba7a41705149c2d281326e43eec896492210c22e872676dd6b0f4ec41	0
p1e-04	0.0001	0.20140906722089846	independent-held-out-validated	7633ebb4a0d966dbda15a4e32d0efa492fb71aeb	tf	65	61180915be61455887ac261499455ac933cf976b292cab1a8180d759acc3ac2d	74.62	73.61	0.06	67364	26236	2537	608891	2ae5d372b31824eca43c4450e8bee7de87472126a155699f18c5fe9f5135cc47	c7fed7dd832f8f21ee3267bb5cd9a2de4404f2533934d2154f6b92b3c9f4d9db	0
p1e-04	0.0001	0.20140906722089846	independent-held-out-validated	7633ebb4a0d966dbda15a4e32d0efa492fb71aeb	tf	66	61180915be61455887ac261499455ac933cf976b292cab1a8180d759acc3ac2d	73.01	73.18	0.05	67240	25622	2560	595634	4080038183b4e7762878cc4feb611f3a05205d5d875e2f511af9be0e90ae533c	92e4e65d747a812621cd9a9dd20fee42a97d92396a436152e8903b53a547bd14	0
p1e-04	0.0001	0.20140906722089846	independent-held-out-validated	7633ebb4a0d966dbda15a4e32d0efa492fb71aeb	tf	67	61180915be61455887ac261499455ac933cf976b292cab1a8180d759acc3ac2d	74.2	74.49	0.04	67236	25262	2550	587796	6bf3af84a72b37331d57508f4d41704e1e388a64c511a442659f32bbe69486f4	17bfc84da655adc5e50d4a3d82973458b9e783a6ff46ac3596e4a14511269f76	0
p1e-04	0.0001	0.20140906722089846	independent-held-out-validated	7633ebb4a0d966dbda15a4e32d0efa492fb71aeb	tf	68	61180915be61455887ac261499455ac933cf976b292cab1a8180d759acc3ac2d	74.99	73.88	0.06	67240	26874	2558	623184	8bacb15165c4b5d33dc8f2def9e347ed927a1b30c7ac6ef8084f1df50e80637e	177b0ad76bf1deabba22bce827e4ddc6397759e9903866255e5e2421140f5855	0
p1e-04	0.0001	0.20140906722089846	independent-held-out-validated	7633ebb4a0d966dbda15a4e32d0efa492fb71aeb	tf	69	61180915be61455887ac261499455ac933cf976b292cab1a8180d759acc3ac2d	73.78	73.97	0.05	67364	25431	2548	591397	aa6e551fb205b57faec39b70f6dadd98c9e713ea23ff6d88efe85ea8327295d3	bb30b4d166f0996807a8897b3b52c572a436d69603fcc1246741fc2bc49dec59	0
p1e-04	0.0001	0.20140906722089846	independent-held-out-validated	7633ebb4a0d966dbda15a4e32d0efa492fb71aeb	tf	70	61180915be61455887ac261499455ac933cf976b292cab1a8180d759acc3ac2d	74.06	74.29	0.07	67240	26252	2554	609520	2fc636e496c13bbc68d0d4c28cbe2fc051cb67576f6bdd96f53f1c60d6be1ff9	b6408bd6ca7ee35679f2096f910f5f3f5df43d6a9a3d68fccfca88a86ca5405d	0
p1e-04	0.0001	0.20140906722089846	independent-held-out-validated	7633ebb4a0d966dbda15a4e32d0efa492fb71aeb	tf	71	61180915be61455887ac261499455ac933cf976b292cab1a8180d759acc3ac2d	73.29	73.45	0.03	67240	25824	2565	600261	09a2fd06df951922b310b7c0f6573633dee1f2357a36fadce0f3ef4ccd9f5f2a	10b0d495f381ba5cb5a2aeecb3fd21883c176ec33bf25ea2d4d8892be953bf1b	0
p1e-04	0.0001	0.20140906722089846	independent-held-out-validated	7633ebb4a0d966dbda15a4e32d0efa492fb71aeb	tf	72	61180915be61455887ac261499455ac933cf976b292cab1a8180d759acc3ac2d	73.06	73.32	0.05	67236	25675	2555	596830	702dd205b12fbf3fb036f46807e55d62ce10a5aa3dee19dc151af47357e0338a	f033523b00d92adf41e1771c8905e01cc5537062cee9d892a37f5608c8c651e8	0
p1e-04	0.0001	0.20140906722089846	independent-held-out-validated	7633ebb4a0d966dbda15a4e32d0efa492fb71aeb	tf	73	61180915be61455887ac261499455ac933cf976b292cab1a8180d759acc3ac2d	74.76	73.77	0.06	67364	26244	2551	609382	e9a8439d7f6e2ba8c3a2ff7d5c77c42cc2b51a5c11ef9aad520d688683df8c63	d89df841cc6270a613e5dc88e062e933513ba88c9d046c9641781419ba2e5faf	0
p1e-04	0.0001	0.20140906722089846	independent-held-out-validated	7633ebb4a0d966dbda15a4e32d0efa492fb71aeb	tf	74	61180915be61455887ac261499455ac933cf976b292cab1a8180d759acc3ac2d	73.46	73.65	0.04	67240	26117	2549	606578	e6d1c471fe1e382d7fa44c6bfe1d7d80d1673298cc84ce1966ca313fbfa438dd	98a16bb4ee2c57030282c125952eeaf6a6457943069a9c0696e5e7e5892fc760	0
p1e-04	0.0001	0.20140906722089846	independent-held-out-validated	7633ebb4a0d966dbda15a4e32d0efa492fb71aeb	tf	75	61180915be61455887ac261499455ac933cf976b292cab1a8180d759acc3ac2d	72.67	73.95	0.04	67368	24346	2552	567612	635f8fe858cfecbea836d64d5bb2edd3cab8a33e6c1d616da1b4aee73cca04a3	b9ecbb80597c115c3eb7c4bacfec50555e56c40fa650fa6b7927eb436c707207	0
p1e-04	0.0001	0.20140906722089846	independent-held-out-validated	7633ebb4a0d966dbda15a4e32d0efa492fb71aeb	tf	76	61180915be61455887ac261499455ac933cf976b292cab1a8180d759acc3ac2d	73.39	73.49	0.05	67236	24236	2562	565573	c263db53fb0d79051fd91ff96f3b7e6c8854352312acb1a7a7a4b563b1b0606b	a80e63448b1579ecb10772b322e3a1beaa4ada02667828a947b20495058e8291	0
p1e-04	0.0001	0.20140906722089846	independent-held-out-validated	7633ebb4a0d966dbda15a4e32d0efa492fb71aeb	tf	77	61180915be61455887ac261499455ac933cf976b292cab1a8180d759acc3ac2d	77.22	76.12	0.04	67236	26886	2550	623328	7e81cdcd5ee233d78080c62d30df096c146ea45587f20515c0646792b6aa7e2a	f2e996b30843ab0fcaaf150066bc475414e5187f6e3210a7ca4716777db1a0d3	0
p1e-04	0.0001	0.20140906722089846	independent-held-out-validated	7633ebb4a0d966dbda15a4e32d0efa492fb71aeb	tf	78	61180915be61455887ac261499455ac933cf976b292cab1a8180d759acc3ac2d	78.67	77.77	0.06	67364	26336	2537	611224	81aa528be7474d2e4d455dfda97a6e3d4b0d2824920ee8631bd0ef21b4fb5032	17e2482d1df2a88fdb45531b56a96120e06dd008e7277fd432ab2077444374b2	0
p1e-04	0.0001	0.20140906722089846	independent-held-out-validated	7633ebb4a0d966dbda15a4e32d0efa492fb71aeb	tf	79	61180915be61455887ac261499455ac933cf976b292cab1a8180d759acc3ac2d	75.85	74.84	0.05	67368	27146	2547	628928	07bd9fb2963fcdd4e09ba57edde04f36064921c770f6e85443ece46602ec6f13	4d6828e7fd9aeaea73f4df2edbd5cbf48ef9329b248da29f9901303b39fca338	0
p1e-04	0.0001	0.20140906722089846	independent-held-out-validated	7633ebb4a0d966dbda15a4e32d0efa492fb71aeb	tf	80	61180915be61455887ac261499455ac933cf976b292cab1a8180d759acc3ac2d	74.92	75.17	0.06	67364	26154	2543	607120	1c016bca28f6b260d92d2f012248f8bf2348d008b69c432c835583e7abea0f16	5664c51ae0263a76278e44bfa7b162b3c65526c1c14e44dbd3bc9da200dd6702	0
p1e-04	0.0001	0.20140906722089846	independent-held-out-validated	7633ebb4a0d966dbda15a4e32d0efa492fb71aeb	tf	81	61180915be61455887ac261499455ac933cf976b292cab1a8180d759acc3ac2d	75.25	75.74	0.06	67236	25788	2558	599321	d15a1524d9edf1b227d3a8b9cd99126285bcafd2b05ea16ba17150f8c6fd419d	8efe655b6c6d27f047bb33fb8aa4f096883195275e2efd2e44e80c639fb60e33	0
p1e-04	0.0001	0.20140906722089846	independent-held-out-validated	7633ebb4a0d966dbda15a4e32d0efa492fb71aeb	tf	82	61180915be61455887ac261499455ac933cf976b292cab1a8180d759acc3ac2d	76.25	76.67	0.05	67236	25076	2546	583624	b2f222b2b8187a1c86ded1056906304a4463dd78cd6392924434e285cfd96273	9df76a30e9fd62ea9cb371090269ded2e7ff95c0792050658d0fb5a5fb043d27	0
p1e-04	0.0001	0.20140906722089846	independent-held-out-validated	7633ebb4a0d966dbda15a4e32d0efa492fb71aeb	tf	83	61180915be61455887ac261499455ac933cf976b292cab1a8180d759acc3ac2d	74.04	74.24	0.03	67236	25508	2541	593006	dd65138f6b7c0e0bc9e7f8dc81856f6460caf56cb3b366f9dff11067445f606f	53b89688edb896a3cd4803ce1248e60487a44d9b8c325a0a5def08f5afc63a21	0
p1e-04	0.0001	0.20140906722089846	independent-held-out-validated	7633ebb4a0d966dbda15a4e32d0efa492fb71aeb	tf	84	61180915be61455887ac261499455ac933cf976b292cab1a8180d759acc3ac2d	75.39	74.22	0.04	67236	28041	2566	648834	2619719538cb5f501db025a6c4ee3e9decc1f9abfad84bc67e74070922b0d3ab	77c8dedc2fabdf8c26d962ff18d9c3a9a7e6abc7ce6518b0bbcb16f799c887a3	0
p1e-04	0.0001	0.20140906722089846	independent-held-out-validated	7633ebb4a0d966dbda15a4e32d0efa492fb71aeb	tf	85	61180915be61455887ac261499455ac933cf976b292cab1a8180d759acc3ac2d	74.66	75.05	0.05	67108	24600	2559	573428	92455f8b331130d9f7932ae78f998e24d19d10c50d8b934e4f8f73f02ded5b37	cac6ce81e1ef97f692af0976f96fb2a16945db3e1b6f066717f35c19d14d307f	0
p1e-04	0.0001	0.20140906722089846	independent-held-out-validated	7633ebb4a0d966dbda15a4e32d0efa492fb71aeb	tf	86	61180915be61455887ac261499455ac933cf976b292cab1a8180d759acc3ac2d	73.35	74.0	0.07	67112	25051	2540	583059	6d76b18bcc926501f2438f53c2640174bd7e34ed03af469a70d9990265ebff18	8aab9c9b91b80337ec0270f615f9b5a7937e995fc029715274a5bd33ec6ea143	0
p1e-04	0.0001	0.20140906722089846	independent-held-out-validated	7633ebb4a0d966dbda15a4e32d0efa492fb71aeb	tf	87	61180915be61455887ac261499455ac933cf976b292cab1a8180d759acc3ac2d	73.81	73.96	0.1	67236	25438	2559	591767	70610a3fa0868274424a8303b3491deca323ab6e54b66347610ada761f074f5d	c1de034d9b5acd5183f91bc28ac8c2fdf2dfba6ad0420e9e0df39224f4f3db4f	0
p1e-04	0.0001	0.20140906722089846	independent-held-out-validated	7633ebb4a0d966dbda15a4e32d0efa492fb71aeb	tf	88	61180915be61455887ac261499455ac933cf976b292cab1a8180d759acc3ac2d	73.83	73.95	0.06	67236	26002	2551	603987	9125bace424af7a70e40b008f61a1a089be0c7ada0c93e1a661f3207de1ff4de	ff3e7d92a59216d2588b77cffcda86271cfc1bd85d2cec56105cff7e0111cebb	0
p1e-04	0.0001	0.20140906722089846	independent-held-out-validated	7633ebb4a0d966dbda15a4e32d0efa492fb71aeb	tf	89	61180915be61455887ac261499455ac933cf976b292cab1a8180d759acc3ac2d	74.31	73.39	0.04	67368	26249	2543	609259	6ee4389202c18f4f22c97697e58d178a94d25ce121f5942f77343c0352589167	8e4a2fb49ab3811c0174459d630b86a02feba2ba52522479c875033c0fccf935	0
p1e-04	0.0001	0.20140906722089846	independent-held-out-validated	7633ebb4a0d966dbda15a4e32d0efa492fb71aeb	tf	90	61180915be61455887ac261499455ac933cf976b292cab1a8180d759acc3ac2d	75.28	74.25	0.04	67112	25633	2555	595914	cbb2e4f7f05aa65fccde490e7417ddbf0d64a83a6e8b26e044af9e8118be8e90	9ccd0e1f16ea32f4daab55bdc22f674286ec43be3ba4ff309a7428c6f3b22e52	0
p1e-04	0.0001	0.20140906722089846	independent-held-out-validated	7633ebb4a0d966dbda15a4e32d0efa492fb71aeb	tf	91	61180915be61455887ac261499455ac933cf976b292cab1a8180d759acc3ac2d	74.66	74.59	0.06	67364	26075	2544	605508	22055303bc34d9480dc504190244866178e56219eaddf3ee2b2e535c611a6580	8640edeecd5f87a90a64d736e1458e40f8f0b201ba92a99d7f4f2fd382a70a55	0
p1e-04	0.0001	0.20140906722089846	independent-held-out-validated	7633ebb4a0d966dbda15a4e32d0efa492fb71aeb	tf	92	61180915be61455887ac261499455ac933cf976b292cab1a8180d759acc3ac2d	74.21	74.4	0.04	67364	26964	2548	624971	311852afe9e608e59d1a22b47f63a22494af71049e6e759b4659c7abc3857e2c	ce5760489b2964869c1542ea4c142dc771fdb2126f45b4b71ee1a54088042542	0
p1e-04	0.0001	0.20140906722089846	independent-held-out-validated	7633ebb4a0d966dbda15a4e32d0efa492fb71aeb	tf	93	61180915be61455887ac261499455ac933cf976b292cab1a8180d759acc3ac2d	74.21	73.39	0.04	67364	26030	2550	604698	58af7cc963448553efd8ea41a4dc540f481e1bc86c0aebe5d4d4787e263a4ea9	55513b2e66998fdd9bfcb43f388547572bcf26167f6033f59ee104ce8dc2e76b	0
p1e-04	0.0001	0.20140906722089846	independent-held-out-validated	7633ebb4a0d966dbda15a4e32d0efa492fb71aeb	tf	94	61180915be61455887ac261499455ac933cf976b292cab1a8180d759acc3ac2d	73.86	73.95	0.07	67236	24643	2558	574243	04d0efd92b40fdbe7edf7699406b00dbb2ab7d43b24090c0ac27e5c0c24da71b	1d9e7aa7ad53a1c04a088870da15bd5683be020a5ee5ba9c67c07a91a7f93d0f	0
p1e-04	0.0001	0.20140906722089846	independent-held-out-validated	7633ebb4a0d966dbda15a4e32d0efa492fb71aeb	tf	95	61180915be61455887ac261499455ac933cf976b292cab1a8180d759acc3ac2d	74.84	75.17	0.05	67192	25141	2531	584865	6e12d6819582cf13c575c48ec1326c58a36e75ebf3f8fa1b85f35dd8e1dfd696	a9dd69d0af729e1d409c915961c6604d08e420e27d6c71eae23b39e405cb87da	0
p1e-04	0.0001	0.20140906722089846	independent-held-out-validated	7633ebb4a0d966dbda15a4e32d0efa492fb71aeb	tf	96	61180915be61455887ac261499455ac933cf976b292cab1a8180d759acc3ac2d	75.94	76.18	0.07	67236	26993	2533	625388	7e2a5ebad74b772dde7b2584b9911fe08c545e94a6bf0112e3468d2674fefc55	34e939755ddc75042f34e69b720bd7ec56f9d091a503e9fdc3aab24be391e61f	0
p1e-04	0.0001	0.20140906722089846	independent-held-out-validated	7633ebb4a0d966dbda15a4e32d0efa492fb71aeb	tf	97	61180915be61455887ac261499455ac933cf976b292cab1a8180d759acc3ac2d	76.58	76.87	0.06	67368	25956	2548	602944	240790decd42204dce0de69ed16e5ca548186ed7c6cdc89c1a7c81867cc9f0ac	d012d5904cad7b06ca2f8753fb46a35352caa72989fda75c6405b67c32b70996	0
p1e-04	0.0001	0.20140906722089846	independent-held-out-validated	7633ebb4a0d966dbda15a4e32d0efa492fb71aeb	tf	98	61180915be61455887ac261499455ac933cf976b292cab1a8180d759acc3ac2d	75.69	75.96	0.05	67212	26710	2549	619504	8a34f7895683fdbd12eac5fd127b5cadeec87d9db764dbe1e7e37f32b7f39330	90cf94cc18e331ee206b1a2984a6188b04f34796cda42a9624785d56208f45b7	0
p1e-04	0.0001	0.20140906722089846	independent-held-out-validated	7633ebb4a0d966dbda15a4e32d0efa492fb71aeb	tf	99	61180915be61455887ac261499455ac933cf976b292cab1a8180d759acc3ac2d	74.91	75.04	0.06	67236	26524	2552	615406	279571fad125a5b9ba44ae71452cfd7444ffa674d429bbe59c8601f8352843ea	ecdf85fae8c9683656cc8483c9592f5e8144ed5fd103cf106d0e20e3a5180b68	0
p1e-04	0.0001	0.20140906722089846	independent-held-out-validated	7633ebb4a0d966dbda15a4e32d0efa492fb71aeb	tf	100	61180915be61455887ac261499455ac933cf976b292cab1a8180d759acc3ac2d	75.93	75.0	0.05	67364	26465	2550	614069	7f9272594807aeef1b4d185f7bd16814b9cb124d50d16aaaf5e1e9242224b1e5	1779ec8889ae5bb69684f4a7b8c4d018bf9f043d9ff2be6b99ece26dc06a0b5d	0
p1e-04	0.0001	0.20140906722089846	independent-held-out-validated	7633ebb4a0d966dbda15a4e32d0efa492fb71aeb	sig	1	61180915be61455887ac261499455ac933cf976b292cab1a8180d759acc3ac2d	310.91	310.84	0.08	71244	87115	10476	2044968	1f379a6a936a892850607512e3bc9384daa259d896f3939d93b9bf44e5e46901	ab391eaceb68b06677fc11bdf8478fd396ef1a909309b2f3ffbf0ac1e8eb7b68	0
p1e-04	0.0001	0.20140906722089846	independent-held-out-validated	7633ebb4a0d966dbda15a4e32d0efa492fb71aeb	sig	2	61180915be61455887ac261499455ac933cf976b292cab1a8180d759acc3ac2d	320.8	321.37	0.12	71372	84857	10438	1995253	020ec123c6f8e85ac61f27f4c1d1cbaedaba355dce8c48ff480ce3cc34c94031	c858e060a6b8cd7bf071191da17bef26ac6b95d55d88f044c853da04c2686c9e	0
p1e-04	0.0001	0.20140906722089846	independent-held-out-validated	7633ebb4a0d966dbda15a4e32d0efa492fb71aeb	sig	3	61180915be61455887ac261499455ac933cf976b292cab1a8180d759acc3ac2d	345.61	345.78	0.09	70916	83328	10443	1961654	b8163ca5439cb6d5ddea4931d66d198efc9a18847a3e0a93c3562ed465d86116	313f3bdc6c3edcefd81c1b43923996d0587f400ebe6545007a20f13720bb5461	0
p1e-04	0.0001	0.20140906722089846	independent-held-out-validated	7633ebb4a0d966dbda15a4e32d0efa492fb71aeb	sig	4	61180915be61455887ac261499455ac933cf976b292cab1a8180d759acc3ac2d	333.02	332.69	0.15	70976	86721	10447	2036079	5a967aec5e44481260acf40048d66e8a8c82594a123b4f9383e357540b36dc66	2bd0f8fb223541cf9b098705d9aec6bd3bb6a16f032cbedac9f83da18bb0b296	0
p1e-04	0.0001	0.20140906722089846	independent-held-out-validated	7633ebb4a0d966dbda15a4e32d0efa492fb71aeb	sig	5	61180915be61455887ac261499455ac933cf976b292cab1a8180d759acc3ac2d	331.68	331.58	0.09	71080	84720	10443	1992041	8e439ab57537907674067b12ba5f3418daf0969d8e8311ae0bbf4ad32747e316	3404de3b1deb40135c5d75c38e5af7e9a43b353851810a90538be2d27be96440	0
p1e-04	0.0001	0.20140906722089846	independent-held-out-validated	7633ebb4a0d966dbda15a4e32d0efa492fb71aeb	sig	6	61180915be61455887ac261499455ac933cf976b292cab1a8180d759acc3ac2d	315.21	314.72	0.08	71496	85308	10427	2004982	90af8487f3cc41f2cd8a249ee6afbd59ac055871d40391ad7132d905be044129	e788d6d15430a8237dcb33c569877e8864e5590285d82c12d31cd575349c69b5	0
p1e-04	0.0001	0.20140906722089846	independent-held-out-validated	7633ebb4a0d966dbda15a4e32d0efa492fb71aeb	sig	7	61180915be61455887ac261499455ac933cf976b292cab1a8180d759acc3ac2d	314.83	315.36	0.07	71624	89261	10432	2091628	b1e6eb627e94d3e3bc4670f7402bd354158b992abf066cb41640bb7577d41629	7c7e06f89abf77b5df534e6c30dc59487ab20607e4322b7b1c1fd902531929af	0
p1e-04	0.0001	0.20140906722089846	independent-held-out-validated	7633ebb4a0d966dbda15a4e32d0efa492fb71aeb	sig	8	61180915be61455887ac261499455ac933cf976b292cab1a8180d759acc3ac2d	312.06	312.33	0.1	71880	91500	10471	2141040	b52f7e1eb7a49b86039f2a8408589bb068c335cc55e074b2bd6c4d521208a48e	37017b4ab300b5454f05e3bf906940d21141a21230427a58436c85ffbb72c4eb	0
p1e-04	0.0001	0.20140906722089846	independent-held-out-validated	7633ebb4a0d966dbda15a4e32d0efa492fb71aeb	sig	9	61180915be61455887ac261499455ac933cf976b292cab1a8180d759acc3ac2d	312.76	311.88	0.08	71624	86469	10445	2030726	2d318a2ffa3b00298e0f713780663ceb7423e782eaa0cf0f4c7c2e1ec9f26bdf	36a58b67ee761eba406545a6a64f7b101723af045a784fd93749b569bc1a25f2	0
p1e-04	0.0001	0.20140906722089846	independent-held-out-validated	7633ebb4a0d966dbda15a4e32d0efa492fb71aeb	sig	10	61180915be61455887ac261499455ac933cf976b292cab1a8180d759acc3ac2d	316.43	316.88	0.07	71372	87461	10482	2052737	b32a3c8db265e5322e9ba080dc2b3c25d0bbd9db5b553875864186ef2278dc57	552a4e2f82b0aa6339683e4d23126429395e8a7ee0a17b623334ceba0111549c	0
p1e-04	0.0001	0.20140906722089846	independent-held-out-validated	7633ebb4a0d966dbda15a4e32d0efa492fb71aeb	sig	11	61180915be61455887ac261499455ac933cf976b292cab1a8180d759acc3ac2d	322.16	321.48	0.08	71500	85313	10434	2005076	7a50579bf4b8e368bc4852301202564052cd6a0576459451f6e581d7add2352d	664b2dd0b7c1a9a842cdcc73eb8a272adc2ba5cadc6b2162a71b5adc1d2469f5	0
p1e-04	0.0001	0.20140906722089846	independent-held-out-validated	7633ebb4a0d966dbda15a4e32d0efa492fb71aeb	sig	12	61180915be61455887ac261499455ac933cf976b292cab1a8180d759acc3ac2d	312.85	313.26	0.14	71496	87433	10459	2051922	2508dea97940aa5cc1c453d93b3842aa2c3b478ca6ec8b946a32b863f5e7a2e2	aabbff5c836abb69bdb9b6730568bc192c59ef661d1d766522d1928ca0752c04	0
p1e-04	0.0001	0.20140906722089846	independent-held-out-validated	7633ebb4a0d966dbda15a4e32d0efa492fb71aeb	sig	13	61180915be61455887ac261499455ac933cf976b292cab1a8180d759acc3ac2d	309.94	311.27	0.08	70984	81327	10444	1917933	e251d67b25f28a08dace7478cb319c19e47be5c83790078d4b122aac90a90578	499fb5e604d0ff55336473b650f9d7f138cfcc3a9e71f4fc31c770781618ab78	0
p1e-04	0.0001	0.20140906722089846	independent-held-out-validated	7633ebb4a0d966dbda15a4e32d0efa492fb71aeb	sig	14	61180915be61455887ac261499455ac933cf976b292cab1a8180d759acc3ac2d	311.1	309.7	0.08	70984	81791	10429	1927787	b52faa0d40a7f36d5299e186224e8264ae7dd883ae42858e3295db8bc65f3d98	fff809f9f275cf8c4534f791672a09f14c3a8166cc5f3c6d92e461e55c591711	0
p1e-04	0.0001	0.20140906722089846	independent-held-out-validated	7633ebb4a0d966dbda15a4e32d0efa492fb71aeb	sig	15	61180915be61455887ac261499455ac933cf976b292cab1a8180d759acc3ac2d	306.83	306.7	0.06	71624	87848	10453	2060850	c3935e16edd8fdf8c2b0a1762a7397ea6bcabf43d0f432863f09a99d6a954d48	07587a6982129e739519b82ec8d1232671f28f211887c8fd80f19c94b6eed678	0
p1e-04	0.0001	0.20140906722089846	independent-held-out-validated	7633ebb4a0d966dbda15a4e32d0efa492fb71aeb	sig	16	61180915be61455887ac261499455ac933cf976b292cab1a8180d759acc3ac2d	305.81	306.15	0.07	71624	87637	10469	2056494	1cc1bbcbe71b0067ea438cf4e41af883c68c9f932b0eb35044f4a97ed9551c4f	9811fe96b4977d02cccc7c3a2654def2798745dcade37bad71c61a8363cdcfd3	0
p1e-04	0.0001	0.20140906722089846	independent-held-out-validated	7633ebb4a0d966dbda15a4e32d0efa492fb71aeb	sig	17	61180915be61455887ac261499455ac933cf976b292cab1a8180d759acc3ac2d	305.21	305.13	0.09	71752	83314	10441	1961258	c374f3b84f028ab9e9ec092c8f2626c61c47422094e7932cf4e9a3d5474f94cb	e5cf0e2e1f62e21f4de099fd1279adf8f3f7661c3563aa97907078e4794a1d09	0
p1e-04	0.0001	0.20140906722089846	independent-held-out-validated	7633ebb4a0d966dbda15a4e32d0efa492fb71aeb	sig	18	61180915be61455887ac261499455ac933cf976b292cab1a8180d759acc3ac2d	306.77	306.9	0.06	70728	82203	10427	1937023	0000bd88e19fa6ebe5a2fc2791282440d48cf8ba81ae1c98dd04a852a9821ff2	33ca62f15a24d28ef1ef5a7ad08f6c858b8b376d06b72ab83c9cf7646e1ac917	0
p1e-04	0.0001	0.20140906722089846	independent-held-out-validated	7633ebb4a0d966dbda15a4e32d0efa492fb71aeb	sig	19	61180915be61455887ac261499455ac933cf976b292cab1a8180d759acc3ac2d	316.95	317.38	0.08	71368	85874	10457	2017689	05bde85055b024d72f6fcfd05bd38b471a16c9dd973c11a6bec327afe745ff5a	c39a3038ad3b2ca7653860e243e3c9334b3deffadbef1710fbec7029e65e0c20	0
p1e-04	0.0001	0.20140906722089846	independent-held-out-validated	7633ebb4a0d966dbda15a4e32d0efa492fb71aeb	sig	20	61180915be61455887ac261499455ac933cf976b292cab1a8180d759acc3ac2d	345.55	345.96	0.12	71112	87903	10459	2062014	5dff3233ea04565d5984256c73ee6dbe3d66c902f34a36a8ec4e6e040a5f4b4c	cdd3d7bb7016ffbbf37a5434f5df6c0a30be579efc3686b5c349ea926e23646d	0
p1e-04	0.0001	0.20140906722089846	independent-held-out-validated	7633ebb4a0d966dbda15a4e32d0efa492fb71aeb	sig	21	61180915be61455887ac261499455ac933cf976b292cab1a8180d759acc3ac2d	314.21	313.51	0.09	71240	88848	10461	2082709	5ed6abb9ff692977bae555494c0cb62f0d1754cee1678b8e18fd350e0f0434a1	d6f4da826060e4db9da4309aca15f869f67d730e5ce1b939ac53d32cb31822d0	0
p1e-04	0.0001	0.20140906722089846	independent-held-out-validated	7633ebb4a0d966dbda15a4e32d0efa492fb71aeb	sig	22	61180915be61455887ac261499455ac933cf976b292cab1a8180d759acc3ac2d	312.66	311.97	0.05	71240	84252	10442	1982033	cc2cf984c62deea6b40678fccf7eb7ba85c95f1aa0394bdf8d3b429467c658eb	0fa94f2322d902dc2c021465ec4ca849a5330824ab0890b82e6776c5876150df	0
p1e-04	0.0001	0.20140906722089846	independent-held-out-validated	7633ebb4a0d966dbda15a4e32d0efa492fb71aeb	sig	23	61180915be61455887ac261499455ac933cf976b292cab1a8180d759acc3ac2d	320.31	319.8	0.08	71628	84258	10417	1981730	ea2dca3daa4aadd5878b938156507a623c2b90d4eec5851f8256b67cfda203df	7c504f52de4357ebe5f030004fbafb13a78fc56423ad39ca849c8e840990b37b	0
p1e-04	0.0001	0.20140906722089846	independent-held-out-validated	7633ebb4a0d966dbda15a4e32d0efa492fb71aeb	sig	24	61180915be61455887ac261499455ac933cf976b292cab1a8180d759acc3ac2d	318.6	317.93	0.16	71240	86486	10466	2031121	1c90b2fe6f54bc440b0f42b3b80791a406207195aec7a786a311008d1088b12a	a95d517f458c80b694f439f103ca0737afd28c7b89a9d0cbc3e23a426c3334a9	0
p1e-04	0.0001	0.20140906722089846	independent-held-out-validated	7633ebb4a0d966dbda15a4e32d0efa492fb71aeb	sig	25	61180915be61455887ac261499455ac933cf976b292cab1a8180d759acc3ac2d	312.53	312.95	0.09	71368	84700	10471	1992201	2442da96d7f2baf4aeeee9a0190ba0fa141bd24aa5231d7fcf0b2702f68ab6e9	d3e32663e0cc61e340c10d011a185083436e3b1c2a88e0bf5fc6bc96c357ebca	0
p1e-04	0.0001	0.20140906722089846	independent-held-out-validated	7633ebb4a0d966dbda15a4e32d0efa492fb71aeb	sig	26	61180915be61455887ac261499455ac933cf976b292cab1a8180d759acc3ac2d	311.45	311.77	0.06	71496	83841	10429	1972867	0bb498fb26d8f1ea5ee28edc5a19bf9e3f9b5a6fea0f52576c4d59120eec30da	b23b35bde01701e8290341ee3673d6c0ccf0b7b90fb2f891ecdc9b08bbab74d3	0
p1e-04	0.0001	0.20140906722089846	independent-held-out-validated	7633ebb4a0d966dbda15a4e32d0efa492fb71aeb	sig	27	61180915be61455887ac261499455ac933cf976b292cab1a8180d759acc3ac2d	311.91	310.95	0.08	71240	83673	10445	1969499	0f4de7bb5abf3603e81802f9c3c0830655ec3b1234cd4e52d31d6046287439cb	243355146dcc18d9995f2d80d5c4efca16f2331ace457161d293fc3a8976893e	0
p1e-04	0.0001	0.20140906722089846	independent-held-out-validated	7633ebb4a0d966dbda15a4e32d0efa492fb71aeb	sig	28	61180915be61455887ac261499455ac933cf976b292cab1a8180d759acc3ac2d	313.3	313.73	0.08	71624	84853	10457	1995367	ef1fde1db7c5c5ca1e21b8e0e5f7b3a312ea71b45180b1eb854dd3195fae13ef	68a415c8b3072e9d4f1837b0c5b8e2e7e9edbdb2b1e18fe1c000ee758601a8f5	0
p1e-04	0.0001	0.20140906722089846	independent-held-out-validated	7633ebb4a0d966dbda15a4e32d0efa492fb71aeb	sig	29	61180915be61455887ac261499455ac933cf976b292cab1a8180d759acc3ac2d	312.24	312.64	0.09	71244	85021	10449	1999150	90a08b169493b70eba496ea80d542cb99b36afe01049ef7e6352cd5afe4224c7	be9bf331b3a8d92f12d2f859c3ffed22135198b3302820ac3a069e954ba719c8	0
p1e-04	0.0001	0.20140906722089846	independent-held-out-validated	7633ebb4a0d966dbda15a4e32d0efa492fb71aeb	sig	30	61180915be61455887ac261499455ac933cf976b292cab1a8180d759acc3ac2d	312.47	312.84	0.06	71496	91539	10448	2141612	dc33661f05e229b430e4eece540c1e405cfca4c4d0b141af5d5e62b88c336d24	94447eb3fe1ed6affa7ed7beecf66733c5e88a3948b295abe01e0882ff5904dd	0
p1e-04	0.0001	0.20140906722089846	independent-held-out-validated	7633ebb4a0d966dbda15a4e32d0efa492fb71aeb	sig	31	61180915be61455887ac261499455ac933cf976b292cab1a8180d759acc3ac2d	313.44	312.37	0.08	71372	87310	10446	2048605	1d00fc745788ec8f12cd8a9f4ba1adf3f0d72311c423246d8c991e10e7abf1ed	c26834ad30f9c81390eb5414f49e9ac68de54bddb963fedbd3f72f8db9f49ef5	0
p1e-04	0.0001	0.20140906722089846	independent-held-out-validated	7633ebb4a0d966dbda15a4e32d0efa492fb71aeb	sig	32	61180915be61455887ac261499455ac933cf976b292cab1a8180d759acc3ac2d	311.98	312.31	0.11	71368	88674	10481	2079420	d808ccf8d3f7bf1c456056c52b1e4b0c5722385c95772a29cbe49cf82fa33427	46bf378a7c31b3643ca1e1c0e503e250605fee626fcdce98b2c98a52512d523e	0
p1e-04	0.0001	0.20140906722089846	independent-held-out-validated	7633ebb4a0d966dbda15a4e32d0efa492fb71aeb	sig	33	61180915be61455887ac261499455ac933cf976b292cab1a8180d759acc3ac2d	310.14	310.4	0.08	71112	85243	10444	2003618	9408fed8cc36a52b582474dbb3661e5ecd2f319180f08e9c8e523e808533e803	9f0be8d06f0ab70cd215678d3ec434584eb0cc81f8aaea1948ee8cf0f8b01121	0
p1e-04	0.0001	0.20140906722089846	independent-held-out-validated	7633ebb4a0d966dbda15a4e32d0efa492fb71aeb	sig	34	61180915be61455887ac261499455ac933cf976b292cab1a8180d759acc3ac2d	313.53	313.86	0.07	71368	88399	10446	2072708	43d103ded75e33f700a9eb52a984263b7bc5a4a4bec8a07670d53e321cb3433b	2fd97e8a39d6f8f0af95f74bbb7e3d843e583061f73b1a9b58ee353c6223e1a7	0
p1e-04	0.0001	0.20140906722089846	independent-held-out-validated	7633ebb4a0d966dbda15a4e32d0efa492fb71aeb	sig	35	61180915be61455887ac261499455ac933cf976b292cab1a8180d759acc3ac2d	314.97	315.26	0.09	71112	79447	10427	1876290	b166f4a832e971ce5a36f9a6cca1081115725859425bd156c88a60258c18bfec	84e81b97c0da36ee5d8d1ea3eaa6082b7b8d48fd9d32c7efd477d7fc03d8aab0	0
p1e-04	0.0001	0.20140906722089846	independent-held-out-validated	7633ebb4a0d966dbda15a4e32d0efa492fb71aeb	sig	36	61180915be61455887ac261499455ac933cf976b292cab1a8180d759acc3ac2d	309.32	309.49	0.11	71368	88036	10457	2064999	a3f7ab977c7393ed43cf1e5be019120bbddf523da7b98d49310eb2f23ac68490	2020cc7999ce24b45d949270a8c6fcbf2a8918098d0bc38a0311b9690fd3761b	0
p1e-04	0.0001	0.20140906722089846	independent-held-out-validated	7633ebb4a0d966dbda15a4e32d0efa492fb71aeb	sig	37	61180915be61455887ac261499455ac933cf976b292cab1a8180d759acc3ac2d	311.34	311.73	0.08	71496	85292	10452	2004771	2f3482582dca9198d7d76b201f00202b783f4777b7bcac4d2ca3c9cc7fb49d6a	43965ce55026ef5e3538949457a5e65ab2751673b121e03c039d9041ad678c1e	0
p1e-04	0.0001	0.20140906722089846	independent-held-out-validated	7633ebb4a0d966dbda15a4e32d0efa492fb71aeb	sig	38	61180915be61455887ac261499455ac933cf976b292cab1a8180d759acc3ac2d	319.4	318.79	0.08	71624	91398	10423	2138156	b9cb994f64565a7b49c93d0c96ab9b8e930cb00078a8acdc592c3b69169b2243	df2b9cfc82c4b872f5f5757444a310ebd58e8b144d02fc8f9b7c22ad440a2c32	0
p1e-04	0.0001	0.20140906722089846	independent-held-out-validated	7633ebb4a0d966dbda15a4e32d0efa492fb71aeb	sig	39	61180915be61455887ac261499455ac933cf976b292cab1a8180d759acc3ac2d	313.82	314.18	0.09	71112	88121	10451	2066959	1c8802a4fb1ac8bc995a76512ae31b764803722f8f27950f711af6b1d3125a8a	7a036a4164210503f5998979b11314cf29c51c8f96e0a7d54299cc229b6bdc72	0
p1e-04	0.0001	0.20140906722089846	independent-held-out-validated	7633ebb4a0d966dbda15a4e32d0efa492fb71aeb	sig	40	61180915be61455887ac261499455ac933cf976b292cab1a8180d759acc3ac2d	310.63	310.8	0.12	71496	86683	10451	2035442	5ecc0fe7689a41447090d3bd447e02f3fcae3dc22ceb265758daba780c8854db	6f2c133434b21793ed93bde9849e270835165f97228c55af4f6b537a7a3a8bd0	0
p1e-04	0.0001	0.20140906722089846	independent-held-out-validated	7633ebb4a0d966dbda15a4e32d0efa492fb71aeb	sig	41	61180915be61455887ac261499455ac933cf976b292cab1a8180d759acc3ac2d	311.94	312.45	0.07	71440	84820	10449	1994443	348c6817d5d7989aee09b337b0da6262053f1f18c0c4d4189e469f42404cf4a0	6eb0782e05a1fc3bb317a23b97c0dcf42b3c0db75bba934b947b0665b79a02fa	0
p1e-04	0.0001	0.20140906722089846	independent-held-out-validated	7633ebb4a0d966dbda15a4e32d0efa492fb71aeb	sig	42	61180915be61455887ac261499455ac933cf976b292cab1a8180d759acc3ac2d	318.5	317.69	0.11	71240	83136	10434	1957237	ec5df6e43dc1694ed3cea880206ab67f06fb4aae3c4040c207639d76b464ed08	c9ab706c5b6da2f5638a58d35d95db2597b39a4bf4183cff0a5ee977ea4ac9c1	0
p1e-04	0.0001	0.20140906722089846	independent-held-out-validated	7633ebb4a0d966dbda15a4e32d0efa492fb71aeb	sig	43	61180915be61455887ac261499455ac933cf976b292cab1a8180d759acc3ac2d	317.63	318.13	0.09	71576	91603	10484	2143545	27fc03e09a42f256efceaf9ed1e4706a0e544d3abd4ec2e86a25b9fc48ea7ef4	51090d7f740d74a7abaed9432905e4f5c1d8d5eddd9e24c82a4ec3e527669dce	0
p1e-04	0.0001	0.20140906722089846	independent-held-out-validated	7633ebb4a0d966dbda15a4e32d0efa492fb71aeb	sig	44	61180915be61455887ac261499455ac933cf976b292cab1a8180d759acc3ac2d	303.74	303.74	0.06	71800	86143	10409	2022943	c412ba48b823a633ae77683bdc6d745d74726a51bf1f2095c21f6f0f9d335ef8	48670f5b6986b318badf2454af59bc2ef1c246727de6fff641e08e18119feaa4	0
p1e-04	0.0001	0.20140906722089846	independent-held-out-validated	7633ebb4a0d966dbda15a4e32d0efa492fb71aeb	sig	45	61180915be61455887ac261499455ac933cf976b292cab1a8180d759acc3ac2d	347.0	347.43	0.11	71240	85789	10460	2015836	8ca6369647d722cd2cad985167c9396a58327e6a2537eed37c01b9ba08768f7c	c2cb4ffab5658d8bcbc795dd098abc51b4e96d3e1a70ca63f5109c4dbae19e1b	0
p1e-04	0.0001	0.20140906722089846	independent-held-out-validated	7633ebb4a0d966dbda15a4e32d0efa492fb71aeb	sig	46	61180915be61455887ac261499455ac933cf976b292cab1a8180d759acc3ac2d	343.18	343.27	0.22	71624	84465	10440	1986575	921617be2425e88d36af7d2b184190cfa8c8d3d4f636ebb8c1f83c2a57cae758	4fd41b47b606fc6bea5b676fe3a600132391b30e368f50b914470149ee679d0e	0
p1e-04	0.0001	0.20140906722089846	independent-held-out-validated	7633ebb4a0d966dbda15a4e32d0efa492fb71aeb	sig	47	61180915be61455887ac261499455ac933cf976b292cab1a8180d759acc3ac2d	306.18	306.28	0.07	71112	85154	10432	2001708	d2e1c84aabc253fe2dfcfc4b98eb74f7399be1f9c5902d254699f005317b62e2	5352cc3afbfe17b941b9b8cd130625fc15486c584ed8dff8dc85b816bd17dd4d	0
p1e-04	0.0001	0.20140906722089846	independent-held-out-validated	7633ebb4a0d966dbda15a4e32d0efa492fb71aeb	sig	48	61180915be61455887ac261499455ac933cf976b292cab1a8180d759acc3ac2d	327.94	327.63	0.07	70984	82963	10436	1953798	d4a3eeb143316dc415ca0563d6964b2d86beec68fa141a9c7f62e394e2a11f6e	fa62726ce5cba700137947bea1138712a43fe34d3918333f1ab7299b60208275	0
p1e-04	0.0001	0.20140906722089846	independent-held-out-validated	7633ebb4a0d966dbda15a4e32d0efa492fb71aeb	sig	49	61180915be61455887ac261499455ac933cf976b292cab1a8180d759acc3ac2d	325.1	324.59	0.12	71368	83503	10436	1965529	43d17a504c01ced495c2d7855651fc4183605bbbd75857b2bcfc2fb118182dd1	16e65b278b9ab4e08cf55ac3a24d4fe5ca38f1312c84ecd147b26db546dcc0e2	0
p1e-04	0.0001	0.20140906722089846	independent-held-out-validated	7633ebb4a0d966dbda15a4e32d0efa492fb71aeb	sig	50	61180915be61455887ac261499455ac933cf976b292cab1a8180d759acc3ac2d	305.77	304.59	0.09	71112	85598	10479	2012003	7d0b489a5e196d7bf056314b33c2e5c4303a523da58c7353f88d834a10489182	b7f98ad1d9157184e70aaf7a2b25de0df2b15ce0b4c1f7820fe83162c8202ed3	0
p1e-04	0.0001	0.20140906722089846	independent-held-out-validated	7633ebb4a0d966dbda15a4e32d0efa492fb71aeb	sig	51	61180915be61455887ac261499455ac933cf976b292cab1a8180d759acc3ac2d	315.15	314.36	0.09	71880	89796	10463	2103513	e1b38450fb89c4bacde269a61d7241725667a8af6172845e32e06229f1ad88c9	fe8c966c780705886daec4de4fe0a583d5c9305640628af2fa59cc27f4146d59	0
p1e-04	0.0001	0.20140906722089846	independent-held-out-validated	7633ebb4a0d966dbda15a4e32d0efa492fb71aeb	sig	52	61180915be61455887ac261499455ac933cf976b292cab1a8180d759acc3ac2d	303.83	303.89	0.05	70988	81757	10427	1927370	4d95d7ae43ee28a57b9f10cc7e9823efda2692a62f6b51b358777ffb52ea5b01	9ec754380efd84c07e114c0dc0c74d297c69d304f515fa7a4a0134abdefdeb3c	0
p1e-04	0.0001	0.20140906722089846	independent-held-out-validated	7633ebb4a0d966dbda15a4e32d0efa492fb71aeb	sig	53	61180915be61455887ac261499455ac933cf976b292cab1a8180d759acc3ac2d	303.28	303.31	0.07	71104	86576	10404	2032150	772458671314889366e2fd5843e4e88344cbdfb2e56649060b6dcb6c22a65b88	bf0b72b7bb39a54a88a18ddb4ac4028eb7127e37f945a435a6d7926b81d8d449	0
p1e-04	0.0001	0.20140906722089846	independent-held-out-validated	7633ebb4a0d966dbda15a4e32d0efa492fb71aeb	sig	54	61180915be61455887ac261499455ac933cf976b292cab1a8180d759acc3ac2d	303.59	303.74	0.07	71368	86065	10468	2021899	8e17c83e650c8be1fdc4b70b99e68682a9e0cfe78cb4d36620f6dfd3a8947043	2d771e9662fc2f5d39467a25f1c02d467b7c85e2a2a38e0fc395f0d00e3dc821	0
p1e-04	0.0001	0.20140906722089846	independent-held-out-validated	7633ebb4a0d966dbda15a4e32d0efa492fb71aeb	sig	55	61180915be61455887ac261499455ac933cf976b292cab1a8180d759acc3ac2d	300.6	300.48	0.05	71116	85444	10462	2008344	61993e5ec1acddd295ec2a7d0783c946fa7c8254408b2d84e675713690a2c3e0	e8f6113e6002ca5d5cafe2c0963b52a9251c8b95af7cbc944667f3eeae578d95	0
p1e-04	0.0001	0.20140906722089846	independent-held-out-validated	7633ebb4a0d966dbda15a4e32d0efa492fb71aeb	sig	56	61180915be61455887ac261499455ac933cf976b292cab1a8180d759acc3ac2d	302.15	302.01	0.05	70856	83795	10467	1972316	9d6ca58c75bc5645d86c0fbf3243f11232892faa13a77ee2511683a61dbf1c91	4ee0c799f578beb1195d37dd28b380e0b26d3344186174ee9c3ad38ec9fcd298	0
p1e-04	0.0001	0.20140906722089846	independent-held-out-validated	7633ebb4a0d966dbda15a4e32d0efa492fb71aeb	sig	57	61180915be61455887ac261499455ac933cf976b292cab1a8180d759acc3ac2d	303.04	303.03	0.07	71840	85557	10444	2010473	0f326a041d6b674ef5dddc386cee73f0eb7055f9d9784ae6ae82a0ead5319543	b69ad169c543ac5d0ff4d2d9189edbf84f11ddeaf9be9dc9031fa489d892d694	0
p1e-04	0.0001	0.20140906722089846	independent-held-out-validated	7633ebb4a0d966dbda15a4e32d0efa492fb71aeb	sig	58	61180915be61455887ac261499455ac933cf976b292cab1a8180d759acc3ac2d	300.34	300.27	0.07	70984	85807	10475	2016337	b3241b5efa02a2fb73132ad7ab84e12d1e91f23e442626f45bb5645c7e538e36	71775edadb38dc3921685cc6bb2f36059a6cd8beb22def423021e83c5f6090a1	0
p1e-04	0.0001	0.20140906722089846	independent-held-out-validated	7633ebb4a0d966dbda15a4e32d0efa492fb71aeb	sig	59	61180915be61455887ac261499455ac933cf976b292cab1a8180d759acc3ac2d	297.05	298.0	0.09	71624	85086	10437	1999836	8fd2b49295239ff9699e8b3c599d55c285ba890446835dde689a784210b67e03	4ce022705568ae4e391c0bcfd92acad5d0f5ff974d32a725bd83bc459ad197ec	0
p1e-04	0.0001	0.20140906722089846	independent-held-out-validated	7633ebb4a0d966dbda15a4e32d0efa492fb71aeb	sig	60	61180915be61455887ac261499455ac933cf976b292cab1a8180d759acc3ac2d	299.76	299.63	0.09	71624	88680	10458	2079250	f83cf55913d935709ec959e9006cdbe9c35722c9a144bcfb38aa07ed9d338a5e	e8423a4c80158f56ee1476daf9fadb8301cb54b05f3fff4f5d4cbd7d0d744b62	0
p1e-04	0.0001	0.20140906722089846	independent-held-out-validated	7633ebb4a0d966dbda15a4e32d0efa492fb71aeb	sig	61	61180915be61455887ac261499455ac933cf976b292cab1a8180d759acc3ac2d	299.29	299.01	0.09	71496	85666	10473	2013342	e42d2453a5a8b6bc4aadcacfc01f8dd286a46f83a22f3b153aead09f5334070b	4e09f542fd620d9bae2fa99bbe697833a0446258d685efc2bfc411b493b45e82	0
p1e-04	0.0001	0.20140906722089846	independent-held-out-validated	7633ebb4a0d966dbda15a4e32d0efa492fb71aeb	sig	62	61180915be61455887ac261499455ac933cf976b292cab1a8180d759acc3ac2d	297.7	297.73	0.05	71496	82408	10448	1941678	16b4a06c73f061844446d7d762e103180dffddbe356c33ee404edc2ba9e880b0	fdc0e0126743a31f862798ff927625ad7bda6380ebd4278fe791fc702890c935	0
p1e-04	0.0001	0.20140906722089846	independent-held-out-validated	7633ebb4a0d966dbda15a4e32d0efa492fb71aeb	sig	63	61180915be61455887ac261499455ac933cf976b292cab1a8180d759acc3ac2d	300.53	300.33	0.09	71368	83886	10418	1973453	498620e1e377ae4e08b2feeb921c9dd6149e3f9fb587f0095f2b2b7f823fd61b	a19e29e7261d690d6a5f6053c9a7c74889d3d752c4207648c46933c4e946489f	0
p1e-04	0.0001	0.20140906722089846	independent-held-out-validated	7633ebb4a0d966dbda15a4e32d0efa492fb71aeb	sig	64	61180915be61455887ac261499455ac933cf976b292cab1a8180d759acc3ac2d	297.35	298.2	0.07	71240	84370	10421	1984239	6232276ba1ca6e32005d146e02ea4f8ca2217f2f73e31bc267d184a48757800b	6a7bba1e3b567be5205309f298b491c0f16f70a9ad4d0e28d24dbe7e05c5b6e3	0
p1e-04	0.0001	0.20140906722089846	independent-held-out-validated	7633ebb4a0d966dbda15a4e32d0efa492fb71aeb	sig	65	61180915be61455887ac261499455ac933cf976b292cab1a8180d759acc3ac2d	297.88	297.78	0.07	71116	89319	10449	2093007	56c5760201c68dfb52e7b97b97ff98a258872c1c631041271fbfc4070904962e	87d729e4243bf17e0174c15c50f597ea9aba5900365a259e545fba533893f9f2	0
p1e-04	0.0001	0.20140906722089846	independent-held-out-validated	7633ebb4a0d966dbda15a4e32d0efa492fb71aeb	sig	66	61180915be61455887ac261499455ac933cf976b292cab1a8180d759acc3ac2d	300.54	300.39	0.08	71368	85128	10456	2001156	601be6bd5002925dd4aa30811e45eb9ebe824699f5c21215f5a3080eda20e7fb	cb7ef17f3a71e5027f3999bb04c801c772ea81b28394dc7ede7a8cdc63e44e05	0
p1e-04	0.0001	0.20140906722089846	independent-held-out-validated	7633ebb4a0d966dbda15a4e32d0efa492fb71aeb	sig	67	61180915be61455887ac261499455ac933cf976b292cab1a8180d759acc3ac2d	299.2	299.18	0.07	71112	85369	10424	2006221	07b719ed3df93af204998618f1c82f3300caa39942d47264a1e8778fa00b5094	8ce3e5e8d51f4a91b900101d3a8d9c959a7b06181d79cf2b0661b458313f5a99	0
p1e-04	0.0001	0.20140906722089846	independent-held-out-validated	7633ebb4a0d966dbda15a4e32d0efa492fb71aeb	sig	68	61180915be61455887ac261499455ac933cf976b292cab1a8180d759acc3ac2d	302.04	302.0	0.07	71276	88795	10453	2081543	ac543450d21464990c26a43e6e45b8bc2b8f239581c74054277b3f3466722154	9ac8efb950c410df8960ea649648d210910b04b277f9a269ecc99ac6d6ecb2cd	0
p1e-04	0.0001	0.20140906722089846	independent-held-out-validated	7633ebb4a0d966dbda15a4e32d0efa492fb71aeb	sig	69	61180915be61455887ac261499455ac933cf976b292cab1a8180d759acc3ac2d	295.59	296.5	0.1	71496	84283	10438	1982503	f88cdb987a81ac717ac16828e4a0219c1e2f56bdb1e13dc4ef76d89029d21d78	8a80f658239cf3ff1bc7699534508bcf4ad33e5d64bb421f29f10f14f92bc5f9	0
p1e-04	0.0001	0.20140906722089846	independent-held-out-validated	7633ebb4a0d966dbda15a4e32d0efa492fb71aeb	sig	70	61180915be61455887ac261499455ac933cf976b292cab1a8180d759acc3ac2d	295.28	294.99	0.09	71496	85562	10456	2010790	b3c9244c7d8325097fa8077bde703ea7fc8d59547158793e31281f0bbbef249e	21c91fc4deb41dd53f031f76c6c7593743504c764c511b11c50e91024661c3ae	0
p1e-04	0.0001	0.20140906722089846	independent-held-out-validated	7633ebb4a0d966dbda15a4e32d0efa492fb71aeb	sig	71	61180915be61455887ac261499455ac933cf976b292cab1a8180d759acc3ac2d	298.19	298.19	0.06	71368	87472	10465	2052584	5dc45193ecf8600017fc4d3564849e2993f67e11812d45920dbf8c7639d93ce1	2ebb875161fcc29a399bb6342203301ff289e24e142b50f80afe232bf2d894d4	0
p1e-04	0.0001	0.20140906722089846	independent-held-out-validated	7633ebb4a0d966dbda15a4e32d0efa492fb71aeb	sig	72	61180915be61455887ac261499455ac933cf976b292cab1a8180d759acc3ac2d	298.52	298.28	0.07	71496	86515	10468	2031776	974b8f15152910f6cd5d752afec7d4c7b09010029ba0acd00bf32697b309afa2	e56554e83e2f957a8a13311768ab4183c7a4a6a865129fa2529e9609d4f2399e	0
p1e-04	0.0001	0.20140906722089846	independent-held-out-validated	7633ebb4a0d966dbda15a4e32d0efa492fb71aeb	sig	73	61180915be61455887ac261499455ac933cf976b292cab1a8180d759acc3ac2d	298.16	297.98	0.07	71360	87543	10458	2054459	179f39c08b63e9124f0b02a00be9605e816513db180fa76dd21403bae020e675	a2ef8e9408e0cd0d4ec677f27a093b248c917328884b4ea0913eb3dee0a7b9b3	0
p1e-04	0.0001	0.20140906722089846	independent-held-out-validated	7633ebb4a0d966dbda15a4e32d0efa492fb71aeb	sig	74	61180915be61455887ac261499455ac933cf976b292cab1a8180d759acc3ac2d	295.97	296.3	0.11	71240	85754	10442	2014810	09cce32d5dca407ca3f2875501b3e6f7fbc8d884c90fe74f21965000a67ba91a	9b4655618fe2025d4eec2d0684cf5da4d330b014989ef8d52cbcb832ed90c286	0
p1e-04	0.0001	0.20140906722089846	independent-held-out-validated	7633ebb4a0d966dbda15a4e32d0efa492fb71aeb	sig	75	61180915be61455887ac261499455ac933cf976b292cab1a8180d759acc3ac2d	305.2	305.3	0.08	71368	83805	10463	1972613	fa3b70b43aac1a72e648afcbaaf5d484834fb61e4d42a3ff0e43291da5403645	d8aa8ec80dee678071ec893170e71959f3dc8d9976bc090d7148503182e0ec7f	0
p1e-04	0.0001	0.20140906722089846	independent-held-out-validated	7633ebb4a0d966dbda15a4e32d0efa492fb71aeb	sig	76	61180915be61455887ac261499455ac933cf976b292cab1a8180d759acc3ac2d	301.01	301.04	0.06	71496	80998	10470	1911270	683af2294bc87bc203d9184a5d1bb1e48e72da308dbda866e871db1140df9491	b29a29f339589718f332e8f5bc36b3e987df03fce87e67459ba6a7d442a2ff00	0
p1e-04	0.0001	0.20140906722089846	independent-held-out-validated	7633ebb4a0d966dbda15a4e32d0efa492fb71aeb	sig	77	61180915be61455887ac261499455ac933cf976b292cab1a8180d759acc3ac2d	323.44	322.84	0.08	71624	87707	10451	2057710	add08128fae8cec2942f1fcd3a87970e8119b24f677c57f3e8b45b5fa0e48db0	5c8f7705dce6b4001b4b0e7ab2b4dc3f850db2284e5dfa6c6c5c17219a825f79	0
p1e-04	0.0001	0.20140906722089846	independent-held-out-validated	7633ebb4a0d966dbda15a4e32d0efa492fb71aeb	sig	78	61180915be61455887ac261499455ac933cf976b292cab1a8180d759acc3ac2d	305.32	304.08	0.07	71448	87604	10450	2055339	1d53ad4c8b3e1a67b82abb0173604bca8571d80712c7cb02373250378111f128	c1bf9fae9635b3c14e7e4ff717797ad055fe69ee0c7ce5ca822aa84b8eb14523	0
p1e-04	0.0001	0.20140906722089846	independent-held-out-validated	7633ebb4a0d966dbda15a4e32d0efa492fb71aeb	sig	79	61180915be61455887ac261499455ac933cf976b292cab1a8180d759acc3ac2d	307.03	305.8	0.09	71624	89161	10450	2089557	9b4ae8eb472882350c09798e752e75febea55e35862d828be5543a9df47162ce	e56999f47cb1edd25bccd777fa338275f01ba2cbbd8949eb5e15e015425db7fc	0
p1e-04	0.0001	0.20140906722089846	independent-held-out-validated	7633ebb4a0d966dbda15a4e32d0efa492fb71aeb	sig	80	61180915be61455887ac261499455ac933cf976b292cab1a8180d759acc3ac2d	302.8	302.9	0.04	71628	87229	10428	2046760	aef7726ca45818d24644fc8a6dbf0ccb9fba7b6eea81e582b8c2255b5b5ff0dd	d9b110d9e5ae02b465c8f068c580fbe4e48f5f93c518870455d28d222c5ea6ef	0
p1e-04	0.0001	0.20140906722089846	independent-held-out-validated	7633ebb4a0d966dbda15a4e32d0efa492fb71aeb	sig	81	61180915be61455887ac261499455ac933cf976b292cab1a8180d759acc3ac2d	309.81	310.03	0.08	70984	85904	10432	2017876	b249d5be279829d78d46cae1d6dd26e6d151988afdc9553afd57d5ac3e306456	5acc155b5e33f7d435033c55a82988d1791e0a9f1b82b8d194202cf8c8debef5	0
p1e-04	0.0001	0.20140906722089846	independent-held-out-validated	7633ebb4a0d966dbda15a4e32d0efa492fb71aeb	sig	82	61180915be61455887ac261499455ac933cf976b292cab1a8180d759acc3ac2d	307.62	307.75	0.09	71368	84835	10440	1994662	2f725885070ab3c6e06ac107fb942e4ff1e61f55473778453f8093b14cc90a7b	cd605986ced283700c85151a11f59820f384eb065a3708bf24f8a9491c7b7a2f	0
p1e-04	0.0001	0.20140906722089846	independent-held-out-validated	7633ebb4a0d966dbda15a4e32d0efa492fb71aeb	sig	83	61180915be61455887ac261499455ac933cf976b292cab1a8180d759acc3ac2d	301.11	300.89	0.07	71496	85520	10487	2010359	9da8ecc9e167b37a774655f66175bf48a51cfa5792cd528e9bb69d2a7b612cee	ce6dc16e3dcdaf842da33f1938c790a36f3a79cde1cc1821b9f7dc705136bcc7	0
p1e-04	0.0001	0.20140906722089846	independent-held-out-validated	7633ebb4a0d966dbda15a4e32d0efa492fb71aeb	sig	84	61180915be61455887ac261499455ac933cf976b292cab1a8180d759acc3ac2d	303.06	303.17	0.09	71368	93007	10469	2174025	f3f8c926ecf698fd4764cbaac5cfceecbb23d41c9921aa042e0bac720d623ba3	b2219570b78e10c7d41227ce2f273d7fb6f53a6b8c2e2fed14cbdc6baaa7ea8d	0
p1e-04	0.0001	0.20140906722089846	independent-held-out-validated	7633ebb4a0d966dbda15a4e32d0efa492fb71aeb	sig	85	61180915be61455887ac261499455ac933cf976b292cab1a8180d759acc3ac2d	300.24	299.55	0.09	70856	83127	10466	1957588	5aa148b5af28ec17226320ae531c51bec4aa02f1588093037eab5af2fa2ed4d1	17f1df5165061ec45aa9b9f7dc6e2f601af5a61c7cc54067641223db13c41d46	0
p1e-04	0.0001	0.20140906722089846	independent-held-out-validated	7633ebb4a0d966dbda15a4e32d0efa492fb71aeb	sig	86	61180915be61455887ac261499455ac933cf976b292cab1a8180d759acc3ac2d	298.26	298.03	0.07	71304	82465	10445	1942916	443362499da54b0690f937098a7fe864bde678fa2de6ff03663a240c7a466d01	5080494290c4194f70ac93cb6249724ef4f7700224fb246ce5600dffa7720f84	0
p1e-04	0.0001	0.20140906722089846	independent-held-out-validated	7633ebb4a0d966dbda15a4e32d0efa492fb71aeb	sig	87	61180915be61455887ac261499455ac933cf976b292cab1a8180d759acc3ac2d	299.57	299.63	0.09	70984	84594	10436	1989594	add33b6c98b39ec79ba7835035a13380aa9ff7a11e446d7814b37864f7e76505	6e8dc6f74b34b57adb8d517ba3426a11779006f1e51b70111b982d6b2d6d4487	0
p1e-04	0.0001	0.20140906722089846	independent-held-out-validated	7633ebb4a0d966dbda15a4e32d0efa492fb71aeb	sig	88	61180915be61455887ac261499455ac933cf976b292cab1a8180d759acc3ac2d	299.35	299.1	0.05	71624	87384	10474	2050859	2c70033f073fc7c92e40c2779b61d36cd720331166437f7f7bca19bebd8545a1	84f945f56cec0b606f032441f29b306b13994f9760aca03a47e67fb57068df35	0
p1e-04	0.0001	0.20140906722089846	independent-held-out-validated	7633ebb4a0d966dbda15a4e32d0efa492fb71aeb	sig	89	61180915be61455887ac261499455ac933cf976b292cab1a8180d759acc3ac2d	300.54	300.51	0.09	71368	86335	10438	2027644	6b607a9c5d0f08126afc392e243a1cf64486dcdd7cc806636261b0c3f11232a4	fc26f9908f92a976cfa1c2b1ad9544ef8e55db52256c508161b3e9cf10979490	0
p1e-04	0.0001	0.20140906722089846	independent-held-out-validated	7633ebb4a0d966dbda15a4e32d0efa492fb71aeb	sig	90	61180915be61455887ac261499455ac933cf976b292cab1a8180d759acc3ac2d	299.19	298.9	0.08	71112	85863	10441	2017252	a1cc38861b167d145a7cadb43fd3317af004971ab0f7a984720594f7df5cad50	aec4630ca21c996e85e371c9ba67c8bae18b8c946e402dcb3c7e617574105953	0
p1e-04	0.0001	0.20140906722089846	independent-held-out-validated	7633ebb4a0d966dbda15a4e32d0efa492fb71aeb	sig	91	61180915be61455887ac261499455ac933cf976b292cab1a8180d759acc3ac2d	298.85	298.77	0.08	71372	86409	10429	2029143	ac3981e66881c6ceba264dfbf31c3a43f3a75bc5f151e9f976cb3c1f9d4562df	7d20272b160d52d3de075173bfdbef2960347fbb84f22c1f199f2a20fbf46aab	0
p1e-04	0.0001	0.20140906722089846	independent-held-out-validated	7633ebb4a0d966dbda15a4e32d0efa492fb71aeb	sig	92	61180915be61455887ac261499455ac933cf976b292cab1a8180d759acc3ac2d	302.85	302.82	0.07	71580	86774	10453	2037273	bcb93481353dfa15f5ac36f0eb8ee324d25f6e5eb6b70b5b746950835b6276f9	e4b83b26176618f6d694ca60d1406a880355db6882c9c3b055b7828b9a170cdc	0
p1e-04	0.0001	0.20140906722089846	independent-held-out-validated	7633ebb4a0d966dbda15a4e32d0efa492fb71aeb	sig	93	61180915be61455887ac261499455ac933cf976b292cab1a8180d759acc3ac2d	298.96	298.88	0.09	71500	85577	10447	2011042	141d5a2351966d115ee6072392a4aad1bf0898b5c84022c1bdae15a02ae5180e	a30163393d94df83747e10efa3b42aa31e06bd22d7a6b923bbdde9add8c4632e	0
p1e-04	0.0001	0.20140906722089846	independent-held-out-validated	7633ebb4a0d966dbda15a4e32d0efa492fb71aeb	sig	94	61180915be61455887ac261499455ac933cf976b292cab1a8180d759acc3ac2d	303.79	303.97	0.03	70984	83173	10455	1958596	251d5577ebc13743b5766db7b8595a02584f56a0cef81a33f250ef4d9cb84b29	28509ec85908a1da81a07242fcae5f0b9f6febec9206113c3ab3ef97dc2322b7	0
p1e-04	0.0001	0.20140906722089846	independent-held-out-validated	7633ebb4a0d966dbda15a4e32d0efa492fb71aeb	sig	95	61180915be61455887ac261499455ac933cf976b292cab1a8180d759acc3ac2d	314.45	314.84	0.08	71232	83411	10444	1963340	4bcc2933e7a7a9c856395fc4b1d4656f40c83cd45efad0b347a8b4858fa31b80	32cb6c321fe198ac7116437d12fde5ac5bc6638fe18c49b99c6d91b157bcda2a	0
p1e-04	0.0001	0.20140906722089846	independent-held-out-validated	7633ebb4a0d966dbda15a4e32d0efa492fb71aeb	sig	96	61180915be61455887ac261499455ac933cf976b292cab1a8180d759acc3ac2d	307.19	307.39	0.03	71624	87600	10446	2055213	07d48e74f91b14381e6603305794951ce15957d94b21e7776305358de25c751a	ac79bdd9d12deaa90ad4e4ea9dd3d05ba00fc07c68d7b50b1846538da3467c36	0
p1e-04	0.0001	0.20140906722089846	independent-held-out-validated	7633ebb4a0d966dbda15a4e32d0efa492fb71aeb	sig	97	61180915be61455887ac261499455ac933cf976b292cab1a8180d759acc3ac2d	307.12	307.24	0.07	71368	86324	10456	2027555	c2b28b94ede9d4d8d46acfdd00ebbd208b158b8970239ed0fba959dce3174022	48ffe9aaad2a33bfeb894fcae94a363fb8a75a04f43d3dbee9cb72a772d3083e	0
p1e-04	0.0001	0.20140906722089846	independent-held-out-validated	7633ebb4a0d966dbda15a4e32d0efa492fb71aeb	sig	98	61180915be61455887ac261499455ac933cf976b292cab1a8180d759acc3ac2d	303.11	303.28	0.08	71372	87428	10431	2051450	bb24ab28aa9bb53fff7099f297aa18a746a2368d3136f41ac98b541825fe2133	65261f075b7a36d6b22118c930870a148098583ef55bd9e2c527f3313c08a5d7	0
p1e-04	0.0001	0.20140906722089846	independent-held-out-validated	7633ebb4a0d966dbda15a4e32d0efa492fb71aeb	sig	99	61180915be61455887ac261499455ac933cf976b292cab1a8180d759acc3ac2d	303.07	302.95	0.06	71496	86923	10435	2040386	cd9202faf30f97bd2e109dbfd2f0304d12c01bba1529501caf539eccc572edb4	5426a4166cd3f6641c4b23ede76b97db252b22935f86f57dde40680376ebe29c	0
p1e-04	0.0001	0.20140906722089846	independent-held-out-validated	7633ebb4a0d966dbda15a4e32d0efa492fb71aeb	sig	100	61180915be61455887ac261499455ac933cf976b292cab1a8180d759acc3ac2d	267.7	267.45	0.07	71368	87161	10442	2045631	8703669f14b4405238970f151ae2907b30f98d99135468f82593afa667d6d8c3	c4ead39e71c63330813ba4e26aa77ec1e5b3afb7c32ae1d7aaa9fff67b6a0c9a	0
p2e-04	0.0002	0.18597335493601927	independent-held-out-validated	7633ebb4a0d966dbda15a4e32d0efa492fb71aeb	tf	1	61180915be61455887ac261499455ac933cf976b292cab1a8180d759acc3ac2d	72.49	72.67	0.08	67620	40867	2602	929740	b117c5769ef6354c7fe9cffcb921f15c90e172f8bf0b326e6bed13bb4d8c284c	9d1620591266c0f98d0de299df0de569f542b41169ba36c471827d1fda20b28b	0
p2e-04	0.0002	0.18597335493601927	independent-held-out-validated	7633ebb4a0d966dbda15a4e32d0efa492fb71aeb	tf	2	61180915be61455887ac261499455ac933cf976b292cab1a8180d759acc3ac2d	77.51	77.86	0.04	67620	40067	2605	912352	9e09c690f5732d05998dc4bf9b422300b7bc7da8c998412fc52f272ed7a050c1	c264d44a280fd4a43be8cf7d847fda9ae5699b698c53d837caf7d69dd991b7c9	0
p2e-04	0.0002	0.18597335493601927	independent-held-out-validated	7633ebb4a0d966dbda15a4e32d0efa492fb71aeb	tf	3	61180915be61455887ac261499455ac933cf976b292cab1a8180d759acc3ac2d	82.52	81.99	0.11	67620	39006	2606	889222	fe6a9943a308ad8cb380bc947667a56224f9b7c9d1d65b9d1ce28f3afcf15a58	d170bf7b02d093118d43491ab455a47b7e3cef7acdd756d67dc54ed6601c0453	0
p2e-04	0.0002	0.18597335493601927	independent-held-out-validated	7633ebb4a0d966dbda15a4e32d0efa492fb71aeb	tf	4	61180915be61455887ac261499455ac933cf976b292cab1a8180d759acc3ac2d	81.29	81.6	0.06	67620	39816	2604	906872	f34df480740bcc77c29d8b8e3b987d9aafb52aa26fde7058adb7b81cdbceb047	af82fe2a268f188836eed8b976504bcbf4a01e525b0875e4495c65659fcd1524	0
p2e-04	0.0002	0.18597335493601927	independent-held-out-validated	7633ebb4a0d966dbda15a4e32d0efa492fb71aeb	tf	5	61180915be61455887ac261499455ac933cf976b292cab1a8180d759acc3ac2d	84.65	84.21	0.06	67580	39625	2606	902658	8878d9740c581bed1a4e122491f599a65037c0464b97b902d3b7dc592ce76e12	56fb1550ce01c3da5b58cc5bd1aa5dee12eef7d753e08d5c2c9a760ac406c102	0
p2e-04	0.0002	0.18597335493601927	independent-held-out-validated	7633ebb4a0d966dbda15a4e32d0efa492fb71aeb	tf	6	61180915be61455887ac261499455ac933cf976b292cab1a8180d759acc3ac2d	80.58	80.06	0.07	67576	40645	2605	925095	516b0c18d08141b3d4c833b3a698f2cb94ff940dddb4d089f171941fb67e4dd8	25bf6fda14ff7c7ac7a97b3abbf2b32130f3c568864e1a0237d67ac7c0405f97	0
p2e-04	0.0002	0.18597335493601927	independent-held-out-validated	7633ebb4a0d966dbda15a4e32d0efa492fb71aeb	tf	7	61180915be61455887ac261499455ac933cf976b292cab1a8180d759acc3ac2d	78.66	78.81	0.08	67620	42131	2604	957617	6a0c72143062372b72fd1b59229b54ddced754d7392b423a2ffc9beae8bb44f3	42f667961caad3b7ebd92700e87fb69344ae40cccb294ee99f08bff69d87accb	0
p2e-04	0.0002	0.18597335493601927	independent-held-out-validated	7633ebb4a0d966dbda15a4e32d0efa492fb71aeb	tf	8	61180915be61455887ac261499455ac933cf976b292cab1a8180d759acc3ac2d	78.83	78.17	0.06	67876	43198	2604	980962	be179d0d20df4d9321b61d85f09bbf25e8dd823e88b4a1ea15826b470264289f	498cd20125ec96f69c35f02296cf8c7a99db1f79b6ff4fb4bb2529872470675c	0
p2e-04	0.0002	0.18597335493601927	independent-held-out-validated	7633ebb4a0d966dbda15a4e32d0efa492fb71aeb	tf	9	61180915be61455887ac261499455ac933cf976b292cab1a8180d759acc3ac2d	76.69	77.16	0.07	67876	41422	2605	942104	7d13d4def5467a6faee22221c2fba97043d791d624f1c54a71f11195d095a181	17c803f8a96b335ff544c1d7fb6000f6e4b21f84d5f054db2fdf45b4a577c9ef	0
p2e-04	0.0002	0.18597335493601927	independent-held-out-validated	7633ebb4a0d966dbda15a4e32d0efa492fb71aeb	tf	10	61180915be61455887ac261499455ac933cf976b292cab1a8180d759acc3ac2d	76.76	75.99	0.05	67468	41345	2603	940381	9167ab66f7a473e6a16a708aadf36d6e4ece4953dfe63ddf9a91b93e7fe2a84a	e8f14a32291664e6a71f90fb583a9dbf4bacf9d138bd0e189a514385f79fb331	0
p2e-04	0.0002	0.18597335493601927	independent-held-out-validated	7633ebb4a0d966dbda15a4e32d0efa492fb71aeb	tf	11	61180915be61455887ac261499455ac933cf976b292cab1a8180d759acc3ac2d	80.43	79.81	0.07	67492	40005	2606	911012	a04f3c27d0113f67ebae420f2f05a80e908b81225fc5922fde83e013d0faa8ef	622cfa4a3d1c57a5462c3bf21ec57d7e8c7565b421cc812e81e42fe547a90c39	0
p2e-04	0.0002	0.18597335493601927	independent-held-out-validated	7633ebb4a0d966dbda15a4e32d0efa492fb71aeb	tf	12	61180915be61455887ac261499455ac933cf976b292cab1a8180d759acc3ac2d	77.8	78.09	0.07	67880	41341	2600	940294	d13cfd0713017ab80c299101c279731955e96877f6f86b745b6d004013471efa	58fde3eb9ff3ec21e8ea84fdd478c3df781ec73325ce94e628b19d726e2a362a	0
p2e-04	0.0002	0.18597335493601927	independent-held-out-validated	7633ebb4a0d966dbda15a4e32d0efa492fb71aeb	tf	13	61180915be61455887ac261499455ac933cf976b292cab1a8180d759acc3ac2d	75.24	75.47	0.06	67468	38651	2603	881289	5d26a72cddb7fb9c44fa24536f8a31d100f6c01e4e4660d4d825e676e51fdbef	770522ee701e54f380cfb04fdf58e8ef25ef2f31aec8c6d91cd9340cae4c2f7d	0
p2e-04	0.0002	0.18597335493601927	independent-held-out-validated	7633ebb4a0d966dbda15a4e32d0efa492fb71aeb	tf	14	61180915be61455887ac261499455ac933cf976b292cab1a8180d759acc3ac2d	75.0	75.17	0.07	67492	38586	2605	880005	f50671587450e82df9e1981f77ba6cc28ac7af978a3002bdb82c327364dd5f58	a0261125108bfdd78d0d31a25bf134b328a38919248d4924daf4c572304cc1ca	0
p2e-04	0.0002	0.18597335493601927	independent-held-out-validated	7633ebb4a0d966dbda15a4e32d0efa492fb71aeb	tf	15	61180915be61455887ac261499455ac933cf976b292cab1a8180d759acc3ac2d	74.59	74.51	0.07	67876	41422	2605	941998	1bed54b5397b34d982012ea29bbe6851ba5879daed1bfb1c3ee8a7c99dc4bfa7	60282d6e5e18508f3b63a79797730e5b7573c3658925be91bb50dd91126fa3b1	0
p2e-04	0.0002	0.18597335493601927	independent-held-out-validated	7633ebb4a0d966dbda15a4e32d0efa492fb71aeb	tf	16	61180915be61455887ac261499455ac933cf976b292cab1a8180d759acc3ac2d	76.49	75.9	0.05	67620	41894	2605	952349	2c0b4c0a63926fa5fcb5c5842b52778188343847f5770ca7416acf0cde0a84d9	6bd5d0357658e2997a951950d794b77a68ba71dacd6670f3c95202f2d9644083	0
p2e-04	0.0002	0.18597335493601927	independent-held-out-validated	7633ebb4a0d966dbda15a4e32d0efa492fb71aeb	tf	17	61180915be61455887ac261499455ac933cf976b292cab1a8180d759acc3ac2d	73.68	73.96	0.06	67620	39927	2602	909240	119a3cc4be94055ae22ceca64a351f89065d90adbf684702712725977a0bc062	014b182ec1e581dd3d2fa3463a0010069b88df7d9dd1ce093a3752923af62b22	0
p2e-04	0.0002	0.18597335493601927	independent-held-out-validated	7633ebb4a0d966dbda15a4e32d0efa492fb71aeb	tf	18	61180915be61455887ac261499455ac933cf976b292cab1a8180d759acc3ac2d	77.54	77.78	0.06	67492	38609	2604	880406	f2eec31267340f835af1be523b3252f8085e4f2182457c6f1b25a086608b48c5	d899d386ad31927651045b759cc986528a943f78cdf57bb10cabb836ef776fbc	0
p2e-04	0.0002	0.18597335493601927	independent-held-out-validated	7633ebb4a0d966dbda15a4e32d0efa492fb71aeb	tf	19	61180915be61455887ac261499455ac933cf976b292cab1a8180d759acc3ac2d	74.87	75.04	0.07	67556	40148	2607	914148	f270715af06ba48844a9b48a1e3a87f9f6808b34e3483eff8c81e90953db0f63	4c4e1b45f6bafe8ccea23fc49df8bef93049becfb29688de535dde1aa8562f80	0
p2e-04	0.0002	0.18597335493601927	independent-held-out-validated	7633ebb4a0d966dbda15a4e32d0efa492fb71aeb	tf	20	61180915be61455887ac261499455ac933cf976b292cab1a8180d759acc3ac2d	83.94	83.24	0.08	67748	40989	2600	932451	c5cae83d0acd2ed8e679ed2f8bbadf536ce2f31cd52ee5a5a8ba3780bc7aac28	41cc07e783911a81eb3c6cbe78b7908053d1956b4af3cc731c7f04c5852202b1	0
p2e-04	0.0002	0.18597335493601927	independent-held-out-validated	7633ebb4a0d966dbda15a4e32d0efa492fb71aeb	tf	21	61180915be61455887ac261499455ac933cf976b292cab1a8180d759acc3ac2d	88.39	89.25	0.06	67748	41622	2606	946498	79eba43cf008903eeccf2b919311a2828a0ad863fd4297b97912a1a6d4ba1b17	e6ee2c0406c55550a068f4b8cd5cb647c20ed8f28a11d336a74c84e6345c24f9	0
p2e-04	0.0002	0.18597335493601927	independent-held-out-validated	7633ebb4a0d966dbda15a4e32d0efa492fb71aeb	tf	22	61180915be61455887ac261499455ac933cf976b292cab1a8180d759acc3ac2d	78.95	78.22	0.05	67748	40299	2604	917426	1daee020cd1dc8652cb6b8ecfdd3caa4b966005da1f64dbdd368da2a5f96af7c	f4208c6bb2ff07a3cdd313c2436d03318a05b320367d26fec95c2fbda164506d	0
p2e-04	0.0002	0.18597335493601927	independent-held-out-validated	7633ebb4a0d966dbda15a4e32d0efa492fb71aeb	tf	23	61180915be61455887ac261499455ac933cf976b292cab1a8180d759acc3ac2d	77.68	76.94	0.04	67624	40228	2603	915788	38585091f66da246707b36a874d959f31045f087aa2f92b7bed046bf23c5b189	5add34e04343d59650a6fbade5243523eb1e14f4adc9ac24464a1507dd526cb2	0
p2e-04	0.0002	0.18597335493601927	independent-held-out-validated	7633ebb4a0d966dbda15a4e32d0efa492fb71aeb	tf	24	61180915be61455887ac261499455ac933cf976b292cab1a8180d759acc3ac2d	83.02	83.4	0.07	67612	39923	2604	909218	364500b1769974d6e4ed659b881cb7e8237281ee6d06deef59087eb926d2e7ec	6a52b58f67135718b3a20e8593c2887aace1fda5e69a725168e2daeca7bb87c9	0
p2e-04	0.0002	0.18597335493601927	independent-held-out-validated	7633ebb4a0d966dbda15a4e32d0efa492fb71aeb	tf	25	61180915be61455887ac261499455ac933cf976b292cab1a8180d759acc3ac2d	75.82	74.74	0.07	67620	39736	2605	904996	c9263f93f411dcfa7d6067261b0b59dd7b76c25fd9becc4ee055e54d9ec0b0ad	ff0b02ef8f8a7a57ff874b41a6a8b1130c6f1fd44ce40ad6643e46309b377b70	0
p2e-04	0.0002	0.18597335493601927	independent-held-out-validated	7633ebb4a0d966dbda15a4e32d0efa492fb71aeb	tf	26	61180915be61455887ac261499455ac933cf976b292cab1a8180d759acc3ac2d	76.59	76.84	0.07	67620	39741	2607	905119	cdd38190a0da7d3e6ca174dba575d92a7f84255d6495f937be1df17d76c9b28f	79b6dfb3d187625c7ec225aa54e7ef8ab5e2a553a8110a79d46f168995855e81	0
p2e-04	0.0002	0.18597335493601927	independent-held-out-validated	7633ebb4a0d966dbda15a4e32d0efa492fb71aeb	tf	27	61180915be61455887ac261499455ac933cf976b292cab1a8180d759acc3ac2d	77.15	77.56	0.05	67496	38541	2605	878909	1f0c7c75521260ecdb651fe615e644dce95a46053f520d71ed8ca95c1321d384	fd22fbecb2ed93f7430670312a9cd6db45a94ca9f1ec43f40e2fc6ce755f9741	0
p2e-04	0.0002	0.18597335493601927	independent-held-out-validated	7633ebb4a0d966dbda15a4e32d0efa492fb71aeb	tf	28	61180915be61455887ac261499455ac933cf976b292cab1a8180d759acc3ac2d	77.74	77.99	0.06	67748	40649	2601	925101	8d00d8969a0e1f90da356c086fb182cb7dcc41459453935db8bb59b7d0e6201c	25224da80bcc7302846c5c4fb202a5ad604da8561b347e707db26d6e96f516bc	0
p2e-04	0.0002	0.18597335493601927	independent-held-out-validated	7633ebb4a0d966dbda15a4e32d0efa492fb71aeb	tf	29	61180915be61455887ac261499455ac933cf976b292cab1a8180d759acc3ac2d	77.82	76.76	0.08	67620	40324	2608	918038	e6a643fff66f67b9683055bca5240a4a4c4ad57f042ea176c381c31f3522381c	5bee42fca36a33619edd945e87b83293835785a18fd4c3641e866fc846ccc3d9	0
p2e-04	0.0002	0.18597335493601927	independent-held-out-validated	7633ebb4a0d966dbda15a4e32d0efa492fb71aeb	tf	30	61180915be61455887ac261499455ac933cf976b292cab1a8180d759acc3ac2d	77.27	77.64	0.06	67620	41929	2604	953001	50c6574ccd15124a48e4490d22a767d4e2fd9abb608136c55f51c44d7518e953	31b5a207109f7b0ddcf816f035d436deb45eda6a85e38ec9ce962f2469f44b3f	0
p2e-04	0.0002	0.18597335493601927	independent-held-out-validated	7633ebb4a0d966dbda15a4e32d0efa492fb71aeb	tf	31	61180915be61455887ac261499455ac933cf976b292cab1a8180d759acc3ac2d	76.18	76.7	0.04	67496	41553	2604	944868	0f2635424ff7e5e52789c3f09aab308baf1c4abdb6e3692ac9f0bc7b9e939382	d7ab36acbdbe7d3fe150a77bea204a17691688ff96c6234336dedd8584de5505	0
p2e-04	0.0002	0.18597335493601927	independent-held-out-validated	7633ebb4a0d966dbda15a4e32d0efa492fb71aeb	tf	32	61180915be61455887ac261499455ac933cf976b292cab1a8180d759acc3ac2d	76.62	76.9	0.07	67620	41761	2603	949398	64110d369eba81659986d4a27ed7b3b1047fca5b2e344190f22a685706656af5	ae3d1e0af94b7db6f1233ef1d9d5d98564d3489c58c6c009726d2167dc74daaa	0
p2e-04	0.0002	0.18597335493601927	independent-held-out-validated	7633ebb4a0d966dbda15a4e32d0efa492fb71aeb	tf	33	61180915be61455887ac261499455ac933cf976b292cab1a8180d759acc3ac2d	77.19	77.47	0.08	67496	40369	2604	919019	f55a780b0fd1e696c580f7e7cd0df5e77583f54d17411364be245c49f65c0792	33e0a378904d1aa2ac6fa8247edfd8984a9684958e8d0281493c6996c14094bd	0
p2e-04	0.0002	0.18597335493601927	independent-held-out-validated	7633ebb4a0d966dbda15a4e32d0efa492fb71aeb	tf	34	61180915be61455887ac261499455ac933cf976b292cab1a8180d759acc3ac2d	75.91	76.42	0.07	67748	41983	2604	954335	f47870f81bca8e868ab33254763b5cc3adc160a0e054959ca8067f6af8d29047	948904e3be96169a66ab429c0495d57e45623b1135a3acf257536f2208200598	0
p2e-04	0.0002	0.18597335493601927	independent-held-out-validated	7633ebb4a0d966dbda15a4e32d0efa492fb71aeb	tf	35	61180915be61455887ac261499455ac933cf976b292cab1a8180d759acc3ac2d	77.36	77.63	0.07	67492	37850	2601	863894	14864e33a29a95f56958975c8d599e53edcf3666f4ca8464a4b6330d0eec047a	6f592a2c7d9b0cfb7b1837c8ada4c549a45365e4db5d80a1d899335c06784743	0
p2e-04	0.0002	0.18597335493601927	independent-held-out-validated	7633ebb4a0d966dbda15a4e32d0efa492fb71aeb	tf	36	61180915be61455887ac261499455ac933cf976b292cab1a8180d759acc3ac2d	78.06	77.25	0.07	67620	41313	2604	939563	d0beb4f07a90f18a0b3f3383ca3e4383f135e6a1ce03ebe3cf8682b50a2e9002	c67a5715f0f4ce1321f8cf8b1d154a19dc4a59c76b5ed605d80626b52bd5d70c	0
p2e-04	0.0002	0.18597335493601927	independent-held-out-validated	7633ebb4a0d966dbda15a4e32d0efa492fb71aeb	tf	37	61180915be61455887ac261499455ac933cf976b292cab1a8180d759acc3ac2d	76.22	76.57	0.04	67752	40358	2603	918713	3498e96207c9087516b98a2828ed8c92ae068faa3456304790b72601f2537303	5e2a907ae8a66eb9c20d02bb10d887e1532c26b211b28be643c9a4a4e009f58f	0
p2e-04	0.0002	0.18597335493601927	independent-held-out-validated	7633ebb4a0d966dbda15a4e32d0efa492fb71aeb	tf	38	61180915be61455887ac261499455ac933cf976b292cab1a8180d759acc3ac2d	76.89	77.24	0.07	67748	43152	2606	979872	ba48b19fea9524d1fba23a5ea04af984c62c748cb1e8ee8161f742fdcf8e55a2	aa956eb209c3db4b257659665ed6c67386038f16d4fde6a2c9ecbc4602cab8c5	0
p2e-04	0.0002	0.18597335493601927	independent-held-out-validated	7633ebb4a0d966dbda15a4e32d0efa492fb71aeb	tf	39	61180915be61455887ac261499455ac933cf976b292cab1a8180d759acc3ac2d	76.7	77.01	0.07	67748	42411	2605	963739	e57b98dd40070cb8ca70de018e49d032f04dc32bad71891313fdf1b6b6be7e76	8a29b3bd52a66502c9ab0edbf6e16015ef8f1f2f7d974c98869eb1a66ca0ea7b	0
p2e-04	0.0002	0.18597335493601927	independent-held-out-validated	7633ebb4a0d966dbda15a4e32d0efa492fb71aeb	tf	40	61180915be61455887ac261499455ac933cf976b292cab1a8180d759acc3ac2d	81.61	80.85	0.06	67620	40792	2603	928321	e5c6cd294102922a10ae4bcb5ff016492b83a994527d776fc7bed4f1a2daa3f5	9ffe009a5f1ea2f9f01ec59d43e53c434efa498c0ad0f4524e605f9af3f50509	0
p2e-04	0.0002	0.18597335493601927	independent-held-out-validated	7633ebb4a0d966dbda15a4e32d0efa492fb71aeb	tf	41	61180915be61455887ac261499455ac933cf976b292cab1a8180d759acc3ac2d	77.95	78.34	0.08	67620	40242	2602	916181	3d8993fa42397388ac4f9e19a5d2edd47349e4b7fa3fb95c1d8cfd0a0d246c89	1f3aae288a88561c807343aed1dfccfe1e9a7d9208bf80fd621cdb4696d6d273	0
p2e-04	0.0002	0.18597335493601927	independent-held-out-validated	7633ebb4a0d966dbda15a4e32d0efa492fb71aeb	tf	42	61180915be61455887ac261499455ac933cf976b292cab1a8180d759acc3ac2d	76.46	76.93	0.07	67748	39573	2605	901585	90da76d9f28fe283f31bc19586f2c820b31d5bc004eee8ac91483ef4f35f77ff	447eabd39727cfdd08f54a32936c31439654cc28c5c01a44fecc1fb749a00202	0
p2e-04	0.0002	0.18597335493601927	independent-held-out-validated	7633ebb4a0d966dbda15a4e32d0efa492fb71aeb	tf	43	61180915be61455887ac261499455ac933cf976b292cab1a8180d759acc3ac2d	84.2	83.56	0.06	67876	42768	2602	971594	cd62033e30132573c9b4a2e783f3a0faa7e9333dadc70cd050897396a22605b0	59790534649eceded89feaaa361182ce4639bbf5ab09eacda3b9ffdfe3748a8f	0
p2e-04	0.0002	0.18597335493601927	independent-held-out-validated	7633ebb4a0d966dbda15a4e32d0efa492fb71aeb	tf	44	61180915be61455887ac261499455ac933cf976b292cab1a8180d759acc3ac2d	74.56	74.77	0.07	67748	41079	2602	934431	ec3b63160712e5a0cf7c409a9dd0b3efa35d8144bb185103ee0e3d0761c12734	0343e52c9c1da86311b2920a7b23154f7a341de7dc70441f4274a705744e8235	0
p2e-04	0.0002	0.18597335493601927	independent-held-out-validated	7633ebb4a0d966dbda15a4e32d0efa492fb71aeb	tf	45	61180915be61455887ac261499455ac933cf976b292cab1a8180d759acc3ac2d	74.1	74.35	0.03	67492	40011	2605	911097	0b3077f5182b04c2c50bf016edf2693b8e596baf162412bf6da3e9dffb9c2716	7260c4f0df8afbc14f02927ba06493de2487c221330a328427b297d00975d684	0
p2e-04	0.0002	0.18597335493601927	independent-held-out-validated	7633ebb4a0d966dbda15a4e32d0efa492fb71aeb	tf	46	61180915be61455887ac261499455ac933cf976b292cab1a8180d759acc3ac2d	86.99	87.81	0.06	67620	40054	2604	912081	dfb691cc0940f4f28ae44ea16ad6def125b35e28c63a1313da01b67b233fad27	d3d14038ac397553d6c58ba6e0b14421549ddfaee0e9968ea6a64c16a77cdefd	0
p2e-04	0.0002	0.18597335493601927	independent-held-out-validated	7633ebb4a0d966dbda15a4e32d0efa492fb71aeb	tf	47	61180915be61455887ac261499455ac933cf976b292cab1a8180d759acc3ac2d	83.91	83.19	0.08	67492	40040	2603	911832	1f589e9484f547057390ed218a88490e3097b9078bed254b80f6c2556f5719ad	50023c46fa2b03d4f4766afa53ab0f5ee7efaa1ed21115ea4202e95b8c1c0f23	0
p2e-04	0.0002	0.18597335493601927	independent-held-out-validated	7633ebb4a0d966dbda15a4e32d0efa492fb71aeb	tf	48	61180915be61455887ac261499455ac933cf976b292cab1a8180d759acc3ac2d	74.89	75.17	0.04	67620	39430	2604	898484	9d2944e179fcd154ccc3ea1eeda98f209c176fa0c52ac9dc77ba4455af5eb657	a828c7d31719398dcdb6455942dfb32b65f18518349c1d8a0f6bd91621b634ca	0
p2e-04	0.0002	0.18597335493601927	independent-held-out-validated	7633ebb4a0d966dbda15a4e32d0efa492fb71aeb	tf	49	61180915be61455887ac261499455ac933cf976b292cab1a8180d759acc3ac2d	82.13	82.66	0.05	67620	39962	2606	910162	d0eea7a7870303baf27fc92b7d45e7e2e6580bb05f2bdce9409fa3feea87547f	922ecc2342d8d1e4978c967e65fe42e25ae3a6175598f181d3d86dfdf7797203	0
p2e-04	0.0002	0.18597335493601927	independent-held-out-validated	7633ebb4a0d966dbda15a4e32d0efa492fb71aeb	tf	50	61180915be61455887ac261499455ac933cf976b292cab1a8180d759acc3ac2d	85.98	85.21	0.11	67536	40607	2605	924228	9f1fc3fa2dca8e1027299d00788cde0944d0ace958f80cd359ae163d6b4e8f8b	77e6453bd6a15407343e888c9198ce6e9c00f77c877585a34c1d5d1e5365a8b3	0
p2e-04	0.0002	0.18597335493601927	independent-held-out-validated	7633ebb4a0d966dbda15a4e32d0efa492fb71aeb	tf	51	61180915be61455887ac261499455ac933cf976b292cab1a8180d759acc3ac2d	74.76	74.75	0.05	67620	42547	2606	966714	d78805f27b150d5c778a5fd1778b7f367fa2441b34602ef642fcdf5ff35b612e	2f1cb235d5dfc7d2fffb3ff823cfa6c4973a1b7d66ecb98dfbd5a9c32e0a1d03	0
p2e-04	0.0002	0.18597335493601927	independent-held-out-validated	7633ebb4a0d966dbda15a4e32d0efa492fb71aeb	tf	52	61180915be61455887ac261499455ac933cf976b292cab1a8180d759acc3ac2d	75.6	75.83	0.07	67492	38873	2605	886260	0b28c1123e0c40904df46e6f744ce848f240f8af7f1b094786e3ae711d615110	1efabda2d1e04813547215c3f050467318b3ab0c4f5431544d13bc0cfefb5de3	0
p2e-04	0.0002	0.18597335493601927	independent-held-out-validated	7633ebb4a0d966dbda15a4e32d0efa492fb71aeb	tf	53	61180915be61455887ac261499455ac933cf976b292cab1a8180d759acc3ac2d	79.28	78.46	0.07	67492	40423	2603	919957	7fe7d86c1f818deb442dbfd175b7d898fd9c86bcaa34265cb188ad01b80cd199	ccf28f1ef676915fc0c9ccd42b2e8eda2c0a7b89e1bac2ad1b17838305d2cb8d	0
p2e-04	0.0002	0.18597335493601927	independent-held-out-validated	7633ebb4a0d966dbda15a4e32d0efa492fb71aeb	tf	54	61180915be61455887ac261499455ac933cf976b292cab1a8180d759acc3ac2d	74.93	75.19	0.05	67620	41039	2605	933658	1eb514d4bc1596845a96fea5b84d9ce9a252304ed6b7da84ed5cd643ec4e40be	61414844b597fd2f0c57040367ff7adab1c56a694d995735c5c6ba8e7c003816	0
p2e-04	0.0002	0.18597335493601927	independent-held-out-validated	7633ebb4a0d966dbda15a4e32d0efa492fb71aeb	tf	55	61180915be61455887ac261499455ac933cf976b292cab1a8180d759acc3ac2d	75.56	75.84	0.06	67492	39793	2603	906337	79d96c3b198192431cbd9c4586ce316356c397ba120b316eaf8e1aacd4721e3a	e3e646ea9002fde52feb4d54165bf03757ddfa8e09aa6d964e5d3980bc187f64	0
p2e-04	0.0002	0.18597335493601927	independent-held-out-validated	7633ebb4a0d966dbda15a4e32d0efa492fb71aeb	tf	56	61180915be61455887ac261499455ac933cf976b292cab1a8180d759acc3ac2d	74.91	75.15	0.07	67624	39761	2605	905868	5fa68e895c0407519c3bc1a7fdd799752970b310c3b355e84e9233f6703ae66b	7a29817fa2207296291155544ccf0f391917fe3867723c9570a131a328d47741	0
p2e-04	0.0002	0.18597335493601927	independent-held-out-validated	7633ebb4a0d966dbda15a4e32d0efa492fb71aeb	tf	57	61180915be61455887ac261499455ac933cf976b292cab1a8180d759acc3ac2d	75.74	74.73	0.05	67752	40739	2602	927021	e48faf53afdf87a2940d2342e9191685a970e15dce92b530d4317f584808ce6e	ffc5e6f60fe79df6044c94376228528f438bc9910f31e7e376138e66634d0ca8	0
p2e-04	0.0002	0.18597335493601927	independent-held-out-validated	7633ebb4a0d966dbda15a4e32d0efa492fb71aeb	tf	58	61180915be61455887ac261499455ac933cf976b292cab1a8180d759acc3ac2d	74.68	74.96	0.04	67496	40456	2605	920900	872bc2a46f9c5de764f7695fcea31df9249f319ec96d5f72515821da789a183b	f40c49d0416639e28f88f7fcd9af2100b33efe49b8ef42c55b690958a6717f35	0
p2e-04	0.0002	0.18597335493601927	independent-held-out-validated	7633ebb4a0d966dbda15a4e32d0efa492fb71aeb	tf	59	61180915be61455887ac261499455ac933cf976b292cab1a8180d759acc3ac2d	76.5	75.55	0.06	67620	39820	2605	907043	73cd8c635914f983aa982c052442c104bf7cf6f821685e1d4d6189df981d63ab	5679a02edc14f87f2922c73b88fe244028643f0be242590855d70808ac86ce43	0
p2e-04	0.0002	0.18597335493601927	independent-held-out-validated	7633ebb4a0d966dbda15a4e32d0efa492fb71aeb	tf	60	61180915be61455887ac261499455ac933cf976b292cab1a8180d759acc3ac2d	74.44	73.44	0.05	67684	42219	2607	959391	f6591c1c67965accef626216b11d41894e04845513f4361691c7665bddfec7b2	045764100ecec9542539bef17ca1b03997832c077d25a27948015e30c3c44af3	0
p2e-04	0.0002	0.18597335493601927	independent-held-out-validated	7633ebb4a0d966dbda15a4e32d0efa492fb71aeb	tf	61	61180915be61455887ac261499455ac933cf976b292cab1a8180d759acc3ac2d	73.38	73.43	0.08	67748	40526	2607	922518	43fca1a787e582d5f500d9e0fc51fa1539db7eca159ce083899481b82a32133b	7fb881e11e61294a8f7ee7a754138bb4921bb01b259ac62cae30dcf96fb43d2b	0
p2e-04	0.0002	0.18597335493601927	independent-held-out-validated	7633ebb4a0d966dbda15a4e32d0efa492fb71aeb	tf	62	61180915be61455887ac261499455ac933cf976b292cab1a8180d759acc3ac2d	73.19	73.26	0.05	67748	38800	2603	884518	3e0954a9dec9e263453dcbd9ffec2757f38053b7b10898af9c54f5b56a38e37d	82e3878cfa46f79e304d4c363df47658b1685ba9109a4373a2c32b119f46385f	0
p2e-04	0.0002	0.18597335493601927	independent-held-out-validated	7633ebb4a0d966dbda15a4e32d0efa492fb71aeb	tf	63	61180915be61455887ac261499455ac933cf976b292cab1a8180d759acc3ac2d	73.5	73.68	0.08	67492	39878	2606	908273	cd76d15db0045d09296b5d2ea8843ddb62c605407eeb0c81bb805f41eb902eca	ff257d49caafca16bce3e1507076c8dd4cfc38f7b701897aee2cdc50ac409bac	0
p2e-04	0.0002	0.18597335493601927	independent-held-out-validated	7633ebb4a0d966dbda15a4e32d0efa492fb71aeb	tf	64	61180915be61455887ac261499455ac933cf976b292cab1a8180d759acc3ac2d	73.99	74.2	0.04	67752	39763	2603	905661	070b740a2f5b22b0f5b2b6e0171ab7c8f6f8a7625e3ffaee8afbd8d5cb3f503b	a80e06a0a3ddf12b2f85cf94093b3a1dca92f5b1a1a66d31fbd8d35f03b1e93a	0
p2e-04	0.0002	0.18597335493601927	independent-held-out-validated	7633ebb4a0d966dbda15a4e32d0efa492fb71aeb	tf	65	61180915be61455887ac261499455ac933cf976b292cab1a8180d759acc3ac2d	74.86	73.85	0.07	67752	41230	2606	937855	fc79788d834de16b067a91d365099526c32b36b03e047230e3553feb623de7d5	208a7f86965f0e2f173492a273533884541915cb93142400ab6ac37f96178170	0
p2e-04	0.0002	0.18597335493601927	independent-held-out-validated	7633ebb4a0d966dbda15a4e32d0efa492fb71aeb	tf	66	61180915be61455887ac261499455ac933cf976b292cab1a8180d759acc3ac2d	73.45	73.66	0.04	67620	40003	2605	910781	596ebbb041fdda22a9873b7188cb91ecc7ddf609d0816a48a023b80a3a7f2386	cd881c25d2009e1325bdd3e483799b1680b9b1eab04f7b4bd3462228a4867733	0
p2e-04	0.0002	0.18597335493601927	independent-held-out-validated	7633ebb4a0d966dbda15a4e32d0efa492fb71aeb	tf	67	61180915be61455887ac261499455ac933cf976b292cab1a8180d759acc3ac2d	73.27	73.4	0.05	67492	39816	2600	906783	255320cbaba2adb97bf50683f9c8efc1509e02586a4266dcbcc33b492aa053d1	5302d584d801a855e45521e4f4722180fdce555d3a079e2ab124033b29ebb833	0
p2e-04	0.0002	0.18597335493601927	independent-held-out-validated	7633ebb4a0d966dbda15a4e32d0efa492fb71aeb	tf	68	61180915be61455887ac261499455ac933cf976b292cab1a8180d759acc3ac2d	75.08	73.96	0.06	67620	41816	2604	950656	df574ebe9c3c6af566235b2470c4cfe856c29b12c6f463a0188e52dc7e1455d0	457f18f9f9feb9a82c42b672d47b42a23e8eba266f14e8009d5df1c04e137dd6	0
p2e-04	0.0002	0.18597335493601927	independent-held-out-validated	7633ebb4a0d966dbda15a4e32d0efa492fb71aeb	tf	69	61180915be61455887ac261499455ac933cf976b292cab1a8180d759acc3ac2d	73.27	73.43	0.07	67740	39606	2604	902211	522dbb85235fb4d7c8783df3557e065ae74bcc785eac45a75f10c5c3deddb91b	0c2db80fa2290457feb38cd8bd3ffa27c80748351bf41160c9a494e99560ba7a	0
p2e-04	0.0002	0.18597335493601927	independent-held-out-validated	7633ebb4a0d966dbda15a4e32d0efa492fb71aeb	tf	70	61180915be61455887ac261499455ac933cf976b292cab1a8180d759acc3ac2d	74.56	73.54	0.06	67748	40853	2603	929609	fc0926ca0c971c467a13783e5981a342c9973b996201ea3437a2affde6e41767	af3312e3f44df20774bab3074d2dc4170660d5db4038a3e1ba5a5a274f6a074d	0
p2e-04	0.0002	0.18597335493601927	independent-held-out-validated	7633ebb4a0d966dbda15a4e32d0efa492fb71aeb	tf	71	61180915be61455887ac261499455ac933cf976b292cab1a8180d759acc3ac2d	73.34	73.56	0.05	67620	40582	2604	923633	aa965ffb8fd4bcbb871384b332c0d35e173c239777d0665a29c20763debb3750	e40c1258781ee57578eee7de84f37922831c1834fd6938b931bf4976ca62acae	0
p2e-04	0.0002	0.18597335493601927	independent-held-out-validated	7633ebb4a0d966dbda15a4e32d0efa492fb71aeb	tf	72	61180915be61455887ac261499455ac933cf976b292cab1a8180d759acc3ac2d	73.33	73.61	0.04	67752	40457	2605	920880	6d250c677f4569fe1c58900eb483568517ee4991c34c7f447b5e2583366cd0a8	7f895cc4d1377e2bf3742ae187787d1cceeaede4e5a7a4f609b71c19d3c8bf1d	0
p2e-04	0.0002	0.18597335493601927	independent-held-out-validated	7633ebb4a0d966dbda15a4e32d0efa492fb71aeb	tf	73	61180915be61455887ac261499455ac933cf976b292cab1a8180d759acc3ac2d	74.57	73.5	0.05	67748	41244	2604	938363	0df909b5bee5c7a60826e94ecd7c95dff8a21552e443198ef72dc228475f0ad8	5cc5f2125132c4d79dadab9df2c172c092e4a89145931c486fe0286d55bbf1a6	0
p2e-04	0.0002	0.18597335493601927	independent-held-out-validated	7633ebb4a0d966dbda15a4e32d0efa492fb71aeb	tf	74	61180915be61455887ac261499455ac933cf976b292cab1a8180d759acc3ac2d	73.53	73.72	0.04	67748	41045	2599	933829	3744b5dc1b93fc3ecd0695345592afee504109aa0c5065c9989eb2fee8a5f6e0	8e8c4d4b592749be8c1125e2ec7e7ba5e5fd6edfb3ecf50c713352b09d600c75	0
p2e-04	0.0002	0.18597335493601927	independent-held-out-validated	7633ebb4a0d966dbda15a4e32d0efa492fb71aeb	tf	75	61180915be61455887ac261499455ac933cf976b292cab1a8180d759acc3ac2d	74.34	74.02	0.06	67620	38545	2605	878997	51a103bb2762df40a80afe046ad72f1c8e139bbfbb33428725f17cfed668a760	3a4007f5dabcdcca39ddd3133174d24708a98018b2ecf0145aa65aa09aee1afa	0
p2e-04	0.0002	0.18597335493601927	independent-held-out-validated	7633ebb4a0d966dbda15a4e32d0efa492fb71aeb	tf	76	61180915be61455887ac261499455ac933cf976b292cab1a8180d759acc3ac2d	73.51	73.83	0.06	67748	38301	2607	873907	403a8964748eaf7bdb09b75c4617bc027d0dc10aff82a79d1970d1ad09c48634	abf08cecdaf48e4f00538d347db16e316f2e4ef808b3203f59779e906861ec26	0
p2e-04	0.0002	0.18597335493601927	independent-held-out-validated	7633ebb4a0d966dbda15a4e32d0efa492fb71aeb	tf	77	61180915be61455887ac261499455ac933cf976b292cab1a8180d759acc3ac2d	73.84	74.07	0.04	67620	42135	2604	957659	6247b76b7459c58c96166425b64363a10654f981ef3cf83c397e41279e89a7cd	4b5fd0e5b6fb44f36c7d5a4ba1b6817f376b97444d4dbe89f72cc01ff856bde0	0
p2e-04	0.0002	0.18597335493601927	independent-held-out-validated	7633ebb4a0d966dbda15a4e32d0efa492fb71aeb	tf	78	61180915be61455887ac261499455ac933cf976b292cab1a8180d759acc3ac2d	86.4	85.39	0.05	67620	41062	2603	934292	82848aef4f1f06abbe3ececf60e27e542f38098f0d66b632956148bc741e4331	da5ed25538d3836f961a27aad6581d405ab74277a617641803c4a0d48bf3831b	0
p2e-04	0.0002	0.18597335493601927	independent-held-out-validated	7633ebb4a0d966dbda15a4e32d0efa492fb71aeb	tf	79	61180915be61455887ac261499455ac933cf976b292cab1a8180d759acc3ac2d	75.6	74.58	0.05	67748	42832	2601	972836	46bda197f403e038833ecb5ba9048a70292fb60498952128ed915143164cc451	664de085a8018b0741e969dd03ffbbcc9e3db98c81698099d1a4cf14c70f3276	0
p2e-04	0.0002	0.18597335493601927	independent-held-out-validated	7633ebb4a0d966dbda15a4e32d0efa492fb71aeb	tf	80	61180915be61455887ac261499455ac933cf976b292cab1a8180d759acc3ac2d	74.17	74.35	0.06	67748	41243	2605	937990	c7eef46777e7703ce7aac59c42a93f62ff59ecc2e1c990968443d8377c3a07c1	20b548e6d9ddbc412b458d7b4226d2ead7d242939782dae0cc0ba8df83a3e4c5	0
p2e-04	0.0002	0.18597335493601927	independent-held-out-validated	7633ebb4a0d966dbda15a4e32d0efa492fb71aeb	tf	81	61180915be61455887ac261499455ac933cf976b292cab1a8180d759acc3ac2d	74.85	75.09	0.09	67620	40568	2604	923331	ae936488b643cb0df9f55f458fae34be8478351c10b196b1ec427a9c7c8450af	de2dca81b541052d91f02591977ca2fbb7fbb5305b137b7b001715ac4abd21de	0
p2e-04	0.0002	0.18597335493601927	independent-held-out-validated	7633ebb4a0d966dbda15a4e32d0efa492fb71aeb	tf	82	61180915be61455887ac261499455ac933cf976b292cab1a8180d759acc3ac2d	76.93	77.44	0.05	67748	39689	2601	904054	c6f11a64dfd70819193779fc4adef176260d56467b97cc1e6bed5b3970decf6d	5564054deeee623741068f75e82501f0ce25ab69985611aa80f83b4d5be0e589	0
p2e-04	0.0002	0.18597335493601927	independent-held-out-validated	7633ebb4a0d966dbda15a4e32d0efa492fb71aeb	tf	83	61180915be61455887ac261499455ac933cf976b292cab1a8180d759acc3ac2d	75.2	75.43	0.06	67748	40378	2602	919142	8fb448cf05e67233cdb237a0a329aadfc8b0fd1d7e61e35d61fd4cd477b238ce	16e27bfb85c98407aedc4209f887b8b207a5feb95871d7bf1221bbd3f1d2f972	0
p2e-04	0.0002	0.18597335493601927	independent-held-out-validated	7633ebb4a0d966dbda15a4e32d0efa492fb71aeb	tf	84	61180915be61455887ac261499455ac933cf976b292cab1a8180d759acc3ac2d	76.05	75.17	0.05	67748	43490	2604	987333	9d5a72cdaad30831b84e9463c614aef2b5a7733678042c3946c4e48bc6ce4353	c356045f28e41f47c9a62e454b33af46036252ba77aa50fe94070e595ba65549	0
p2e-04	0.0002	0.18597335493601927	independent-held-out-validated	7633ebb4a0d966dbda15a4e32d0efa492fb71aeb	tf	85	61180915be61455887ac261499455ac933cf976b292cab1a8180d759acc3ac2d	76.64	75.53	0.05	67624	39030	2607	889650	794ea6f3a481ce379dce297958039cefccb1c46da8d4b92a9dd4deb847df4012	63ead559cf572b15782e96bbe26b61bb5e2faf17e3afffd37e8acf9f6cc6d7e1	0
p2e-04	0.0002	0.18597335493601927	independent-held-out-validated	7633ebb4a0d966dbda15a4e32d0efa492fb71aeb	tf	86	61180915be61455887ac261499455ac933cf976b292cab1a8180d759acc3ac2d	74.64	73.94	0.06	67624	39467	2601	899241	c98200f0d79b89950c1f5c731e312aea7c5f7448c27b3cf838effc995c0a9326	46a65b10462e48204bf435fb69868adc5b981d0314ba4f97230ff8a973389f71	0
p2e-04	0.0002	0.18597335493601927	independent-held-out-validated	7633ebb4a0d966dbda15a4e32d0efa492fb71aeb	tf	87	61180915be61455887ac261499455ac933cf976b292cab1a8180d759acc3ac2d	73.44	73.55	0.05	67492	40378	2606	919238	1928669ef261116743e4fff24870c1751f6a8967f23539aa79d80579932e623e	ea6a51f920fa59eda8eee5f7a94846822a18e5d9bf1428b7c6eeee799f0c9326	0
p2e-04	0.0002	0.18597335493601927	independent-held-out-validated	7633ebb4a0d966dbda15a4e32d0efa492fb71aeb	tf	88	61180915be61455887ac261499455ac933cf976b292cab1a8180d759acc3ac2d	74.45	74.47	0.05	67748	40622	2605	924582	6a34ca69bb27ae2e3a188b68040b504349858bfb79fc900c8d40cd3dcd83db76	d4a0d856cdf39ff8899b1914748329381bfdfd1c999c74149553efe42bc11744	0
p2e-04	0.0002	0.18597335493601927	independent-held-out-validated	7633ebb4a0d966dbda15a4e32d0efa492fb71aeb	tf	89	61180915be61455887ac261499455ac933cf976b292cab1a8180d759acc3ac2d	73.64	73.84	0.05	67620	41076	2604	934411	7731156514fe8ffa339331762efa321c2d56aa32899dfd93b82087533ca82277	1871b50016991b09f97c8a92c583af9c9f8d5a3052d2302b0680e87566fe3ca1	0
p2e-04	0.0002	0.18597335493601927	independent-held-out-validated	7633ebb4a0d966dbda15a4e32d0efa492fb71aeb	tf	90	61180915be61455887ac261499455ac933cf976b292cab1a8180d759acc3ac2d	74.94	73.98	0.05	67620	40171	2604	914607	190d6801b0d653a822e90e426cb55528236e4c542c80c9790269c4ae470bbf63	adb9e2a5d77bf29e29d0e6810c1855e1ee8f4b4772bed94e860569b7a6b42cf9	0
p2e-04	0.0002	0.18597335493601927	independent-held-out-validated	7633ebb4a0d966dbda15a4e32d0efa492fb71aeb	tf	91	61180915be61455887ac261499455ac933cf976b292cab1a8180d759acc3ac2d	73.66	73.82	0.05	67748	40604	2606	924167	7c0372b1992e88695f2fde595b9d61df2ffde645a475406dd85b1c67160c639b	913c9bd391927e4fb9e7efc38ba41301e2516ce1b592503c0e4f1f2cbba7c99c	0
p2e-04	0.0002	0.18597335493601927	independent-held-out-validated	7633ebb4a0d966dbda15a4e32d0efa492fb71aeb	tf	92	61180915be61455887ac261499455ac933cf976b292cab1a8180d759acc3ac2d	73.46	73.61	0.05	67748	41938	2600	953256	33b8f7af13b588b7350499478d9663b8a4d069b07e3bafeed97dd799969aa484	f8b550842018fcc86d86d6817650e6405afdb21fc7bdd99cc12296d2d66a6195	0
p2e-04	0.0002	0.18597335493601927	independent-held-out-validated	7633ebb4a0d966dbda15a4e32d0efa492fb71aeb	tf	93	61180915be61455887ac261499455ac933cf976b292cab1a8180d759acc3ac2d	76.74	76.99	0.07	67492	40559	2603	923278	778361014430307b6a659f36a3b42b7709d1b481e6f0afb798975b878f6e487b	679e3d1c118a57b136ad0c9cf7ee50da4b4813b4fc280ad30ffaef9d19188c5b	0
p2e-04	0.0002	0.18597335493601927	independent-held-out-validated	7633ebb4a0d966dbda15a4e32d0efa492fb71aeb	tf	94	61180915be61455887ac261499455ac933cf976b292cab1a8180d759acc3ac2d	74.06	74.2	0.05	67748	39101	2605	891176	3c7e9f38254c87e6f049126bb85cc7704ad21cc3269d7dceaa1f160f3d269060	cc2e10c4100edc2c6b27734ff4284e79a4de6fb68e2a27b4d986670b88776a4c	0
p2e-04	0.0002	0.18597335493601927	independent-held-out-validated	7633ebb4a0d966dbda15a4e32d0efa492fb71aeb	tf	95	61180915be61455887ac261499455ac933cf976b292cab1a8180d759acc3ac2d	73.57	73.71	0.04	67492	39482	2603	899512	e604fc3399bcbccc8762f665a6f27b92c8bc1e3cd3c86b3f65dba690ace1bf02	1a02858a11eac244fc41bf073ab69cb8336c3520765e13cd3ddf7e1deeb399bf	0
p2e-04	0.0002	0.18597335493601927	independent-held-out-validated	7633ebb4a0d966dbda15a4e32d0efa492fb71aeb	tf	96	61180915be61455887ac261499455ac933cf976b292cab1a8180d759acc3ac2d	78.89	79.24	0.06	67624	42017	2606	954986	1eae1f75de85008aa068755ac7a20fc68d1b15589a9cebcae46a427420473983	0d04442a81dcb852fbae748ed92304f9b4596bffe9966321ded846eced3070ed	0
p2e-04	0.0002	0.18597335493601927	independent-held-out-validated	7633ebb4a0d966dbda15a4e32d0efa492fb71aeb	tf	97	61180915be61455887ac261499455ac933cf976b292cab1a8180d759acc3ac2d	76.2	76.46	0.06	67748	41004	2603	932945	95bdffc49bc1e5c8b7336fa3e55c463b66f367b33be34a3baa9f33c85329e3a2	104430a0b55c7f80f9931282375b6f73a89da44e5112c310f5d545c27b211d60	0
p2e-04	0.0002	0.18597335493601927	independent-held-out-validated	7633ebb4a0d966dbda15a4e32d0efa492fb71aeb	tf	98	61180915be61455887ac261499455ac933cf976b292cab1a8180d759acc3ac2d	75.2	75.57	0.06	67748	41500	2606	943844	8e9b10415b45bc0be47e5e453e4cd89aee935a36ff31bf2bce541c3ac27c06e8	5c8848f0ecfe6101e56c52ddb92378e9ef11572a046aeb5fa9b721a9b63ddc55	0
p2e-04	0.0002	0.18597335493601927	independent-held-out-validated	7633ebb4a0d966dbda15a4e32d0efa492fb71aeb	tf	99	61180915be61455887ac261499455ac933cf976b292cab1a8180d759acc3ac2d	74.63	74.94	0.07	67748	41719	2603	948504	b9d8ad78f659fdcb068d51633cc0a5d22d3e9d3da8f476a5764c695fece871d3	b701315682b0463d6ffab863d941cb8764e56e75448e8ad52152218d588c6f42	0
p2e-04	0.0002	0.18597335493601927	independent-held-out-validated	7633ebb4a0d966dbda15a4e32d0efa492fb71aeb	tf	100	61180915be61455887ac261499455ac933cf976b292cab1a8180d759acc3ac2d	76.32	75.4	0.06	67620	41419	2604	942033	48af4981b6fdec7ba42d2a88acf057f5cb37348904cf4ac2e87e08739ae62b5b	ec22788c077f340104f18aaf14059b81950e506fc63b67f23c471b855490cfc5	0
p2e-04	0.0002	0.18597335493601927	independent-held-out-validated	7633ebb4a0d966dbda15a4e32d0efa492fb71aeb	sig	1	61180915be61455887ac261499455ac933cf976b292cab1a8180d759acc3ac2d	312.7	312.63	0.11	73344	141368	10672	3234141	894a4937cd736545aec3f5a04e054f653c3e26072c416a1b8e002950495c1027	913b8b1d6741fcd3fbf1c65816dbbe80d9ff18ff218f97ad44a9945a864e46b5	0
p2e-04	0.0002	0.18597335493601927	independent-held-out-validated	7633ebb4a0d966dbda15a4e32d0efa492fb71aeb	sig	2	61180915be61455887ac261499455ac933cf976b292cab1a8180d759acc3ac2d	320.93	321.44	0.16	73288	138015	10662	3160651	a473d807a39699c01833683a238bd1cb3933714e516802d73a1076e4b581838f	528fcd683a93c987205d704c4520eebde3bcabd89bdca256cc6bc08e907e8317	0
p2e-04	0.0002	0.18597335493601927	independent-held-out-validated	7633ebb4a0d966dbda15a4e32d0efa492fb71aeb	sig	3	61180915be61455887ac261499455ac933cf976b292cab1a8180d759acc3ac2d	349.2	349.32	0.13	72904	137021	10668	3139101	905a9232039b3ed4ca82f12a715a6af6c10b7ee0da126f591b6a210f433bb857	cbe1b37a80242313c45a6c577d3f110bc10ae72a63d54635de4a91254f593d14	0
p2e-04	0.0002	0.18597335493601927	independent-held-out-validated	7633ebb4a0d966dbda15a4e32d0efa492fb71aeb	sig	4	61180915be61455887ac261499455ac933cf976b292cab1a8180d759acc3ac2d	332.8	332.59	0.08	73040	140460	10653	3214155	7eb8d5c811ec71a797a59234ed4f93048ac97f950f514b05f121446dde62777d	e36dc1364a5d69f60faecd50f8305740574f17fc8aeb703c8dc1869731a8adae	0
p2e-04	0.0002	0.18597335493601927	independent-held-out-validated	7633ebb4a0d966dbda15a4e32d0efa492fb71aeb	sig	5	61180915be61455887ac261499455ac933cf976b292cab1a8180d759acc3ac2d	335.17	335.1	0.15	73160	138062	10668	3161731	bca18188bdd09f8e9f3674fd3c5c16b9360d387216cdcaf2b2159b3771e4c780	337a68866387cad6f1bfbcbd05f5a7ac31a9d4388774c09f74a049181ec9819d	0
p2e-04	0.0002	0.18597335493601927	independent-held-out-validated	7633ebb4a0d966dbda15a4e32d0efa492fb71aeb	sig	6	61180915be61455887ac261499455ac933cf976b292cab1a8180d759acc3ac2d	317.54	317.1	0.09	73372	138238	10662	3165918	924e5f23e5c1122b2bbc2d2e165a0a89ea061ab7dc964a090f90561348a19cb5	1b8772d247a4481bf7d56d55833a15b2c339673ac824a1c8fbd57605e603487a	0
p2e-04	0.0002	0.18597335493601927	independent-held-out-validated	7633ebb4a0d966dbda15a4e32d0efa492fb71aeb	sig	7	61180915be61455887ac261499455ac933cf976b292cab1a8180d759acc3ac2d	314.5	315.03	0.07	73676	144168	10660	3295713	8b1c720d9f35693a81c5cc784101748b6b1d0a6af82d93c508732f88a16eeaf4	1edf759a348a754a38c6b8c4d52e44129548be7c8059c8d2b065389698796d27	0
p2e-04	0.0002	0.18597335493601927	independent-held-out-validated	7633ebb4a0d966dbda15a4e32d0efa492fb71aeb	sig	8	61180915be61455887ac261499455ac933cf976b292cab1a8180d759acc3ac2d	312.23	312.5	0.1	74060	146761	10664	3352203	036473246d8c339707667986770f5d9c45f467fd74710f0f71866b1b60cfa11b	a58f151e2c62652d55fe7eef1f913e7f785a038afdfb7a69d314bbf0d26a1af5	0
p2e-04	0.0002	0.18597335493601927	independent-held-out-validated	7633ebb4a0d966dbda15a4e32d0efa492fb71aeb	sig	9	61180915be61455887ac261499455ac933cf976b292cab1a8180d759acc3ac2d	313.25	312.39	0.08	73544	141520	10652	3237649	3b37baefb5f26b5a42f9aeda09a2cc38e113eeecd891b56c96905332d53f406f	48cde3a830b076edd580c22dd3ffb8fce15fd08cb824ae7d6f13c29262352254	0
p2e-04	0.0002	0.18597335493601927	independent-held-out-validated	7633ebb4a0d966dbda15a4e32d0efa492fb71aeb	sig	10	61180915be61455887ac261499455ac933cf976b292cab1a8180d759acc3ac2d	316.26	316.68	0.1	73548	141763	10662	3242833	4c1475f5232fdfc0eddb45bb0039297cf1162b6f81d8afd46312acef5d7f76c4	94168751c5470c070184239d7e91a3fb9e68737874620e3341a43c67e43ff786	0
p2e-04	0.0002	0.18597335493601927	independent-held-out-validated	7633ebb4a0d966dbda15a4e32d0efa492fb71aeb	sig	11	61180915be61455887ac261499455ac933cf976b292cab1a8180d759acc3ac2d	320.26	319.45	0.15	73416	139587	10663	3195323	3ebf009478fc51338c7c40cb9e7e49ec6eb0c45d1b8391373692c29600fca1c1	9c1ccfcdc6345e38644e47ed19d8850b49c9ecc1277b75b958a0bc86a5c6686a	0
p2e-04	0.0002	0.18597335493601927	independent-held-out-validated	7633ebb4a0d966dbda15a4e32d0efa492fb71aeb	sig	12	61180915be61455887ac261499455ac933cf976b292cab1a8180d759acc3ac2d	314.0	314.56	0.11	73396	141367	10666	3234211	0caffc63d174ce8d5a4feac5f849dd6fae26fa3e445357fe98821fbe54aac8a5	476ced5acf22223fe2b51fd5aced611d2c6c9e437529de24612cfb5c8ced2be4	0
p2e-04	0.0002	0.18597335493601927	independent-held-out-validated	7633ebb4a0d966dbda15a4e32d0efa492fb71aeb	sig	13	61180915be61455887ac261499455ac933cf976b292cab1a8180d759acc3ac2d	308.81	310.08	0.07	72776	133334	10660	3058289	104d40e746d7f69937ef7a1deb8c9db2631bc056fc42699624b07ce398691f22	8f2adcc750d15e93659794e53c295700d6f7125cdd7fcd18cffa85be5410db2e	0
p2e-04	0.0002	0.18597335493601927	independent-held-out-validated	7633ebb4a0d966dbda15a4e32d0efa492fb71aeb	sig	14	61180915be61455887ac261499455ac933cf976b292cab1a8180d759acc3ac2d	309.11	307.63	0.09	72776	133942	10666	3071445	3e5da423be2473ed7488a90176fcc58139457282d7a1424ec7764e3cfc6e759c	0228a9ebd6699ccdc8d8dae3bc3dcf9d336fca559e90fffe51de3a54b13d8e61	0
p2e-04	0.0002	0.18597335493601927	independent-held-out-validated	7633ebb4a0d966dbda15a4e32d0efa492fb71aeb	sig	15	61180915be61455887ac261499455ac933cf976b292cab1a8180d759acc3ac2d	304.36	304.26	0.06	73672	142219	10663	3252777	e3a094434355890c4dfce6fe0e62650ec8dd56f8f90e84c57366713dc3e7f6e6	a154dcb10b7bfc119f168fda07f36e1be75efd0844befaf57e63ccffbad883d0	0
p2e-04	0.0002	0.18597335493601927	independent-held-out-validated	7633ebb4a0d966dbda15a4e32d0efa492fb71aeb	sig	16	61180915be61455887ac261499455ac933cf976b292cab1a8180d759acc3ac2d	307.79	308.14	0.11	73672	141603	10661	3239326	a2cec3cfe508da3d44c696a35329b3038f6a8935e2e523397d67049ceda8a357	35ed51638f064da682cd485b45bd9ae5be943cd240b7dffaba5712509487bcca	0
p2e-04	0.0002	0.18597335493601927	independent-held-out-validated	7633ebb4a0d966dbda15a4e32d0efa492fb71aeb	sig	17	61180915be61455887ac261499455ac933cf976b292cab1a8180d759acc3ac2d	304.89	304.8	0.09	73672	136265	10664	3122321	e04b4c15f093572b06eb5846655fbbc66376f4a112de38c2f1dbbd9ae7eb1eac	e07e233433230aa3b67036dabec7ec11540bedc93b9d5f727b9526ded0a1d65a	0
p2e-04	0.0002	0.18597335493601927	independent-held-out-validated	7633ebb4a0d966dbda15a4e32d0efa492fb71aeb	sig	18	61180915be61455887ac261499455ac933cf976b292cab1a8180d759acc3ac2d	305.25	304.43	0.07	72904	135043	10665	3095726	f9601c74eb38be3d5b16fe0b0901ec35628b48ded17bc4b02b7d1725dd7758cc	359698fec265f227b1b47c5cb7e76e2a4d0297dc567b0b30f593131824c0e8d9	0
p2e-04	0.0002	0.18597335493601927	independent-held-out-validated	7633ebb4a0d966dbda15a4e32d0efa492fb71aeb	sig	19	61180915be61455887ac261499455ac933cf976b292cab1a8180d759acc3ac2d	315.5	315.83	0.11	73288	139364	10662	3190264	ac56d574ed48829260d933dfdd7d39cc8578be895387a09f65a7fe95abcdf7ec	ed8528ecfb1dd020a8cdca72ce9420724831475c00ca952442a17e801789a3ad	0
p2e-04	0.0002	0.18597335493601927	independent-held-out-validated	7633ebb4a0d966dbda15a4e32d0efa492fb71aeb	sig	20	61180915be61455887ac261499455ac933cf976b292cab1a8180d759acc3ac2d	346.14	346.55	0.13	73164	142353	10661	3255691	455149246de18b9bdee702e4b13127727e4777d10f290858750fc747a7c7f1c0	5826db99a01d9d5f5951e5622fab132767be2c33d8f40c10cd6e5a865bfb00ac	0
p2e-04	0.0002	0.18597335493601927	independent-held-out-validated	7633ebb4a0d966dbda15a4e32d0efa492fb71aeb	sig	21	61180915be61455887ac261499455ac933cf976b292cab1a8180d759acc3ac2d	312.73	311.96	0.1	73544	143368	10664	3277923	5349ebb4ca63c7f30d029851a3ea578cd1451a8c8cbd770881144e1e3ec7efd5	764bb5c52e8c4080e2c5c9f8feb639428f809e14584d9c66f04d124f2e8555d4	0
p2e-04	0.0002	0.18597335493601927	independent-held-out-validated	7633ebb4a0d966dbda15a4e32d0efa492fb71aeb	sig	22	61180915be61455887ac261499455ac933cf976b292cab1a8180d759acc3ac2d	310.37	310.64	0.06	73160	137121	10659	3141260	5bb8487543b702ff3eb501392eb34f1aeedcf26d49f96a091c516d3d142b5ae0	fca435cc582b009b84cbf3a5cdecdd48c3d37675e1a047dfd1b4972af2b0b24f	0
p2e-04	0.0002	0.18597335493601927	independent-held-out-validated	7633ebb4a0d966dbda15a4e32d0efa492fb71aeb	sig	23	61180915be61455887ac261499455ac933cf976b292cab1a8180d759acc3ac2d	320.59	319.99	0.09	73416	136835	10658	3134753	ae6ba1fb8d217907d58cdf150bce6a425289dccddeb9dbebf595286e4a9d1067	eb67d1b10a885e5409903a26bd38c5b957143697cec5f009ce6ce22d84f5a9dd	0
p2e-04	0.0002	0.18597335493601927	independent-held-out-validated	7633ebb4a0d966dbda15a4e32d0efa492fb71aeb	sig	24	61180915be61455887ac261499455ac933cf976b292cab1a8180d759acc3ac2d	312.85	312.02	0.06	73416	141020	10664	3226472	5e685a3fa272b312df60edc328b34aeabf4815c7b3fbdc66c0847f97370c50c2	9bcdf0edaa22910b2c1acf9292d1cf89698f8f99f5f1917291f87ac85b82f0fd	0
p2e-04	0.0002	0.18597335493601927	independent-held-out-validated	7633ebb4a0d966dbda15a4e32d0efa492fb71aeb	sig	25	61180915be61455887ac261499455ac933cf976b292cab1a8180d759acc3ac2d	313.11	313.52	0.11	73380	137779	10668	3155631	2efcf9253d1fb7e9c153e1359a084feeb29bb5b768d0ca9d1286513580b92af5	4298338f50944713c94ecc2d051add9af872f295904bf5f24c3f47319b5e377e	0
p2e-04	0.0002	0.18597335493601927	independent-held-out-validated	7633ebb4a0d966dbda15a4e32d0efa492fb71aeb	sig	26	61180915be61455887ac261499455ac933cf976b292cab1a8180d759acc3ac2d	311.41	311.72	0.07	73164	137401	10659	3147282	63a38c38ab740bd0422e0a074709c633a57728025cfd3523ceb5c0cf37e9a525	e770f0962c3aa8ca407f0ea67b1f591280cbcf075e66e5bdd2f8b3301ea6ac47	0
p2e-04	0.0002	0.18597335493601927	independent-held-out-validated	7633ebb4a0d966dbda15a4e32d0efa492fb71aeb	sig	27	61180915be61455887ac261499455ac933cf976b292cab1a8180d759acc3ac2d	313.77	312.86	0.09	73160	136226	10660	3121720	7b1691afd40c1cced757fbb8aa02886225a3ee58aadd61641e1615b22e8cf9df	8753ee035fca9a8c1d75cd47bd11519cd6262fe9667ecced3b03414a8c2f7cde	0
p2e-04	0.0002	0.18597335493601927	independent-held-out-validated	7633ebb4a0d966dbda15a4e32d0efa492fb71aeb	sig	28	61180915be61455887ac261499455ac933cf976b292cab1a8180d759acc3ac2d	309.9	310.19	0.08	73544	137807	10668	3156545	c1201ada5006c692e470066d9e512145d1b4cfdebcfb2dcbde24ae44cbdc84a7	8431af3f64ea3ffc768a203608685c7b74f44a9e80b01e7db7dca72762975f31	0
p2e-04	0.0002	0.18597335493601927	independent-held-out-validated	7633ebb4a0d966dbda15a4e32d0efa492fb71aeb	sig	29	61180915be61455887ac261499455ac933cf976b292cab1a8180d759acc3ac2d	310.85	311.19	0.09	73160	137780	10669	3156117	af2f46882d2a20298a16d037e78fcfe8ff8c44a098884a4a357f67b637e77e16	9e6dd60256da4296414ababd06549a5b53ee40d672245ab8dfe35568bb2d3bf9	0
p2e-04	0.0002	0.18597335493601927	independent-held-out-validated	7633ebb4a0d966dbda15a4e32d0efa492fb71aeb	sig	30	61180915be61455887ac261499455ac933cf976b292cab1a8180d759acc3ac2d	310.24	310.47	0.12	73544	146984	10663	3357029	28c8aca71e0bb413281594bb4d0fef6840a1bbbe30f382e6c03b0234ec224828	2c53150f077e84ec59766c43bfb97f67789840b76d0f2f80a32133043b59b0f7	0
p2e-04	0.0002	0.18597335493601927	independent-held-out-validated	7633ebb4a0d966dbda15a4e32d0efa492fb71aeb	sig	31	61180915be61455887ac261499455ac933cf976b292cab1a8180d759acc3ac2d	312.0	312.29	0.1	73548	141480	10659	3236093	b7c28b9de548714818c9408eb101c1483ad2c04bfe27c7d2fa28219a880cff29	0a5f9ceef05fe074097cdd42466c5c3aebbf034b2a2fa1163662af9904f50673	0
p2e-04	0.0002	0.18597335493601927	independent-held-out-validated	7633ebb4a0d966dbda15a4e32d0efa492fb71aeb	sig	32	61180915be61455887ac261499455ac933cf976b292cab1a8180d759acc3ac2d	312.71	313.06	0.12	73416	142993	10673	3270008	ad302e3edc33558e83867d827a015cc2f467173df245ac086d45ffeba13af163	37fe7b5b9abdf338aa3290360aa8d9c87a93c07542d252acc59bd564fa0b1bdc	0
p2e-04	0.0002	0.18597335493601927	independent-held-out-validated	7633ebb4a0d966dbda15a4e32d0efa492fb71aeb	sig	33	61180915be61455887ac261499455ac933cf976b292cab1a8180d759acc3ac2d	310.42	310.65	0.1	73164	138574	10665	3173010	bf031c7dd0f603b8a8311e1e0ca9390761dff998fe3313799bd7516ed59e205e	4296f853e029c51ce704e98d1044168e370594d2cc836dbecb13239aa29a6eab	0
p2e-04	0.0002	0.18597335493601927	independent-held-out-validated	7633ebb4a0d966dbda15a4e32d0efa492fb71aeb	sig	34	61180915be61455887ac261499455ac933cf976b292cab1a8180d759acc3ac2d	316.52	315.81	0.14	73416	142679	10670	3262937	f2027a0fc45fc78492b3fef033415afae3f2ab1efcf7e3e26e11b01d6f5f3084	436db5c52d69bc70f5ea0b17d82d52f481df7e07b58c31c6d443e1c52be7411c	0
p2e-04	0.0002	0.18597335493601927	independent-held-out-validated	7633ebb4a0d966dbda15a4e32d0efa492fb71aeb	sig	35	61180915be61455887ac261499455ac933cf976b292cab1a8180d759acc3ac2d	311.94	312.24	0.08	72904	130864	10659	3004011	a14c4e0cc7138ce87e54ed26387b74dd8a581797c580ba24ebaafb623adc94ce	d9eed0b6a290eb53f6e0ff112370d5f1a48a816b83108522c8c4b68a1d9d5c76	0
p2e-04	0.0002	0.18597335493601927	independent-held-out-validated	7633ebb4a0d966dbda15a4e32d0efa492fb71aeb	sig	36	61180915be61455887ac261499455ac933cf976b292cab1a8180d759acc3ac2d	309.76	310.07	0.07	73332	141749	10662	3242484	104f3f9314c03f5c39059464ed0792b306e8cbb44364d556ed6714f816e5a80d	0357cab71909593f04c6084422fc91546c95b8f54a2384b1405bc871165c4c78	0
p2e-04	0.0002	0.18597335493601927	independent-held-out-validated	7633ebb4a0d966dbda15a4e32d0efa492fb71aeb	sig	37	61180915be61455887ac261499455ac933cf976b292cab1a8180d759acc3ac2d	310.9	311.28	0.07	73396	139308	10662	3189018	976e79455334289bd0046c8dbaf8f122e0039de570684cec25baee5045744829	cc6e924170ece47d62cec36eb4760436e09e7ad65a192dc7846f73eff323d90a	0
p2e-04	0.0002	0.18597335493601927	independent-held-out-validated	7633ebb4a0d966dbda15a4e32d0efa492fb71aeb	sig	38	61180915be61455887ac261499455ac933cf976b292cab1a8180d759acc3ac2d	311.64	310.73	0.08	73544	146939	10660	3356118	11b5b4aa89815119c8a53e599847479d7538ffd68100bebf2209f8e70577d40b	4012e4546ea6905cb34ad989764096253baf26b689469a2a066178fe50ab3f4a	0
p2e-04	0.0002	0.18597335493601927	independent-held-out-validated	7633ebb4a0d966dbda15a4e32d0efa492fb71aeb	sig	39	61180915be61455887ac261499455ac933cf976b292cab1a8180d759acc3ac2d	310.88	311.13	0.12	73416	143229	10666	3275028	6c04185c37ab28c61bfd23ba1a3c01f15e138425babafb99f16afb27f675c087	fdba0d3280488033caa7e665cb9cd7b1059a0afc769f470519c77a4ba973b5f0	0
p2e-04	0.0002	0.18597335493601927	independent-held-out-validated	7633ebb4a0d966dbda15a4e32d0efa492fb71aeb	sig	40	61180915be61455887ac261499455ac933cf976b292cab1a8180d759acc3ac2d	311.29	311.51	0.11	73416	140486	10665	3215209	cf1da1ff7e62c5b22a75704d58808d9f9a24b0263782493c2c5d561cbeef5a4f	912ab358c09c678faed5a992d4d438b9f537054c437603c1f23de5879bbe730f	0
p2e-04	0.0002	0.18597335493601927	independent-held-out-validated	7633ebb4a0d966dbda15a4e32d0efa492fb71aeb	sig	41	61180915be61455887ac261499455ac933cf976b292cab1a8180d759acc3ac2d	313.32	313.85	0.07	73548	137604	10667	3151793	3fd154ecc8baeb0358fdd9ad58784ebf436490839d612dbcab80be7372bb7cb4	b8ff5bfb85c136acf8462f50cf4723b4772b78dd748b4725653498e76fc4feda	0
p2e-04	0.0002	0.18597335493601927	independent-held-out-validated	7633ebb4a0d966dbda15a4e32d0efa492fb71aeb	sig	42	61180915be61455887ac261499455ac933cf976b292cab1a8180d759acc3ac2d	324.26	323.61	0.13	73036	134981	10668	3094446	02c2cf3b0443c54de35a9c6435b362f4fb520f56aed3f9eeacb927cd644188ee	e0fcf741363d75d812968bfdce86a387d5b362a31211c681dd33fff008788748	0
p2e-04	0.0002	0.18597335493601927	independent-held-out-validated	7633ebb4a0d966dbda15a4e32d0efa492fb71aeb	sig	43	61180915be61455887ac261499455ac933cf976b292cab1a8180d759acc3ac2d	329.34	329.04	0.11	73928	147042	10669	3358682	fa5125125a99f17da30861a91e5fe7fd79fa23aafe5bedb700d29b937719c957	209e3d2310d04728d75a5d0e076746deb2ff3c7a28de645c02ab19f1b42d6062	0
p2e-04	0.0002	0.18597335493601927	independent-held-out-validated	7633ebb4a0d966dbda15a4e32d0efa492fb71aeb	sig	44	61180915be61455887ac261499455ac933cf976b292cab1a8180d759acc3ac2d	301.1	301.0	0.06	73928	139176	10657	3186249	0607e83f035611ebef5b6b7acc7fe82dbd83febaf10c9fc682b93e58e07f80a7	b6a84b98f0ca0420580b0909c525aae85386b2bf077e7b06495336065fd8f152	0
p2e-04	0.0002	0.18597335493601927	independent-held-out-validated	7633ebb4a0d966dbda15a4e32d0efa492fb71aeb	sig	45	61180915be61455887ac261499455ac933cf976b292cab1a8180d759acc3ac2d	346.8	347.21	0.12	73420	139822	10661	3200448	1df234e55a47aeca228a5fb1209aa916c44e052cada1186802295631470129cf	9704cc40f9bee40a33fdcb4c629226471295d26173deb0741b7a1381bf167048	0
p2e-04	0.0002	0.18597335493601927	independent-held-out-validated	7633ebb4a0d966dbda15a4e32d0efa492fb71aeb	sig	46	61180915be61455887ac261499455ac933cf976b292cab1a8180d759acc3ac2d	327.8	327.44	0.1	73544	136541	10666	3128661	e4885ce9e74d62289017cca88fc97162db149c33ec7d97ebc21f6916f450b67f	e45a49fc85959c41f9fe340afca9590b50d8a0a5c8add690cc0912269c502819	0
p2e-04	0.0002	0.18597335493601927	independent-held-out-validated	7633ebb4a0d966dbda15a4e32d0efa492fb71aeb	sig	47	61180915be61455887ac261499455ac933cf976b292cab1a8180d759acc3ac2d	304.55	304.58	0.08	73164	138496	10661	3171439	bae8e8b2a6f231d8420fb2f0c6ccb05d6927281425541936a485036dc3563cbd	6746ab342dbfbcc8ae61372923809636137f54ed06a1574bdfa7b040e04972f7	0
p2e-04	0.0002	0.18597335493601927	independent-held-out-validated	7633ebb4a0d966dbda15a4e32d0efa492fb71aeb	sig	48	61180915be61455887ac261499455ac933cf976b292cab1a8180d759acc3ac2d	328.0	327.73	0.06	72776	135990	10659	3116715	cdf9708b7a4359d08538fdc38ab02782f31bfecacfdc6d20168e28fb5fd5acc7	b1429baa197b191bf008249f637e0345641a2495d24c0fec861f4a69231d06ca	0
p2e-04	0.0002	0.18597335493601927	independent-held-out-validated	7633ebb4a0d966dbda15a4e32d0efa492fb71aeb	sig	49	61180915be61455887ac261499455ac933cf976b292cab1a8180d759acc3ac2d	325.39	324.9	0.1	73416	135515	10655	3105998	53a7bd0ac396e166e1b7e914f4cdae42d9e32b4f8f82ff46346695b46590551f	c8cc8a958c0df8a624a2ace64a2e0177ee13d91328a2db508cef232b2b8c6cad	0
p2e-04	0.0002	0.18597335493601927	independent-held-out-validated	7633ebb4a0d966dbda15a4e32d0efa492fb71aeb	sig	50	61180915be61455887ac261499455ac933cf976b292cab1a8180d759acc3ac2d	306.59	306.82	0.09	73032	139917	10662	3202344	fb840a29eb9776903e1b26457d4024b5c2807e57e239684a06552e41378f4133	ca41c6149a339387aa174421620b9637bab418746e75af029c64e97e26034911	0
p2e-04	0.0002	0.18597335493601927	independent-held-out-validated	7633ebb4a0d966dbda15a4e32d0efa492fb71aeb	sig	51	61180915be61455887ac261499455ac933cf976b292cab1a8180d759acc3ac2d	313.46	312.63	0.07	73800	145063	10669	3315239	d5426b386c20444c91a009d01e7dce75f5391340b9833bf63e2ea8aba1c2b9ac	572f266870117d35a1a93a472fc876ef17bc0e443ac82ba6058dd7e6f01e2a74	0
p2e-04	0.0002	0.18597335493601927	independent-held-out-validated	7633ebb4a0d966dbda15a4e32d0efa492fb71aeb	sig	52	61180915be61455887ac261499455ac933cf976b292cab1a8180d759acc3ac2d	302.13	302.1	0.08	72648	134233	10664	3078177	616a6ca02d3448f2508c44d5be2c13e554a9876c0257c9de4db597427cc7e147	47c4577b88fc51403a1547c18dc87e9d9666097877ddf6a1a0fabef35981a57e	0
p2e-04	0.0002	0.18597335493601927	independent-held-out-validated	7633ebb4a0d966dbda15a4e32d0efa492fb71aeb	sig	53	61180915be61455887ac261499455ac933cf976b292cab1a8180d759acc3ac2d	300.9	300.8	0.09	73160	140013	10655	3204218	2f0a3df74cd8f936d455ddcc596f54afaf159ad903bd0c3206d90d9d6217f916	70785e9e48ac1f62ff9cd35b78950a6de04be0307b8228bb89a47443101d22f0	0
p2e-04	0.0002	0.18597335493601927	independent-held-out-validated	7633ebb4a0d966dbda15a4e32d0efa492fb71aeb	sig	54	61180915be61455887ac261499455ac933cf976b292cab1a8180d759acc3ac2d	303.13	303.17	0.08	73420	140446	10663	3214026	e3a352d4de3afdd10bf272b293534e5d6804bbbd1f65adaa01764a88ae0cf6bc	25d36c5553e0ee73b83aa8ae33241b76a083520bd4da8695a2fb760449a1742b	0
p2e-04	0.0002	0.18597335493601927	independent-held-out-validated	7633ebb4a0d966dbda15a4e32d0efa492fb71aeb	sig	55	61180915be61455887ac261499455ac933cf976b292cab1a8180d759acc3ac2d	302.63	302.49	0.07	73032	139545	10666	3194252	b483224e84d1daf8855aa8587fa2f3ca0789e9b662ef3df280295de967e45bc8	07aaa3478cceac8e5948035472a49ae50ab8e7fd9511e8274a38e89bdb96e7c3	0
p2e-04	0.0002	0.18597335493601927	independent-held-out-validated	7633ebb4a0d966dbda15a4e32d0efa492fb71aeb	sig	56	61180915be61455887ac261499455ac933cf976b292cab1a8180d759acc3ac2d	303.46	302.05	0.1	72780	136218	10667	3121506	8d655a959c272f2cc326bb9d3e35f9b649d52c2594fde6d02305aafd51bbf6db	f6749a2576539faea4728782aa33deaed88d0ca9e9a504aa2d88682eb160991d	0
p2e-04	0.0002	0.18597335493601927	independent-held-out-validated	7633ebb4a0d966dbda15a4e32d0efa492fb71aeb	sig	57	61180915be61455887ac261499455ac933cf976b292cab1a8180d759acc3ac2d	303.67	303.66	0.09	73748	138143	10669	3163550	3ab7b37de751e884e2d9b9d3b195cb4c1617bc5dcaeb709c3e593af6c1d4ffe6	c2a5ac32f4c7bc7ba78485ce8fc7f6fda3d1cf27be0a7e7db0710c9a7d8e700a	0
p2e-04	0.0002	0.18597335493601927	independent-held-out-validated	7633ebb4a0d966dbda15a4e32d0efa492fb71aeb	sig	58	61180915be61455887ac261499455ac933cf976b292cab1a8180d759acc3ac2d	302.74	302.62	0.09	73160	139828	10669	3200463	628c611b0a88d442804acce6695f45b24f136dc6e1801d202330f3b14d15f805	86c1ae6729cf6f48ce1aa73e0a3198fc319ccf2ae4565f88b6d3ec9c838aea57	0
p2e-04	0.0002	0.18597335493601927	independent-held-out-validated	7633ebb4a0d966dbda15a4e32d0efa492fb71aeb	sig	59	61180915be61455887ac261499455ac933cf976b292cab1a8180d759acc3ac2d	298.23	298.06	0.06	73676	138599	10668	3173486	063804fdd4785eab88b4a91248784dd149b24a06a506e01698410a9336481e3c	d18ba18702b5946151b2d9f124b62157a8651a3758f0ef91f45b75230ae70973	0
p2e-04	0.0002	0.18597335493601927	independent-held-out-validated	7633ebb4a0d966dbda15a4e32d0efa492fb71aeb	sig	60	61180915be61455887ac261499455ac933cf976b292cab1a8180d759acc3ac2d	299.93	299.82	0.08	73672	143257	10665	3275598	6cbb5b0d374d199eeac42f3be6a3a222a77ff42c6aaa8f47e4f5eab4ab3ca24d	ff1f10ab26774baf2c5c8935de855f8d9939fd5527d976c48b026cedc04b4cef	0
p2e-04	0.0002	0.18597335493601927	independent-held-out-validated	7633ebb4a0d966dbda15a4e32d0efa492fb71aeb	sig	61	61180915be61455887ac261499455ac933cf976b292cab1a8180d759acc3ac2d	299.46	299.18	0.08	73372	138249	10672	3166071	6440a1a7858d751f68348330ebae3039d8fc31d6ffda140c30391621854714e8	94420e78491d80e470bd987cbe447c8a3959860460194c83d9326c1890742f20	0
p2e-04	0.0002	0.18597335493601927	independent-held-out-validated	7633ebb4a0d966dbda15a4e32d0efa492fb71aeb	sig	62	61180915be61455887ac261499455ac933cf976b292cab1a8180d759acc3ac2d	298.54	298.5	0.1	73420	133985	10667	3072551	dd9b226c43b1206be92fda589ab101c8845ee02a89c05ab38115cf4b2e4f27c8	df124f9e2b56fbae707989bcceb5c933727621f866cdc5e0c8c696296000d1b6	0
p2e-04	0.0002	0.18597335493601927	independent-held-out-validated	7633ebb4a0d966dbda15a4e32d0efa492fb71aeb	sig	63	61180915be61455887ac261499455ac933cf976b292cab1a8180d759acc3ac2d	298.56	298.31	0.08	73288	136899	10657	3136053	b71dfcb97737c317e0153ac093f4774543bb2e5a2decaab5b129ad8e01293cb9	88f65fbfda4bab31c159ab3965582277ebce7a481d68c6813b232d68590aa104	0
p2e-04	0.0002	0.18597335493601927	independent-held-out-validated	7633ebb4a0d966dbda15a4e32d0efa492fb71aeb	sig	64	61180915be61455887ac261499455ac933cf976b292cab1a8180d759acc3ac2d	298.78	298.61	0.08	73288	137572	10661	3151064	ef5eab2cbc5fa33f0c99bd205f932eec498c41d132aa379fb096e1fed679e140	32e6d2e53a16f32749166b8add475001d709cfb6f41cecc7eddc12fbbb9f2378	0
p2e-04	0.0002	0.18597335493601927	independent-held-out-validated	7633ebb4a0d966dbda15a4e32d0efa492fb71aeb	sig	65	61180915be61455887ac261499455ac933cf976b292cab1a8180d759acc3ac2d	298.19	298.11	0.06	73164	143899	10664	3289417	7c5589888e97df06ec61894b45d0a84b86c9ae175419562f2a84a0947724dae3	65a467408c565008599c183e2d736a6e2036bd6110433d209c12fe512d5e23ae	0
p2e-04	0.0002	0.18597335493601927	independent-held-out-validated	7633ebb4a0d966dbda15a4e32d0efa492fb71aeb	sig	66	61180915be61455887ac261499455ac933cf976b292cab1a8180d759acc3ac2d	301.57	301.6	0.08	73288	137900	10668	3158383	04f4bd51c62c7b0fb69665c785dab93c8a3ed9f6df51d510c5b6fd04b69ebe28	d29e80c909d0a438ee0fc919d666fe4146dc4510e34af319b26725817593c9ac	0
p2e-04	0.0002	0.18597335493601927	independent-held-out-validated	7633ebb4a0d966dbda15a4e32d0efa492fb71aeb	sig	67	61180915be61455887ac261499455ac933cf976b292cab1a8180d759acc3ac2d	298.02	297.9	0.09	72988	138742	10659	3176841	4191d8792d83f62a57da978f5173c19c8b5d840049e54a3013004cfbe9cb34f2	3577128ef249215a9b7165ec1f7d02bab3011245544dee4673fb4789b5215db2	0
p2e-04	0.0002	0.18597335493601927	independent-held-out-validated	7633ebb4a0d966dbda15a4e32d0efa492fb71aeb	sig	68	61180915be61455887ac261499455ac933cf976b292cab1a8180d759acc3ac2d	299.21	299.09	0.05	73544	142846	10672	3266567	2be02a700278e04110cf8041c1c330ce0f49b390e49b039a84ab04e288eb8425	80593cc5fd5592a499f256352b687c3ffb009bee96d3745a29dab4ae00673ec2	0
p2e-04	0.0002	0.18597335493601927	independent-held-out-validated	7633ebb4a0d966dbda15a4e32d0efa492fb71aeb	sig	69	61180915be61455887ac261499455ac933cf976b292cab1a8180d759acc3ac2d	297.63	297.4	0.07	73548	136599	10664	3129705	caa9ce762ea8d1c52c6fc4dbc581f29255bc277444fc7844cb32dd7bd472757d	c6dbb28945398419ed0d2df049429f0cb67871ff9a5c30f1f8d6602644e206d8	0
p2e-04	0.0002	0.18597335493601927	independent-held-out-validated	7633ebb4a0d966dbda15a4e32d0efa492fb71aeb	sig	70	61180915be61455887ac261499455ac933cf976b292cab1a8180d759acc3ac2d	299.42	299.29	0.07	73496	138856	10669	3179357	e5d4e85307acec5f94ade56a65756fb5e05c63f194c656af5bd62cf5c6405111	8922feaed1a9a5044c4be7e5578b17bf88821eb17d5a82257577d1f5224a6938	0
p2e-04	0.0002	0.18597335493601927	independent-held-out-validated	7633ebb4a0d966dbda15a4e32d0efa492fb71aeb	sig	71	61180915be61455887ac261499455ac933cf976b292cab1a8180d759acc3ac2d	298.32	298.28	0.08	73160	142461	10661	3258042	c26516493f466ae939b8c2d91d4083d14dd4729f45b5f30a799a4158d04e5f36	cc4d5f1bd7b95e05728d8ed3b1f14e847d0ded2f0c73c561d60bd00dfecc435a	0
p2e-04	0.0002	0.18597335493601927	independent-held-out-validated	7633ebb4a0d966dbda15a4e32d0efa492fb71aeb	sig	72	61180915be61455887ac261499455ac933cf976b292cab1a8180d759acc3ac2d	298.31	298.05	0.08	73288	140415	10667	3213222	813478f4f3d99c0fdd3f3057e3d15029d1b564d649d45b2a677fe4fe1d46a00c	98d3aac9f1ebf093fb8d975d864847e253a4050abef0e5493fe95e0c2818eeaf	0
p2e-04	0.0002	0.18597335493601927	independent-held-out-validated	7633ebb4a0d966dbda15a4e32d0efa492fb71aeb	sig	73	61180915be61455887ac261499455ac933cf976b292cab1a8180d759acc3ac2d	300.88	300.77	0.1	73288	142225	10667	3253241	7e8eee0081b424c4ab4c165c8aa0d973fc03f8deb2f5e51681238f58aa8f90b8	ee2aec5dd4233c8df1fb6d926743e93ce006ac6bbab219eaff46419b1ad4eaec	0
p2e-04	0.0002	0.18597335493601927	independent-held-out-validated	7633ebb4a0d966dbda15a4e32d0efa492fb71aeb	sig	74	61180915be61455887ac261499455ac933cf976b292cab1a8180d759acc3ac2d	298.44	298.9	0.07	73060	139901	10663	3202240	0c964415cd597dd10a5e1bbc259244bfe70c2ee6ab3fe1e343c2c1fb21bc2dbd	1370802634029477ae3190cb4cf772c27e06c65c32f1eebb2d1e53c30f7b8b78	0
p2e-04	0.0002	0.18597335493601927	independent-held-out-validated	7633ebb4a0d966dbda15a4e32d0efa492fb71aeb	sig	75	61180915be61455887ac261499455ac933cf976b292cab1a8180d759acc3ac2d	298.36	298.15	0.07	73160	136801	10666	3134408	7a8a51f33c5c7d9d3a431d0e7b360043bf1ac47d43d766bfc811920ad1f7d234	879864af2b682fc35fff057142824db4009054c03dc71ad641e33e09e65bcd9b	0
p2e-04	0.0002	0.18597335493601927	independent-held-out-validated	7633ebb4a0d966dbda15a4e32d0efa492fb71aeb	sig	76	61180915be61455887ac261499455ac933cf976b292cab1a8180d759acc3ac2d	300.17	300.12	0.09	73160	132877	10661	3048516	8c9b6e6c8ef412b7bfb5aa5a47d45f23f340305797aeda4616e08fbec0d17d63	cea9cf742eb1feba3c676bade613d25b7f60692a600ef0ec80f8200cf1546088	0
p2e-04	0.0002	0.18597335493601927	independent-held-out-validated	7633ebb4a0d966dbda15a4e32d0efa492fb71aeb	sig	77	61180915be61455887ac261499455ac933cf976b292cab1a8180d759acc3ac2d	323.34	322.69	0.11	73672	141413	10663	3235259	1200a39734ccb9d1a56d3d8804f93f776c3c4ce22ae11e0a79092f9c604dc17a	c51bdc847ae97c3af1309353950349539d63ea1baf5d0746f653c12b322eb1c7	0
p2e-04	0.0002	0.18597335493601927	independent-held-out-validated	7633ebb4a0d966dbda15a4e32d0efa492fb71aeb	sig	78	61180915be61455887ac261499455ac933cf976b292cab1a8180d759acc3ac2d	301.68	301.58	0.09	73544	141337	10665	3233372	7845c2d465d6334d96e79eb49bdadaa48d44e6b1af3b92f369d0d91204e8eefc	e24cba8ea365ae462ac948c2c4ab9c151f9da62cd0c0214d0b128abe8511f828	0
p2e-04	0.0002	0.18597335493601927	independent-held-out-validated	7633ebb4a0d966dbda15a4e32d0efa492fb71aeb	sig	79	61180915be61455887ac261499455ac933cf976b292cab1a8180d759acc3ac2d	304.43	303.2	0.04	73928	144078	10661	3293563	d3f3fabfbd297f23fb305a2c78d6de8be093598e24de0aa4b833d7debe8115b8	9ee4dbde6081f20c312e223863da73eeed3ba5aa069633bd55994af1c86aa5b1	0
p2e-04	0.0002	0.18597335493601927	independent-held-out-validated	7633ebb4a0d966dbda15a4e32d0efa492fb71aeb	sig	80	61180915be61455887ac261499455ac933cf976b292cab1a8180d759acc3ac2d	304.56	304.66	0.08	73672	141062	10656	3227302	8161323267c9fd9e9a9c659f6c4488f3287abba8bc92035cfe995667eb2d151e	9bfbe58ab3d3bfd4ade6ac4a90cbd775dc11120796eccf14053f31f4983da555	0
p2e-04	0.0002	0.18597335493601927	independent-held-out-validated	7633ebb4a0d966dbda15a4e32d0efa492fb71aeb	sig	81	61180915be61455887ac261499455ac933cf976b292cab1a8180d759acc3ac2d	311.54	311.82	0.09	72908	139233	10670	3187373	c2acfb142f1f1544457dde0579bc0a89249257315d401c84f3277f35048cb9b7	945749166ded5e476de0ad2efe91543ff189ba3a2dbd23e3c3e93f3ec5a1a3d9	0
p2e-04	0.0002	0.18597335493601927	independent-held-out-validated	7633ebb4a0d966dbda15a4e32d0efa492fb71aeb	sig	82	61180915be61455887ac261499455ac933cf976b292cab1a8180d759acc3ac2d	308.85	309.01	0.11	73288	138482	10663	3171058	a6bed6375a15eeb7311e221596b9967d333cb187fec17c4003536c6e6413c3d4	46a1c50630c9057bce889df05cc2fb04addaadb1e0a8d8fe901f040b1845980a	0
p2e-04	0.0002	0.18597335493601927	independent-held-out-validated	7633ebb4a0d966dbda15a4e32d0efa492fb71aeb	sig	83	61180915be61455887ac261499455ac933cf976b292cab1a8180d759acc3ac2d	299.04	298.72	0.12	73416	139408	10665	3191478	739fb7a06abe26e1e999e98033dfc06c8b1980d6a9194c00bf5507064751e6be	586056901864b966bd907149c5680bc8a394d61fe80adf961e602a9c6b980d37	0
p2e-04	0.0002	0.18597335493601927	independent-held-out-validated	7633ebb4a0d966dbda15a4e32d0efa492fb71aeb	sig	84	61180915be61455887ac261499455ac933cf976b292cab1a8180d759acc3ac2d	301.78	301.82	0.11	73420	148679	10659	3394319	1e38f71c511139d9fae74f9aa79f15f17ab8b49e127a8499a7544302203fe375	9212d6786d72b509c23762be27980fdc48a14e2d8a949fb0342911bda34a7ba5	0
p2e-04	0.0002	0.18597335493601927	independent-held-out-validated	7633ebb4a0d966dbda15a4e32d0efa492fb71aeb	sig	85	61180915be61455887ac261499455ac933cf976b292cab1a8180d759acc3ac2d	299.56	298.8	0.08	72524	136169	10668	3120384	ed44d12790d0d865b8d97e925a630c3d1a3a96d285f578170b8557553f05e6ea	fe585d6fbe423d18be0e57a42065e41f574e0764c0a9fe7b90a2a8e9f9b82a9e	0
p2e-04	0.0002	0.18597335493601927	independent-held-out-validated	7633ebb4a0d966dbda15a4e32d0efa492fb71aeb	sig	86	61180915be61455887ac261499455ac933cf976b292cab1a8180d759acc3ac2d	299.62	299.45	0.07	73160	134679	10665	3087880	56573ef2561553ee63165f714fc1ad5c9e4cf55366e785f72427f90d24e098d7	bc47f4f61f99c60ee81b599bc0d78083497d8d915f1cbd91457d9ab3e8435513	0
p2e-04	0.0002	0.18597335493601927	independent-held-out-validated	7633ebb4a0d966dbda15a4e32d0efa492fb71aeb	sig	87	61180915be61455887ac261499455ac933cf976b292cab1a8180d759acc3ac2d	301.38	301.5	0.1	72908	137815	10665	3156559	63645651c18536272ca32d276c7cb752aebda8a768614045c5fb4c033683141f	d3263ec2275baa420bb40747b80a1599a202219f13748682371b7589aff6ea91	0
p2e-04	0.0002	0.18597335493601927	independent-held-out-validated	7633ebb4a0d966dbda15a4e32d0efa492fb71aeb	sig	88	61180915be61455887ac261499455ac933cf976b292cab1a8180d759acc3ac2d	300.49	300.37	0.05	73804	141046	10668	3227270	2a362a6bfa36bb122afbfc72cd52b96bb012e7e073620c7a84c091bb81c5d152	d9ccb174ce8f7af1619a5c6fb7945b0c91837dd07377431c542f5e50e36e0611	0
p2e-04	0.0002	0.18597335493601927	independent-held-out-validated	7633ebb4a0d966dbda15a4e32d0efa492fb71aeb	sig	89	61180915be61455887ac261499455ac933cf976b292cab1a8180d759acc3ac2d	300.79	300.68	0.09	73408	140561	10667	3216752	b35fa805d1669664fa0712f8469d9c975dc2a284d0dcd266e8fe4654ce197af5	34bf80315520068d31c60e819f4640835f7bd507e89b18df32afadf731d8b1d5	0
p2e-04	0.0002	0.18597335493601927	independent-held-out-validated	7633ebb4a0d966dbda15a4e32d0efa492fb71aeb	sig	90	61180915be61455887ac261499455ac933cf976b292cab1a8180d759acc3ac2d	298.22	297.89	0.09	73316	139269	10659	3188241	8c0326ddd3c6c45b961d4ff219fe7ccd7fcbff78c937e8c625f33691224e9187	338d8d7625b5043bb174fc0a51b02cdb842af260f5828ba0163e9f59ff95bdbd	0
p2e-04	0.0002	0.18597335493601927	independent-held-out-validated	7633ebb4a0d966dbda15a4e32d0efa492fb71aeb	sig	91	61180915be61455887ac261499455ac933cf976b292cab1a8180d759acc3ac2d	301.53	301.51	0.11	73416	139965	10662	3203660	2c63172fca22bd07cbaeb3ef2893b3d8e659f38636ffc2d3e5a1e4841b9850c6	a7e2b8240601fbe244f8494335a32b1c4bc469fa7a1359246218bee38657dd55	0
p2e-04	0.0002	0.18597335493601927	independent-held-out-validated	7633ebb4a0d966dbda15a4e32d0efa492fb71aeb	sig	92	61180915be61455887ac261499455ac933cf976b292cab1a8180d759acc3ac2d	299.19	299.04	0.06	73416	140201	10664	3208556	1fd3784496bfaff206d63511af65f649bd15dfc38d7b350f06a9374286b2c174	8f39d2adc80ae24b933c835436cb26b6f87427bdb056a49f38c2a9b93fae2d43	0
p2e-04	0.0002	0.18597335493601927	independent-held-out-validated	7633ebb4a0d966dbda15a4e32d0efa492fb71aeb	sig	93	61180915be61455887ac261499455ac933cf976b292cab1a8180d759acc3ac2d	297.96	297.85	0.09	73544	139062	10660	3183768	a047d7229e38b93aa3ec2783836aa92f30f54aecf4ef337c91fe3689c0c1d9f6	4b4c8b73caf512f7948ba3525deff267a90eaa1a0d3fbbafbeca9c0bde3d187f	0
p2e-04	0.0002	0.18597335493601927	independent-held-out-validated	7633ebb4a0d966dbda15a4e32d0efa492fb71aeb	sig	94	61180915be61455887ac261499455ac933cf976b292cab1a8180d759acc3ac2d	302.85	302.94	0.09	72768	136671	10665	3131632	00e0a2a5102d92c6230894f2b37a77ec9f96346ba57421eaee6e8d1a9831b207	ed0c48d098d93678b6675cefd35f0e06466c44fd9fc13ddf4a4bb36953d56a5a	0
p2e-04	0.0002	0.18597335493601927	independent-held-out-validated	7633ebb4a0d966dbda15a4e32d0efa492fb71aeb	sig	95	61180915be61455887ac261499455ac933cf976b292cab1a8180d759acc3ac2d	314.69	315.2	0.09	73160	135499	10672	3105838	cec3129ab719a242f0e90cbfa330a9a303bb4380c5a7e876578bd8021a0fc1a6	2cf08fd3f6032da3e4594ca5b0467b1c3ac28f1efff4a051553a51e6f925d2ee	0
p2e-04	0.0002	0.18597335493601927	independent-held-out-validated	7633ebb4a0d966dbda15a4e32d0efa492fb71aeb	sig	96	61180915be61455887ac261499455ac933cf976b292cab1a8180d759acc3ac2d	306.76	306.92	0.05	73544	141319	10665	3233063	3933dfbd19992b8ab3fa3d3ee34604d93b5a390a5259349eec8972913aa657c8	3d6b33959b0a812ef115dc82fc7cac62b148781e7b7358c7787d74cad34a67bb	0
p2e-04	0.0002	0.18597335493601927	independent-held-out-validated	7633ebb4a0d966dbda15a4e32d0efa492fb71aeb	sig	97	61180915be61455887ac261499455ac933cf976b292cab1a8180d759acc3ac2d	306.06	306.21	0.08	73416	140479	10663	3214568	94cc8e26daa47ddb8c6713f47ac13df6054d985284e70244b5a9310b67d4b14e	322110b400419e78b76f6986c7d4dc5450925ec3c322e73c6c42dc0bda1e3b5c	0
p2e-04	0.0002	0.18597335493601927	independent-held-out-validated	7633ebb4a0d966dbda15a4e32d0efa492fb71aeb	sig	98	61180915be61455887ac261499455ac933cf976b292cab1a8180d759acc3ac2d	305.7	306.03	0.08	73804	140643	10666	3218369	c6a2cbe3d4563951491c1daa405ee56886bfc754226ddc2fa6432fef637985f2	8fb2748cbc8a3b46a327bef4782c4547eb999ce2e37709af8ec44c0744a69283	0
p2e-04	0.0002	0.18597335493601927	independent-held-out-validated	7633ebb4a0d966dbda15a4e32d0efa492fb71aeb	sig	99	61180915be61455887ac261499455ac933cf976b292cab1a8180d759acc3ac2d	307.73	306.63	0.11	73416	139559	10663	3194676	40cef7da1ba51d7d6930e8290944439d3f75db950e4d69014d42e37afcff0e81	81753e0b1f210fff3ec94c2ee46f5a3eb816729ef399f2361c1828ab26f0c21b	0
p2e-04	0.0002	0.18597335493601927	independent-held-out-validated	7633ebb4a0d966dbda15a4e32d0efa492fb71aeb	sig	100	61180915be61455887ac261499455ac933cf976b292cab1a8180d759acc3ac2d	264.1	263.73	0.07	73416	141489	10664	3236896	311c7f6e42d98fe90cda19aba323eedf7e19b95e9bac35a3bca5ed66fa331f89	0e55b8daab9c4c6ca81ec4e43baedc721235283eb49c02a7a726d971fb072edd	0
p3e-04	0.0003	0.1766151028219412	independent-held-out-validated	7633ebb4a0d966dbda15a4e32d0efa492fb71aeb	tf	1	61180915be61455887ac261499455ac933cf976b292cab1a8180d759acc3ac2d	72.86	73.11	0.06	67824	52078	2608	1175332	7a66d183214f53c2e8aef2d656369040d9aca203baa6a28dc12e69c20217a2a7	423680a9aa93932209b95405191c99ee5f93a387d091341a11d589e84ae696cf	0
p3e-04	0.0003	0.1766151028219412	independent-held-out-validated	7633ebb4a0d966dbda15a4e32d0efa492fb71aeb	tf	2	61180915be61455887ac261499455ac933cf976b292cab1a8180d759acc3ac2d	77.88	78.2	0.04	68004	51004	2608	1151972	d2cd2e22aa5beae8dd37ef0eaac7982d0ac8ae2a4671b63d83d6860960315e64	84a4928b67c7aacceb4740860604a8f8e0c4b035bacb86161dcf09097e12cbcb	0
p3e-04	0.0003	0.1766151028219412	independent-held-out-validated	7633ebb4a0d966dbda15a4e32d0efa492fb71aeb	tf	3	61180915be61455887ac261499455ac933cf976b292cab1a8180d759acc3ac2d	83.05	82.6	0.09	67752	49762	2608	1124860	41a0dadac2fbd082b06f5ae4d7bbc9ead21b125b0f0c864db1f93e5e0cd8df3d	83effcee506cc3821a14d8b20463bcfec7115afe9899b8897974f9536d61f25f	0
p3e-04	0.0003	0.1766151028219412	independent-held-out-validated	7633ebb4a0d966dbda15a4e32d0efa492fb71aeb	tf	4	61180915be61455887ac261499455ac933cf976b292cab1a8180d759acc3ac2d	81.6	81.9	0.07	67876	50818	2608	1147900	7ed94fd4ee98fafff64c3f7a88dfd53eb49c17824bb85ff88104e220615ef88d	7e4f8bf660cd2eda34c9fb3a8017d91d9010d7c463f6016f433b8f0eec4b6d20	0
p3e-04	0.0003	0.1766151028219412	independent-held-out-validated	7633ebb4a0d966dbda15a4e32d0efa492fb71aeb	tf	5	61180915be61455887ac261499455ac933cf976b292cab1a8180d759acc3ac2d	83.47	82.96	0.1	67880	50852	2608	1148588	c552ae48124042c49baca3567dcc048ec447471214421afc42231fa5bc50b996	8fb4397a4b35b8f2845739f577ce4ce85004962e8123fe3b0f1d1add80c76e61	0
p3e-04	0.0003	0.1766151028219412	independent-held-out-validated	7633ebb4a0d966dbda15a4e32d0efa492fb71aeb	tf	6	61180915be61455887ac261499455ac933cf976b292cab1a8180d759acc3ac2d	80.79	80.29	0.06	67876	51531	2608	1163537	5d2af44d7676a383ba664b986310fb9d925c9190960a8e53405f0472aabd5c3b	08a09162dfaf405b1400e8d4f603d3858e056f4c0b8fa7db771874feedfc170b	0
p3e-04	0.0003	0.1766151028219412	independent-held-out-validated	7633ebb4a0d966dbda15a4e32d0efa492fb71aeb	tf	7	61180915be61455887ac261499455ac933cf976b292cab1a8180d759acc3ac2d	78.34	78.56	0.07	68132	53421	2608	1204888	c9937ba3b508b5e5c0be2a0cfbd1f33d2f61da8fa4663dbfa357fd359b9506d5	621005a792ae7cc9ccf97fc441ed288dd950d76c221b732abb714a7cf7f304a5	0
p3e-04	0.0003	0.1766151028219412	independent-held-out-validated	7633ebb4a0d966dbda15a4e32d0efa492fb71aeb	tf	8	61180915be61455887ac261499455ac933cf976b292cab1a8180d759acc3ac2d	77.99	78.41	0.04	68132	54821	2607	1235569	9324956fcb1f899fed7c690a06c262b1b85936ebeb1bff470cc21938c37be977	8fb95fa0d2460a6f44907e976a8dd26d21a6331514cd581ffa1c7b1b1d8bfca5	0
p3e-04	0.0003	0.1766151028219412	independent-held-out-validated	7633ebb4a0d966dbda15a4e32d0efa492fb71aeb	tf	9	61180915be61455887ac261499455ac933cf976b292cab1a8180d759acc3ac2d	75.81	76.09	0.06	68004	52519	2608	1185090	d064ed97c982ae9365bc55cc3f3a6ce08f40283e2b1d577627accdbf2b4429b5	1bcb1582c4eebe2fd7c85fb99b544fed6c875d57e4b71a9e3fe0c59127721af8	0
p3e-04	0.0003	0.1766151028219412	independent-held-out-validated	7633ebb4a0d966dbda15a4e32d0efa492fb71aeb	tf	10	61180915be61455887ac261499455ac933cf976b292cab1a8180d759acc3ac2d	77.58	76.81	0.07	68004	52876	2608	1192962	8c62c275628d73ce621c5c8caa54e137d1c57142b0118f296f6e1a4a3f2d6217	d86d7ff881a171906ce79e61fdf191d249f10b61ec615ffa76be95116b2f83f4	0
p3e-04	0.0003	0.1766151028219412	independent-held-out-validated	7633ebb4a0d966dbda15a4e32d0efa492fb71aeb	tf	11	61180915be61455887ac261499455ac933cf976b292cab1a8180d759acc3ac2d	80.31	80.65	0.06	68004	51284	2608	1158070	1ff6d7698b7101f5d2f6c35477cb914c4308edade5339752cd5db7b213c004cd	4b92424f53bf57c7357c8511ca5b91cf61f968ae6c27f74a9aca26da55745e60	0
p3e-04	0.0003	0.1766151028219412	independent-held-out-validated	7633ebb4a0d966dbda15a4e32d0efa492fb71aeb	tf	12	61180915be61455887ac261499455ac933cf976b292cab1a8180d759acc3ac2d	78.76	79.03	0.09	68008	52529	2608	1185434	da563b4844df19191fac102c7cc42ac78284976286a1fb40070d3a37d0d0014f	45154fcc6ab9b4f6d286b23e3e17d74085250909f67f7c9a0a78d1cdde20d572	0
p3e-04	0.0003	0.1766151028219412	independent-held-out-validated	7633ebb4a0d966dbda15a4e32d0efa492fb71aeb	tf	13	61180915be61455887ac261499455ac933cf976b292cab1a8180d759acc3ac2d	74.69	74.98	0.06	67748	49485	2607	1118681	bbaa2fc7006afe0eb10b67f756f155d94aedf66fe0da8efcfa26d0b31f529548	7f767c53364dc7fb79c39a14b2812beb1d6fdd2ebb6edc90b5911eed818cf38e	0
p3e-04	0.0003	0.1766151028219412	independent-held-out-validated	7633ebb4a0d966dbda15a4e32d0efa492fb71aeb	tf	14	61180915be61455887ac261499455ac933cf976b292cab1a8180d759acc3ac2d	74.63	74.81	0.04	67748	49414	2608	1117184	ac324bc2f89e2ca7ce5c0dc61111e0137a8ebb8c26d575745551ca37a9dc8103	1fddb32ef6d04958a75b2baf84f9141d2eb35b36fb6d01e6c52e0fad99809b2b	0
p3e-04	0.0003	0.1766151028219412	independent-held-out-validated	7633ebb4a0d966dbda15a4e32d0efa492fb71aeb	tf	15	61180915be61455887ac261499455ac933cf976b292cab1a8180d759acc3ac2d	75.35	75.3	0.04	68008	52574	2608	1186273	4f9cdc757939d2f82f5e3bd8f3c28c99d1626ae3f1ed829a89541cb5a27bf7ad	9a4968679a597ff200227cdd3459e5f920702ea9707556f2912be5c9f7d9ad63	0
p3e-04	0.0003	0.1766151028219412	independent-held-out-validated	7633ebb4a0d966dbda15a4e32d0efa492fb71aeb	tf	16	61180915be61455887ac261499455ac933cf976b292cab1a8180d759acc3ac2d	74.88	75.05	0.07	68004	53258	2606	1201255	e4b0593f16c1f61309d25ebeaad89ae7a148c835fb43aec47548954e33880952	02afee93e970b5c518e3d0a1f9f747d291441ef981d2063c854cdcb68df85115	0
p3e-04	0.0003	0.1766151028219412	independent-held-out-validated	7633ebb4a0d966dbda15a4e32d0efa492fb71aeb	tf	17	61180915be61455887ac261499455ac933cf976b292cab1a8180d759acc3ac2d	74.57	74.79	0.07	68132	50750	2608	1146361	29d5cbf90728752e89e01039fb675f4748501f0c9cfc7bfcc5eda247528df10d	e8c1ae5146783707c0cfc97a97625af9870e11dcdca0c5d854b9911006268ef3	0
p3e-04	0.0003	0.1766151028219412	independent-held-out-validated	7633ebb4a0d966dbda15a4e32d0efa492fb71aeb	tf	18	61180915be61455887ac261499455ac933cf976b292cab1a8180d759acc3ac2d	76.43	76.65	0.05	67876	49387	2608	1116527	fb99464fd99988250f26dce33da6b4271bfc3685ebf5357ae37b0b29a988f3d9	079dccb4993ae425b0f8a85955e9f6afbb6685c242a1f693adda9041b1266a83	0
p3e-04	0.0003	0.1766151028219412	independent-held-out-validated	7633ebb4a0d966dbda15a4e32d0efa492fb71aeb	tf	19	61180915be61455887ac261499455ac933cf976b292cab1a8180d759acc3ac2d	74.52	74.7	0.05	67876	51362	2608	1159776	8f883f674b50d7cdce6a8dbcf95011be3c86f36797c8904d1400d938fe956f02	411c3c2a3f41564ca3eba6bdfdd5d30eda115bc7a0ef0f2eeceac8cfdf5e75f1	0
p3e-04	0.0003	0.1766151028219412	independent-held-out-validated	7633ebb4a0d966dbda15a4e32d0efa492fb71aeb	tf	20	61180915be61455887ac261499455ac933cf976b292cab1a8180d759acc3ac2d	84.38	83.66	0.1	67876	52124	2608	1176381	c837899e0b5b0119ac712c6cc94854d60a31cc23040923e3868219563ad690ff	0c40e5e0e950b415f332c790f36a66e8cf11d97ed21c352d1bdaf64f4bb57a2d	0
p3e-04	0.0003	0.1766151028219412	independent-held-out-validated	7633ebb4a0d966dbda15a4e32d0efa492fb71aeb	tf	21	61180915be61455887ac261499455ac933cf976b292cab1a8180d759acc3ac2d	88.74	88.45	0.07	68008	52798	2607	1191275	585652b9fa5a1a64201b59342c4376469f9b028132d3597242fc3d84c1870628	2acf7b5edef437a91affc98d1ea8c5928014db58036e0f92b6d4a361aac7bbf3	0
p3e-04	0.0003	0.1766151028219412	independent-held-out-validated	7633ebb4a0d966dbda15a4e32d0efa492fb71aeb	tf	22	61180915be61455887ac261499455ac933cf976b292cab1a8180d759acc3ac2d	79.55	78.85	0.05	67876	51134	2608	1154762	a65d37e786d37179894762c97f0ff8e6be77f817d76cb0d2ee57b91df846ddfd	8842fde4dd3b8c7ab0f40d6681499183b54b8b67f6aeddadc1aa849635397659	0
p3e-04	0.0003	0.1766151028219412	independent-held-out-validated	7633ebb4a0d966dbda15a4e32d0efa492fb71aeb	tf	23	61180915be61455887ac261499455ac933cf976b292cab1a8180d759acc3ac2d	77.7	76.94	0.05	68004	51250	2608	1157267	893f0efb9b3b9956d6181721229b7c42975fa43e33059782fb30208d020c0bc2	062e6c84a5278e5343022f068f6cbeb955a2946bede8f2a269c563f7011abff2	0
p3e-04	0.0003	0.1766151028219412	independent-held-out-validated	7633ebb4a0d966dbda15a4e32d0efa492fb71aeb	tf	24	61180915be61455887ac261499455ac933cf976b292cab1a8180d759acc3ac2d	82.69	83.1	0.05	67880	51160	2608	1155435	b72da09cece7629a896767cf00fc0282a7cce26cb358c7e54879dad9f24cb75e	320458c08674226928472e2eb3b29eeab050d7cd78e264b420525952d9752dd7	0
p3e-04	0.0003	0.1766151028219412	independent-held-out-validated	7633ebb4a0d966dbda15a4e32d0efa492fb71aeb	tf	25	61180915be61455887ac261499455ac933cf976b292cab1a8180d759acc3ac2d	76.15	75.12	0.04	68132	50724	2607	1145708	6739d797bf1a7c502c5c0e7783003dd1a80036b89895dae4e0447f1ca895d080	a84d8d235ee41b0e2e7c0f189f800e184fb8d84c835d208dd682d4922c66bfc0	0
p3e-04	0.0003	0.1766151028219412	independent-held-out-validated	7633ebb4a0d966dbda15a4e32d0efa492fb71aeb	tf	26	61180915be61455887ac261499455ac933cf976b292cab1a8180d759acc3ac2d	77.49	77.78	0.07	68008	50720	2608	1145601	1438cbe8ac2508dfc0761dee8fd5cdef926d738c11ad4e11a8b6bb01e5f774d2	111c9413b0486c48fc5d1454575fca489e85aa48e364eee8262a5b54e72ceb16	0
p3e-04	0.0003	0.1766151028219412	independent-held-out-validated	7633ebb4a0d966dbda15a4e32d0efa492fb71aeb	tf	27	61180915be61455887ac261499455ac933cf976b292cab1a8180d759acc3ac2d	77.11	77.51	0.07	68004	49471	2608	1118286	f7a89147587263354f5728c9efe38b85ec65c1370d602fa3af504459f1f20aaa	1add2f1536ed60c672d2637cf543fbe13e240371a52e82ebac54bdfc341e5611	0
p3e-04	0.0003	0.1766151028219412	independent-held-out-validated	7633ebb4a0d966dbda15a4e32d0efa492fb71aeb	tf	28	61180915be61455887ac261499455ac933cf976b292cab1a8180d759acc3ac2d	76.94	77.15	0.08	68004	51798	2606	1169244	6b489ec6da071989c55c9c1c44b9c97efdd2ce0980e79b0ea1f9b23883ace9fe	d9335be8783170cbf741903bb6382d071bb096c580f143bc2c1409d8e40400f8	0
p3e-04	0.0003	0.1766151028219412	independent-held-out-validated	7633ebb4a0d966dbda15a4e32d0efa492fb71aeb	tf	29	61180915be61455887ac261499455ac933cf976b292cab1a8180d759acc3ac2d	76.55	76.91	0.05	68004	51243	2608	1157143	2785d1a35ab5d704254388124dac3e6b76e75d15a39935a8549438826e325691	49996cbac2d592f8cc50e34ce4ef05c25299785ad2f10181b4a0cbbdec795c0c	0
p3e-04	0.0003	0.1766151028219412	independent-held-out-validated	7633ebb4a0d966dbda15a4e32d0efa492fb71aeb	tf	30	61180915be61455887ac261499455ac933cf976b292cab1a8180d759acc3ac2d	77.37	77.73	0.07	67904	53597	2608	1208662	2d193e34fc43dd8ccd60e46ccb3c03e9fba5ceb5d432c71d34548a57c69bc1f6	fcb9fd32b4db62ff66693ce88df97db1b071f451cb83f795a080c0c341e5edc3	0
p3e-04	0.0003	0.1766151028219412	independent-held-out-validated	7633ebb4a0d966dbda15a4e32d0efa492fb71aeb	tf	31	61180915be61455887ac261499455ac933cf976b292cab1a8180d759acc3ac2d	76.26	76.77	0.07	68004	52654	2608	1188024	1c82f89945947a7a3158710cca1f27ed2ac265329292ffa82e3548350c9412dc	455f837208f23ee303d4445b9f299503862ab0269eac3bb0a32455fd8a825d72	0
p3e-04	0.0003	0.1766151028219412	independent-held-out-validated	7633ebb4a0d966dbda15a4e32d0efa492fb71aeb	tf	32	61180915be61455887ac261499455ac933cf976b292cab1a8180d759acc3ac2d	76.77	77.04	0.07	67860	53142	2607	1198725	cfddbadfc89f5c152448c5b9439467c62a6d677289f73927813b3976ff931790	da3bf4e5afd2fffdbd8548b9a445bdb2e4d1e94e93dcf4afadd8c9fe32385dc3	0
p3e-04	0.0003	0.1766151028219412	independent-held-out-validated	7633ebb4a0d966dbda15a4e32d0efa492fb71aeb	tf	33	61180915be61455887ac261499455ac933cf976b292cab1a8180d759acc3ac2d	76.65	77.02	0.08	67876	51273	2607	1157940	2f3b6dd5bbcb9a066b86a2379269e95f77a51e1e2d689293d76734099f6aaa66	7368ca2118508259472802fd2814393f2fcf92582984c4806e56927608f01b25	0
p3e-04	0.0003	0.1766151028219412	independent-held-out-validated	7633ebb4a0d966dbda15a4e32d0efa492fb71aeb	tf	34	61180915be61455887ac261499455ac933cf976b292cab1a8180d759acc3ac2d	79.74	80.38	0.07	67876	53193	2608	1199940	0ae53f5ea69ebf2c15e08866477ee5f44101c64724220800f3174c71d175a4e7	55945730c3d242f0cab4547f7db09bffa2e7c8456d221ce7d4f84cce1bf60252	0
p3e-04	0.0003	0.1766151028219412	independent-held-out-validated	7633ebb4a0d966dbda15a4e32d0efa492fb71aeb	tf	35	61180915be61455887ac261499455ac933cf976b292cab1a8180d759acc3ac2d	76.65	76.88	0.08	67748	48444	2608	1095968	91b9e4fd32c7fea39ddfe1f2af2ab2df6e45f4de59d341cfd4bef189a983a417	7203a7dcb4a49c20aac1d1454b139e884bf740e71cdc6ad07cc56736bddbd426	0
p3e-04	0.0003	0.1766151028219412	independent-held-out-validated	7633ebb4a0d966dbda15a4e32d0efa492fb71aeb	tf	36	61180915be61455887ac261499455ac933cf976b292cab1a8180d759acc3ac2d	77.78	76.97	0.06	68004	52783	2608	1190838	50b1167f960fdad1954d8c3e1b686959225248acf3d4e1aa3437893fee713d61	7c7bea9ce3fcf3885a6065572213967210b16020c74708ba7b494043485abe6b	0
p3e-04	0.0003	0.1766151028219412	independent-held-out-validated	7633ebb4a0d966dbda15a4e32d0efa492fb71aeb	tf	37	61180915be61455887ac261499455ac933cf976b292cab1a8180d759acc3ac2d	76.42	76.7	0.07	67876	51384	2607	1160215	17f13de587c5f21e64e5da307501443a780cc74dde811914f88767968183d4b3	63f4bf36d37ddde33f86a062a20f791a9863c5cacfe3eaf5586946394d3ae0ea	0
p3e-04	0.0003	0.1766151028219412	independent-held-out-validated	7633ebb4a0d966dbda15a4e32d0efa492fb71aeb	tf	38	61180915be61455887ac261499455ac933cf976b292cab1a8180d759acc3ac2d	76.62	76.93	0.05	68004	54767	2607	1234255	e6d1afcede3c54b04267b6ff1f9a84d4003298e1b0143cb48ed33761867e1bfb	67427ab4047fc638949f32fcbb91a5899721bfd1cc0d7ad27bc90384b5ea47c3	0
p3e-04	0.0003	0.1766151028219412	independent-held-out-validated	7633ebb4a0d966dbda15a4e32d0efa492fb71aeb	tf	39	61180915be61455887ac261499455ac933cf976b292cab1a8180d759acc3ac2d	76.27	76.54	0.1	68004	54022	2607	1218076	48a6c6b77a8f74a70d7c675e00e17a1d62ad2502ca496b472cd3fd1c5e05bf51	4475378ba900a32dce936c82661ae70d8f45cb7a7199ab12a1523e36a813c3a4	0
p3e-04	0.0003	0.1766151028219412	independent-held-out-validated	7633ebb4a0d966dbda15a4e32d0efa492fb71aeb	tf	40	61180915be61455887ac261499455ac933cf976b292cab1a8180d759acc3ac2d	77.92	77.01	0.08	68004	51888	2607	1171413	3c55cb522b276498c82fc58c6bacd47e9f0c6e91ade5d69b554c59ecc1f40639	dd1e026c8a0c9e5c88c8065b06b77ba5f5585bd4d4ba9c73874887271484df02	0
p3e-04	0.0003	0.1766151028219412	independent-held-out-validated	7633ebb4a0d966dbda15a4e32d0efa492fb71aeb	tf	41	61180915be61455887ac261499455ac933cf976b292cab1a8180d759acc3ac2d	76.89	77.22	0.08	68004	51268	2607	1157647	1161b1786a80011b6777756b5d9accdd6e8cc4444312d4195802f4f752498180	f2e04c2195bfe5c73b747434ddb43c71fee13832d7763ff9ebf8c9ad5200c99c	0
p3e-04	0.0003	0.1766151028219412	independent-held-out-validated	7633ebb4a0d966dbda15a4e32d0efa492fb71aeb	tf	42	61180915be61455887ac261499455ac933cf976b292cab1a8180d759acc3ac2d	76.45	76.89	0.07	68004	50140	2607	1133088	d1cb14afac9e6597be4649352b25b6f91dbd7fd20122b2a895230e5bbb594646	d8e9b5e00e2b70ddd6effe5a08ba59468c792eef224f62b8136c71f9430195ef	0
p3e-04	0.0003	0.1766151028219412	independent-held-out-validated	7633ebb4a0d966dbda15a4e32d0efa492fb71aeb	tf	43	61180915be61455887ac261499455ac933cf976b292cab1a8180d759acc3ac2d	82.83	82.12	0.08	68132	54260	2607	1223365	b3f12ee07c15e216686a625959060372c2b412e62c5f06e20e0b12743a1f90f5	c63021b7d4aa7e67fe82e1d0ce275d25f85a6d217c3ae6a2c295a7e9b83c8e98	0
p3e-04	0.0003	0.1766151028219412	independent-held-out-validated	7633ebb4a0d966dbda15a4e32d0efa492fb71aeb	tf	44	61180915be61455887ac261499455ac933cf976b292cab1a8180d759acc3ac2d	75.42	75.69	0.04	67944	52216	2608	1178408	591115cd911ac228a9d270ac6f3582e8e8b22665688b0b87c23ef8f22dbd2d0f	74519ee45ba20f78df46f416928f1887d6d7e0f5945705d698a280062eaa4927	0
p3e-04	0.0003	0.1766151028219412	independent-held-out-validated	7633ebb4a0d966dbda15a4e32d0efa492fb71aeb	tf	45	61180915be61455887ac261499455ac933cf976b292cab1a8180d759acc3ac2d	74.11	74.29	0.06	67876	51318	2608	1158759	fb81e9b15a7b96ea7b8610af1dc28ab978fec3feeb3404dfa4f83cb5a9495a19	dcc1d664a3d95dd8fa34e6d024009735e7030fe7757b1ee17b00337ef0c5864a	0
p3e-04	0.0003	0.1766151028219412	independent-held-out-validated	7633ebb4a0d966dbda15a4e32d0efa492fb71aeb	tf	46	61180915be61455887ac261499455ac933cf976b292cab1a8180d759acc3ac2d	87.21	88.01	0.07	68004	50683	2608	1144946	061070d0b5b0a2969f17402412eafeb54a84b45440f60660f18a81648eb06c1c	3fc4b7eb03b3492657036aca406404ba0d08710ac4b8295d1b7f77e1e9630e0b	0
p3e-04	0.0003	0.1766151028219412	independent-held-out-validated	7633ebb4a0d966dbda15a4e32d0efa492fb71aeb	tf	47	61180915be61455887ac261499455ac933cf976b292cab1a8180d759acc3ac2d	93.3	92.85	0.17	67876	51223	2607	1156841	b5166d17acfb19be9a3625298c29f351c552226f6cfa18e6b57e5d59f3f2938a	7f6f6b32124b657ff70667d710a480eebbb3b67ffa2144ba37f2038cc45ec142	0
p3e-04	0.0003	0.1766151028219412	independent-held-out-validated	7633ebb4a0d966dbda15a4e32d0efa492fb71aeb	tf	48	61180915be61455887ac261499455ac933cf976b292cab1a8180d759acc3ac2d	74.55	74.78	0.06	67876	50140	2607	1133097	e37f3ce9287967d4d56ef43d823658d214e79af270458f14b0834afd2463714f	bcc49f37fe47daa7ee9793509f4d1bc539ea69edd4016916d9a7f0b3abdc5597	0
p3e-04	0.0003	0.1766151028219412	independent-held-out-validated	7633ebb4a0d966dbda15a4e32d0efa492fb71aeb	tf	49	61180915be61455887ac261499455ac933cf976b292cab1a8180d759acc3ac2d	89.47	88.89	0.06	68004	50802	2608	1147560	fc69178b75efe325596ad304a68344dbc5b8067f4399ce41a63d51d5edaded76	f66a4fbaffe389ea2306bb658e5600bf897ff9b39e077d7c08a52c41a5accd29	0
p3e-04	0.0003	0.1766151028219412	independent-held-out-validated	7633ebb4a0d966dbda15a4e32d0efa492fb71aeb	tf	50	61180915be61455887ac261499455ac933cf976b292cab1a8180d759acc3ac2d	81.28	80.41	0.09	68004	51899	2608	1171591	a25ee3e5b5ef647e3507dd5591b5b2a8e8fa2deb86ed7c823e00e5e45787dd77	e061294d5ea3184c6125b148d0bb27caf9ac18aec55383cdf02b69a445d3b474	0
p3e-04	0.0003	0.1766151028219412	independent-held-out-validated	7633ebb4a0d966dbda15a4e32d0efa492fb71aeb	tf	51	61180915be61455887ac261499455ac933cf976b292cab1a8180d759acc3ac2d	76.43	75.44	0.09	68004	53983	2608	1217134	935560d60b135927092af6f11399a83d835f82a5cdef9d8d4cf31813b3d53765	a1e6256da5ebdb25ac34f812627bcf525c6d99123af0a85567ec002ec949a9b1	0
p3e-04	0.0003	0.1766151028219412	independent-held-out-validated	7633ebb4a0d966dbda15a4e32d0efa492fb71aeb	tf	52	61180915be61455887ac261499455ac933cf976b292cab1a8180d759acc3ac2d	74.61	74.84	0.04	67876	49781	2607	1125264	bf0ba29e842d4ffb2d591519c4feacd6571a3bc56ea4eb5cb1d098fdf6c3ebb4	51628839977613651760604712c05a4cd59070ebfca9cf9e441a1cd33a670a9f	0
p3e-04	0.0003	0.1766151028219412	independent-held-out-validated	7633ebb4a0d966dbda15a4e32d0efa492fb71aeb	tf	53	61180915be61455887ac261499455ac933cf976b292cab1a8180d759acc3ac2d	75.75	76.0	0.06	67876	51426	2608	1161014	b425e96be9024214420ff87142545812d455cbb2a8dc10ecfefe6789f209fa71	152bdd99ec2d7be568a25cd3d4d9bb470238ef38a993571a613e99f0c2f1553d	0
p3e-04	0.0003	0.1766151028219412	independent-held-out-validated	7633ebb4a0d966dbda15a4e32d0efa492fb71aeb	tf	54	61180915be61455887ac261499455ac933cf976b292cab1a8180d759acc3ac2d	74.49	74.74	0.05	67996	52190	2608	1177962	cd07ea82b7b6a2d90ab9426262a1dd4faa7e18f7131a0c013e10927d9b880fb4	4c56ed3b1839d9292520421c8c35c24cda8642ee8b4a79ef7a13a77f784f8ca2	0
p3e-04	0.0003	0.1766151028219412	independent-held-out-validated	7633ebb4a0d966dbda15a4e32d0efa492fb71aeb	tf	55	61180915be61455887ac261499455ac933cf976b292cab1a8180d759acc3ac2d	74.14	74.45	0.06	67876	50971	2608	1151265	e6e3cd28d293f8b7de062252983664fea8ef4058ba5a20850ff16cb3bc2bd5e8	26c6c8398320161b580ccb1561816a985eed479d067ef4fcd1f6a6b8d081fa4e	0
p3e-04	0.0003	0.1766151028219412	independent-held-out-validated	7633ebb4a0d966dbda15a4e32d0efa492fb71aeb	tf	56	61180915be61455887ac261499455ac933cf976b292cab1a8180d759acc3ac2d	75.43	75.7	0.07	67876	50817	2607	1148044	177dd37ae072e68f50c27d87a69413c0aa6959d5f30acca8f7724dfbbdcdc0aa	81ac6e9dbcdba8abc759d5707a9f130348db8815d8ce9db6949b9b9e4046b663	0
p3e-04	0.0003	0.1766151028219412	independent-held-out-validated	7633ebb4a0d966dbda15a4e32d0efa492fb71aeb	tf	57	61180915be61455887ac261499455ac933cf976b292cab1a8180d759acc3ac2d	75.06	75.27	0.07	68004	51732	2607	1167823	98b590fd2a28610b0fe1ba8cf42e590a84fdc026357254067700d47c3684d86f	00fd7e6c4b6c31ed0b6610fd234b5d7b017f8a6455c5c0432b74e426c787c8cc	0
p3e-04	0.0003	0.1766151028219412	independent-held-out-validated	7633ebb4a0d966dbda15a4e32d0efa492fb71aeb	tf	58	61180915be61455887ac261499455ac933cf976b292cab1a8180d759acc3ac2d	75.58	75.84	0.09	67876	51751	2608	1168328	8f17e400b16bff19a8038c671c22ec99baf4b349e453d3230e3abc970177a8c7	c85de251f84d9bf31e210e193de8c9463532ac9aaf1f5c8126316489253275c2	0
p3e-04	0.0003	0.1766151028219412	independent-held-out-validated	7633ebb4a0d966dbda15a4e32d0efa492fb71aeb	tf	59	61180915be61455887ac261499455ac933cf976b292cab1a8180d759acc3ac2d	72.89	73.14	0.09	68004	50678	2607	1144866	96874f8a079a414916b92cccaa038d28a614cfa6418f34d4d7779412d7f9f85b	2389ff6c006f696b0b048be2c2c0f40af211f9709353ecf6dcc0c63e762cded6	0
p3e-04	0.0003	0.1766151028219412	independent-held-out-validated	7633ebb4a0d966dbda15a4e32d0efa492fb71aeb	tf	60	61180915be61455887ac261499455ac933cf976b292cab1a8180d759acc3ac2d	73.66	73.84	0.05	68004	53915	2607	1215551	0dbe1bcd32f6d9c480c1ac465251fe086bc6ca0e14f627bda6e546ab35f9ff07	91e39a53c5c4acfb72d744bfdd6fe63c14c19bf2257c26be22596ba1e9b7fb73	0
p3e-04	0.0003	0.1766151028219412	independent-held-out-validated	7633ebb4a0d966dbda15a4e32d0efa492fb71aeb	tf	61	61180915be61455887ac261499455ac933cf976b292cab1a8180d759acc3ac2d	73.53	73.61	0.05	68004	51650	2608	1166110	e4858d7c7b0fc50e6504b57cf9c77064d86bd51a595f0f82152acbc5f6fe1b03	8f9beaff875b36141dec4c5df20753d91ff6ef796fd1307065e8b63ffa3249e4	0
p3e-04	0.0003	0.1766151028219412	independent-held-out-validated	7633ebb4a0d966dbda15a4e32d0efa492fb71aeb	tf	62	61180915be61455887ac261499455ac933cf976b292cab1a8180d759acc3ac2d	73.05	73.19	0.07	68004	49520	2608	1119391	0fd4188ef8787a9878e39155ba2956c0e431810f634cd0e5dc487bf5fb38dd9a	ed8022abcadd72a73053691f8baf47652652a158c04c7f60bd5bfab06c504454	0
p3e-04	0.0003	0.1766151028219412	independent-held-out-validated	7633ebb4a0d966dbda15a4e32d0efa492fb71aeb	tf	63	61180915be61455887ac261499455ac933cf976b292cab1a8180d759acc3ac2d	74.2	74.44	0.04	68132	51101	2608	1154075	f5f2a87695204117e9220eed050739ca40906c6b216032e259a6606838cf598e	19aca7982cb3addac1a6015b8035de6398a039a7bec687b5c2e12a9eecb48401	0
p3e-04	0.0003	0.1766151028219412	independent-held-out-validated	7633ebb4a0d966dbda15a4e32d0efa492fb71aeb	tf	64	61180915be61455887ac261499455ac933cf976b292cab1a8180d759acc3ac2d	73.58	73.76	0.06	68008	50796	2608	1147353	e3651a495ddc10d4743e31539764b731e7a903a1c139bbd3a1af0fe4a373a075	63ea7533e8b795c7365f1df64499365c9bd3acd143f21d9c9511aad7864298d0	0
p3e-04	0.0003	0.1766151028219412	independent-held-out-validated	7633ebb4a0d966dbda15a4e32d0efa492fb71aeb	tf	65	61180915be61455887ac261499455ac933cf976b292cab1a8180d759acc3ac2d	74.06	74.1	0.06	67876	52594	2608	1186762	464326a7b4471d5a95f3f316f3e68071945691633397e9d69299d5a8b29d1a52	49fca7464b1dd178fa0ec9700cc03e08bc32fb8d3fe8a9f988d61cf4cca1f6cf	0
p3e-04	0.0003	0.1766151028219412	independent-held-out-validated	7633ebb4a0d966dbda15a4e32d0efa492fb71aeb	tf	66	61180915be61455887ac261499455ac933cf976b292cab1a8180d759acc3ac2d	74.95	73.88	0.06	67876	50944	2607	1150456	f9b164fe76697e1fb85ee6d109066a73e558490f1d1cd5c1a63216d4a94fe8f5	6d68a8485583b35773d711aa99386bb5cfa8afca629157144f3c1aef41f23ef9	0
p3e-04	0.0003	0.1766151028219412	independent-held-out-validated	7633ebb4a0d966dbda15a4e32d0efa492fb71aeb	tf	67	61180915be61455887ac261499455ac933cf976b292cab1a8180d759acc3ac2d	73.09	73.38	0.05	67880	50838	2608	1148258	f34b7b989c44870c692cdbc8e3d75f168aeb722bde179b91150d918897b0c1a0	f8a73cca6e4f7a13471253e886be252203c9940cce1b978f9a35f40fe31e57d9	0
p3e-04	0.0003	0.1766151028219412	independent-held-out-validated	7633ebb4a0d966dbda15a4e32d0efa492fb71aeb	tf	68	61180915be61455887ac261499455ac933cf976b292cab1a8180d759acc3ac2d	73.94	72.77	0.08	67880	53118	2607	1198219	37b2898ca636ed23abef9bfc69bd07a9994bd0aca1e079e06ad7a4bb2c0765a8	4e34c82da5fd1ecb3938a59f2a8e1200728c62a2541930d9a58e9577b424502c	0
p3e-04	0.0003	0.1766151028219412	independent-held-out-validated	7633ebb4a0d966dbda15a4e32d0efa492fb71aeb	tf	69	61180915be61455887ac261499455ac933cf976b292cab1a8180d759acc3ac2d	73.58	73.75	0.07	67876	50373	2607	1138116	8e19d6f1534a2aad496705fb002b06c058d3e677a429b6a6fdcb78a1e86b5eb0	f7a15c3e6896fbd2decb94afb6dcbdd8eac93173d68acba739ea338a6366e1c2	0
p3e-04	0.0003	0.1766151028219412	independent-held-out-validated	7633ebb4a0d966dbda15a4e32d0efa492fb71aeb	tf	70	61180915be61455887ac261499455ac933cf976b292cab1a8180d759acc3ac2d	73.39	73.56	0.06	67876	51937	2608	1172404	1d902918678a27cd2cdebd40093e85c45985a3621066cd7e6809b02a0ce44ff2	f87a75b5ef09b90372a3600eb719cd21f0e88e7f7636e80f5b775370a18f0947	0
p3e-04	0.0003	0.1766151028219412	independent-held-out-validated	7633ebb4a0d966dbda15a4e32d0efa492fb71aeb	tf	71	61180915be61455887ac261499455ac933cf976b292cab1a8180d759acc3ac2d	73.7	73.84	0.06	67956	51797	2608	1169311	6f5253ef25adc7d2ccbfce42877d0382f8aec48653193bdd2cb384b1fa51912b	0d7e305a74020a724d6f13eda87f0e0a31cd60e73ffb4c92bd2d3812b13f170c	0
p3e-04	0.0003	0.1766151028219412	independent-held-out-validated	7633ebb4a0d966dbda15a4e32d0efa492fb71aeb	tf	72	61180915be61455887ac261499455ac933cf976b292cab1a8180d759acc3ac2d	73.08	73.35	0.04	68132	51576	2608	1164416	d4ff3f86f465fc1a2401dfdcd36e34c663113a70cbb633277a4ff382fcbd3fdb	a6f4d427d4af26f6f5fa20f815097a332ea1981894aeb8bc6aba431f25d67b6b	0
p3e-04	0.0003	0.1766151028219412	independent-held-out-validated	7633ebb4a0d966dbda15a4e32d0efa492fb71aeb	tf	73	61180915be61455887ac261499455ac933cf976b292cab1a8180d759acc3ac2d	75.01	74.06	0.03	68004	52854	2608	1192615	05c89a884233f8e8fc5473ebf9bf4d915f688dfbb91dd703d133f484dd794f47	2df45adbc4178fa209c770de42a487500d42882694c62e469d60430de3743e88	0
p3e-04	0.0003	0.1766151028219412	independent-held-out-validated	7633ebb4a0d966dbda15a4e32d0efa492fb71aeb	tf	74	61180915be61455887ac261499455ac933cf976b292cab1a8180d759acc3ac2d	74.33	74.53	0.06	68004	52464	2607	1184102	c84f390e4e9202511b135d286dc3df02236e26ece2f6a411c57d280afb4aa13d	3f71a075e24d07c625ecece025191887767f43773af77a6589c6b615fe5a6233	0
p3e-04	0.0003	0.1766151028219412	independent-held-out-validated	7633ebb4a0d966dbda15a4e32d0efa492fb71aeb	tf	75	61180915be61455887ac261499455ac933cf976b292cab1a8180d759acc3ac2d	74.22	73.9	0.06	67876	49457	2608	1118034	ef2a8202e8439d73b33d7082a4b50c647b0615c7811b21773ba9ec752e082a25	e955cbf3a59c4e83432eba5f2c1c1dafefed254490ffa8b392b4b32f33eb7797	0
p3e-04	0.0003	0.1766151028219412	independent-held-out-validated	7633ebb4a0d966dbda15a4e32d0efa492fb71aeb	tf	76	61180915be61455887ac261499455ac933cf976b292cab1a8180d759acc3ac2d	73.44	73.77	0.04	67876	49002	2607	1108346	71b127aa9dcc28517a0c748ccfd7645326d45c06d09d6a3357752ef4d1cba364	a0e63d10764623025f386ebbd80dee54853447d6ee8af8828cc69a9c1205c8ab	0
p3e-04	0.0003	0.1766151028219412	independent-held-out-validated	7633ebb4a0d966dbda15a4e32d0efa492fb71aeb	tf	77	61180915be61455887ac261499455ac933cf976b292cab1a8180d759acc3ac2d	76.87	75.78	0.07	68004	53501	2608	1206634	3675cfc7e40bab4b476f041e1de97e0328b7e28c393248dfebcbbe121d0bde91	164d4ba103224ec7951a7d36e6ebc29a79c1056c4699d920989757b5a401dedb	0
p3e-04	0.0003	0.1766151028219412	independent-held-out-validated	7633ebb4a0d966dbda15a4e32d0efa492fb71aeb	tf	78	61180915be61455887ac261499455ac933cf976b292cab1a8180d759acc3ac2d	88.1	87.16	0.07	68004	52052	2607	1175066	30c6bb3ef54e71569e42981eed14673c8c7bc9e2cf2ac99b2526f0895beafba0	5ad5f94bb2a315f5a0e47c546efed49e8c1a43d87448a87314a99c4173c31845	0
p3e-04	0.0003	0.1766151028219412	independent-held-out-validated	7633ebb4a0d966dbda15a4e32d0efa492fb71aeb	tf	79	61180915be61455887ac261499455ac933cf976b292cab1a8180d759acc3ac2d	74.61	74.81	0.06	68004	54316	2606	1224441	2f23fab73f20047ca80d880d8f19543f154e0a092c36a5c353a36169dfff5a1e	4b7e9fc6c41be00fa3e5dc189a87ae4667b12d36b4cc9f45073ab4c27f37f1cc	0
p3e-04	0.0003	0.1766151028219412	independent-held-out-validated	7633ebb4a0d966dbda15a4e32d0efa492fb71aeb	tf	80	61180915be61455887ac261499455ac933cf976b292cab1a8180d759acc3ac2d	76.38	75.37	0.05	68004	52583	2608	1186401	05bbb1a255cac82123413ce39e1c44ae75bb2bfb023b22ab821d1fc4dd7add82	c954c11b50adc2aeac598e5c55fe601acf53fa6314c8231feaa217a907b631ec	0
p3e-04	0.0003	0.1766151028219412	independent-held-out-validated	7633ebb4a0d966dbda15a4e32d0efa492fb71aeb	tf	81	61180915be61455887ac261499455ac933cf976b292cab1a8180d759acc3ac2d	74.58	74.95	0.06	67880	51602	2608	1165013	9552d7194e7b7adfa2ef5bc55f251f172e57909a31652361ba745f9939f78bb0	0f2f8dc95e7b87bbd779cc93c21e377c5d6923dfbd18b7d38650a8e4ca23948d	0
p3e-04	0.0003	0.1766151028219412	independent-held-out-validated	7633ebb4a0d966dbda15a4e32d0efa492fb71aeb	tf	82	61180915be61455887ac261499455ac933cf976b292cab1a8180d759acc3ac2d	76.63	76.99	0.06	68008	50752	2607	1146434	597d0396ae9b4ab897956ec3e761c48e500d9dc87ebf96dd7c367a65e0962b08	b8e216e3258ad606baf456816d5cd98939ede87bb22ac5002b92c5172346424f	0
p3e-04	0.0003	0.1766151028219412	independent-held-out-validated	7633ebb4a0d966dbda15a4e32d0efa492fb71aeb	tf	83	61180915be61455887ac261499455ac933cf976b292cab1a8180d759acc3ac2d	75.79	76.06	0.04	68132	51533	2608	1163533	823828cca1c43b883c81df1e9cd091d30e48abd8655fca6b302edac97060e27b	37c1033b17e91c73a635d66f6c5a2ff2dd1fbb0468c887f444c09c03101d49ea	0
p3e-04	0.0003	0.1766151028219412	independent-held-out-validated	7633ebb4a0d966dbda15a4e32d0efa492fb71aeb	tf	84	61180915be61455887ac261499455ac933cf976b292cab1a8180d759acc3ac2d	74.97	75.07	0.04	68004	55265	2608	1245278	01a9af4a996ecfcf3aabaa4b7bfbdd6e617795c183e15c02457d54316542e4eb	7354d762248e716901f07914ed82f76322cfbd27bb5afcc0768635f5319a91a1	0
p3e-04	0.0003	0.1766151028219412	independent-held-out-validated	7633ebb4a0d966dbda15a4e32d0efa492fb71aeb	tf	85	61180915be61455887ac261499455ac933cf976b292cab1a8180d759acc3ac2d	74.79	74.98	0.07	67620	50130	2608	1132758	bd266e0622985ae3ac3bb3ccf18af3a3076bfcd012b9aad457fa9d1f895756e3	5106a3adabe97a0c7422c7db19243e892863085f65abd6ac4d4714b3523e9ab6	0
p3e-04	0.0003	0.1766151028219412	independent-held-out-validated	7633ebb4a0d966dbda15a4e32d0efa492fb71aeb	tf	86	61180915be61455887ac261499455ac933cf976b292cab1a8180d759acc3ac2d	74.29	74.71	0.05	67792	50329	2608	1137212	2536d826721089ceb156b8cf8290e3096673dbafd1b85f941dc3cb15a8119b84	26d827a052858b5a332936288c2e230f1dde6d4bf875c770668b48d861c91c12	0
p3e-04	0.0003	0.1766151028219412	independent-held-out-validated	7633ebb4a0d966dbda15a4e32d0efa492fb71aeb	tf	87	61180915be61455887ac261499455ac933cf976b292cab1a8180d759acc3ac2d	74.73	74.15	0.06	68004	51446	2608	1161672	ee4eb6b938c98fd158e0982aae1c0ed64225504bc3a0c40e22177931ef11841e	4e5463bf007aab25b307472e0870ee2c3f0226eedd6955c1989527597b29ceb4	0
p3e-04	0.0003	0.1766151028219412	independent-held-out-validated	7633ebb4a0d966dbda15a4e32d0efa492fb71aeb	tf	88	61180915be61455887ac261499455ac933cf976b292cab1a8180d759acc3ac2d	73.82	73.74	0.08	68004	51873	2607	1171072	424da6db39c41152b63e8e623b75d48cbcffbf1f7916345f2ddd9eeba8ca6e4d	bf130531b45908f5f894b55cb3d6deeb7e82895861237528134a944de6be4fd0	0
p3e-04	0.0003	0.1766151028219412	independent-held-out-validated	7633ebb4a0d966dbda15a4e32d0efa492fb71aeb	tf	89	61180915be61455887ac261499455ac933cf976b292cab1a8180d759acc3ac2d	80.31	80.77	0.08	68132	52368	2607	1181758	d374d2ed5415a3eecd86678519c785c5c130f822dc30840ae9fb8f86cadec0f9	a3ce9909b8141ba85813568886ecc4249f6e98021a1a48fed5270764c16ad658	0
p3e-04	0.0003	0.1766151028219412	independent-held-out-validated	7633ebb4a0d966dbda15a4e32d0efa492fb71aeb	tf	90	61180915be61455887ac261499455ac933cf976b292cab1a8180d759acc3ac2d	75.52	74.39	0.07	68004	51432	2606	1161269	47161a3de4330929a29c404e2845e2333c84354a89fda5603cf0ecdd2ec658f2	aaf409db73f16cc32a57144c848616f2ad8d6a2d3626eb4efafb718b636281fa	0
p3e-04	0.0003	0.1766151028219412	independent-held-out-validated	7633ebb4a0d966dbda15a4e32d0efa492fb71aeb	tf	91	61180915be61455887ac261499455ac933cf976b292cab1a8180d759acc3ac2d	74.18	74.36	0.04	68004	51626	2607	1165557	5c1648ae54ef0b981002f3a6d3a78499945bdc440d2151bd0b90f81e41801c11	dec4516166772350bea08053f4437fb028d4285c7dded711d84a7aca88ddc426	0
p3e-04	0.0003	0.1766151028219412	independent-held-out-validated	7633ebb4a0d966dbda15a4e32d0efa492fb71aeb	tf	92	61180915be61455887ac261499455ac933cf976b292cab1a8180d759acc3ac2d	74.31	74.44	0.06	67876	53196	2608	1199948	23f22daa26f75ed792bdda8788bfec5e3e9a863ce9889b3a6f79d051cee05149	ffb3f89f3e4e8b66bc405fba628d874f7bd59070043258ca12f9b7046900c6a0	0
p3e-04	0.0003	0.1766151028219412	independent-held-out-validated	7633ebb4a0d966dbda15a4e32d0efa492fb71aeb	tf	93	61180915be61455887ac261499455ac933cf976b292cab1a8180d759acc3ac2d	74.3	74.45	0.07	68004	51611	2608	1165352	48bdcd750321994a6d52e7353c61edef3774a5abaed8291d8f739d4899dec476	f99acf670421c309fe2b4089801dc2bf29ab3049cb8102d7864299ead6a0cc1e	0
p3e-04	0.0003	0.1766151028219412	independent-held-out-validated	7633ebb4a0d966dbda15a4e32d0efa492fb71aeb	tf	94	61180915be61455887ac261499455ac933cf976b292cab1a8180d759acc3ac2d	75.11	74.03	0.06	67876	50065	2607	1131406	0a8a2170384fb54d3bc151c41e88d45c8d08d7dc74d08b920c1bd8e45ea5c77d	6c6c122ac3d0a0c581d2cd100d393abf79fd66d129d13ed37e9413d5c962a811	0
p3e-04	0.0003	0.1766151028219412	independent-held-out-validated	7633ebb4a0d966dbda15a4e32d0efa492fb71aeb	tf	95	61180915be61455887ac261499455ac933cf976b292cab1a8180d759acc3ac2d	75.51	75.69	0.06	67876	50251	2608	1135456	644203d0ba39e59d3f2a5515c2fae32f3e73677337bf5447be4fce6dc0acbf1a	6a98ae487f93b918a5cb2e95773563fdaacb469b1e4403681ead1adf38c7d7c4	0
p3e-04	0.0003	0.1766151028219412	independent-held-out-validated	7633ebb4a0d966dbda15a4e32d0efa492fb71aeb	tf	96	61180915be61455887ac261499455ac933cf976b292cab1a8180d759acc3ac2d	78.47	78.82	0.05	67960	53348	2608	1203154	e7c2b144c7a55102b5e6f8ce8f625c902479e3e2201c5f2ca5f8100bd7fe91c5	a108c0183866a58a509155843ba4d55325f706c1f49a483bf860c06e4c06319a	0
p3e-04	0.0003	0.1766151028219412	independent-held-out-validated	7633ebb4a0d966dbda15a4e32d0efa492fb71aeb	tf	97	61180915be61455887ac261499455ac933cf976b292cab1a8180d759acc3ac2d	75.91	76.16	0.07	67880	52152	2608	1177212	88b14d0167cb5859764ed0bb95ed9de69d170b87a748132be3ff335ee49e8223	fa72251eaf42a73c28b51c0af1648006357adf34f0cbdc4e119ed3175080e0f1	0
p3e-04	0.0003	0.1766151028219412	independent-held-out-validated	7633ebb4a0d966dbda15a4e32d0efa492fb71aeb	tf	98	61180915be61455887ac261499455ac933cf976b292cab1a8180d759acc3ac2d	76.23	76.6	0.08	68004	52668	2608	1188490	a06f1798831815891d77248bc3817d8f4fb01784d5a5da9349e9115c2e7e3259	60458dae6c325176c4e1a835cd1cee03302be5743b906481150334ba664b3476	0
p3e-04	0.0003	0.1766151028219412	independent-held-out-validated	7633ebb4a0d966dbda15a4e32d0efa492fb71aeb	tf	99	61180915be61455887ac261499455ac933cf976b292cab1a8180d759acc3ac2d	74.83	75.18	0.08	68264	52933	2608	1194166	fe560293840540dbe409af1f869e90bf1fc383485f6f099b983479ce3f1acadc	83b51deb7bee0fd4cb465a06d1b2513f0a8822f9c24dc28322663a030b609d42	0
p3e-04	0.0003	0.1766151028219412	independent-held-out-validated	7633ebb4a0d966dbda15a4e32d0efa492fb71aeb	tf	100	61180915be61455887ac261499455ac933cf976b292cab1a8180d759acc3ac2d	76.25	75.35	0.03	68136	52487	2608	1184492	6a5a42822ec3d7dfbbb32f72d13aa1f4c5a7916ae9aea9f29f9a875c689b6e9e	a01fbd8f8a32acd6246608494bcc5891dd5a905e56ffd902dc52899953bf6bdf	0
p3e-04	0.0003	0.1766151028219412	independent-held-out-validated	7633ebb4a0d966dbda15a4e32d0efa492fb71aeb	sig	1	61180915be61455887ac261499455ac933cf976b292cab1a8180d759acc3ac2d	315.77	315.79	0.07	74544	182395	10677	4132591	a0bd414ea1aef3fcbbe8031ec1622ef070bfa6faf1eb44d69681ee330ac78f5f	96ab9f41639d7a2c14665ce4242a759ebce4a4c4b9ed4742233e28f25f76c65b	0
p3e-04	0.0003	0.1766151028219412	independent-held-out-validated	7633ebb4a0d966dbda15a4e32d0efa492fb71aeb	sig	2	61180915be61455887ac261499455ac933cf976b292cab1a8180d759acc3ac2d	321.13	321.63	0.14	74636	178531	10676	4048114	6809c4fcea573e84701cccdacf6f6732264a4311debe6dc84aa8198ea3dbd8fd	2024fd6cefb3406d5f29206a6fb66b250d6811273cfacc71ac9fbc3bc4a0a8b5	0
p3e-04	0.0003	0.1766151028219412	independent-held-out-validated	7633ebb4a0d966dbda15a4e32d0efa492fb71aeb	sig	3	61180915be61455887ac261499455ac933cf976b292cab1a8180d759acc3ac2d	340.44	340.28	0.15	73928	177828	10680	4032880	f28ddc3a2728cdc2b85e589f3db242a3247f85d0950333ef91896c8176a90f35	416c0269c391b2b95414f7dc89971076356d08fd6f41b4b76abda3201c75cf89	0
p3e-04	0.0003	0.1766151028219412	independent-held-out-validated	7633ebb4a0d966dbda15a4e32d0efa492fb71aeb	sig	4	61180915be61455887ac261499455ac933cf976b292cab1a8180d759acc3ac2d	336.17	335.89	0.14	74440	181622	10678	4115703	c4e82520a5fbe91cace25cb26d448b5d0684058d08cde47ff290f75a55b9bcba	16088b1296b727b0adaa9c8b478960a33ed3b9843a89ee7cc6e58e9b0886db55	0
p3e-04	0.0003	0.1766151028219412	independent-held-out-validated	7633ebb4a0d966dbda15a4e32d0efa492fb71aeb	sig	5	61180915be61455887ac261499455ac933cf976b292cab1a8180d759acc3ac2d	331.8	331.68	0.11	74440	178779	10679	4053552	273885c3f8227fb6cfefd5b5f7ea3cde1c56b5d8b12d3c52adc6227f3574c89e	17a2ff258cb98f27acde57742d54620b277738a3c59ef43d0ed91bb8dcdfd6f4	0
p3e-04	0.0003	0.1766151028219412	independent-held-out-validated	7633ebb4a0d966dbda15a4e32d0efa492fb71aeb	sig	6	61180915be61455887ac261499455ac933cf976b292cab1a8180d759acc3ac2d	317.03	316.6	0.06	74568	178748	10677	4053185	51fabbd2ecc0fd1736a84f89d04c6edfede28368c46e924aa0a1b5cb65d1d483	fee787372be935f4be9512afbb61826f7eeb4c65e2a25a9ea234b844d72a6654	0
p3e-04	0.0003	0.1766151028219412	independent-held-out-validated	7633ebb4a0d966dbda15a4e32d0efa492fb71aeb	sig	7	61180915be61455887ac261499455ac933cf976b292cab1a8180d759acc3ac2d	314.22	314.75	0.07	75208	185495	10675	4200770	e0eb90d2b7a205cfece06a90d9dbce06efccb8bfdb471e0855e95cdaac8842a9	f95634a34b687b43fe0acceee99860542aa5a63f25641efa69a03052c7b8370e	0
p3e-04	0.0003	0.1766151028219412	independent-held-out-validated	7633ebb4a0d966dbda15a4e32d0efa492fb71aeb	sig	8	61180915be61455887ac261499455ac933cf976b292cab1a8180d759acc3ac2d	313.66	312.82	0.11	75336	188132	10677	4258117	880ddb4d2445ecc919ba922919a31ef275465334d5e695b4423c32b9a19f0829	c59aa8cf3130b69f57ce722829fd1a1cad5ff9a2425f4020055d608f7dbc17c2	0
p3e-04	0.0003	0.1766151028219412	independent-held-out-validated	7633ebb4a0d966dbda15a4e32d0efa492fb71aeb	sig	9	61180915be61455887ac261499455ac933cf976b292cab1a8180d759acc3ac2d	328.49	328.09	0.08	74952	182626	10677	4138135	a25792e5cd5b02e19b4ffd9253c802467fc89b6a58845f3c9e455d4cfdb9966a	66531395736bf33e1b3d7a8c63840dabda2bbc04bdc92f97c4b3ab9e1ed0c523	0
p3e-04	0.0003	0.1766151028219412	independent-held-out-validated	7633ebb4a0d966dbda15a4e32d0efa492fb71aeb	sig	10	61180915be61455887ac261499455ac933cf976b292cab1a8180d759acc3ac2d	316.7	317.12	0.11	74824	183628	10678	4159724	d489ff84ad95599464fb5d2d2fe4bb9b98767c266bc7400e94c27d32c696746f	e05a77b48fb0ff16d317909de5e1134d71821a7daf969b3d16ccd82ed3912029	0
p3e-04	0.0003	0.1766151028219412	independent-held-out-validated	7633ebb4a0d966dbda15a4e32d0efa492fb71aeb	sig	11	61180915be61455887ac261499455ac933cf976b292cab1a8180d759acc3ac2d	322.59	322.2	0.09	74696	180677	10677	4095315	952aa5ab78113efb1ba4baf0aab47c367027735aad5cc6fbed1c14db78ffae25	61acbada3e07574eb2683bc00cce5c7016e3d3b23e325c9bc8bef1fddbe3deff	0
p3e-04	0.0003	0.1766151028219412	independent-held-out-validated	7633ebb4a0d966dbda15a4e32d0efa492fb71aeb	sig	12	61180915be61455887ac261499455ac933cf976b292cab1a8180d759acc3ac2d	312.1	312.58	0.11	74824	182549	10678	4136073	59fee67859963489e15397f157862996cda34c804f9ba56e826853d513e33877	e5c14b56a2b65b831b8b6fdf52bdcf61efe6f32792a3307511722b1510fec492	0
p3e-04	0.0003	0.1766151028219412	independent-held-out-validated	7633ebb4a0d966dbda15a4e32d0efa492fb71aeb	sig	13	61180915be61455887ac261499455ac933cf976b292cab1a8180d759acc3ac2d	308.0	309.2	0.07	74184	173435	10676	3936558	b71ef841dd5fcc5c219439947fa95833097d50385909019435a0b35d8e26285e	91142d6894ebac8a1b8a2f36e2b5ac24da5a2363c8016d2ba8d578de32c18e19	0
p3e-04	0.0003	0.1766151028219412	independent-held-out-validated	7633ebb4a0d966dbda15a4e32d0efa492fb71aeb	sig	14	61180915be61455887ac261499455ac933cf976b292cab1a8180d759acc3ac2d	308.43	307.03	0.12	73932	174376	10679	3957059	776e68b4dfacf8a2a0732b5ef945e0ada3706da9e4d29f016524247171d23e28	3120279b61166253a4fc4e1506fdfd1560e823a7511b0a19fffb6943ba958620	0
p3e-04	0.0003	0.1766151028219412	independent-held-out-validated	7633ebb4a0d966dbda15a4e32d0efa492fb71aeb	sig	15	61180915be61455887ac261499455ac933cf976b292cab1a8180d759acc3ac2d	304.84	304.85	0.08	74956	183280	10679	4152170	78b97e8131f5bd5a4dc1e3d9af45d4d27e49de61c28103a6a29624efdd266cd3	049f6147e3ef0ce61156a1fc9a786c1a176a1e32b26567cdd373819440d1d265	0
p3e-04	0.0003	0.1766151028219412	independent-held-out-validated	7633ebb4a0d966dbda15a4e32d0efa492fb71aeb	sig	16	61180915be61455887ac261499455ac933cf976b292cab1a8180d759acc3ac2d	307.63	307.98	0.08	74768	182057	10678	4125362	012762c6301ac8a22eb77663fcc55788424f4c1c99e63ce50eb5310de26a1997	77e1a86f4f9716742041dc7bbd941f33f623a26520e65b57b270bf4e1ffaf4fd	0
p3e-04	0.0003	0.1766151028219412	independent-held-out-validated	7633ebb4a0d966dbda15a4e32d0efa492fb71aeb	sig	17	61180915be61455887ac261499455ac933cf976b292cab1a8180d759acc3ac2d	304.23	304.12	0.11	75016	176246	10679	3997946	994f0267f6a243ac7b5298eb672ff9c7a1c753bb4d426e92b84da3a1aa18fa01	635cf1d91e78f1eb4b2a5377ce8710127b64c4628c86f45527afd31d9e0a0abf	0
p3e-04	0.0003	0.1766151028219412	independent-held-out-validated	7633ebb4a0d966dbda15a4e32d0efa492fb71aeb	sig	18	61180915be61455887ac261499455ac933cf976b292cab1a8180d759acc3ac2d	308.95	308.2	0.1	74004	174956	10679	3969804	dded71253c836c121c02065e2796ce63093f29f87227b9b1d52db3a8e7290ecc	c007f18691011d846384f8d2fa3c294e3782f8e7a411d19857b3e386d4335acc	0
p3e-04	0.0003	0.1766151028219412	independent-held-out-validated	7633ebb4a0d966dbda15a4e32d0efa492fb71aeb	sig	19	61180915be61455887ac261499455ac933cf976b292cab1a8180d759acc3ac2d	316.56	316.97	0.11	74440	180118	10678	4082933	eef931b07615ba644e386a6a999a5c0c8390799e60e8ee694dce038d5f137d19	a0849823b30c959ab96b39cc10cf73938a0086467b86a02f63af95655a05af2b	0
p3e-04	0.0003	0.1766151028219412	independent-held-out-validated	7633ebb4a0d966dbda15a4e32d0efa492fb71aeb	sig	20	61180915be61455887ac261499455ac933cf976b292cab1a8180d759acc3ac2d	351.91	351.45	0.13	74568	183951	10679	4166716	9b2b336f445a11d1644f265c29709aa3274215159ed37cf3097610891fe98bb6	1ca9bb37bc0bad5585606376bd229b0292d14b8024a86756953baa1cc7847ece	0
p3e-04	0.0003	0.1766151028219412	independent-held-out-validated	7633ebb4a0d966dbda15a4e32d0efa492fb71aeb	sig	21	61180915be61455887ac261499455ac933cf976b292cab1a8180d759acc3ac2d	312.92	312.18	0.08	74676	184505	10678	4178947	fa4a132fbbcdb26b403addd3bad90a25a01abd290ff371afc6d002d838b49ce8	ee2b5fe5eb24dc627997ce5a4bbe8ef9075d28ed01762d381b335c1ca0658bb3	0
p3e-04	0.0003	0.1766151028219412	independent-held-out-validated	7633ebb4a0d966dbda15a4e32d0efa492fb71aeb	sig	22	61180915be61455887ac261499455ac933cf976b292cab1a8180d759acc3ac2d	311.51	311.77	0.11	74440	177679	10676	4029614	cb546b4f37bcedd34e201cf0d4cad2ee22d5fa5f46ba635a8f18a9795a33679f	e57f185043105ed5eef09587168615435bd57689319d9ddb9f31ba462ce7dd06	0
p3e-04	0.0003	0.1766151028219412	independent-held-out-validated	7633ebb4a0d966dbda15a4e32d0efa492fb71aeb	sig	23	61180915be61455887ac261499455ac933cf976b292cab1a8180d759acc3ac2d	321.25	320.74	0.05	74696	176814	10678	4010483	a206cc5c67ffb95d9888f4445aa86de18b5c68f0400a956bffa955e06ad780c6	b3fcd53a9d934bed1ab4bddb4a1325b6f006c18fbc6c9b5b3b78ab8000c421a0	0
p3e-04	0.0003	0.1766151028219412	independent-held-out-validated	7633ebb4a0d966dbda15a4e32d0efa492fb71aeb	sig	24	61180915be61455887ac261499455ac933cf976b292cab1a8180d759acc3ac2d	312.31	312.68	0.12	74700	182617	10680	4137666	a556a282654de439ccba0a86566a33ab34ef7602ca5e9230be6b16347c7df08b	87d2d57b09c707b13cea301b98e65941aa48a78043b134275d122d5652072d3c	0
p3e-04	0.0003	0.1766151028219412	independent-held-out-validated	7633ebb4a0d966dbda15a4e32d0efa492fb71aeb	sig	25	61180915be61455887ac261499455ac933cf976b292cab1a8180d759acc3ac2d	311.28	311.63	0.11	74824	178417	10678	4045594	3fc7475cf1e7a1c44bea0d98182c91ad18e13cb1b383304e0eeea7906f96d2f5	85f2a2e22ae96938bbd2f6d2f3bcb14e7aa145ece4e12be6b365756df6282ec4	0
p3e-04	0.0003	0.1766151028219412	independent-held-out-validated	7633ebb4a0d966dbda15a4e32d0efa492fb71aeb	sig	26	61180915be61455887ac261499455ac933cf976b292cab1a8180d759acc3ac2d	315.79	316.23	0.09	74440	177818	10678	4032647	988b0501c6dfb16ea01b1a6fb744d3e1b3850b1279b51210c1c827d906f954c0	1a0a0d06e376c0749bfae152bb2bffd3e9433a9079fbbf05538aa63e45a6f5c5	0
p3e-04	0.0003	0.1766151028219412	independent-held-out-validated	7633ebb4a0d966dbda15a4e32d0efa492fb71aeb	sig	27	61180915be61455887ac261499455ac933cf976b292cab1a8180d759acc3ac2d	313.5	313.74	0.11	74312	177051	10679	4015899	c50794093a967becc395554296b77ae9df089902e9531c2b7f35d54c15cc8487	a4897dd9a3b6e543fa8f530794552ba92f8fd1c0eac335351c3b9ac2799e334f	0
p3e-04	0.0003	0.1766151028219412	independent-held-out-validated	7633ebb4a0d966dbda15a4e32d0efa492fb71aeb	sig	28	61180915be61455887ac261499455ac933cf976b292cab1a8180d759acc3ac2d	318.18	318.8	0.13	74952	178759	10677	4053573	8a494d87ccf9ef1108c3368d848fe78c45d4bf527eac2aee3a38d625763e7d45	0c1084d71c3077e22dda860c60f07b0496ec54c71054717464a1a41bc5138c81	0
p3e-04	0.0003	0.1766151028219412	independent-held-out-validated	7633ebb4a0d966dbda15a4e32d0efa492fb71aeb	sig	29	61180915be61455887ac261499455ac933cf976b292cab1a8180d759acc3ac2d	313.88	314.24	0.09	74568	178422	10679	4046278	432bfba09ee606055301d603f895b8dfc2efcad57f3fd95f7433b31584f54a23	55b3b364f8af43a5bf6657a8babfc04a61df0dd120eaf8964932bdbefbe72d39	0
p3e-04	0.0003	0.1766151028219412	independent-held-out-validated	7633ebb4a0d966dbda15a4e32d0efa492fb71aeb	sig	30	61180915be61455887ac261499455ac933cf976b292cab1a8180d759acc3ac2d	311.98	312.3	0.09	74824	188945	10679	4276193	9c073d760c96af3904de4f68e8e2564880dff6f22c30c3abd469617bcf6e8b90	07ed80684517f610822d17712a069b4c379d7faced9729c281eb23e87d49fd62	0
p3e-04	0.0003	0.1766151028219412	independent-held-out-validated	7633ebb4a0d966dbda15a4e32d0efa492fb71aeb	sig	31	61180915be61455887ac261499455ac933cf976b292cab1a8180d759acc3ac2d	311.8	312.09	0.09	74824	182038	10678	4124520	11d3da48ef5ef4cffc857a4821f4bf3c2110be427ebb1e627f8399ed3802f661	248778437ae681b51620dda4cd1038d613e9359d14cd4cf1b07f334fc2ede2ad	0
p3e-04	0.0003	0.1766151028219412	independent-held-out-validated	7633ebb4a0d966dbda15a4e32d0efa492fb71aeb	sig	32	61180915be61455887ac261499455ac933cf976b292cab1a8180d759acc3ac2d	312.4	312.72	0.12	74696	184851	10679	4186620	7cea14821049d2bfa25209474a81b0c83de1359042f98e499e23a69242b45fcb	297116bda6f515e8d1412e4653a6561a0774d04f737ff45f244b2f7a03d6443a	0
p3e-04	0.0003	0.1766151028219412	independent-held-out-validated	7633ebb4a0d966dbda15a4e32d0efa492fb71aeb	sig	33	61180915be61455887ac261499455ac933cf976b292cab1a8180d759acc3ac2d	311.04	311.19	0.09	74440	178833	10678	4054802	35119afa2e9dce1037a17f14e6a15f42baef802a678c0649b4da864f33bf503a	884ccf76a227990b0473cb28cb0c25fa31dc5e7c16abb8581f52ccabd85d2e91	0
p3e-04	0.0003	0.1766151028219412	independent-held-out-validated	7633ebb4a0d966dbda15a4e32d0efa492fb71aeb	sig	34	61180915be61455887ac261499455ac933cf976b292cab1a8180d759acc3ac2d	315.02	314.33	0.09	74952	184164	10680	4171453	77d00bead074856315b9b0841a5e21a9b596b2d6a18b9f418608ca09b414ce5a	a2e9bd26e2bbf1bca7cdf7f3848bb5a61e026720386546f15fda4d3589b82905	0
p3e-04	0.0003	0.1766151028219412	independent-held-out-validated	7633ebb4a0d966dbda15a4e32d0efa492fb71aeb	sig	35	61180915be61455887ac261499455ac933cf976b292cab1a8180d759acc3ac2d	311.8	312.12	0.07	74312	170503	10679	3872316	01e060c328925791ffce2031ca0b9ddccd8b7a28a5ee637a52ed0834c783ff5d	d1336e50dc7adb9f0a581a34a10233224c127bffd11c42dd7012f96237cb5544	0
p3e-04	0.0003	0.1766151028219412	independent-held-out-validated	7633ebb4a0d966dbda15a4e32d0efa492fb71aeb	sig	36	61180915be61455887ac261499455ac933cf976b292cab1a8180d759acc3ac2d	308.43	308.76	0.1	74824	182522	10679	4135537	d08d2f999a865d891008865ed8e535e1bce89f718b86f3207d01c212406fb269	683632a2ce6f5e9f7546b2a987e04c4d07c830d0feeef0bcf5ff8f47b94ff65c	0
p3e-04	0.0003	0.1766151028219412	independent-held-out-validated	7633ebb4a0d966dbda15a4e32d0efa492fb71aeb	sig	37	61180915be61455887ac261499455ac933cf976b292cab1a8180d759acc3ac2d	311.95	312.33	0.07	74952	179996	10679	4080192	b8028609e8f359a2f0ba96a8bfabbbc73bd92b1b87bb66e1bb0e88eeecf10632	4b240e6382674bc2faafa68f2e546066c08706eb1795470fa3d00529ae5c451a	0
p3e-04	0.0003	0.1766151028219412	independent-held-out-validated	7633ebb4a0d966dbda15a4e32d0efa492fb71aeb	sig	38	61180915be61455887ac261499455ac933cf976b292cab1a8180d759acc3ac2d	312.24	311.3	0.13	75080	188463	10679	4265853	b309c6e3c42c9e5dfb259d78563c71e58ba02a5da03a05fd0f4cc3b73fe97f86	1a0a43671aa9b6c83a42620a45063e77c379184478418fae6780917ade1a3ba5	0
p3e-04	0.0003	0.1766151028219412	independent-held-out-validated	7633ebb4a0d966dbda15a4e32d0efa492fb71aeb	sig	39	61180915be61455887ac261499455ac933cf976b292cab1a8180d759acc3ac2d	309.84	310.04	0.11	74572	184381	10677	4176472	82d9b7671bc006b6e544f5d963d42b86a77683d0ff896686c9707aa6238e1976	348e7efc92a41163c6c3aaddd0f8d0c21eac0e7b64015f75f7f946093881401d	0
p3e-04	0.0003	0.1766151028219412	independent-held-out-validated	7633ebb4a0d966dbda15a4e32d0efa492fb71aeb	sig	40	61180915be61455887ac261499455ac933cf976b292cab1a8180d759acc3ac2d	310.94	311.17	0.12	74824	181235	10676	4107579	a5c037bb5ae34abfab14ba7fc0f7e704bff0fcdb8f29ed6cdf3910f2e0467655	e25801d357977158260abd32ac6486e0a2b632fc2e53252fd997d068755411ce	0
p3e-04	0.0003	0.1766151028219412	independent-held-out-validated	7633ebb4a0d966dbda15a4e32d0efa492fb71aeb	sig	41	61180915be61455887ac261499455ac933cf976b292cab1a8180d759acc3ac2d	310.67	311.05	0.08	74764	178092	10680	4038514	5d68ee145b476c44e6f2338b2477c14bd4959da84bb27ecac9cabff3a37caac7	0e9831645e34a40c727cd272fcb17e68e1604ad512522f8338fa00243da6eb82	0
p3e-04	0.0003	0.1766151028219412	independent-held-out-validated	7633ebb4a0d966dbda15a4e32d0efa492fb71aeb	sig	42	61180915be61455887ac261499455ac933cf976b292cab1a8180d759acc3ac2d	322.24	321.61	0.08	74432	174335	10679	3956320	1addc15c63a880d44ca2fcb1a8ea9207c0464921936fd0f52d422e8df053a142	e74e5cc96b6b4cc922bbe91fea184db3793d6fdbbda9e4db9bc864ee8b4f51b2	0
p3e-04	0.0003	0.1766151028219412	independent-held-out-validated	7633ebb4a0d966dbda15a4e32d0efa492fb71aeb	sig	43	61180915be61455887ac261499455ac933cf976b292cab1a8180d759acc3ac2d	314.95	314.14	0.1	75336	188749	10678	4272248	be327a0f1d1ced5eace83bcac3bd43e778809f9281f48d8d6c7fd39a3037bac7	fd24227e712d69b2acf2fb779cc683ea493a763a4efaf08e58c2336d6695cb16	0
p3e-04	0.0003	0.1766151028219412	independent-held-out-validated	7633ebb4a0d966dbda15a4e32d0efa492fb71aeb	sig	44	61180915be61455887ac261499455ac933cf976b292cab1a8180d759acc3ac2d	302.28	302.17	0.12	75208	179817	10677	4076403	6d248ca4cd9f547f27a174896cbff176c65acf4011aa9a901baab5c1a495ad18	81ad2263f8b48359911b3f96e1118b01bcb48a726e859035ea82bde2225a7352	0
p3e-04	0.0003	0.1766151028219412	independent-held-out-validated	7633ebb4a0d966dbda15a4e32d0efa492fb71aeb	sig	45	61180915be61455887ac261499455ac933cf976b292cab1a8180d759acc3ac2d	346.36	346.67	0.17	74952	181429	10679	4111852	226c9d5e6a05173d9d7c4578fe104908fa9ee2cfdf69f6fee1140b220a63e2aa	5d62101ccf3f0ee9d70fd3419867c9d306294e14abbccb06add01776c2dcdb5e	0
p3e-04	0.0003	0.1766151028219412	independent-held-out-validated	7633ebb4a0d966dbda15a4e32d0efa492fb71aeb	sig	46	61180915be61455887ac261499455ac933cf976b292cab1a8180d759acc3ac2d	329.08	328.76	0.11	74824	176833	10680	4011192	a052888e1926c18471b2dc18383df08cc86fcc8d70a3db633e54af466106c096	c559b0d97e56e60060877ad9d6f53c98e4c253385101337d4eb2db209098b7a9	0
p3e-04	0.0003	0.1766151028219412	independent-held-out-validated	7633ebb4a0d966dbda15a4e32d0efa492fb71aeb	sig	47	61180915be61455887ac261499455ac933cf976b292cab1a8180d759acc3ac2d	305.05	305.1	0.08	74312	179571	10680	4071185	abb383aca8c0caefab2f8568347339e98d0f5f70e100c13291ae7b16cb4a7b1f	4bb74d12c179f031894c3226b9025743dafb25aeeac6d2f2489021804c92beec	0
p3e-04	0.0003	0.1766151028219412	independent-held-out-validated	7633ebb4a0d966dbda15a4e32d0efa492fb71aeb	sig	48	61180915be61455887ac261499455ac933cf976b292cab1a8180d759acc3ac2d	325.14	325.93	0.07	74184	176430	10678	4002609	f897e99f572b84a4179b0f6eddf172141815d575ad3ece9a6800b72a0790ecd1	47bf658d145f1bf03b28989298c59fc268e1e7070a2e4338deb84b0daefcc4c5	0
p3e-04	0.0003	0.1766151028219412	independent-held-out-validated	7633ebb4a0d966dbda15a4e32d0efa492fb71aeb	sig	49	61180915be61455887ac261499455ac933cf976b292cab1a8180d759acc3ac2d	327.97	327.59	0.13	74652	175496	10676	3981658	12de1adf72875e5419777c3f0a2f4fa66f834fab842c2c130b530b77236d8b13	9088d504e865113104d30e57312568cfc862795eff2e050a29f5695dd5e06cda	0
p3e-04	0.0003	0.1766151028219412	independent-held-out-validated	7633ebb4a0d966dbda15a4e32d0efa492fb71aeb	sig	50	61180915be61455887ac261499455ac933cf976b292cab1a8180d759acc3ac2d	307.36	307.59	0.11	74408	181298	10680	4108692	d803c7d9e12ce576dd1e2758789d087ee35d99046aed3021621404e779d1eed7	a2d8560657203a98ce266ef992bc586d525d000e03822d10760f1b86e357fd2a	0
p3e-04	0.0003	0.1766151028219412	independent-held-out-validated	7633ebb4a0d966dbda15a4e32d0efa492fb71aeb	sig	51	61180915be61455887ac261499455ac933cf976b292cab1a8180d759acc3ac2d	312.94	313.24	0.12	75080	186946	10680	4232662	9bdfa32b254e935a483e07230b9ad255a4a1234eaaaac754992de19fdb21f68b	3c802aac9c6ae1259cf4c4ecc42d06d95b5d936b032391aeb3598e376082cc6b	0
p3e-04	0.0003	0.1766151028219412	independent-held-out-validated	7633ebb4a0d966dbda15a4e32d0efa492fb71aeb	sig	52	61180915be61455887ac261499455ac933cf976b292cab1a8180d759acc3ac2d	303.37	303.32	0.08	74184	174374	10676	3957356	7a12f78a0018898a4f6e9a4fd97146d5229e383b0857b1065f1ebd3d4899a44e	6f8c9ad28ae4cf27f10c209f85eb18f45998043f5fbace084da11f2684ce16bf	0
p3e-04	0.0003	0.1766151028219412	independent-held-out-validated	7633ebb4a0d966dbda15a4e32d0efa492fb71aeb	sig	53	61180915be61455887ac261499455ac933cf976b292cab1a8180d759acc3ac2d	301.8	301.81	0.06	74248	181122	10677	4104724	305925b5e90ca726ada618579c0440a489eda8d7a813f5c9af982f311e96f707	c2d094bfb863bfb13fc9ce532eaadb055f277c7458eb0f47b822369a9fff14ea	0
p3e-04	0.0003	0.1766151028219412	independent-held-out-validated	7633ebb4a0d966dbda15a4e32d0efa492fb71aeb	sig	54	61180915be61455887ac261499455ac933cf976b292cab1a8180d759acc3ac2d	304.07	304.1	0.11	74440	181246	10676	4107786	f08a4b9372675484b85cdc611647c03fb81393668cf6ccf70b52fa2777cf3265	8386b94e521cd046bba820d16288c3e9761669fc7b7e2169d6fb4d47e2820bf9	0
p3e-04	0.0003	0.1766151028219412	independent-held-out-validated	7633ebb4a0d966dbda15a4e32d0efa492fb71aeb	sig	55	61180915be61455887ac261499455ac933cf976b292cab1a8180d759acc3ac2d	303.97	303.72	0.11	74568	180482	10678	4090841	386a6483bc0e83fac522fe808928b3eead5ed3169cc9e6a44d7a16a232745e7d	5bbd65dd7adbfc2f4bee63889558c6eb18720ebefebc73558e06ff5ea6041dc3	0
p3e-04	0.0003	0.1766151028219412	independent-held-out-validated	7633ebb4a0d966dbda15a4e32d0efa492fb71aeb	sig	56	61180915be61455887ac261499455ac933cf976b292cab1a8180d759acc3ac2d	302.09	302.03	0.1	74060	177021	10679	4015123	210171e54120e9bb88e2aa8f49f8e060b9dfc856b09addb2233cab4c8092311a	9e9804a989eb977f5ecdcc34ddf19a51645074b57b41902a480c76313fa35c91	0
p3e-04	0.0003	0.1766151028219412	independent-held-out-validated	7633ebb4a0d966dbda15a4e32d0efa492fb71aeb	sig	57	61180915be61455887ac261499455ac933cf976b292cab1a8180d759acc3ac2d	306.7	306.9	0.06	75208	178764	10679	4053097	b292f13e9c79c6aaf61961d90b29a34e7ed7bff446805dc6897ef00eaba6c1ad	c8e1704211ea8931a9d17ef9b5f6e418ddbce42f6c46908bce9b6039fe883b73	0
p3e-04	0.0003	0.1766151028219412	independent-held-out-validated	7633ebb4a0d966dbda15a4e32d0efa492fb71aeb	sig	58	61180915be61455887ac261499455ac933cf976b292cab1a8180d759acc3ac2d	300.21	300.01	0.07	74312	181060	10677	4103442	e0b67d064193718dcb265a1eb55418b96563b7f4d2402e7548f93a69d044d1d8	2847fbe3ce567b118581de2e3924d52815b12d7448c12bea3598a05cf1cd27b1	0
p3e-04	0.0003	0.1766151028219412	independent-held-out-validated	7633ebb4a0d966dbda15a4e32d0efa492fb71aeb	sig	59	61180915be61455887ac261499455ac933cf976b292cab1a8180d759acc3ac2d	300.73	300.69	0.08	74696	179260	10680	4063918	0be668f692686585ebe43b4f5f2335b441523cad8d8d5fde2dbe33291c183ab0	6d7eef3aa1f3e6c02d327ee057f33f4d60e843fb4d0522d1a47c5425a7b3d4b2	0
p3e-04	0.0003	0.1766151028219412	independent-held-out-validated	7633ebb4a0d966dbda15a4e32d0efa492fb71aeb	sig	60	61180915be61455887ac261499455ac933cf976b292cab1a8180d759acc3ac2d	299.64	299.5	0.1	75080	184760	10679	4184532	5a0e5b2bfac0d568e238b700ba3538c5021a85a05a4886a6577cefb4ca56ceba	1b754fd20eda5ecf8cb295fef5b0b2086b74f2d1fecd5f1a4eba33ccd72b838e	0
p3e-04	0.0003	0.1766151028219412	independent-held-out-validated	7633ebb4a0d966dbda15a4e32d0efa492fb71aeb	sig	61	61180915be61455887ac261499455ac933cf976b292cab1a8180d759acc3ac2d	298.71	298.39	0.11	74956	178306	10679	4043357	10cd4d6d9e4ab2db7ab1b768e9b302f0609533b3dddabad44fe5f87bd94fdfcb	6801c68d43ba759a602562e74ac601e7ff38d193d70a92809c3d58dbb48ec90d	0
p3e-04	0.0003	0.1766151028219412	independent-held-out-validated	7633ebb4a0d966dbda15a4e32d0efa492fb71aeb	sig	62	61180915be61455887ac261499455ac933cf976b292cab1a8180d759acc3ac2d	300.17	300.02	0.1	74568	174237	10679	3954316	8692255429dfaef54892f6f7d689bac86ae4f7a2f468a350310f1b5ce04c23e3	828424bc477304cbdc80589733aee7efed7f7e3c14e85d3a8c80fcb8457c07b4	0
p3e-04	0.0003	0.1766151028219412	independent-held-out-validated	7633ebb4a0d966dbda15a4e32d0efa492fb71aeb	sig	63	61180915be61455887ac261499455ac933cf976b292cab1a8180d759acc3ac2d	298.49	298.16	0.1	74696	177714	10679	4030019	878fbe0fb1f798d0ad2b42c3480d90ba327b0a5e7d3815a4670b4d01ba062f89	27dd45ff0caa2d8d8441c5430c004a67728c69b035946c32428357bb2df08cd6	0
p3e-04	0.0003	0.1766151028219412	independent-held-out-validated	7633ebb4a0d966dbda15a4e32d0efa492fb71aeb	sig	64	61180915be61455887ac261499455ac933cf976b292cab1a8180d759acc3ac2d	299.75	299.62	0.09	74568	178386	10679	4045150	4474e11a8075c8093a8938584bbe5da0d2f81975cec3257e7e28b88a73ea727d	2aad731c1fad6f2e3a0658bdf19c04934848d066add4b022ad7fdb0de87a2134	0
p3e-04	0.0003	0.1766151028219412	independent-held-out-validated	7633ebb4a0d966dbda15a4e32d0efa492fb71aeb	sig	65	61180915be61455887ac261499455ac933cf976b292cab1a8180d759acc3ac2d	296.27	296.14	0.09	74572	185557	10677	4201917	b3754c9a1f993640179b2eafc23306a01c1cf39e77f8e34cb4ede3f11f17f3aa	27931cf28671f18549d67e312e9c5871bdf1476ca408215662b20e0089c1a580	0
p3e-04	0.0003	0.1766151028219412	independent-held-out-validated	7633ebb4a0d966dbda15a4e32d0efa492fb71aeb	sig	66	61180915be61455887ac261499455ac933cf976b292cab1a8180d759acc3ac2d	297.98	297.83	0.07	74512	178712	10680	4052239	0d6776355a0b92415bd9a9ad44efe5cbf44a4accd0b87b0e043dab63c630f325	febdb3f5165e979d055bf4b16b7c6e3a5df0644ade724679eb34e29905e1e98d	0
p3e-04	0.0003	0.1766151028219412	independent-held-out-validated	7633ebb4a0d966dbda15a4e32d0efa492fb71aeb	sig	67	61180915be61455887ac261499455ac933cf976b292cab1a8180d759acc3ac2d	299.07	299.04	0.1	74440	179591	10680	4071625	059819c3227586826ff3774f2b81374fe1e706063674de9282d160bf32f5cbad	25794c8fbc3bce5e877be8600340435b80a5f22a18a9a96a6d6baf8aca204fb8	0
p3e-04	0.0003	0.1766151028219412	independent-held-out-validated	7633ebb4a0d966dbda15a4e32d0efa492fb71aeb	sig	68	61180915be61455887ac261499455ac933cf976b292cab1a8180d759acc3ac2d	297.84	297.62	0.09	74952	184193	10680	4172065	2ed849acc97f900c19a41c90212c3fa4a7779e3e69be326a1459d1e4f2fb35a7	7b9e93d6b1fb1d9496325c2c436d2b6f23e85026ba369483079b6a2944eabfe9	0
p3e-04	0.0003	0.1766151028219412	independent-held-out-validated	7633ebb4a0d966dbda15a4e32d0efa492fb71aeb	sig	69	61180915be61455887ac261499455ac933cf976b292cab1a8180d759acc3ac2d	298.71	298.53	0.09	74696	177285	10676	4021009	23a52bfefbbc5292251555423cdac07565c145565d503fb3c9142af0273f11f0	ce98807266b266f8ce87bc562138e979c3ee1af3204621b243edd451b4371ca7	0
p3e-04	0.0003	0.1766151028219412	independent-held-out-validated	7633ebb4a0d966dbda15a4e32d0efa492fb71aeb	sig	70	61180915be61455887ac261499455ac933cf976b292cab1a8180d759acc3ac2d	298.63	298.44	0.09	74956	178914	10680	4056743	d3786f8a319d5a6db1f98da1b99489040ffebacdaaa660c3dc2effd3d914b9b1	3698437bed4dfa829ee969820b703a3500b85d946a096883b6257087bc42dff0	0
p3e-04	0.0003	0.1766151028219412	independent-held-out-validated	7633ebb4a0d966dbda15a4e32d0efa492fb71aeb	sig	71	61180915be61455887ac261499455ac933cf976b292cab1a8180d759acc3ac2d	299.45	299.24	0.11	74696	184205	10679	4172363	c6c6795964bed34ea8f8ca9eb127f22926ea1fccc8e93bf738ee44da5e15c84d	fa0ccfef06c77e7a079569757b6b68d117242fef85c029eeb44aacb5d94c6f20	0
p3e-04	0.0003	0.1766151028219412	independent-held-out-validated	7633ebb4a0d966dbda15a4e32d0efa492fb71aeb	sig	72	61180915be61455887ac261499455ac933cf976b292cab1a8180d759acc3ac2d	297.11	296.89	0.09	74700	181550	10680	4114268	dc206389e32a3ac8439d7ba2d93ca6f96c2674ade6fa19496edbf9a172bd2157	83b46f24ad8e0dc2db4e67728a5581b7ba65b11c0153304bfec427bfd6ac08e8	0
p3e-04	0.0003	0.1766151028219412	independent-held-out-validated	7633ebb4a0d966dbda15a4e32d0efa492fb71aeb	sig	73	61180915be61455887ac261499455ac933cf976b292cab1a8180d759acc3ac2d	299.88	299.76	0.08	74440	183788	10679	4163650	2013df1abe62cb32533a5857274c9fbde622753a0e0974211dbfe541e70efd7c	4c5c09cefe45e3c15a03e878e8a3b18cf7a57a4a701834b3d38eb6ed687cda4c	0
p3e-04	0.0003	0.1766151028219412	independent-held-out-validated	7633ebb4a0d966dbda15a4e32d0efa492fb71aeb	sig	74	61180915be61455887ac261499455ac933cf976b292cab1a8180d759acc3ac2d	297.76	298.2	0.07	74568	180613	10679	4094117	d35b15aa5072fe6b4808e0f3695d1c5c645c066eeadccae93b6ca81241085de9	76d6e12e3f56147b05232b4ff6ace537a61cce34024daeee13abe99a4b922e60	0
p3e-04	0.0003	0.1766151028219412	independent-held-out-validated	7633ebb4a0d966dbda15a4e32d0efa492fb71aeb	sig	75	61180915be61455887ac261499455ac933cf976b292cab1a8180d759acc3ac2d	297.22	296.98	0.06	74440	177456	10678	4024850	cde9ed29c79d7fdfc565d3c157d3bd2dfd079de0467aa9f93a968772b61b515d	ff39c2a71946478a6f9a570573f2c3802425cab3f5cbeb6c0780e6b1ae130b2c	0
p3e-04	0.0003	0.1766151028219412	independent-held-out-validated	7633ebb4a0d966dbda15a4e32d0efa492fb71aeb	sig	76	61180915be61455887ac261499455ac933cf976b292cab1a8180d759acc3ac2d	302.71	302.79	0.09	74696	172673	10678	3920386	5286ec6c0345e4b74f324c9796aa2b3419cad839a75573b2ee6b5e578028a722	c2a1ba9f20c3140ed509f9b2db26e551f438be941076f51cc44bc1fa1005d891	0
p3e-04	0.0003	0.1766151028219412	independent-held-out-validated	7633ebb4a0d966dbda15a4e32d0efa492fb71aeb	sig	77	61180915be61455887ac261499455ac933cf976b292cab1a8180d759acc3ac2d	323.4	322.79	0.11	75084	182747	10680	4140577	38099a09c6f548efadca0d9f3db2c0b61dca574da7641f28e5e39fc1c50c3ef7	86ef47cc300c308d46045fc789f1c4e07ecd77a7c3f197d6245154b461478c9f	0
p3e-04	0.0003	0.1766151028219412	independent-held-out-validated	7633ebb4a0d966dbda15a4e32d0efa492fb71aeb	sig	78	61180915be61455887ac261499455ac933cf976b292cab1a8180d759acc3ac2d	304.62	304.64	0.08	74828	181896	10677	4121775	5c37ef16e39fa7154cab74ed3a45d09875ac91a50313bbaff616116ae625878b	84393b74808af9dd3b36d159b71b839e0a6a918d4a435f0e812578abf14d563a	0
p3e-04	0.0003	0.1766151028219412	independent-held-out-validated	7633ebb4a0d966dbda15a4e32d0efa492fb71aeb	sig	79	61180915be61455887ac261499455ac933cf976b292cab1a8180d759acc3ac2d	301.7	301.56	0.07	75080	186084	10678	4213537	453a935ca34075213db5c3ffbccf994badc6c1aa33f1774e7742a3f72a0b80d4	a1b4a3959c212d69b1dd4d45e2db7a2c45ff0586e8b79436c192d6ba59bdd251	0
p3e-04	0.0003	0.1766151028219412	independent-held-out-validated	7633ebb4a0d966dbda15a4e32d0efa492fb71aeb	sig	80	61180915be61455887ac261499455ac933cf976b292cab1a8180d759acc3ac2d	303.16	303.21	0.07	74952	182418	10678	4133196	b65dac7a435d57031f2163dd862a22083e5e82af7b438a8b7ed66c39c09122f5	110e7c49d854bb52d5d050cbd27a5a859d3fbc592f2e8e6f1a284541dcf761a3	0
p3e-04	0.0003	0.1766151028219412	independent-held-out-validated	7633ebb4a0d966dbda15a4e32d0efa492fb71aeb	sig	81	61180915be61455887ac261499455ac933cf976b292cab1a8180d759acc3ac2d	312.86	313.16	0.11	74056	179894	10679	4077864	4e3a03d5e8e083503125cbad9e270027b2a349e946683b4c95453d765542cb7b	141b2fed424c721b11d7fecbf3121557b35e443cee6f68ffd4b967f7720a7743	0
p3e-04	0.0003	0.1766151028219412	independent-held-out-validated	7633ebb4a0d966dbda15a4e32d0efa492fb71aeb	sig	82	61180915be61455887ac261499455ac933cf976b292cab1a8180d759acc3ac2d	307.25	307.4	0.07	74440	179646	10679	4072546	90f45bdc3fec3253483b91417176edd89fb0e03ab7553e7259a79d8b40289e3f	02d2b02e944a1dff6df7a406a9bd7b3274c8c382d792330f20ae9bc09a2ff416	0
p3e-04	0.0003	0.1766151028219412	independent-held-out-validated	7633ebb4a0d966dbda15a4e32d0efa492fb71aeb	sig	83	61180915be61455887ac261499455ac933cf976b292cab1a8180d759acc3ac2d	303.78	303.59	0.11	74696	179959	10679	4079547	8893c803a22d106ecce683551ce65e32a1093c8e53e67cf9ffc0fc04cb15559b	ee7212e12d2c96969afae8108126a3dce2a6fe4fec008e808faaf772b1fc5bb1	0
p3e-04	0.0003	0.1766151028219412	independent-held-out-validated	7633ebb4a0d966dbda15a4e32d0efa492fb71aeb	sig	84	61180915be61455887ac261499455ac933cf976b292cab1a8180d759acc3ac2d	304.71	303.55	0.07	74824	191121	10677	4324108	395bb8757cf54121bac21083d37ef78222cc634d29225924ac9246afd48c73cd	4f62cabb520e6bbaf21ca4b8cc8c90526fada3c941f402a04c30fba86ffb96ff	0
p3e-04	0.0003	0.1766151028219412	independent-held-out-validated	7633ebb4a0d966dbda15a4e32d0efa492fb71aeb	sig	85	61180915be61455887ac261499455ac933cf976b292cab1a8180d759acc3ac2d	300.15	299.5	0.08	73800	176830	10679	4011070	bcd7349e3bbbe2397c80cc3881b24b22d9affef7add42fd7aa5e13f5e3d36012	b028d667b2b601b05498cbeb48c6477b7a92d4b826d53600ea47c5cb83257004	0
p3e-04	0.0003	0.1766151028219412	independent-held-out-validated	7633ebb4a0d966dbda15a4e32d0efa492fb71aeb	sig	86	61180915be61455887ac261499455ac933cf976b292cab1a8180d759acc3ac2d	300.15	299.19	0.13	74568	174570	10680	3961565	b624d83740f57d83938bdc5d1a4e42c0e0861b0b9c126235b18475f8ea974a98	fcdab329aeedc34f387170c708171446d4de772144b65becddb1188dbc936367	0
p3e-04	0.0003	0.1766151028219412	independent-held-out-validated	7633ebb4a0d966dbda15a4e32d0efa492fb71aeb	sig	87	61180915be61455887ac261499455ac933cf976b292cab1a8180d759acc3ac2d	302.08	302.12	0.07	74060	178948	10679	4057621	98e36a29c653933af5ecd6d563bb776214de75897e3de6bf5e4530047cfcae5e	dd0f53ed3f5490400e389710edd5a84cd268b22410a2eab63cf34616ec1bce3d	0
p3e-04	0.0003	0.1766151028219412	independent-held-out-validated	7633ebb4a0d966dbda15a4e32d0efa492fb71aeb	sig	88	61180915be61455887ac261499455ac933cf976b292cab1a8180d759acc3ac2d	298.34	298.37	0.07	75080	182109	10678	4126658	e3425d8d4ea7aee46b9892fdf0235cb64113caba28642ece10c7a49d5f212c52	87c2713b852e489751502167adadd124263a358ec873cde0044fd223549f2d98	0
p3e-04	0.0003	0.1766151028219412	independent-held-out-validated	7633ebb4a0d966dbda15a4e32d0efa492fb71aeb	sig	89	61180915be61455887ac261499455ac933cf976b292cab1a8180d759acc3ac2d	299.52	299.42	0.09	74824	182269	10680	4130370	98be1c779c81823e311e9d651d0cf7065cbc3d638629e33e4fba21d834545dd8	b0b3b75b043baa6f5da2935024c300602115efaa308704fa912bd4d17eab21b9	0
p3e-04	0.0003	0.1766151028219412	independent-held-out-validated	7633ebb4a0d966dbda15a4e32d0efa492fb71aeb	sig	90	61180915be61455887ac261499455ac933cf976b292cab1a8180d759acc3ac2d	302.08	300.91	0.09	74444	180153	10676	4083611	afd38f7018565d4e38967912be2f0caa69ca1fbda1710ca51ea6ece1d93eb0ba	f6d837c4bd3de7803bcf3971035e9d807eca3176894a343a2560ea902d3dc076	0
p3e-04	0.0003	0.1766151028219412	independent-held-out-validated	7633ebb4a0d966dbda15a4e32d0efa492fb71aeb	sig	91	61180915be61455887ac261499455ac933cf976b292cab1a8180d759acc3ac2d	300.98	300.94	0.11	74696	180721	10679	4096503	7a4de76a4ec9718f806e4f78d4f9a110fcc90cecffc964df75bd734e7121e38d	667a58fd0c907791ffb6e8ebd49d0a627f4a3356491183fa79724063ba34050b	0
p3e-04	0.0003	0.1766151028219412	independent-held-out-validated	7633ebb4a0d966dbda15a4e32d0efa492fb71aeb	sig	92	61180915be61455887ac261499455ac933cf976b292cab1a8180d759acc3ac2d	298.97	298.87	0.07	74952	180456	10678	4090279	71daae6a172e407b625fd36f00e209e17b4e4afd5152911b046187c601a3117a	dca88f923f28378065e329aec1e7a11ea9967794a99810a277851d9f211a7064	0
p3e-04	0.0003	0.1766151028219412	independent-held-out-validated	7633ebb4a0d966dbda15a4e32d0efa492fb71aeb	sig	93	61180915be61455887ac261499455ac933cf976b292cab1a8180d759acc3ac2d	298.73	298.61	0.07	74696	179620	10680	4072250	a7920c10f0733ad05baf783c186482e986f47171368afcf0583e768f654b6a01	062436d58fa8e89734036b950aff5e0e15b445dd3edf0bb606011ffef846ada1	0
p3e-04	0.0003	0.1766151028219412	independent-held-out-validated	7633ebb4a0d966dbda15a4e32d0efa492fb71aeb	sig	94	61180915be61455887ac261499455ac933cf976b292cab1a8180d759acc3ac2d	305.44	305.45	0.09	74184	176918	10675	4013141	a1fa01f88566cf513aee8493f2de45600c25009c8e41b77d9b4bff945664e9e7	8e6c2498001a62f62c5930d44c9d12e330b56eb9a782ac6d94e60bbc9b3f9d0d	0
p3e-04	0.0003	0.1766151028219412	independent-held-out-validated	7633ebb4a0d966dbda15a4e32d0efa492fb71aeb	sig	95	61180915be61455887ac261499455ac933cf976b292cab1a8180d759acc3ac2d	356.23	356.92	0.09	74440	175805	10680	3988560	961f680dbe950455592abad4ee947e5aede32e2f8414ab258d65502b03d62270	51872cff56a4d6d5d0a14014383fd012298d91b046d9fdec08abd0d2e3c048d0	0
p3e-04	0.0003	0.1766151028219412	independent-held-out-validated	7633ebb4a0d966dbda15a4e32d0efa492fb71aeb	sig	96	61180915be61455887ac261499455ac933cf976b292cab1a8180d759acc3ac2d	309.62	309.87	0.07	74904	182250	10679	4129626	0ae7426ec8c0445a9344e00f3ec7defe87ba1707b9fe3bd08e82040c8d1c1214	d5a0fa6c31575a989e79de96030ba634b045b29afa1b5e90032ad7e6ca0d2b39	0
p3e-04	0.0003	0.1766151028219412	independent-held-out-validated	7633ebb4a0d966dbda15a4e32d0efa492fb71aeb	sig	97	61180915be61455887ac261499455ac933cf976b292cab1a8180d759acc3ac2d	305.27	305.39	0.09	74824	182060	10679	4125347	2c99b4e073b5a982a1b34274208fe3f93375bbadb5dba64a91d705aa167cc7b9	d92884ea8afe5cc52342891c1ed4e29ee3d838713f3d2faf6fd302d2a27b918e	0
p3e-04	0.0003	0.1766151028219412	independent-held-out-validated	7633ebb4a0d966dbda15a4e32d0efa492fb71aeb	sig	98	61180915be61455887ac261499455ac933cf976b292cab1a8180d759acc3ac2d	302.82	303.0	0.09	74952	181239	10678	4107643	3d9582e4221f689b34672aa7bdc6bffc4b3c131be534f8a4de5f680f03e196b7	6240898b0967abc49c45ccd69accb3971e68b437415060ca409161451a0a08e7	0
p3e-04	0.0003	0.1766151028219412	independent-held-out-validated	7633ebb4a0d966dbda15a4e32d0efa492fb71aeb	sig	99	61180915be61455887ac261499455ac933cf976b292cab1a8180d759acc3ac2d	301.54	301.58	0.07	74824	180652	10679	4094616	9fd9c27d2ef8ef7ff16bfaeb33c75de6e52ac4fd14f78383c7f0aa7713a34480	ddba0b40067ec8061d58289285893909bb973f858ebe5818d3fdc00d4838a887	0
p3e-04	0.0003	0.1766151028219412	independent-held-out-validated	7633ebb4a0d966dbda15a4e32d0efa492fb71aeb	sig	100	61180915be61455887ac261499455ac933cf976b292cab1a8180d759acc3ac2d	264.64	264.29	0.07	74568	182655	10679	4138451	f4386970000e299ddce7daac3109bfeaef64a8ebc0c2e62e3c758348649b352c	ce98e67a83ebd9362510cf09abf6eaa442fc242fca413178de1787ab9fea9b3a	0
p_pr66_cutoff_match	0.000352804562601613	0.1728032151574967	independent-held-out-validated	7633ebb4a0d966dbda15a4e32d0efa492fb71aeb	tf	1	61180915be61455887ac261499455ac933cf976b292cab1a8180d759acc3ac2d	49.97	49.0	0.06	67940	58185	2608	1309211	d2f3250fdbe5505f57336919d6a3e7724ef9f33536d540489bdd99f6310c14e9	e45a24ac8101e61dfd88a7766e082185ae0ea5a33b439b839b3dee6efcdc6ae7	0
p_pr66_cutoff_match	0.000352804562601613	0.1728032151574967	independent-held-out-validated	7633ebb4a0d966dbda15a4e32d0efa492fb71aeb	tf	2	61180915be61455887ac261499455ac933cf976b292cab1a8180d759acc3ac2d	77.3	77.57	0.06	68132	56843	2608	1279989	3071330b93aa9b161872bc8cd303d2bfc48def208e778067520e97ccb5260e1a	e8bd651e41612f5db3b29ee3029009e882b981207f229b09f8e15b1646f4fa67	0
p_pr66_cutoff_match	0.000352804562601613	0.1728032151574967	independent-held-out-validated	7633ebb4a0d966dbda15a4e32d0efa492fb71aeb	tf	3	61180915be61455887ac261499455ac933cf976b292cab1a8180d759acc3ac2d	82.07	81.59	0.11	67880	55592	2608	1252709	e63a9532fab244f3c6d029b057769e0c3e997be3770ad44e02e25b36c4a45793	46855ba00986c10a2e62f43df3e2b8f7680c46fe593061a55ade76d37cf9419d	0
p_pr66_cutoff_match	0.000352804562601613	0.1728032151574967	independent-held-out-validated	7633ebb4a0d966dbda15a4e32d0efa492fb71aeb	tf	4	61180915be61455887ac261499455ac933cf976b292cab1a8180d759acc3ac2d	80.53	80.86	0.05	68008	56654	2608	1275886	d7402e5fcfdc7b30c2f9fe79151a0d9174dc5c5d9020689f52f5ee1213f1f525	ef3682f2b50781e741c1b744c0ffd42285cb7e4cfaece3c964d61f06a2147f3a	0
p_pr66_cutoff_match	0.000352804562601613	0.1728032151574967	independent-held-out-validated	7633ebb4a0d966dbda15a4e32d0efa492fb71aeb	tf	5	61180915be61455887ac261499455ac933cf976b292cab1a8180d759acc3ac2d	82.45	82.79	0.09	68004	56706	2608	1277014	80f6c0618c17f30a7373cd99a93bb5199db4747134f55790465a6ac73ae1e43c	6d7cebfd420907305552a91b6a01715b6bbd7da17143f2d03586ad5a3cc0d5e4	0
p_pr66_cutoff_match	0.000352804562601613	0.1728032151574967	independent-held-out-validated	7633ebb4a0d966dbda15a4e32d0efa492fb71aeb	tf	6	61180915be61455887ac261499455ac933cf976b292cab1a8180d759acc3ac2d	81.1	80.62	0.04	67944	57465	2608	1293636	17d7bd9d77fef107e5b66ae38380eca37a8cf5c47b93f3fa6e9c575c76a91f4b	a1bd64bdcbcfef4e007e9a04c5e9775cd8dc136b59ded3aede1c169e5dcd4904	0
p_pr66_cutoff_match	0.000352804562601613	0.1728032151574967	independent-held-out-validated	7633ebb4a0d966dbda15a4e32d0efa492fb71aeb	tf	7	61180915be61455887ac261499455ac933cf976b292cab1a8180d759acc3ac2d	79.03	78.46	0.04	68132	59475	2608	1337651	94e2cda0bb4a0f6e4a377aa4d97aff2c6d4f8551a238dbf1639d958aada47b4c	7710c5aa9781ff244e54470ced0701ee55174ee898a367f0d03acead54aa2d40	0
p_pr66_cutoff_match	0.000352804562601613	0.1728032151574967	independent-held-out-validated	7633ebb4a0d966dbda15a4e32d0efa492fb71aeb	tf	8	61180915be61455887ac261499455ac933cf976b292cab1a8180d759acc3ac2d	78.26	78.69	0.05	68388	60808	2608	1366870	8fa3481c6820ce100bee72787390a3bf516ea03047882bc6b792885fe2c714b8	8bdb66c09248842b5b55a111244f7c1e2b8fdefa2e097a1b25ebda8c487a47dd	0
p_pr66_cutoff_match	0.000352804562601613	0.1728032151574967	independent-held-out-validated	7633ebb4a0d966dbda15a4e32d0efa492fb71aeb	tf	9	61180915be61455887ac261499455ac933cf976b292cab1a8180d759acc3ac2d	75.28	75.75	0.04	68132	58580	2608	1317974	17d39011c008a751d0cefdd9be53f3f3455e75030a75829c1955750d6851562e	77cf9726bb4e33271137e84b120fe275b080d619da785650918e22f44c1bd61d	0
p_pr66_cutoff_match	0.000352804562601613	0.1728032151574967	independent-held-out-validated	7633ebb4a0d966dbda15a4e32d0efa492fb71aeb	tf	10	61180915be61455887ac261499455ac933cf976b292cab1a8180d759acc3ac2d	76.45	75.7	0.05	68132	59161	2608	1330758	c0722e0405c3f285bf4f46541d294196a04ea1afae786e9345ef8d1ec2bdd296	e351471b05bc9c0cacb2defedbedd9533fb6be62044385e2e212c35460b2d377	0
p_pr66_cutoff_match	0.000352804562601613	0.1728032151574967	independent-held-out-validated	7633ebb4a0d966dbda15a4e32d0efa492fb71aeb	tf	11	61180915be61455887ac261499455ac933cf976b292cab1a8180d759acc3ac2d	81.71	82.16	0.05	68132	57246	2608	1288800	aa8d6a4e432d978432587ae91bbd57d884a6fcfa1e4bac1df9e3fc5b7ed140de	a782eef1d1adf0f416fe8aa609b724ba4951d56c85590a74114acf36508a247a	0
p_pr66_cutoff_match	0.000352804562601613	0.1728032151574967	independent-held-out-validated	7633ebb4a0d966dbda15a4e32d0efa492fb71aeb	tf	12	61180915be61455887ac261499455ac933cf976b292cab1a8180d759acc3ac2d	78.45	78.73	0.07	68260	58317	2608	1312356	f6a5a012fa1cee094e72c8f4ac4ddeb0cad56d7f3f90309de7c8c36beeb8bb05	a303bd7d2c5068b953a1480f13621f73b0edb60829a653d263d7df6ae0bc7193	0
p_pr66_cutoff_match	0.000352804562601613	0.1728032151574967	independent-held-out-validated	7633ebb4a0d966dbda15a4e32d0efa492fb71aeb	tf	13	61180915be61455887ac261499455ac933cf976b292cab1a8180d759acc3ac2d	76.87	75.84	0.05	68004	55205	2608	1244111	92be226b79ef7bf106bdc696d65731d7cb88aacb594048ec359bc90950bf4e36	6d54c4af1e0b6daa1e45702b6b6f565336fb019d27e43f55b5c99670ef8f6fb4	0
p_pr66_cutoff_match	0.000352804562601613	0.1728032151574967	independent-held-out-validated	7633ebb4a0d966dbda15a4e32d0efa492fb71aeb	tf	14	61180915be61455887ac261499455ac933cf976b292cab1a8180d759acc3ac2d	74.88	75.03	0.09	67944	55162	2608	1243223	8c358bb7021de39462c9c8e9f631280db9044f5635feba3b3d1f838c1ec627ce	8f8742a665599f661546a0f92bd3c3586ec6a5e69a0035c333810728eba27a00	0
p_pr66_cutoff_match	0.000352804562601613	0.1728032151574967	independent-held-out-validated	7633ebb4a0d966dbda15a4e32d0efa492fb71aeb	tf	15	61180915be61455887ac261499455ac933cf976b292cab1a8180d759acc3ac2d	74.96	74.86	0.08	68260	58553	2608	1317354	bef4396408bec664d3676ebce61fd1870a24b9d1c19969a0e9a229b18ae7dd61	079e2b33eeb84eb678ef57516787d2c37c3f92e945765c69f5789bdedf7c8c2a	0
p_pr66_cutoff_match	0.000352804562601613	0.1728032151574967	independent-held-out-validated	7633ebb4a0d966dbda15a4e32d0efa492fb71aeb	tf	16	61180915be61455887ac261499455ac933cf976b292cab1a8180d759acc3ac2d	75.43	75.68	0.05	68136	59262	2607	1332905	3ca01aaa70869bbf826724f7ff0cfbf59110e5ebfbf0a54ae6e3262fa20c9a33	4cff4ad79693cbbd99c9a4e5ceae88221692da76d2b5d0dd834c1dc5f372aeb5	0
p_pr66_cutoff_match	0.000352804562601613	0.1728032151574967	independent-held-out-validated	7633ebb4a0d966dbda15a4e32d0efa492fb71aeb	tf	17	61180915be61455887ac261499455ac933cf976b292cab1a8180d759acc3ac2d	78.34	78.89	0.09	68004	56622	2608	1275123	0d636ea2e93b69a915278b542b854e9c674288728f05d4f9136d4fb87dd583b6	86a97b1e09ca1d8e62fabe9ab54461f3f0b2ae2eedd606066081dac35b3f82e0	0
p_pr66_cutoff_match	0.000352804562601613	0.1728032151574967	independent-held-out-validated	7633ebb4a0d966dbda15a4e32d0efa492fb71aeb	tf	18	61180915be61455887ac261499455ac933cf976b292cab1a8180d759acc3ac2d	76.22	76.43	0.06	68004	55161	2608	1243146	f3fc27c5b627cf26dee8e28d2c20bb4c99dd4232e8b812156550d5f3b5a32eaf	adb4ff7d65e4428aedd1b25537b927380c4fbdc139e70def5ae1460207befe44	0
p_pr66_cutoff_match	0.000352804562601613	0.1728032151574967	independent-held-out-validated	7633ebb4a0d966dbda15a4e32d0efa492fb71aeb	tf	19	61180915be61455887ac261499455ac933cf976b292cab1a8180d759acc3ac2d	74.61	74.8	0.05	68132	57419	2608	1292572	0fe963b756258d4397c6caa2afe48cf23398bb917773ac944a15ee643e385544	acb7479c4d035bac5d93c449f9b40a5b8856fb888c383825061ebef5e9654b89	0
p_pr66_cutoff_match	0.000352804562601613	0.1728032151574967	independent-held-out-validated	7633ebb4a0d966dbda15a4e32d0efa492fb71aeb	tf	20	61180915be61455887ac261499455ac933cf976b292cab1a8180d759acc3ac2d	84.24	83.56	0.05	68136	58139	2608	1308296	ea86125a049e4772dee3b9b4566df4d097dc0c17f113b86dd00207db6f2565b4	7793d94ec0f29c66a35a10660ede664aadcf0c6b95367a4b3a3d828fdf6f020d	0
p_pr66_cutoff_match	0.000352804562601613	0.1728032151574967	independent-held-out-validated	7633ebb4a0d966dbda15a4e32d0efa492fb71aeb	tf	21	61180915be61455887ac261499455ac933cf976b292cab1a8180d759acc3ac2d	78.68	79.1	0.06	68260	58826	2607	1323482	832dc98e3fcb4bdb3b76f448a252deaee1905dbe63248b84d8d18e73904c567b	0f9f013ff05c4437430a825a4262e86da23b133638184a07e76eed1f3d12751b	0
p_pr66_cutoff_match	0.000352804562601613	0.1728032151574967	independent-held-out-validated	7633ebb4a0d966dbda15a4e32d0efa492fb71aeb	tf	22	61180915be61455887ac261499455ac933cf976b292cab1a8180d759acc3ac2d	80.63	79.95	0.06	68132	57030	2608	1284060	6f85fb947e06a42676a3d27b84d5f4d97e91c1415ffd317f51a5b4be71da4662	d3acf6cc22a22c70b0b41b41b93ac545f30ea79bdabcc0b3012282b4993eb04e	0
p_pr66_cutoff_match	0.000352804562601613	0.1728032151574967	independent-held-out-validated	7633ebb4a0d966dbda15a4e32d0efa492fb71aeb	tf	23	61180915be61455887ac261499455ac933cf976b292cab1a8180d759acc3ac2d	78.33	77.56	0.08	68132	57090	2608	1285264	16652a9edfeb33781de68ac9e405fe93c50d3e36b59d12aec69bbea325d7f5a7	c91c998c890820c0e371dd5679ae06f11b5327c56c4bbb6b80e35b32fcf04465	0
p_pr66_cutoff_match	0.000352804562601613	0.1728032151574967	independent-held-out-validated	7633ebb4a0d966dbda15a4e32d0efa492fb71aeb	tf	24	61180915be61455887ac261499455ac933cf976b292cab1a8180d759acc3ac2d	83.85	84.38	0.1	68136	57059	2608	1284789	3687da8e04d1a59c8d731449fe96897a1b955e687e8d8412d6ad0a08a654c545	15703ae1cd16bb5c0ef9654230fba069f439a780df94ba01ab7b2769d693efaa	0
p_pr66_cutoff_match	0.000352804562601613	0.1728032151574967	independent-held-out-validated	7633ebb4a0d966dbda15a4e32d0efa492fb71aeb	tf	25	61180915be61455887ac261499455ac933cf976b292cab1a8180d759acc3ac2d	82.14	81.33	0.05	68004	56504	2608	1272449	039d80484f78e5aea1cd2cadd4e8d0fb978110054769e7a02f257e611d2409c3	08fa4c6f194f0874071e5f9356cb580bedd004ae6c5da9ecb5a603426ee29638	0
p_pr66_cutoff_match	0.000352804562601613	0.1728032151574967	independent-held-out-validated	7633ebb4a0d966dbda15a4e32d0efa492fb71aeb	tf	26	61180915be61455887ac261499455ac933cf976b292cab1a8180d759acc3ac2d	76.33	76.61	0.04	68136	56580	2608	1274095	c18fc0572a611211835618a82cd1122c7b2cbae09346d3c39165fd3953a2a3cb	31ff6b1c8c62d0cc76d55a091778f0d307dedabfccd28e0d90d8177fc62517c0	0
p_pr66_cutoff_match	0.000352804562601613	0.1728032151574967	independent-held-out-validated	7633ebb4a0d966dbda15a4e32d0efa492fb71aeb	tf	27	61180915be61455887ac261499455ac933cf976b292cab1a8180d759acc3ac2d	76.83	77.27	0.04	68004	55249	2608	1244990	5109e6ab2b2a6244898b7a5cc5532ab7f0aaac8a411b4eab7ec5badf1dc219d3	a77dca1af5987fbfc94527565d2ffeeab2006ae5a3620ba8ec322a1aa213b069	0
p_pr66_cutoff_match	0.000352804562601613	0.1728032151574967	independent-held-out-validated	7633ebb4a0d966dbda15a4e32d0efa492fb71aeb	tf	28	61180915be61455887ac261499455ac933cf976b292cab1a8180d759acc3ac2d	76.59	76.81	0.07	68136	57672	2607	1298053	302ac0101c0964b880676ed04d6a1efc42e6713849d91f77217f74b84fe729e8	429d2dd2df5c460b0d7823f8433d21133f6e01810a49736e650dc5946b08c116	0
p_pr66_cutoff_match	0.000352804562601613	0.1728032151574967	independent-held-out-validated	7633ebb4a0d966dbda15a4e32d0efa492fb71aeb	tf	29	61180915be61455887ac261499455ac933cf976b292cab1a8180d759acc3ac2d	77.84	76.9	0.07	68132	57107	2608	1285751	8008b4a891ef412dca00caa111384ac01f15935224001f8896339b432c330014	ef578a2c4efa005237437225e9af361e949f71f08c713449d4925815f3ecf51e	0
p_pr66_cutoff_match	0.000352804562601613	0.1728032151574967	independent-held-out-validated	7633ebb4a0d966dbda15a4e32d0efa492fb71aeb	tf	30	61180915be61455887ac261499455ac933cf976b292cab1a8180d759acc3ac2d	77.1	77.45	0.06	68260	59860	2608	1345951	784878e79408c8ba907effdfab056ea87055b762234973c1ce11a44f2b1c4978	11c44479f84b4a3482342f1891a9ec049600863912723235525512d1f77202af	0
p_pr66_cutoff_match	0.000352804562601613	0.1728032151574967	independent-held-out-validated	7633ebb4a0d966dbda15a4e32d0efa492fb71aeb	tf	31	61180915be61455887ac261499455ac933cf976b292cab1a8180d759acc3ac2d	76.54	77.07	0.06	68132	58656	2608	1319619	f100b58dc0fe4485dc2a6306b5594b33ce706a7e23d5368f5f544d9f22d75a22	b453727fc40768bbdc66831ce33f71d4e614530874f2da07dab5e583181e3b89	0
p_pr66_cutoff_match	0.000352804562601613	0.1728032151574967	independent-held-out-validated	7633ebb4a0d966dbda15a4e32d0efa492fb71aeb	tf	32	61180915be61455887ac261499455ac933cf976b292cab1a8180d759acc3ac2d	76.48	76.77	0.04	68260	59092	2608	1329162	6b29b524cd55cdfd6135a771021184f97d95ce32da209a954b1abef1db319205	d91c912373004997f272cc55eadb1726c00b6cd7b04a816d64f50c1646f20e50	0
p_pr66_cutoff_match	0.000352804562601613	0.1728032151574967	independent-held-out-validated	7633ebb4a0d966dbda15a4e32d0efa492fb71aeb	tf	33	61180915be61455887ac261499455ac933cf976b292cab1a8180d759acc3ac2d	78.11	77.12	0.05	68004	57112	2608	1286015	493bcfd0aabb3dfa947876d2a8f8debd7a2401e4ada7760762f634ffd9523091	6d92189371f4224ad0b7d32ad4eeb07ec8096d600a8ceeecb596797d2eeb4545	0
p_pr66_cutoff_match	0.000352804562601613	0.1728032151574967	independent-held-out-validated	7633ebb4a0d966dbda15a4e32d0efa492fb71aeb	tf	34	61180915be61455887ac261499455ac933cf976b292cab1a8180d759acc3ac2d	75.68	76.08	0.05	68136	59088	2608	1329194	7e0b168c4e095bcc94898b9d8a3dc4dc1a4b4184b1d9ffb00ad3711c6ef53c16	69442e5f2873bf5b72d4ef7e7c8e5fd9b11b1430df5752ac0132e15265ac0895	0
p_pr66_cutoff_match	0.000352804562601613	0.1728032151574967	independent-held-out-validated	7633ebb4a0d966dbda15a4e32d0efa492fb71aeb	tf	35	61180915be61455887ac261499455ac933cf976b292cab1a8180d759acc3ac2d	77.32	77.61	0.05	68004	54266	2608	1223637	7990db6a1a0f1e64d278cc31a1bc3f36a59ff44f4463868b8d1951e6c1311075	be94b9eea2900e83c297ad5730e61142c00f3120c9e998a11a8634456f3c494c	0
p_pr66_cutoff_match	0.000352804562601613	0.1728032151574967	independent-held-out-validated	7633ebb4a0d966dbda15a4e32d0efa492fb71aeb	tf	36	61180915be61455887ac261499455ac933cf976b292cab1a8180d759acc3ac2d	77.55	76.69	0.09	68132	58738	2608	1321385	68e16b200184d09341c5beb9e443fc6b88b2ea80f44a6073f295c7f37be22cfb	c022bdf317db8a86837194db201e90b37e3d9687a019205b73e750098755ff2f	0
p_pr66_cutoff_match	0.000352804562601613	0.1728032151574967	independent-held-out-validated	7633ebb4a0d966dbda15a4e32d0efa492fb71aeb	tf	37	61180915be61455887ac261499455ac933cf976b292cab1a8180d759acc3ac2d	76.27	76.43	0.08	68136	57284	2608	1289602	16cf2407dd8586db67a80353c5ee923df95af0299bffa57b06b6dda36dea247f	c899050b4a147c4174f9a7cb7c7ebcca1f46807fbeb51b2667a8651ac678c995	0
p_pr66_cutoff_match	0.000352804562601613	0.1728032151574967	independent-held-out-validated	7633ebb4a0d966dbda15a4e32d0efa492fb71aeb	tf	38	61180915be61455887ac261499455ac933cf976b292cab1a8180d759acc3ac2d	76.83	77.03	0.09	68264	61000	2608	1370916	7656bf22a44ec40f969b86ad15c0ddcc8b45107e0809751094684e052d8d14f9	3398823e7c202d2f191b93e91b5daae70f078b7a1fdcccefbda48677ded8eb5d	0
p_pr66_cutoff_match	0.000352804562601613	0.1728032151574967	independent-held-out-validated	7633ebb4a0d966dbda15a4e32d0efa492fb71aeb	tf	39	61180915be61455887ac261499455ac933cf976b292cab1a8180d759acc3ac2d	76.35	76.65	0.07	68264	60115	2607	1351679	b573f969944516cffcda710dfce77ee096b210b76743882a57fe0f94e332daff	f0570479cdfd57d21ca0922319f48bd8ef2344eb7b2cc8afe25706bf4eea80b9	0
p_pr66_cutoff_match	0.000352804562601613	0.1728032151574967	independent-held-out-validated	7633ebb4a0d966dbda15a4e32d0efa492fb71aeb	tf	40	61180915be61455887ac261499455ac933cf976b292cab1a8180d759acc3ac2d	78.15	77.27	0.07	68132	57832	2608	1301736	ff3e99533253954c3a6a2ec75a519adc62a6d94b3bbfecc1e2be206938942278	9b93000f2cacf41e471db2c0a034af876e1bc07bda3a344560dab4b1892ec46d	0
p_pr66_cutoff_match	0.000352804562601613	0.1728032151574967	independent-held-out-validated	7633ebb4a0d966dbda15a4e32d0efa492fb71aeb	tf	41	61180915be61455887ac261499455ac933cf976b292cab1a8180d759acc3ac2d	76.85	77.19	0.05	68004	57003	2608	1283385	bc2e694c0a718e0538ea09f0b9f7e7f03de2f0aba83b220a1916440894a78a6d	686fdfc49ac9b22c37ca29bacd9a236172f8fd7d238cae4b7eae7f4bc67506b6	0
p_pr66_cutoff_match	0.000352804562601613	0.1728032151574967	independent-held-out-validated	7633ebb4a0d966dbda15a4e32d0efa492fb71aeb	tf	42	61180915be61455887ac261499455ac933cf976b292cab1a8180d759acc3ac2d	76.67	76.98	0.07	68132	55781	2607	1256734	f02cc4f90b187011f623b035f709d1610b059d2a3dc52a9888bf43e06a577546	00f1ee66925de725ba79692eac5984d8c9a76d386a6cbc9d471225cf16ad67b3	0
p_pr66_cutoff_match	0.000352804562601613	0.1728032151574967	independent-held-out-validated	7633ebb4a0d966dbda15a4e32d0efa492fb71aeb	tf	43	61180915be61455887ac261499455ac933cf976b292cab1a8180d759acc3ac2d	82.46	81.77	0.03	68264	60330	2607	1356427	415cb6c036d6b3a3914917f54b4b6dcbd9457d5ed8ee9ef65ba7b35d31ac92dd	548cd0c4c411c476d022ebb07457f252626d53ec9bb08dd9ad9609e80ed05435	0
p_pr66_cutoff_match	0.000352804562601613	0.1728032151574967	independent-held-out-validated	7633ebb4a0d966dbda15a4e32d0efa492fb71aeb	tf	44	61180915be61455887ac261499455ac933cf976b292cab1a8180d759acc3ac2d	74.24	74.46	0.04	68076	58092	2608	1307282	cc57987cfb1a18b2b8199bf102b59d223c5c5f9cdc9d0a6ba3c4b02270007982	72dbeb93844087c0e142c53c54a368134d99115adce534a3c350ae792c3ac6cd	0
p_pr66_cutoff_match	0.000352804562601613	0.1728032151574967	independent-held-out-validated	7633ebb4a0d966dbda15a4e32d0efa492fb71aeb	tf	45	61180915be61455887ac261499455ac933cf976b292cab1a8180d759acc3ac2d	74.3	74.44	0.05	68132	57317	2608	1290333	d21f2bc9a938eb98dfe144c2cc2428f25c1dd2219defbd6c517949b8251260aa	668dcbb00e841eea40c7aeb7ee680c2f070aa8caf8d8d7bd47be060bca8620fc	0
p_pr66_cutoff_match	0.000352804562601613	0.1728032151574967	independent-held-out-validated	7633ebb4a0d966dbda15a4e32d0efa492fb71aeb	tf	46	61180915be61455887ac261499455ac933cf976b292cab1a8180d759acc3ac2d	103.78	103.8	0.1	68004	56531	2608	1273172	0bde7611aff13d7e912285dcba90ecf468879c12ae9d259414184785dcb2dabb	c95fe0fd8fd8a693283d0f49cb1de94a563adc0f8e29595b7e2e353116d2c2e9	0
p_pr66_cutoff_match	0.000352804562601613	0.1728032151574967	independent-held-out-validated	7633ebb4a0d966dbda15a4e32d0efa492fb71aeb	tf	47	61180915be61455887ac261499455ac933cf976b292cab1a8180d759acc3ac2d	77.97	78.31	0.07	68004	57214	2607	1288194	2bf154c7aeb151412eb56fa36a4991dd4f96781131010437699450cc03c7e23c	c0d12203a37233daa5cffd737fa26aeda4793ca41094a1dad4c40680ec95bdef	0
p_pr66_cutoff_match	0.000352804562601613	0.1728032151574967	independent-held-out-validated	7633ebb4a0d966dbda15a4e32d0efa492fb71aeb	tf	48	61180915be61455887ac261499455ac933cf976b292cab1a8180d759acc3ac2d	74.38	74.5	0.08	68008	56007	2608	1261755	b4a6f8f6a82811d42a64e9eff2c6b5769bb364c054041f6cb1599b50dcc5e46a	c3671594fccda534ecfb8d0c1f47c91a19d7e1a29a0a62865340f479fdba9a6d	0
p_pr66_cutoff_match	0.000352804562601613	0.1728032151574967	independent-held-out-validated	7633ebb4a0d966dbda15a4e32d0efa492fb71aeb	tf	49	61180915be61455887ac261499455ac933cf976b292cab1a8180d759acc3ac2d	88.67	87.98	0.1	68136	56592	2608	1274522	be05e666bed367924e0fdc4ab93f4128bf8d60e1839db5975fb5c6d7f914aa75	ae8a21704818c23be0f5e1527923d8941408ff45d1db19ddf6e7a67a92dba2cc	0
p_pr66_cutoff_match	0.000352804562601613	0.1728032151574967	independent-held-out-validated	7633ebb4a0d966dbda15a4e32d0efa492fb71aeb	tf	50	61180915be61455887ac261499455ac933cf976b292cab1a8180d759acc3ac2d	78.52	79.04	0.09	68008	57856	2608	1302239	41735fc415401e551da691daad5969910c31c4d97cf67819826df54798f4feb6	6d42c637aabc2726daea9ce4d1e564ed245e563dcf08c8497521ead813c2746d	0
p_pr66_cutoff_match	0.000352804562601613	0.1728032151574967	independent-held-out-validated	7633ebb4a0d966dbda15a4e32d0efa492fb71aeb	tf	51	61180915be61455887ac261499455ac933cf976b292cab1a8180d759acc3ac2d	75.85	74.86	0.07	68132	60076	2608	1350729	18a4ea82bbdeaa5745e41a338fb848f31e3e305334c30db47986e435dc7528ca	d7a8546d28b4606c75b6d3feac05304a23bb88a90234222e58d04a599b6a20b8	0
p_pr66_cutoff_match	0.000352804562601613	0.1728032151574967	independent-held-out-validated	7633ebb4a0d966dbda15a4e32d0efa492fb71aeb	tf	52	61180915be61455887ac261499455ac933cf976b292cab1a8180d759acc3ac2d	74.82	75.05	0.04	68004	55588	2608	1252571	07bb6edb46bc47df219962184fe810e55734d227778542d8aeae06ccad1072a6	2beb5f7aacafd2683712bf213e2cee9b1a350280bc7ee9b46cbd47955ad3f41c	0
p_pr66_cutoff_match	0.000352804562601613	0.1728032151574967	independent-held-out-validated	7633ebb4a0d966dbda15a4e32d0efa492fb71aeb	tf	53	61180915be61455887ac261499455ac933cf976b292cab1a8180d759acc3ac2d	75.69	74.73	0.05	68004	57414	2608	1292279	b3ed071e0f695f12cc438d0dbcf97206bc535552f6851b51e85859abd34399de	a9aecbc25b2092fd240ed747841a3b62b085708410c084423018193755473846	0
p_pr66_cutoff_match	0.000352804562601613	0.1728032151574967	independent-held-out-validated	7633ebb4a0d966dbda15a4e32d0efa492fb71aeb	tf	54	61180915be61455887ac261499455ac933cf976b292cab1a8180d759acc3ac2d	75.32	74.35	0.07	68136	58253	2608	1310885	3013f728b8095e32165a37cd0ae03d8ea2c77e015980f4b44b748bce4d7bea5e	af9e37ed4dadedfbab50489f392a1e21a3de21a21ee3262b0c4ffe4bab265be9	0
p_pr66_cutoff_match	0.000352804562601613	0.1728032151574967	independent-held-out-validated	7633ebb4a0d966dbda15a4e32d0efa492fb71aeb	tf	55	61180915be61455887ac261499455ac933cf976b292cab1a8180d759acc3ac2d	73.9	74.2	0.05	68004	56820	2608	1279522	057395270e20131db457d3d46f66173477ce6fea82660446b9f723c7826dea7f	36a192c49768fb02f1c577ff98d6ff40c84e84fce6d11dc5c60f9a776990d020	0
p_pr66_cutoff_match	0.000352804562601613	0.1728032151574967	independent-held-out-validated	7633ebb4a0d966dbda15a4e32d0efa492fb71aeb	tf	56	61180915be61455887ac261499455ac933cf976b292cab1a8180d759acc3ac2d	74.91	75.15	0.07	68004	56555	2608	1273866	ccbb391da84429b0e474ea23f0273b6ba535d2b5b2681973a55e9431bd121b71	85abc67e91f4f5e67da360e0dc09ba90183f0859ab1363dfeb432e76fb449527	0
p_pr66_cutoff_match	0.000352804562601613	0.1728032151574967	independent-held-out-validated	7633ebb4a0d966dbda15a4e32d0efa492fb71aeb	tf	57	61180915be61455887ac261499455ac933cf976b292cab1a8180d759acc3ac2d	75.55	74.56	0.06	68260	57616	2607	1296828	083cc9a73aecf4e39355a3a09905911aa5596497ea62fd505c9cbfff22301d1b	d0f5a9c43293a1a3b49e7d7fde5c186b5713dfc8f899fe4346edaf98edc741cd	0
p_pr66_cutoff_match	0.000352804562601613	0.1728032151574967	independent-held-out-validated	7633ebb4a0d966dbda15a4e32d0efa492fb71aeb	tf	58	61180915be61455887ac261499455ac933cf976b292cab1a8180d759acc3ac2d	74.65	74.84	0.05	68008	57749	2608	1299848	127f5610f743efcec10b5ce67ccc0cbdf1c9418fcc19c24a83747b8c1faf505f	7c29110522301c079e12c9fa1b77aa99a9ece5444f57b71c0d0cea9fb5098b62	0
p_pr66_cutoff_match	0.000352804562601613	0.1728032151574967	independent-held-out-validated	7633ebb4a0d966dbda15a4e32d0efa492fb71aeb	tf	59	61180915be61455887ac261499455ac933cf976b292cab1a8180d759acc3ac2d	74.13	74.38	0.06	68264	56594	2607	1274578	65baa601c87a9031baba545ebe71974db62f0f0876984f9df6c7dab3da7d4dc8	ac5f384d36cc918032140364be4a7e006e58d3d10e6098ea219a6b247a036851	0
p_pr66_cutoff_match	0.000352804562601613	0.1728032151574967	independent-held-out-validated	7633ebb4a0d966dbda15a4e32d0efa492fb71aeb	tf	60	61180915be61455887ac261499455ac933cf976b292cab1a8180d759acc3ac2d	73.94	74.13	0.05	68132	59916	2608	1347163	280157ec3d0c2d117264145eba7baf2c9bab195fd9bea604d1cfd23d68d670b5	25181e655bff6035e103abb5874338e71a043b064a5bcd90fd3abf0d9a24ffc0	0
p_pr66_cutoff_match	0.000352804562601613	0.1728032151574967	independent-held-out-validated	7633ebb4a0d966dbda15a4e32d0efa492fb71aeb	tf	61	61180915be61455887ac261499455ac933cf976b292cab1a8180d759acc3ac2d	73.82	73.89	0.07	68260	57518	2608	1294767	c35dfce11368073a66c2802ee12c4a75fc1be0a06455f28f374341583371bab2	4d42460e583c939dec14d6a2674d4f0eb100521b622b0b868e560b767d844126	0
p_pr66_cutoff_match	0.000352804562601613	0.1728032151574967	independent-held-out-validated	7633ebb4a0d966dbda15a4e32d0efa492fb71aeb	tf	62	61180915be61455887ac261499455ac933cf976b292cab1a8180d759acc3ac2d	73.11	73.21	0.08	68132	55343	2608	1247025	1bac19bd1420ebadbccfbb0d83fc5d0d1135de498526af078063ad3e6a126ddf	21de90db5e10e90c9db49ae86a000b7a7c16f72f55a9b5a68607d018736ce9b7	0
p_pr66_cutoff_match	0.000352804562601613	0.1728032151574967	independent-held-out-validated	7633ebb4a0d966dbda15a4e32d0efa492fb71aeb	tf	63	61180915be61455887ac261499455ac933cf976b292cab1a8180d759acc3ac2d	75.07	73.85	0.05	68132	57021	2608	1283885	1b5e07142a1f542a6807267d6a884cc7f725774a8f4b78129d62d3184a9c8679	f3ef33b124fa7e89535d9eb59f2c7e7821453345c44b5adb6a92c9e9625e4916	0
p_pr66_cutoff_match	0.000352804562601613	0.1728032151574967	independent-held-out-validated	7633ebb4a0d966dbda15a4e32d0efa492fb71aeb	tf	64	61180915be61455887ac261499455ac933cf976b292cab1a8180d759acc3ac2d	73.56	73.72	0.07	68260	56688	2608	1276503	acb01818b2e50694bfab0df0f0ecc7a981fb6191f2a804d300514565eb8fb162	23303023955b263dce415e2c84eb69ec0fbc515fe9703ad56fffe39c24b2f928	0
p_pr66_cutoff_match	0.000352804562601613	0.1728032151574967	independent-held-out-validated	7633ebb4a0d966dbda15a4e32d0efa492fb71aeb	tf	65	61180915be61455887ac261499455ac933cf976b292cab1a8180d759acc3ac2d	73.71	73.72	0.07	68132	58478	2608	1315795	fb723ffcaab48e774e9f90b1dab849970c1053d5e0fe5091bb2b16446cbd6d21	a7e7f4ce8d713c14a02d7dc6dba0af971c857b0c442029b8c7ea5e5dfc08d4c4	0
p_pr66_cutoff_match	0.000352804562601613	0.1728032151574967	independent-held-out-validated	7633ebb4a0d966dbda15a4e32d0efa492fb71aeb	tf	66	61180915be61455887ac261499455ac933cf976b292cab1a8180d759acc3ac2d	74.12	73.02	0.06	68260	56942	2607	1281950	118a1721dacdb66f6540668ced9e6e41d7e3b192c014e6b2caf967703d606e71	8dd0192cc5c0ac671ce7c0f7a8409b4de756c13d0a0df961f65a31d8ede7e629	0
p_pr66_cutoff_match	0.000352804562601613	0.1728032151574967	independent-held-out-validated	7633ebb4a0d966dbda15a4e32d0efa492fb71aeb	tf	67	61180915be61455887ac261499455ac933cf976b292cab1a8180d759acc3ac2d	72.76	72.96	0.07	68008	56826	2608	1279585	2ea3d873834956ef25bf7dd8f7a73eed618efc3807db924ba8af77d45e9753ae	900b6078a895e093fa91f61e408ea90e4fb0f001fd826603fdabc40b3d1d7623	0
p_pr66_cutoff_match	0.000352804562601613	0.1728032151574967	independent-held-out-validated	7633ebb4a0d966dbda15a4e32d0efa492fb71aeb	tf	68	61180915be61455887ac261499455ac933cf976b292cab1a8180d759acc3ac2d	73.38	73.59	0.03	68132	59121	2608	1329814	392a88daca87f8c643b62179d1d0ab12c56e1f215b81dbb2d53f8148b8d114b5	d43467bde2d86b19c23dae4fd61ce80b5baea9fd47e70b8884975004d297c716	0
p_pr66_cutoff_match	0.000352804562601613	0.1728032151574967	independent-held-out-validated	7633ebb4a0d966dbda15a4e32d0efa492fb71aeb	tf	69	61180915be61455887ac261499455ac933cf976b292cab1a8180d759acc3ac2d	73.22	73.39	0.05	68132	56193	2608	1265767	f807fd01c72a99a305c0ce2d68ed1397a65a721484eaf8b96982057f321a43c5	34746ab76a0342e9f73034fbc72afa4ff79e26ee740e1387257e6c5eed84891a	0
p_pr66_cutoff_match	0.000352804562601613	0.1728032151574967	independent-held-out-validated	7633ebb4a0d966dbda15a4e32d0efa492fb71aeb	tf	70	61180915be61455887ac261499455ac933cf976b292cab1a8180d759acc3ac2d	73.24	73.38	0.08	67876	57996	2608	1305247	2e8748aee6db283a2ebfae6d87dd74adf1875605ec04ff2012d559e2a20b305d	3deda9028017227bb2a9f7bca8db676db7e34986a7745a70ccf351dd7f693eba	0
p_pr66_cutoff_match	0.000352804562601613	0.1728032151574967	independent-held-out-validated	7633ebb4a0d966dbda15a4e32d0efa492fb71aeb	tf	71	61180915be61455887ac261499455ac933cf976b292cab1a8180d759acc3ac2d	74.8	73.74	0.07	68260	57835	2608	1301701	3e1b362cb037a387f9df83c8d40444ff9a27c84d0a4e92f63b40e61ade03cd0a	e7435c65df6e68e1e1568f79a0902255f2bdacb63d68f53206686c09fec8050c	0
p_pr66_cutoff_match	0.000352804562601613	0.1728032151574967	independent-held-out-validated	7633ebb4a0d966dbda15a4e32d0efa492fb71aeb	tf	72	61180915be61455887ac261499455ac933cf976b292cab1a8180d759acc3ac2d	73.16	73.37	0.05	68132	57468	2608	1293622	2527afd9b741be629c11161dbe382019effc5301475ac11f8cee7ad4e98819f8	a20164cca8f57db076a607872e45804202dc931ec2b286275c65a6f35602e70c	0
p_pr66_cutoff_match	0.000352804562601613	0.1728032151574967	independent-held-out-validated	7633ebb4a0d966dbda15a4e32d0efa492fb71aeb	tf	73	61180915be61455887ac261499455ac933cf976b292cab1a8180d759acc3ac2d	73.38	73.51	0.06	68136	58937	2608	1325981	a8aef1a5ce2ab6c8ed77d86901ad45b999ae7b0686ec7fd121150da310672c36	a8ca96bd9dd17ab2caccb95c11cde63e9303b21939ca810a5a44b5038492b345	0
p_pr66_cutoff_match	0.000352804562601613	0.1728032151574967	independent-held-out-validated	7633ebb4a0d966dbda15a4e32d0efa492fb71aeb	tf	74	61180915be61455887ac261499455ac933cf976b292cab1a8180d759acc3ac2d	75.3	74.31	0.07	68132	58512	2608	1316794	a20fbc39b5bcd822480e483c577f0c7df3aa1f261688141c086bf0f15454a71e	a8a0fe533e34b570d8d66dda5a1e48b9e552f2dd0ef7021808838dc87ec14ad9	0
p_pr66_cutoff_match	0.000352804562601613	0.1728032151574967	independent-held-out-validated	7633ebb4a0d966dbda15a4e32d0efa492fb71aeb	tf	75	61180915be61455887ac261499455ac933cf976b292cab1a8180d759acc3ac2d	74.13	73.85	0.04	68004	55629	2608	1253368	74069c24c223fc28b8dd68991cf1436f8c3ff7c0a5f1deb39941c8048752a2b9	f49ca310c7a8ccd2149275dd62e04a87272fda330da8e7527ed00ef491441476	0
p_pr66_cutoff_match	0.000352804562601613	0.1728032151574967	independent-held-out-validated	7633ebb4a0d966dbda15a4e32d0efa492fb71aeb	tf	76	61180915be61455887ac261499455ac933cf976b292cab1a8180d759acc3ac2d	74.02	74.35	0.07	68008	54725	2607	1233843	3c1c4f7ff3d9b8c3b09f107b939d7103dcbae049891919bc34df850f77060340	5b456a1e298f1b4ba6464c9f8eb83b9bf42d83be4b355cb77346c7f7dc3938dd	0
p_pr66_cutoff_match	0.000352804562601613	0.1728032151574967	independent-held-out-validated	7633ebb4a0d966dbda15a4e32d0efa492fb71aeb	tf	77	61180915be61455887ac261499455ac933cf976b292cab1a8180d759acc3ac2d	74.49	74.83	0.03	68132	59528	2608	1338709	3e888cd9c9dbec9fb9287371bbbb7998d9f19136c3de275a1f89824f251bb2f9	654a51f9d197a70f705442382c500fef967a0a83fcaf1ed06d8ed6d86444b054	0
p_pr66_cutoff_match	0.000352804562601613	0.1728032151574967	independent-held-out-validated	7633ebb4a0d966dbda15a4e32d0efa492fb71aeb	tf	78	61180915be61455887ac261499455ac933cf976b292cab1a8180d759acc3ac2d	89.01	89.78	0.09	68132	58146	2608	1308712	838f32efcd4123c5417dbe36844e875d541902d8d8324038fd5d97a6873c59af	f73db78b4477af9655c918198693dd20c3e153f41adafe0bfe6ccb4fc9a20ef4	0
p_pr66_cutoff_match	0.000352804562601613	0.1728032151574967	independent-held-out-validated	7633ebb4a0d966dbda15a4e32d0efa492fb71aeb	tf	79	61180915be61455887ac261499455ac933cf976b292cab1a8180d759acc3ac2d	74.19	74.37	0.08	68260	60238	2608	1354302	afdd1e288ef9636dd8918c7b6927cd075e1c352eba83010139b5ccf4beb7f196	56142de31d83b593bebc2853c7f46512b49e00c02d689ac8e83573d9d5654848	0
p_pr66_cutoff_match	0.000352804562601613	0.1728032151574967	independent-held-out-validated	7633ebb4a0d966dbda15a4e32d0efa492fb71aeb	tf	80	61180915be61455887ac261499455ac933cf976b292cab1a8180d759acc3ac2d	75.72	74.61	0.04	68260	58543	2608	1317083	2df24db5d0659b547984d4c1cbb1c9b3d142a2f312645c87b1607a564cc05c06	46fe94c9efcc1bdc97725d886925c7626e5ac56c6c40f748443f268a09156e13	0
p_pr66_cutoff_match	0.000352804562601613	0.1728032151574967	independent-held-out-validated	7633ebb4a0d966dbda15a4e32d0efa492fb71aeb	tf	81	61180915be61455887ac261499455ac933cf976b292cab1a8180d759acc3ac2d	75.05	75.19	0.06	68136	57445	2608	1293143	cfb9cbfa9ee071286aaf2dd356dd14e4d971b2d33c5b130301e6b376fb5c31d2	0e7a99c1336a65bafa9e2353de41ebef09969a12897601411ff3aa2e56c91000	0
p_pr66_cutoff_match	0.000352804562601613	0.1728032151574967	independent-held-out-validated	7633ebb4a0d966dbda15a4e32d0efa492fb71aeb	tf	82	61180915be61455887ac261499455ac933cf976b292cab1a8180d759acc3ac2d	76.84	77.18	0.06	67960	56676	2607	1276313	7827b4dd6cafc2cd6765b8412caa55c05a2e234bf5c26efde077f1dfb3f2f4a8	7dfa3a4802001672029e58c799044a8ca2ef132e522c336dd02d44113ac2f47c	0
p_pr66_cutoff_match	0.000352804562601613	0.1728032151574967	independent-held-out-validated	7633ebb4a0d966dbda15a4e32d0efa492fb71aeb	tf	83	61180915be61455887ac261499455ac933cf976b292cab1a8180d759acc3ac2d	75.91	76.19	0.05	68132	57535	2608	1295105	2a04fdddcc6b9fd90350c790f5cb6e479f2311345feb79414a388875f8309b7c	8da909dcfee95ffa5a2616fabeba20f8a1be21b8cb1f1f21c488b3e37916c67f	0
p_pr66_cutoff_match	0.000352804562601613	0.1728032151574967	independent-held-out-validated	7633ebb4a0d966dbda15a4e32d0efa492fb71aeb	tf	84	61180915be61455887ac261499455ac933cf976b292cab1a8180d759acc3ac2d	74.17	74.22	0.07	68132	61569	2608	1383505	54cf70f7a6878868913963243e65fd71fd8b9d87176b38d38d6894dc2bb3b26a	17ea044430047e21c91f8afbcfd9faea889ed0bc8116c2b3c750ab100352bb23	0
p_pr66_cutoff_match	0.000352804562601613	0.1728032151574967	independent-held-out-validated	7633ebb4a0d966dbda15a4e32d0efa492fb71aeb	tf	85	61180915be61455887ac261499455ac933cf976b292cab1a8180d759acc3ac2d	74.88	75.09	0.05	68004	56028	2608	1262061	05f1bd307cb2af208c7f9a5a8f8a4142b1e76a1ac1865c8d83b693e38fae67f5	511a4f767218981d95a5498227eb3cf6c86595695e8ceaf57d8f8a0af88003dd	0
p_pr66_cutoff_match	0.000352804562601613	0.1728032151574967	independent-held-out-validated	7633ebb4a0d966dbda15a4e32d0efa492fb71aeb	tf	86	61180915be61455887ac261499455ac933cf976b292cab1a8180d759acc3ac2d	73.13	73.23	0.05	67916	56064	2608	1262988	836e89636358c7dbf9aa9b09a48194f68dd6180d62a6f2c36840105240f32122	1b5eaa1c8a92fe9859cad034fceadaf9595d5d4f512b67565d674c3f214e868e	0
p_pr66_cutoff_match	0.000352804562601613	0.1728032151574967	independent-held-out-validated	7633ebb4a0d966dbda15a4e32d0efa492fb71aeb	tf	87	61180915be61455887ac261499455ac933cf976b292cab1a8180d759acc3ac2d	74.56	73.96	0.07	68004	57398	2608	1292154	ce055ec4cc18a2c0013e63e798ac722c9c286d4405b96e73613040c0341ec959	114fed2ded3c33627a9726f4af790833040d92ebdc758d1d6edb923d5e451611	0
p_pr66_cutoff_match	0.000352804562601613	0.1728032151574967	independent-held-out-validated	7633ebb4a0d966dbda15a4e32d0efa492fb71aeb	tf	88	61180915be61455887ac261499455ac933cf976b292cab1a8180d759acc3ac2d	73.98	74.08	0.07	68132	57867	2607	1302490	d6d1e346f7c01b5561c7b5413178b6ec1d4527afb61ebedb8361345ff049a9f7	3e00ce8eb8e161841ee44186c939d4df8aa2c9d16eb2dc1610935541ae651a9a	0
p_pr66_cutoff_match	0.000352804562601613	0.1728032151574967	independent-held-out-validated	7633ebb4a0d966dbda15a4e32d0efa492fb71aeb	tf	89	61180915be61455887ac261499455ac933cf976b292cab1a8180d759acc3ac2d	73.55	73.84	0.08	68136	58410	2608	1314258	a641831351883ae5f49c8ec54794c6b941d6a772cb009df736d4989dce22421b	c85a740accdc6f137511aa33f23bf8249a90fb297ba639f3935cac2002dc08c3	0
p_pr66_cutoff_match	0.000352804562601613	0.1728032151574967	independent-held-out-validated	7633ebb4a0d966dbda15a4e32d0efa492fb71aeb	tf	90	61180915be61455887ac261499455ac933cf976b292cab1a8180d759acc3ac2d	73.4	73.85	0.05	68136	57419	2607	1292540	97b80049b2005fd673b9c9b60eb2e9bb44e4b9bbfec59e0886e745d4553a4ca2	c487885fa20af65b6d3505735d84ec4bafa8e32df9afbf081b32801ab3f73bef	0
p_pr66_cutoff_match	0.000352804562601613	0.1728032151574967	independent-held-out-validated	7633ebb4a0d966dbda15a4e32d0efa492fb71aeb	tf	91	61180915be61455887ac261499455ac933cf976b292cab1a8180d759acc3ac2d	73.69	73.86	0.05	68136	57614	2608	1296906	9e3e4b420f0d521e809dd4ed1dcd1ea7e2a2f09ad1330679faeb99c86205d2ac	f9c0a952bdd9bb30ddd0468da504548b1e674117039bb5ffc58979056ab2fb12	0
p_pr66_cutoff_match	0.000352804562601613	0.1728032151574967	independent-held-out-validated	7633ebb4a0d966dbda15a4e32d0efa492fb71aeb	tf	92	61180915be61455887ac261499455ac933cf976b292cab1a8180d759acc3ac2d	74.07	74.19	0.05	68004	59080	2608	1328954	ffa0d8da6d0f0bb1da376872811c8e86c47e5cbf8e3a906048cbe023f7395333	8304fb517506ad306e3e1b6c1789605c15c5439756a16def41bb10a58fedb07d	0
p_pr66_cutoff_match	0.000352804562601613	0.1728032151574967	independent-held-out-validated	7633ebb4a0d966dbda15a4e32d0efa492fb71aeb	tf	93	61180915be61455887ac261499455ac933cf976b292cab1a8180d759acc3ac2d	73.72	73.89	0.04	68132	57486	2608	1294163	aba4516db746d8d5f8ebef982aedc9bd82c664a8800a3d3f2b1f7b451679b846	ff20d919ad383696b2a3501ca2d638db5c40e89502138708e7990bc4c9d49a91	0
p_pr66_cutoff_match	0.000352804562601613	0.1728032151574967	independent-held-out-validated	7633ebb4a0d966dbda15a4e32d0efa492fb71aeb	tf	94	61180915be61455887ac261499455ac933cf976b292cab1a8180d759acc3ac2d	74.91	73.76	0.04	67876	55938	2607	1260184	3f838ae04db3a6bd2ef275b391ddae7cae1775a86fbc78ad90cd21133219247c	3d3d163e310d7235e4b265dd4a45c3dbd4b937bb27a973b5a4ebe33ad397592c	0
p_pr66_cutoff_match	0.000352804562601613	0.1728032151574967	independent-held-out-validated	7633ebb4a0d966dbda15a4e32d0efa492fb71aeb	tf	95	61180915be61455887ac261499455ac933cf976b292cab1a8180d759acc3ac2d	74.92	75.01	0.07	68004	56051	2608	1262657	d69afd0c408d2e9a132003917845eb60f57b6f8d5ddea85681e8858748853808	abe210a9d693fa97e3d240d7d3b78510f67e34862880d7b13350517a8e36d11e	0
p_pr66_cutoff_match	0.000352804562601613	0.1728032151574967	independent-held-out-validated	7633ebb4a0d966dbda15a4e32d0efa492fb71aeb	tf	96	61180915be61455887ac261499455ac933cf976b292cab1a8180d759acc3ac2d	77.98	78.31	0.06	68260	59298	2608	1333645	82ef5368d5c57bc5b4ee7cf68d9042deb08a42a93f7c970a7b600f7b8bc58667	4e3f6e958806ce1e25e173f20ca1c2b63a4d0d5750293840b9ccbdfe49ed6800	0
p_pr66_cutoff_match	0.000352804562601613	0.1728032151574967	independent-held-out-validated	7633ebb4a0d966dbda15a4e32d0efa492fb71aeb	tf	97	61180915be61455887ac261499455ac933cf976b292cab1a8180d759acc3ac2d	75.57	75.83	0.04	68136	58204	2608	1309899	00d4b679304fe362ac311c8e654a683495847351117dfff33c17ec2438c153ea	2ae2d5a1f148d2c7d226dcf4a4837a7388022560267c9e2045db19e325e81ca3	0
p_pr66_cutoff_match	0.000352804562601613	0.1728032151574967	independent-held-out-validated	7633ebb4a0d966dbda15a4e32d0efa492fb71aeb	tf	98	61180915be61455887ac261499455ac933cf976b292cab1a8180d759acc3ac2d	74.83	75.18	0.04	68264	58569	2608	1317874	ca996ec8983b17c0f8e0fb6bb1313c8f788028b09df9125a309c0afcf383ecfc	ca2b5e182b580647f2154db58ba7fa56cb86a8d570242e3ab23737c1596114e4	0
p_pr66_cutoff_match	0.000352804562601613	0.1728032151574967	independent-held-out-validated	7633ebb4a0d966dbda15a4e32d0efa492fb71aeb	tf	99	61180915be61455887ac261499455ac933cf976b292cab1a8180d759acc3ac2d	74.53	74.88	0.07	68136	58879	2608	1324533	89515d8ef5916b40d8aba4193974d79efb8a79a9ea25ba796c9210cd1f8f4990	aca3dc7b643380e16885721d170acbd12e4db3c78bbea636c7bb7756e26fe356	0
p_pr66_cutoff_match	0.000352804562601613	0.1728032151574967	independent-held-out-validated	7633ebb4a0d966dbda15a4e32d0efa492fb71aeb	tf	100	61180915be61455887ac261499455ac933cf976b292cab1a8180d759acc3ac2d	75.19	75.4	0.07	68132	58516	2608	1316685	24072c5178ea32c7bc6372fd2fea323af08d77c3ca439649dcbe1fef6b236036	55b5d567d91c6f1cc3d9009013cf90740fae179e6e6ea1c84ef7a9fe68f2cf5e	0
p_pr66_cutoff_match	0.000352804562601613	0.1728032151574967	independent-held-out-validated	7633ebb4a0d966dbda15a4e32d0efa492fb71aeb	sig	1	61180915be61455887ac261499455ac933cf976b292cab1a8180d759acc3ac2d	186.24	185.52	0.09	75296	205025	10679	4628723	f7c42ec94ec6cc0c78942f5109abc04aa47b9a12fdd278c3b5a7271dd8dba40f	677844da88a3b6c013dc4830fda39c72f49d2aa20b0ba0e5b72a02b76ed26818	0
p_pr66_cutoff_match	0.000352804562601613	0.1728032151574967	independent-held-out-validated	7633ebb4a0d966dbda15a4e32d0efa492fb71aeb	sig	2	61180915be61455887ac261499455ac933cf976b292cab1a8180d759acc3ac2d	321.3	321.85	0.11	75336	200525	10678	4530393	9c7c5c06cbdbbe1e2ed884b77359a37aaa49398957314e32076b5c70f88c2510	ebb336fe5ab3d666448c63706d50f673320724b4a46236b36f72a1d496e310ad	0
p_pr66_cutoff_match	0.000352804562601613	0.1728032151574967	independent-held-out-validated	7633ebb4a0d966dbda15a4e32d0efa492fb71aeb	sig	3	61180915be61455887ac261499455ac933cf976b292cab1a8180d759acc3ac2d	338.97	337.95	0.12	74696	199912	10680	4517041	191e05e2d9083104a3a17b67d77c943ca4d93ea8171e41b7c336bc7b459b40a8	e10bfac5aaa7ceb11fcfa14bcbd2c192eab510a45ce28f038ee58bf7229e4934	0
p_pr66_cutoff_match	0.000352804562601613	0.1728032151574967	independent-held-out-validated	7633ebb4a0d966dbda15a4e32d0efa492fb71aeb	sig	4	61180915be61455887ac261499455ac933cf976b292cab1a8180d759acc3ac2d	333.75	333.55	0.13	74944	203774	10680	4601342	87c442fb548d1696d95621cbcd2e8c5cc6e00ec22de4a5c1697da66e3e653362	be05148288bda90d2277a900a64429a9875100048f5d35cd2a2f23415e25e162	0
p_pr66_cutoff_match	0.000352804562601613	0.1728032151574967	independent-held-out-validated	7633ebb4a0d966dbda15a4e32d0efa492fb71aeb	sig	5	61180915be61455887ac261499455ac933cf976b292cab1a8180d759acc3ac2d	332.1	331.98	0.13	75084	200826	10680	4536858	8cf0ed7d7cf2e2f08d748f2dff89ae8f2b3babe274ce02528b0e946403521c33	e388b440c56c4e951ef78bdc1d28bf6e405c968120e35c8e261d9280ff028e10	0
p_pr66_cutoff_match	0.000352804562601613	0.1728032151574967	independent-held-out-validated	7633ebb4a0d966dbda15a4e32d0efa492fb71aeb	sig	6	61180915be61455887ac261499455ac933cf976b292cab1a8180d759acc3ac2d	318.43	318.0	0.1	75336	200873	10680	4538307	b1d1fd091433836ca8b5dda9a63c6cf8d7ad8633ba882fe559ddfac1259f58e2	6caac7fc56392acd810089a4fabfbf3a93308c89ae43c45859a26d75343fe479	0
p_pr66_cutoff_match	0.000352804562601613	0.1728032151574967	independent-held-out-validated	7633ebb4a0d966dbda15a4e32d0efa492fb71aeb	sig	7	61180915be61455887ac261499455ac933cf976b292cab1a8180d759acc3ac2d	315.55	316.12	0.11	75720	208092	10678	4696156	e767d574c884f2c779febd08e32e6aef89eccc5ca686a14f49586f2bc06b31b5	2f4ecaccc7a04548bda984d188a4314601b39901a64f87d6492eae8191bad105	0
p_pr66_cutoff_match	0.000352804562601613	0.1728032151574967	independent-held-out-validated	7633ebb4a0d966dbda15a4e32d0efa492fb71aeb	sig	8	61180915be61455887ac261499455ac933cf976b292cab1a8180d759acc3ac2d	313.04	312.17	0.13	76236	210432	10680	4747138	d48dea3ab9cedf1058a68e75fa07d608472c007a98391c4bf37ff58cc75f9f49	b9cb298af67527dd7ca6e8d5c86fe34035f9c91d3b0f80266e142ec432759f58	0
p_pr66_cutoff_match	0.000352804562601613	0.1728032151574967	independent-held-out-validated	7633ebb4a0d966dbda15a4e32d0efa492fb71aeb	sig	9	61180915be61455887ac261499455ac933cf976b292cab1a8180d759acc3ac2d	314.17	313.34	0.09	75720	205019	10679	4629053	c1748c37e3c5773976008ca65412f6835bed99b0c0c5637041ee11930f72907a	5529d80ab29f0f1005da3fb899c02f85bacf72e5f937d573183b373ffdeacbd2	0
p_pr66_cutoff_match	0.000352804562601613	0.1728032151574967	independent-held-out-validated	7633ebb4a0d966dbda15a4e32d0efa492fb71aeb	sig	10	61180915be61455887ac261499455ac933cf976b292cab1a8180d759acc3ac2d	317.34	317.77	0.12	75720	206342	10679	4657665	2496fbbb8769c041fced47882556f765dd971502bbf2c374232b044fc3e405f0	cf2189e582d2c08fe96361cb5296c86110d851ccdfabf7b581cf2c77be1bdecb	0
p_pr66_cutoff_match	0.000352804562601613	0.1728032151574967	independent-held-out-validated	7633ebb4a0d966dbda15a4e32d0efa492fb71aeb	sig	11	61180915be61455887ac261499455ac933cf976b292cab1a8180d759acc3ac2d	321.07	320.42	0.09	75592	202848	10680	4581338	5be2efb9a5429129a1b5e1aa51fe2309bfb6a9f28728c79be36f5db1c6febc41	948f6025f4876949c30f5344cd63684bb8cfa92fd90977b83d45c83ba04e17c9	0
p_pr66_cutoff_match	0.000352804562601613	0.1728032151574967	independent-held-out-validated	7633ebb4a0d966dbda15a4e32d0efa492fb71aeb	sig	12	61180915be61455887ac261499455ac933cf976b292cab1a8180d759acc3ac2d	311.15	311.76	0.12	75336	204700	10678	4621771	c18328c0a000bb1aa3f02016525a3a3d4737d6e9300a02e796cb8092db7e43a2	115556b13a8d2b008f9f1ecc67b46a9d573671196474fb416f6d7f5a1299ccc4	0
p_pr66_cutoff_match	0.000352804562601613	0.1728032151574967	independent-held-out-validated	7633ebb4a0d966dbda15a4e32d0efa492fb71aeb	sig	13	61180915be61455887ac261499455ac933cf976b292cab1a8180d759acc3ac2d	310.58	311.81	0.11	74696	195289	10679	4415730	7f5640a7b4e5cb87787b01bea723d2c822f132d8918b15bdb82fc19c2c49d052	ddfb467cde27ef3df1a8e29a55c4e227965e780b3bb3a32b7d5ef4eed33f97c0	0
p_pr66_cutoff_match	0.000352804562601613	0.1728032151574967	independent-held-out-validated	7633ebb4a0d966dbda15a4e32d0efa492fb71aeb	sig	14	61180915be61455887ac261499455ac933cf976b292cab1a8180d759acc3ac2d	311.09	309.84	0.11	74568	196192	10679	4435441	b4f806c37a4ab6266ad080a67d67d1f04cf0f312ec66addad29809bfe3f28b71	2c10095b7713f39b9681646682c904a561012ded4ccf49c0a23f3d759e826066	0
p_pr66_cutoff_match	0.000352804562601613	0.1728032151574967	independent-held-out-validated	7633ebb4a0d966dbda15a4e32d0efa492fb71aeb	sig	15	61180915be61455887ac261499455ac933cf976b292cab1a8180d759acc3ac2d	311.79	312.16	0.09	75848	205762	10680	4645105	31bf2dd1b94219f2d93e1ee8c096a740252654af57bb3d753e94a8b831aedab4	9abb4d59ae3afcb1a242840386d3eb99410409f9243dad7ee7fb688cf2eff4bb	0
p_pr66_cutoff_match	0.000352804562601613	0.1728032151574967	independent-held-out-validated	7633ebb4a0d966dbda15a4e32d0efa492fb71aeb	sig	16	61180915be61455887ac261499455ac933cf976b292cab1a8180d759acc3ac2d	305.95	306.2	0.13	75464	204442	10679	4616127	b4cc6ab2c27f64d4f25c6062c28e963b21d21c8be6016f79c47b55ed88737a5c	d94245b203a38b3d1c80daa2f04560eb2f1913cfe833828bdf29f1cea8d3a2d7	0
p_pr66_cutoff_match	0.000352804562601613	0.1728032151574967	independent-held-out-validated	7633ebb4a0d966dbda15a4e32d0efa492fb71aeb	sig	17	61180915be61455887ac261499455ac933cf976b292cab1a8180d759acc3ac2d	308.48	307.57	0.09	75592	198270	10679	4480793	3ac6b388741b4579bbcb5e35ccccfdbe6217b2a54f645d9c559f2c551414f5bd	db9f75e5b9fde8c5aac47c4c3b764a95010cddaebe8a8d616e0c7d22a6596e16	0
p_pr66_cutoff_match	0.000352804562601613	0.1728032151574967	independent-held-out-validated	7633ebb4a0d966dbda15a4e32d0efa492fb71aeb	sig	18	61180915be61455887ac261499455ac933cf976b292cab1a8180d759acc3ac2d	306.48	305.69	0.07	74660	196676	10680	4446025	87ab1eeeb3f9ebf5774e7244bbbecbd2358d2a18042398f7d8de5f95a04bc271	c20e9bbe29e54853b7d691a14f2b17ba773570a352589936af2f394a5ef491f2	0
p_pr66_cutoff_match	0.000352804562601613	0.1728032151574967	independent-held-out-validated	7633ebb4a0d966dbda15a4e32d0efa492fb71aeb	sig	19	61180915be61455887ac261499455ac933cf976b292cab1a8180d759acc3ac2d	329.72	329.67	0.12	75080	202716	10680	4578417	4fdeb72eaf5436de328ac83fa1dc1a17c919deeb6d5b5678073609b3f4862fe5	cf38336659b5340570df6281e155ce7466f47428f893f3a70b92b2a49720caff	0
p_pr66_cutoff_match	0.000352804562601613	0.1728032151574967	independent-held-out-validated	7633ebb4a0d966dbda15a4e32d0efa492fb71aeb	sig	20	61180915be61455887ac261499455ac933cf976b292cab1a8180d759acc3ac2d	348.04	347.43	0.09	75080	206201	10680	4654444	47994c93bc42f98a4f49d7ff0fe9cf1283c032698e172e7b9a78bc34b9e5acf3	36d52dd981d91929456e85786edbd18e819ac1b0c0f9f2f73793c28e997624a3	0
p_pr66_cutoff_match	0.000352804562601613	0.1728032151574967	independent-held-out-validated	7633ebb4a0d966dbda15a4e32d0efa492fb71aeb	sig	21	61180915be61455887ac261499455ac933cf976b292cab1a8180d759acc3ac2d	311.53	310.72	0.12	75464	206931	10680	4670740	0513a8497fba8550a1fe53d28e1ef859a208a1825e084ff47a8279eacf4e80e6	2ed3c2e8f8b9c601e3af102efe80edaea9402ca3c975937716d920e841fa8ee6	0
p_pr66_cutoff_match	0.000352804562601613	0.1728032151574967	independent-held-out-validated	7633ebb4a0d966dbda15a4e32d0efa492fb71aeb	sig	22	61180915be61455887ac261499455ac933cf976b292cab1a8180d759acc3ac2d	311.01	311.29	0.09	75184	199763	10680	4513851	c604df8562c76ad6d15106805090c4eff0c634e0bf4b5446c107aa96eacb3b0d	bd1ec21ed5005e15406d5feb57745ccedca8a301850e9b604e203f7cfc0ea83d	0
p_pr66_cutoff_match	0.000352804562601613	0.1728032151574967	independent-held-out-validated	7633ebb4a0d966dbda15a4e32d0efa492fb71aeb	sig	23	61180915be61455887ac261499455ac933cf976b292cab1a8180d759acc3ac2d	323.0	322.5	0.11	75336	198405	10679	4483781	6a076f490a1e34cda123bb7fad8677984694f94a40e50d560e7765c64ab5757a	d4b74b3671a527baf05ad3ff4bda1318460ef28b4cdc8856b348236d14aca095	0
p_pr66_cutoff_match	0.000352804562601613	0.1728032151574967	independent-held-out-validated	7633ebb4a0d966dbda15a4e32d0efa492fb71aeb	sig	24	61180915be61455887ac261499455ac933cf976b292cab1a8180d759acc3ac2d	311.95	312.4	0.09	75208	205203	10680	4632710	91cb1cb5a0f889161642a3f22199c01ed21f429b7f72e93a18df44eede3fb525	5aced773e54dd5a494fdfd43a6cc7942af5c129ed9673e6d81aca6a00f64ed01	0
p_pr66_cutoff_match	0.000352804562601613	0.1728032151574967	independent-held-out-validated	7633ebb4a0d966dbda15a4e32d0efa492fb71aeb	sig	25	61180915be61455887ac261499455ac933cf976b292cab1a8180d759acc3ac2d	310.49	310.75	0.14	75464	200531	10680	4530451	f1c4f7a670e52eb9ad55835568e76f19b07f68af7259410e2f57101793908a5f	2822ff25561cf9eeb64b3f40ded80e975a8ef199894e441512f709121f602fc7	0
p_pr66_cutoff_match	0.000352804562601613	0.1728032151574967	independent-held-out-validated	7633ebb4a0d966dbda15a4e32d0efa492fb71aeb	sig	26	61180915be61455887ac261499455ac933cf976b292cab1a8180d759acc3ac2d	313.23	313.55	0.11	75208	199687	10680	4512112	9cbbc508f5569ddbea9cbb3035fc28ed550882eb00eb2bd73754a571a6901e82	dc4fe980725822cf8443f812cd20d24b0e1a70fa25e4963df555bb769738753c	0
p_pr66_cutoff_match	0.000352804562601613	0.1728032151574967	independent-held-out-validated	7633ebb4a0d966dbda15a4e32d0efa492fb71aeb	sig	27	61180915be61455887ac261499455ac933cf976b292cab1a8180d759acc3ac2d	312.95	312.07	0.09	75084	198947	10680	4495883	8f13d89709164c3f760a0dc8933aaa59b5f4ab211c0a05d587436e9ea97643e5	5810ea52165bb4ebab5dc0be8989e1d48199f9f2b47fb83969e9d96299b56e54	0
p_pr66_cutoff_match	0.000352804562601613	0.1728032151574967	independent-held-out-validated	7633ebb4a0d966dbda15a4e32d0efa492fb71aeb	sig	28	61180915be61455887ac261499455ac933cf976b292cab1a8180d759acc3ac2d	310.13	310.54	0.07	75592	200885	10679	4538691	afce49a384d4c8f8af1fcceb888fa905e2d3269da16edec6bd620aa2e3104f3e	bffe115e40837beef5ebf16a451a02a67e4ee3d8859288c73a618e5afea8e63c	0
p_pr66_cutoff_match	0.000352804562601613	0.1728032151574967	independent-held-out-validated	7633ebb4a0d966dbda15a4e32d0efa492fb71aeb	sig	29	61180915be61455887ac261499455ac933cf976b292cab1a8180d759acc3ac2d	313.18	313.48	0.1	75208	200259	10680	4525022	3a8eea269b6a4ee0a37bea388d986c81bb14d698b2934fe39c0a7c1dfe777e9a	ef2f7e2bd7ffff3e2d48e0482204828663583c183148fe1bd9bced971139e2a5	0
p_pr66_cutoff_match	0.000352804562601613	0.1728032151574967	independent-held-out-validated	7633ebb4a0d966dbda15a4e32d0efa492fb71aeb	sig	30	61180915be61455887ac261499455ac933cf976b292cab1a8180d759acc3ac2d	311.85	312.16	0.1	75592	211491	10680	4770419	84de51d0ce6045ab0cc6bfe25a6bef2a1af26b65ffc0c2b357dacbda888e9d4f	9d2a0dcf7137836b751b61199c219d0aec2187b98a8e4735374c7fc3a2ec1a01	0
p_pr66_cutoff_match	0.000352804562601613	0.1728032151574967	independent-held-out-validated	7633ebb4a0d966dbda15a4e32d0efa492fb71aeb	sig	31	61180915be61455887ac261499455ac933cf976b292cab1a8180d759acc3ac2d	313.63	312.67	0.09	75596	204402	10679	4614726	aede1a2cae783f359681c6511698a3a24a810159093be597a817877a8dac75c2	0977e2a9ebfbc87090e6e36ca93b66bc306fb2ec54572e2af7a6906f0d0ddf77	0
p_pr66_cutoff_match	0.000352804562601613	0.1728032151574967	independent-held-out-validated	7633ebb4a0d966dbda15a4e32d0efa492fb71aeb	sig	32	61180915be61455887ac261499455ac933cf976b292cab1a8180d759acc3ac2d	310.92	311.29	0.09	75336	207207	10679	4676677	4df42edf7415eb1fd5743fa5c78bd6d151180710e2daa716500b837269dbc8b6	535ceafbbdbe7a3378116fb895cc211c86fd2e2de0fc801a6692f974eb400eef	0
p_pr66_cutoff_match	0.000352804562601613	0.1728032151574967	independent-held-out-validated	7633ebb4a0d966dbda15a4e32d0efa492fb71aeb	sig	33	61180915be61455887ac261499455ac933cf976b292cab1a8180d759acc3ac2d	312.76	312.96	0.09	75080	200705	10680	4534365	98dd88777411b4857baa5073c31083a91a1937e735c11ae529fb1530b11f8397	7acee36ab73450b7132270550fdda0a211cd983c31abd2c870cd923fe036eff5	0
p_pr66_cutoff_match	0.000352804562601613	0.1728032151574967	independent-held-out-validated	7633ebb4a0d966dbda15a4e32d0efa492fb71aeb	sig	34	61180915be61455887ac261499455ac933cf976b292cab1a8180d759acc3ac2d	314.3	313.57	0.11	75592	206467	10680	4660367	070322412548b4d38d5af2f8aa42b4c50bf2c51b5b685868a619f080da48bb46	91165aa9285f9ad1af4167aa5fc52854eee8cede1c43ede745f18cdf948fb3df	0
p_pr66_cutoff_match	0.000352804562601613	0.1728032151574967	independent-held-out-validated	7633ebb4a0d966dbda15a4e32d0efa492fb71aeb	sig	35	61180915be61455887ac261499455ac933cf976b292cab1a8180d759acc3ac2d	312.41	312.67	0.11	74648	192322	10679	4350612	1e0dd10ff9aaa85aa64bce320a761eaed2eafa2dcb51b619945176b153d5e088	1ac350f57cc72cc7a553dc96618dec50cc66fba233bbe725e2f1e25d88cc656b	0
p_pr66_cutoff_match	0.000352804562601613	0.1728032151574967	independent-held-out-validated	7633ebb4a0d966dbda15a4e32d0efa492fb71aeb	sig	36	61180915be61455887ac261499455ac933cf976b292cab1a8180d759acc3ac2d	309.5	309.84	0.09	75336	204858	10679	4625257	7a2ee398cf7211f63712815b811b871472e77fa9d2b8caa507d90a3dfa24fadb	07a73f0fd3f26134ddd6fcb78c00bf0e4132207597551cac0064ae4b2c4e9388	0
p_pr66_cutoff_match	0.000352804562601613	0.1728032151574967	independent-held-out-validated	7633ebb4a0d966dbda15a4e32d0efa492fb71aeb	sig	37	61180915be61455887ac261499455ac933cf976b292cab1a8180d759acc3ac2d	313.02	313.41	0.09	75464	202232	10679	4567665	8ce486d0298844947c0fe7cc2b6e7599daa2ec8f7aba6e8a95ecf9bd6f5b5329	0f494b4c756357ae53da1e9ebf185998dd24749a7a589b1091a13c2c3d09f537	0
p_pr66_cutoff_match	0.000352804562601613	0.1728032151574967	independent-held-out-validated	7633ebb4a0d966dbda15a4e32d0efa492fb71aeb	sig	38	61180915be61455887ac261499455ac933cf976b292cab1a8180d759acc3ac2d	312.81	311.92	0.09	75848	210958	10680	4759096	39980759ecf98a29ce5035405ac3e21cc6f72b6b5ae69fbc78d50ad92f76deff	24dc7c600a68095b7ee236b4f9eb97218c48cdec9bc635e27ee8e743692f2c99	0
p_pr66_cutoff_match	0.000352804562601613	0.1728032151574967	independent-held-out-validated	7633ebb4a0d966dbda15a4e32d0efa492fb71aeb	sig	39	61180915be61455887ac261499455ac933cf976b292cab1a8180d759acc3ac2d	315.26	315.69	0.09	75208	206502	10678	4661397	5b84819598e9406d804e0020be81afaa2854e8c6fb8aa368c899e87dba1d0d08	3afd46d3014c7f8df194e09c46606a047fc3f871e4e170438dd98c5013be710d	0
p_pr66_cutoff_match	0.000352804562601613	0.1728032151574967	independent-held-out-validated	7633ebb4a0d966dbda15a4e32d0efa492fb71aeb	sig	40	61180915be61455887ac261499455ac933cf976b292cab1a8180d759acc3ac2d	312.96	313.29	0.13	75464	203448	10679	4594603	f358612a0025d9ee4f71fae923f205045d8e33ce1b047fe1d78b858feeb1738c	2092ba892bbe4763256c384d67c793a5bde5ab0833676a644eb993ab29412576	0
p_pr66_cutoff_match	0.000352804562601613	0.1728032151574967	independent-held-out-validated	7633ebb4a0d966dbda15a4e32d0efa492fb71aeb	sig	41	61180915be61455887ac261499455ac933cf976b292cab1a8180d759acc3ac2d	312.06	312.47	0.09	75464	199914	10680	4516976	d152186a71ffee25efea344dff021c00f54d9f7f909bbab551b9318654eeb765	938a994c187d7a37caa2a0f7fe8aa02546ab4f48b01e25cdf4bf29af1f0a3303	0
p_pr66_cutoff_match	0.000352804562601613	0.1728032151574967	independent-held-out-validated	7633ebb4a0d966dbda15a4e32d0efa492fb71aeb	sig	42	61180915be61455887ac261499455ac933cf976b292cab1a8180d759acc3ac2d	320.55	319.85	0.1	75208	195550	10679	4421464	251816bf2cbd2033d28ed42769e876414c1f75f35e682d397b04dd1052788fc8	f741bf7c1c367a412eaa46b71bce7acbee8c8b9b184bfca000c1bf2540157d3a	0
p_pr66_cutoff_match	0.000352804562601613	0.1728032151574967	independent-held-out-validated	7633ebb4a0d966dbda15a4e32d0efa492fb71aeb	sig	43	61180915be61455887ac261499455ac933cf976b292cab1a8180d759acc3ac2d	311.43	311.12	0.12	76104	211349	10679	4767833	ad686d3ff40070198878d2f96b9c9625da626d8b8debc86cc2a39530deacbaaa	c3579fbe12d29ae941c2d281b07060a9d616f4c61e31f2c171f619120f2ebbb3	0
p_pr66_cutoff_match	0.000352804562601613	0.1728032151574967	independent-held-out-validated	7633ebb4a0d966dbda15a4e32d0efa492fb71aeb	sig	44	61180915be61455887ac261499455ac933cf976b292cab1a8180d759acc3ac2d	306.02	304.82	0.09	75848	201802	10680	4558440	b67a3a1f400ef17b30bd75395b5c394d3e029ac661d361f6b2c61578d0e1718f	568d2ae380b34a629d5abfde3417c93fa17d288afe77eb67808335ffad360506	0
p_pr66_cutoff_match	0.000352804562601613	0.1728032151574967	independent-held-out-validated	7633ebb4a0d966dbda15a4e32d0efa492fb71aeb	sig	45	61180915be61455887ac261499455ac933cf976b292cab1a8180d759acc3ac2d	378.63	379.0	0.14	75468	203699	10680	4600091	c09859d88c34b4a7079186d603b570e0e7bb3ded7896b964fbf6037e08fcc500	3586df9217e1864591f191ecb5ec039af5d556dd0c219056b96cae80ccd4786d	0
p_pr66_cutoff_match	0.000352804562601613	0.1728032151574967	independent-held-out-validated	7633ebb4a0d966dbda15a4e32d0efa492fb71aeb	sig	46	61180915be61455887ac261499455ac933cf976b292cab1a8180d759acc3ac2d	329.5	329.18	0.11	75520	198956	10680	4496135	e9f832f44d71a39f5d699fe5a2dd9ec3b8c7cceef9a59eb1a2233871591f26f6	8e30e9d7eafa472d5a734b73b227315cc35d3841e694ec4fc7571d17af5532bd	0
p_pr66_cutoff_match	0.000352804562601613	0.1728032151574967	independent-held-out-validated	7633ebb4a0d966dbda15a4e32d0efa492fb71aeb	sig	47	61180915be61455887ac261499455ac933cf976b292cab1a8180d759acc3ac2d	308.0	308.18	0.07	74952	201763	10680	4557733	005beb3cacdd93635b864cdbc5ec16a347b1e9bc1217f7f12e4df329898ea1ce	992afad1faea14c5f4ab011f2e880b119a9286b6a16c3953eef73a222979713b	0
p_pr66_cutoff_match	0.000352804562601613	0.1728032151574967	independent-held-out-validated	7633ebb4a0d966dbda15a4e32d0efa492fb71aeb	sig	48	61180915be61455887ac261499455ac933cf976b292cab1a8180d759acc3ac2d	328.26	327.78	0.1	74824	198428	10678	4484856	5b91fe694c76c9c09810bcf31b02d44ca8920fdfd1f6408878fdc0995933e811	01782839f1a5e3618b13cf4e616ef4576d9ba2564972038de9420a9f3753ac7d	0
p_pr66_cutoff_match	0.000352804562601613	0.1728032151574967	independent-held-out-validated	7633ebb4a0d966dbda15a4e32d0efa492fb71aeb	sig	49	61180915be61455887ac261499455ac933cf976b292cab1a8180d759acc3ac2d	324.2	323.66	0.11	75464	197101	10679	4455356	39aed64a94b790d2a543e58af98f6e11b3e0d7db93e6e414925893e45ceb8a64	685a8f6ec2a32c9816fb83527d3529e95e96e5064c5818b39a3953f2cff047c6	0
p_pr66_cutoff_match	0.000352804562601613	0.1728032151574967	independent-held-out-validated	7633ebb4a0d966dbda15a4e32d0efa492fb71aeb	sig	50	61180915be61455887ac261499455ac933cf976b292cab1a8180d759acc3ac2d	307.82	308.08	0.1	75208	203421	10680	4593779	edaa3ec9149335e55ef23b1073f83f29f2c1230f190cc77437656bf6afd4b135	92e09fbf39ddc4364bbdd2ebcfe83bc28dd96fa765c667cb6b8acbb2c551e437	0
p_pr66_cutoff_match	0.000352804562601613	0.1728032151574967	independent-held-out-validated	7633ebb4a0d966dbda15a4e32d0efa492fb71aeb	sig	51	61180915be61455887ac261499455ac933cf976b292cab1a8180d759acc3ac2d	310.04	310.25	0.11	75852	209412	10680	4725120	a15cda5c53a265c13d79bf27a9291a96ae9ed9a8d6a5ef217122d2518633571f	843a0bd9a0fd9857e89f7b48db538699141174e9f79368b34d80b473143bf81a	0
p_pr66_cutoff_match	0.000352804562601613	0.1728032151574967	independent-held-out-validated	7633ebb4a0d966dbda15a4e32d0efa492fb71aeb	sig	52	61180915be61455887ac261499455ac933cf976b292cab1a8180d759acc3ac2d	304.16	304.04	0.13	74700	196542	10678	4443389	bb69ebf3208488dc158a0e4239061423cbf31f5e00f621813453794bbe999704	d470e1bd699d7f4a4cf64503cf796186964401645bb8e7b61ca48990b1789337	0
p_pr66_cutoff_match	0.000352804562601613	0.1728032151574967	independent-held-out-validated	7633ebb4a0d966dbda15a4e32d0efa492fb71aeb	sig	53	61180915be61455887ac261499455ac933cf976b292cab1a8180d759acc3ac2d	303.58	303.67	0.09	75084	203399	10679	4593076	21a6f27b1cc8b3538d870867ebe6930509b9f89749f5a01f1d85d5297a723eeb	e2364a2a9d801e1939b271b0d1b741095f5d32a4d0ac55400f5334732d6dc4f7	0
p_pr66_cutoff_match	0.000352804562601613	0.1728032151574967	independent-held-out-validated	7633ebb4a0d966dbda15a4e32d0efa492fb71aeb	sig	54	61180915be61455887ac261499455ac933cf976b292cab1a8180d759acc3ac2d	303.92	303.89	0.09	75208	203602	10680	4597903	5ab2300ef8c49fe2a0af2053b70d277bfd1bdaca28e30f8d493d1846b4ad396a	5e5f205f3948d963a6516ca443cbb7d9f572a46f278adf314f7200c3b87bfccc	0
p_pr66_cutoff_match	0.000352804562601613	0.1728032151574967	independent-held-out-validated	7633ebb4a0d966dbda15a4e32d0efa492fb71aeb	sig	55	61180915be61455887ac261499455ac933cf976b292cab1a8180d759acc3ac2d	301.4	301.33	0.07	75084	203162	10680	4588030	095447276582048044ea45ddf08ed11b81eabb7a656b07381bcb3930888f684a	432f02fc0201ea94e3ee6a06715d2d0acc7fad446eb8ccbe36c0ad7e9085fdf5	0
p_pr66_cutoff_match	0.000352804562601613	0.1728032151574967	independent-held-out-validated	7633ebb4a0d966dbda15a4e32d0efa492fb71aeb	sig	56	61180915be61455887ac261499455ac933cf976b292cab1a8180d759acc3ac2d	303.05	303.07	0.09	74824	198769	10680	4491871	ff4159cb85313d8dd0d88d407472065d604b5c6aaeb9cf6394059efb659b96f2	fe5f5547a996814accfa4eab581091a73618b20d2956e233c4a6320aac4b817b	0
p_pr66_cutoff_match	0.000352804562601613	0.1728032151574967	independent-held-out-validated	7633ebb4a0d966dbda15a4e32d0efa492fb71aeb	sig	57	61180915be61455887ac261499455ac933cf976b292cab1a8180d759acc3ac2d	301.93	301.9	0.1	75976	200578	10680	4531331	f1bd1a55aa548c3105bce3a1251b5f0ead599974982bf997abcf89c62ea91bf2	1b3cc199c58dd73612b9ddc7b2803f7e1431e437ea72df6fd92bc15af04ac44f	0
p_pr66_cutoff_match	0.000352804562601613	0.1728032151574967	independent-held-out-validated	7633ebb4a0d966dbda15a4e32d0efa492fb71aeb	sig	58	61180915be61455887ac261499455ac933cf976b292cab1a8180d759acc3ac2d	305.0	304.93	0.1	74824	203717	10679	4600251	a7d7e6e8f42215029b55087c2190fbe16c87682908ff8ca3a0bcc18c41163cfb	0ec36304671f6656a754049aafc692a91441f847bc3e3286e089779d927f9944	0
p_pr66_cutoff_match	0.000352804562601613	0.1728032151574967	independent-held-out-validated	7633ebb4a0d966dbda15a4e32d0efa492fb71aeb	sig	59	61180915be61455887ac261499455ac933cf976b292cab1a8180d759acc3ac2d	298.25	298.13	0.1	75468	201309	10680	4547339	492ee3f85dca0443e1290be1a2c504eb234b4ce48294c0fdcc70e1df6068fef8	131915dacaaded7f8606bd268a89f2aca4dd60bc967e5a997121866e61ceff1f	0
p_pr66_cutoff_match	0.000352804562601613	0.1728032151574967	independent-held-out-validated	7633ebb4a0d966dbda15a4e32d0efa492fb71aeb	sig	60	61180915be61455887ac261499455ac933cf976b292cab1a8180d759acc3ac2d	302.19	300.98	0.05	75720	207034	10679	4672824	6060664e970265c6a3ec0b2ef893a248d48b92d9421736e0d3299abe640b0288	15244c4f4195176567bb15a2c773a00899ad87a205cfb015f5a9c2cd00552310	0
p_pr66_cutoff_match	0.000352804562601613	0.1728032151574967	independent-held-out-validated	7633ebb4a0d966dbda15a4e32d0efa492fb71aeb	sig	61	61180915be61455887ac261499455ac933cf976b292cab1a8180d759acc3ac2d	299.43	299.26	0.07	75464	199944	10680	4517849	66d67fed378a750dd9811476c46860ea920b06fcbf8c2d87466364447f553560	fa09bab695181c6f90285f2e9d51745d8186b28b4021095ede9656b87fa76e90	0
p_pr66_cutoff_match	0.000352804562601613	0.1728032151574967	independent-held-out-validated	7633ebb4a0d966dbda15a4e32d0efa492fb71aeb	sig	62	61180915be61455887ac261499455ac933cf976b292cab1a8180d759acc3ac2d	298.36	298.19	0.09	75336	195910	10680	4429419	a858f3308a478bd4900025ac6eaabe5e8f68f6becdd4b7ddc6b2f6a3224f576a	00e4e3e3ab4afc7a1e897784b7d0aa41592e99ec730788e7b673fd15fbf9c59d	0
p_pr66_cutoff_match	0.000352804562601613	0.1728032151574967	independent-held-out-validated	7633ebb4a0d966dbda15a4e32d0efa492fb71aeb	sig	63	61180915be61455887ac261499455ac933cf976b292cab1a8180d759acc3ac2d	298.54	298.24	0.07	75464	199899	10680	4516327	80345bdf4a29a22e9a198d81254d6577028e096ee8161385fdbb1e881d8578fa	630a1a43c99470392848396e540a0a16fdbf622811d29de9a070fa7713ef258f	0
p_pr66_cutoff_match	0.000352804562601613	0.1728032151574967	independent-held-out-validated	7633ebb4a0d966dbda15a4e32d0efa492fb71aeb	sig	64	61180915be61455887ac261499455ac933cf976b292cab1a8180d759acc3ac2d	302.35	302.28	0.12	75200	200668	10679	4533629	4f10a5a4cecfa0e553fe43090091ab9d82ea862417837e47a41f6a1d7e1369d6	0258d3f1e8751b566d771da055a0f0892f8ee2a472e542d2ac87d2dea5182ea4	0
p_pr66_cutoff_match	0.000352804562601613	0.1728032151574967	independent-held-out-validated	7633ebb4a0d966dbda15a4e32d0efa492fb71aeb	sig	65	61180915be61455887ac261499455ac933cf976b292cab1a8180d759acc3ac2d	298.18	298.1	0.1	75208	207861	10680	4690929	3393190e7a0e356dc8756adf12bb7bbbd4f1e7cb404f1e313863c3cd578281ac	3d94005bddb82080fca60e5bf2ec9b14517f462a8f0f60f3bfb31be14fdd85d0	0
p_pr66_cutoff_match	0.000352804562601613	0.1728032151574967	independent-held-out-validated	7633ebb4a0d966dbda15a4e32d0efa492fb71aeb	sig	66	61180915be61455887ac261499455ac933cf976b292cab1a8180d759acc3ac2d	300.33	300.34	0.08	75208	200947	10680	4539705	9afe570056d66a894ba169d91ca8f2561546125664f710221b5a857cc16c388d	d4754d08c623ebceac81d4642f539c5e3e195bda341ae7f5d41ce0dd0d057985	0
p_pr66_cutoff_match	0.000352804562601613	0.1728032151574967	independent-held-out-validated	7633ebb4a0d966dbda15a4e32d0efa492fb71aeb	sig	67	61180915be61455887ac261499455ac933cf976b292cab1a8180d759acc3ac2d	298.58	298.51	0.08	75072	201722	10680	4556826	1d32f1e9e4b6e20b43d9503645e7cdb7ed8d7b7d671dbbadb05530d7ab461055	fc98ce4e828de9c4e6f20a65fbda9484c10adfae4733ce5768984d0fe6b4ed14	0
p_pr66_cutoff_match	0.000352804562601613	0.1728032151574967	independent-held-out-validated	7633ebb4a0d966dbda15a4e32d0efa492fb71aeb	sig	68	61180915be61455887ac261499455ac933cf976b292cab1a8180d759acc3ac2d	296.66	297.6	0.11	75596	206415	10680	4659202	c780486c16df4ba47e084e21e5d1576c894497d91bec60707aff5b0c7845063a	9a188932d4314dc406c676f4f5199ea91ba83ceed51fcafcd4cf1f1e571ef1b1	0
p_pr66_cutoff_match	0.000352804562601613	0.1728032151574967	independent-held-out-validated	7633ebb4a0d966dbda15a4e32d0efa492fb71aeb	sig	69	61180915be61455887ac261499455ac933cf976b292cab1a8180d759acc3ac2d	300.32	300.2	0.08	75336	199032	10679	4497739	6a1e57a384775badab48030a9ed8b692635a943a0464be94c81858faeeba0b3d	c81420974c918daff5165e2d9b139c675dfc8fe0530b76ac5951149b4c90e32a	0
p_pr66_cutoff_match	0.000352804562601613	0.1728032151574967	independent-held-out-validated	7633ebb4a0d966dbda15a4e32d0efa492fb71aeb	sig	70	61180915be61455887ac261499455ac933cf976b292cab1a8180d759acc3ac2d	297.0	297.95	0.12	75468	201158	10680	4544404	8ea3ccf007ecd543ed68aa77bf60c6cd1a6a52a9528fd9b54f2ffcb4bb3e33c1	29cee3e373fd3ad8caf13789933346cbab2ed2bfde53d8dfe01f6d0431597e2b	0
p_pr66_cutoff_match	0.000352804562601613	0.1728032151574967	independent-held-out-validated	7633ebb4a0d966dbda15a4e32d0efa492fb71aeb	sig	71	61180915be61455887ac261499455ac933cf976b292cab1a8180d759acc3ac2d	299.46	299.37	0.09	75340	206613	10679	4663711	85c1e10bcd3a063a768962345e1febec8d1804abde693094f5750b5c85f41c4f	c6dd89b8f2265ee31cf17666f43c3383a6b77ae4c88793989892e8de0ed13877	0
p_pr66_cutoff_match	0.000352804562601613	0.1728032151574967	independent-held-out-validated	7633ebb4a0d966dbda15a4e32d0efa492fb71aeb	sig	72	61180915be61455887ac261499455ac933cf976b292cab1a8180d759acc3ac2d	299.57	299.38	0.08	75592	204090	10680	4608354	b05f6ebaa25a81b6025adfaddc3ca9942d77a1b3f93c128293803fb51e944089	eb6b2bf4e209ef038c5f7400ba2f77e8c621b8c9314b25f571a89ee5f5ad6e80	0
p_pr66_cutoff_match	0.000352804562601613	0.1728032151574967	independent-held-out-validated	7633ebb4a0d966dbda15a4e32d0efa492fb71aeb	sig	73	61180915be61455887ac261499455ac933cf976b292cab1a8180d759acc3ac2d	299.22	299.08	0.07	75212	206104	10680	4652951	f72415c97fdb6808c5aeb8b30082da7a52253638428545b5b85a9dc51a344f6b	92018338e8735abc5d35b65f2c61c45d230cca28910287fba84f5ab7ac77ccf8	0
p_pr66_cutoff_match	0.000352804562601613	0.1728032151574967	independent-held-out-validated	7633ebb4a0d966dbda15a4e32d0efa492fb71aeb	sig	74	61180915be61455887ac261499455ac933cf976b292cab1a8180d759acc3ac2d	297.09	297.51	0.07	75208	202395	10680	4571749	591a2e63a907b6c2a9bc1002a5a1f4ee951a2e3b6240ed2f5fdcee03bccecfae	30a0087d71574be22aee404c72d8e70f2f1324f1b855c3953316eb8dbeb6719c	0
p_pr66_cutoff_match	0.000352804562601613	0.1728032151574967	independent-held-out-validated	7633ebb4a0d966dbda15a4e32d0efa492fb71aeb	sig	75	61180915be61455887ac261499455ac933cf976b292cab1a8180d759acc3ac2d	297.99	297.82	0.1	75080	199658	10679	4511648	c8de25adc5cc8c8b73c78433519ae885d62e0b08fd583315b87fd5a5f321f86e	60a9f85cbb9c43703d500fe87768dc3faf70815b522f8177d237ac9bef33a3fa	0
p_pr66_cutoff_match	0.000352804562601613	0.1728032151574967	independent-held-out-validated	7633ebb4a0d966dbda15a4e32d0efa492fb71aeb	sig	76	61180915be61455887ac261499455ac933cf976b292cab1a8180d759acc3ac2d	306.16	306.44	0.08	75336	194563	10680	4400319	63d3fdab5d3c131d9fe5e51f0f5816dbe263a23d694a28a19adc06dc1c083e0f	4ca30ab3bf6a6269910b8a95ed5fb60e16fda7efdaf28dab52c7506dbc5a84a4	0
p_pr66_cutoff_match	0.000352804562601613	0.1728032151574967	independent-held-out-validated	7633ebb4a0d966dbda15a4e32d0efa492fb71aeb	sig	77	61180915be61455887ac261499455ac933cf976b292cab1a8180d759acc3ac2d	325.26	324.77	0.09	75720	205132	10680	4631207	b985be84364b3733c6d059e9a23796b862a6531fb1c779b065c61a35b6892390	ba235100283811e233329b7f7399469f68eb802464e6c994863e10b26d681f76	0
p_pr66_cutoff_match	0.000352804562601613	0.1728032151574967	independent-held-out-validated	7633ebb4a0d966dbda15a4e32d0efa492fb71aeb	sig	78	61180915be61455887ac261499455ac933cf976b292cab1a8180d759acc3ac2d	305.65	305.68	0.1	75488	204160	10680	4609859	6d18621d0145fa3fbbe5b7f53bb11a50cd9b93d19e6e4fbbace1b59d1e36b23f	04f63adda0dd6430b46ff6266b69615cd89723f7973daa9a593a1732e75c5002	0
p_pr66_cutoff_match	0.000352804562601613	0.1728032151574967	independent-held-out-validated	7633ebb4a0d966dbda15a4e32d0efa492fb71aeb	sig	79	61180915be61455887ac261499455ac933cf976b292cab1a8180d759acc3ac2d	303.49	303.23	0.14	75848	208704	10680	4709485	57dd05c75bacf86862c405cc8e63d067c8fe974027b1af96b58603c5e7c60d8c	c30654e541d8eb9cb67d903ab62975796f10aa4d2f1d3e6b1c5b8466216a2365	0
p_pr66_cutoff_match	0.000352804562601613	0.1728032151574967	independent-held-out-validated	7633ebb4a0d966dbda15a4e32d0efa492fb71aeb	sig	80	61180915be61455887ac261499455ac933cf976b292cab1a8180d759acc3ac2d	302.73	302.68	0.09	75720	204488	10679	4617032	30d4a4278be03deac95101596bf63a00def08153f7c5dd8b9b12af386436cb6f	eb09c6a81badc6def92471a7c3088dba9f45b99da5726afa79cad588a7533a13	0
p_pr66_cutoff_match	0.000352804562601613	0.1728032151574967	independent-held-out-validated	7633ebb4a0d966dbda15a4e32d0efa492fb71aeb	sig	81	61180915be61455887ac261499455ac933cf976b292cab1a8180d759acc3ac2d	312.22	312.5	0.09	74956	201911	10680	4560670	6fa08284f34502950ddaec66b926070ec72050d0950e8a0dbf0eadbe131f313b	38f970c429aad9747eca9475734d33170b19ee9a354cd96c9b05d20dc9cf9759	0
p_pr66_cutoff_match	0.000352804562601613	0.1728032151574967	independent-held-out-validated	7633ebb4a0d966dbda15a4e32d0efa492fb71aeb	sig	82	61180915be61455887ac261499455ac933cf976b292cab1a8180d759acc3ac2d	306.51	306.59	0.11	75084	201901	10679	4560394	5ec6c8f36dfdfd032d6d2eb4251eb8525aeb326bdee4d3eb7d68dc0e2bb37c0a	017be9b585838a36d95b8a47f1f5d5ca6bd7ed7d2e363f624a7e449ca616751f	0
p_pr66_cutoff_match	0.000352804562601613	0.1728032151574967	independent-held-out-validated	7633ebb4a0d966dbda15a4e32d0efa492fb71aeb	sig	83	61180915be61455887ac261499455ac933cf976b292cab1a8180d759acc3ac2d	298.92	298.56	0.1	75336	202269	10680	4568622	20a09116c17f1faf33860a60b6dc8b8c5ffbeb0bfc0b9ffec54668e56667bcc5	7e69f176239fb9574346e7a452ea46b7abf1b33096adef69367bc812ac146d20	0
p_pr66_cutoff_match	0.000352804562601613	0.1728032151574967	independent-held-out-validated	7633ebb4a0d966dbda15a4e32d0efa492fb71aeb	sig	84	61180915be61455887ac261499455ac933cf976b292cab1a8180d759acc3ac2d	301.49	301.44	0.07	75460	213855	10679	4822475	35415b1eea9113a33a3881d804205de5400ed01cd8b802ade1cae52fa3f35e10	113bcf953841d6e98721e3c61b89bc0950837e79994a17bd4d508dc2d2db88e9	0
p_pr66_cutoff_match	0.000352804562601613	0.1728032151574967	independent-held-out-validated	7633ebb4a0d966dbda15a4e32d0efa492fb71aeb	sig	85	61180915be61455887ac261499455ac933cf976b292cab1a8180d759acc3ac2d	300.36	299.66	0.1	74568	199320	10680	4504093	c82d58e06832a16e014f72b3d3c264dbe6782c2131b25c40f2ed636048d49bd9	1bd7e714758fefe7abcb666a7419b2da2cc0686ad479df330de035a086addad5	0
p_pr66_cutoff_match	0.000352804562601613	0.1728032151574967	independent-held-out-validated	7633ebb4a0d966dbda15a4e32d0efa492fb71aeb	sig	86	61180915be61455887ac261499455ac933cf976b292cab1a8180d759acc3ac2d	298.9	298.95	0.07	75208	196773	10680	4448338	d9a9d59337032396319d8803835c4c620ca3654e1d2216adcd4e7551ba12310f	16b87fc6ca08504167658db9ff699de253d6ee3b5b2aa331426a7fcc6b2a7bac	0
p_pr66_cutoff_match	0.000352804562601613	0.1728032151574967	independent-held-out-validated	7633ebb4a0d966dbda15a4e32d0efa492fb71aeb	sig	87	61180915be61455887ac261499455ac933cf976b292cab1a8180d759acc3ac2d	298.27	298.23	0.06	74756	201092	10680	4543030	1eff1df697cebb6ce24342ec8676389b24a03c0861f5b194496d402db449c180	7f6553a8e6745f4b1f1ade92b1263289e64ffea436c6a2fcab07b5381bf77150	0
p_pr66_cutoff_match	0.000352804562601613	0.1728032151574967	independent-held-out-validated	7633ebb4a0d966dbda15a4e32d0efa492fb71aeb	sig	88	61180915be61455887ac261499455ac933cf976b292cab1a8180d759acc3ac2d	298.72	298.72	0.11	75976	204300	10679	4613179	4e29363bfcac0998b7b8a8e8f766ff438202ce16990425b44b8e161b18b7891c	58db0bcb922d3bdddf8280c8a817ce285eeab6baecbde9907d05f4aec9c97e5c	0
p_pr66_cutoff_match	0.000352804562601613	0.1728032151574967	independent-held-out-validated	7633ebb4a0d966dbda15a4e32d0efa492fb71aeb	sig	89	61180915be61455887ac261499455ac933cf976b292cab1a8180d759acc3ac2d	299.2	299.1	0.13	75336	204461	10680	4616844	871fd11bc15425ea651870c8c506681cf5bb4057a97f53a6af396b9e153578c7	721a90756ae3a583d362f7b862534882d67c3132c58ec29f4cf83be3fb1f6a55	0
p_pr66_cutoff_match	0.000352804562601613	0.1728032151574967	independent-held-out-validated	7633ebb4a0d966dbda15a4e32d0efa492fb71aeb	sig	90	61180915be61455887ac261499455ac933cf976b292cab1a8180d759acc3ac2d	299.25	299.18	0.09	75468	202120	10678	4565308	e5f4fce4fa43e092715b4369651d7ef074f229b88cf5b9c94a34d2fc6a7330be	1a43e313832662620a4109ff6e9e853e68ffebde103237ed2f91cbdb032e2bf7	0
p_pr66_cutoff_match	0.000352804562601613	0.1728032151574967	independent-held-out-validated	7633ebb4a0d966dbda15a4e32d0efa492fb71aeb	sig	91	61180915be61455887ac261499455ac933cf976b292cab1a8180d759acc3ac2d	300.96	300.92	0.1	75336	202901	10679	4582863	0c0ca347ca8bd1a18133e69b39ddb92e2dba6af770c5d776bce41c3b51388e7e	e37be89a0c660ffbc35b5ea63a93ec2fa862d463cc80bdec14fb161d17bf7c90	0
p_pr66_cutoff_match	0.000352804562601613	0.1728032151574967	independent-held-out-validated	7633ebb4a0d966dbda15a4e32d0efa492fb71aeb	sig	92	61180915be61455887ac261499455ac933cf976b292cab1a8180d759acc3ac2d	300.24	300.29	0.13	75720	202895	10680	4582229	80fa975493cd10cc20652636aab53702b1056387144ba07fa500a98aa41adea0	9b299f3777bbb4fc34b1bbfeaeb86264ab50e27a5f5615bd41d85f9760612667	0
p_pr66_cutoff_match	0.000352804562601613	0.1728032151574967	independent-held-out-validated	7633ebb4a0d966dbda15a4e32d0efa492fb71aeb	sig	93	61180915be61455887ac261499455ac933cf976b292cab1a8180d759acc3ac2d	300.75	300.61	0.08	75456	201622	10680	4554572	85cd3abac7e9b269542dedaaa810968ad95cf6dd8aac115e102d94c20857c867	f787322ff7992fcab2d1f3d8111e617860d9577a76ad3a97a7665e99c7babd9f	0
p_pr66_cutoff_match	0.000352804562601613	0.1728032151574967	independent-held-out-validated	7633ebb4a0d966dbda15a4e32d0efa492fb71aeb	sig	94	61180915be61455887ac261499455ac933cf976b292cab1a8180d759acc3ac2d	301.29	301.18	0.08	74828	198934	10677	4495874	428dc54a8ab277a17e80a73e98af217ad94340d27e1fc8f39aecdfcf8e95dd9f	5dbe75236a851f24bc54692d1d16d185c07bbe68234a3ed8e9c04918ba1240fd	0
p_pr66_cutoff_match	0.000352804562601613	0.1728032151574967	independent-held-out-validated	7633ebb4a0d966dbda15a4e32d0efa492fb71aeb	sig	95	61180915be61455887ac261499455ac933cf976b292cab1a8180d759acc3ac2d	314.24	314.73	0.1	75336	197879	10680	4472519	11d742ddc0369845e323b7d2470b0775614f1ffabfe159dc648390899aafde03	63e1b9756fa4766c0ef73c1d15786ade2bb9af7a579a51e380d66ce9122d1368	0
p_pr66_cutoff_match	0.000352804562601613	0.1728032151574967	independent-held-out-validated	7633ebb4a0d966dbda15a4e32d0efa492fb71aeb	sig	96	61180915be61455887ac261499455ac933cf976b292cab1a8180d759acc3ac2d	307.46	307.63	0.08	75592	203958	10679	4605514	f027eed915a7d784e0f23d4320dc812d3d12e9b62b1d4b3f4253999e5297aac4	8352f5e8d3f419e8bee3c956283941d061990c4a7f258c91310325bb87633f05	0
p_pr66_cutoff_match	0.000352804562601613	0.1728032151574967	independent-held-out-validated	7633ebb4a0d966dbda15a4e32d0efa492fb71aeb	sig	97	61180915be61455887ac261499455ac933cf976b292cab1a8180d759acc3ac2d	305.15	305.24	0.13	75464	204388	10680	4614926	6e75994bd35f8d42ba2812411e28fe5523b8c96fda6525efe738fb8ceedf118f	36490717b62563658fd93bf585bfd8a662ce1c2a3e970715d1ad044f58671b38	0
p_pr66_cutoff_match	0.000352804562601613	0.1728032151574967	independent-held-out-validated	7633ebb4a0d966dbda15a4e32d0efa492fb71aeb	sig	98	61180915be61455887ac261499455ac933cf976b292cab1a8180d759acc3ac2d	304.92	305.12	0.09	75848	202791	10679	4580126	06b56b80f58ccc1bd3fc37b33cb49a67a25c0104539f2a4be1a8ddbbc45a2f67	8df00242d8d30924563c1979cb0ea424b5a99ce4c180ebfc0e94e0b3536c9275	0
p_pr66_cutoff_match	0.000352804562601613	0.1728032151574967	independent-held-out-validated	7633ebb4a0d966dbda15a4e32d0efa492fb71aeb	sig	99	61180915be61455887ac261499455ac933cf976b292cab1a8180d759acc3ac2d	303.62	303.56	0.09	75464	202731	10680	4578740	2fb16a5d8f3c89217267701e3a8e683eca0551e8a3c51e6e65927b1ef28716b7	e29db62951a638f1b4ecec9e3410328f4037a8ed38d8e9bf7de3a687675a335e	0
p_pr66_cutoff_match	0.000352804562601613	0.1728032151574967	independent-held-out-validated	7633ebb4a0d966dbda15a4e32d0efa492fb71aeb	sig	100	61180915be61455887ac261499455ac933cf976b292cab1a8180d759acc3ac2d	265.56	265.2	0.11	75336	204765	10680	4623168	2d84d05f5fee8001b16122cffb221fe935effc07d10794badff392fcbf5a61a0	36ae1e21390ba18b743a91c3cb2f0cfe530f7f6d0e85c29b0016ac952bcbd9fd	0
